player,salary,year,pos,age,team,g,gs,mp,fg,fga,fg%,3p,3pa,3p%,2p,2pa,2p%,efg%,ft,fta,ft%,orb,drb,trb,ast,stl,blk,tov,pf,pts,season,avg_salary,adjusted_salary
stephen curry,40231758,2020,PG,31,GSW,5,5,27.8,6.6,16.4,0.402,2.4,9.8,0.245,4.2,6.6,0.636,0.476,5.2,5.2,1.0,0.8,4.4,5.2,6.6,1.0,0.4,3.2,2.2,20.8,2020-21,40231758,48948085.13935442
chris paul,38506482,2020,PG,34,OKC,70,70,31.5,6.2,12.7,0.489,1.6,4.3,0.365,4.6,8.3,0.554,0.552,3.6,4.0,0.907,0.4,4.6,5.0,6.7,1.6,0.2,2.3,2.3,17.6,2020-21,38506482,46849023.08651336
russell westbrook,38506482,2020,PG,31,HOU,57,57,35.9,10.6,22.5,0.472,1.0,3.7,0.258,9.6,18.7,0.514,0.493,5.1,6.7,0.763,1.8,6.2,7.9,7.0,1.6,0.4,4.5,3.5,27.2,2020-21,38506482,46849023.08651336
james harden,38199000,2020,SG,30,HOU,68,68,36.5,9.9,22.3,0.444,4.4,12.4,0.355,5.5,9.9,0.556,0.543,10.2,11.8,0.865,1.0,5.5,6.6,7.5,1.8,0.9,4.5,3.3,34.3,2020-21,38199000,46474924.218777604
lebron james,37436858,2020,PG,35,LAL,67,67,34.6,9.6,19.4,0.493,2.2,6.3,0.348,7.4,13.1,0.564,0.55,3.9,5.7,0.693,1.0,6.9,7.8,10.2,1.2,0.5,3.9,1.8,25.3,2020-21,37436858,45547661.942436665
kyle lowry,34996296,2020,PG,33,TOR,58,58,36.2,5.8,13.8,0.416,2.8,8.0,0.352,2.9,5.8,0.504,0.518,5.1,5.9,0.857,0.6,4.5,5.0,7.5,1.4,0.4,3.1,3.3,19.4,2020-21,34996296,42578345.101649515
blake griffin,34449964,2020,PF,30,DET,18,18,28.4,4.9,13.9,0.352,1.5,6.2,0.243,3.4,7.7,0.439,0.406,4.2,5.4,0.776,0.9,3.7,4.7,3.3,0.4,0.4,2.2,1.5,15.5,2020-21,34449964,41913648.688175514
tobias harris,32742000,2020,PF,27,PHI,72,72,34.3,7.7,16.3,0.471,1.8,5.0,0.367,5.9,11.3,0.517,0.527,2.4,3.0,0.806,1.0,5.9,6.9,3.2,0.7,0.6,1.4,2.3,19.6,2020-21,32742000,39835649.330380805
jimmy butler,32742000,2020,SF,30,MIA,58,58,33.8,5.9,13.1,0.455,0.5,2.1,0.244,5.4,11.0,0.495,0.474,7.6,9.1,0.834,1.8,4.8,6.7,6.0,1.8,0.6,2.2,1.4,19.9,2020-21,32742000,39835649.330380805
kawhi leonard,32742000,2020,SF,28,LAC,57,57,32.4,9.3,19.9,0.47,2.2,5.7,0.378,7.2,14.2,0.506,0.524,6.2,7.1,0.886,0.9,6.1,7.1,4.9,1.8,0.6,2.6,2.0,27.1,2020-21,32742000,39835649.330380805
kemba walker,32742000,2020,PG,29,BOS,56,56,31.1,6.8,15.9,0.425,3.2,8.4,0.381,3.5,7.4,0.476,0.526,3.7,4.3,0.864,0.6,3.2,3.9,4.8,0.9,0.5,2.1,1.6,20.4,2020-21,32742000,39835649.330380805
gordon hayward,32700690,2020,SF,29,BOS,52,52,33.5,6.7,13.5,0.5,1.6,4.3,0.383,5.1,9.2,0.554,0.561,2.4,2.8,0.855,1.1,5.6,6.7,4.1,0.7,0.4,1.8,1.8,17.5,2020-21,32700690,39785389.39898266
mike conley,32511624,2020,PG,32,UTA,47,41,29.0,4.9,12.1,0.409,2.0,5.4,0.375,2.9,6.6,0.437,0.494,2.4,3.0,0.827,0.7,2.5,3.2,4.4,0.8,0.1,2.0,2.2,14.4,2020-21,32511624,39555361.7013375
kyrie irving,31742000,2020,PG,27,BRK,20,20,32.9,10.0,20.8,0.478,2.8,7.1,0.394,7.2,13.7,0.522,0.546,4.7,5.1,0.922,1.1,4.1,5.2,6.4,1.4,0.5,2.6,2.7,27.4,2020-21,31742000,38618996.4279808
khris middleton,30603448,2020,SF,28,MIL,62,59,29.9,7.6,15.3,0.497,2.4,5.7,0.415,5.2,9.6,0.546,0.575,3.4,3.7,0.916,0.7,5.5,6.2,4.3,0.9,0.1,2.2,2.3,20.9,2020-21,30603448,37233773.83264748
paul george,30560700,2020,SF,29,LAC,48,48,29.6,7.1,16.3,0.439,3.3,7.9,0.412,3.9,8.4,0.464,0.539,4.0,4.5,0.876,0.5,5.2,5.7,3.9,1.4,0.4,2.6,2.4,21.5,2020-21,30560700,37181764.35437568
paul millsap,30350000,2020,PF,34,DEN,51,48,24.3,4.1,8.6,0.482,1.1,2.4,0.435,3.1,6.2,0.5,0.543,2.3,2.8,0.816,1.9,3.8,5.7,1.6,0.9,0.6,1.4,2.9,11.6,2020-21,30350000,36925415.587840006
damian lillard,29802321,2020,PG,29,POR,66,66,37.5,9.5,20.4,0.463,4.1,10.2,0.401,5.4,10.2,0.524,0.563,7.0,7.8,0.888,0.5,3.8,4.3,8.0,1.1,0.3,2.9,1.7,30.0,2020-21,29802321,36259080.342906475
kevin love,28942830,2020,PF,31,CLE,56,56,31.8,5.8,13.0,0.45,2.6,7.0,0.374,3.2,6.0,0.537,0.55,3.3,3.9,0.854,1.0,8.8,9.8,3.2,0.6,0.3,2.5,1.6,17.6,2020-21,28942830,35213378.123169795
al horford,28000000,2020,C,33,PHI,67,61,30.2,4.8,10.6,0.45,1.5,4.2,0.35,3.3,6.4,0.516,0.52,0.9,1.2,0.763,1.5,5.3,6.8,4.0,0.8,0.9,1.2,2.1,11.9,2020-21,28000000,34066281.2672
nikola vucevic,28000000,2020,C,29,ORL,62,62,32.2,8.0,16.7,0.477,1.6,4.7,0.339,6.4,12.0,0.531,0.525,2.1,2.7,0.784,2.3,8.6,10.9,3.6,0.9,0.8,1.4,2.2,19.6,2020-21,28000000,34066281.2672
demar derozan,27739975,2020,SF,30,SAS,68,68,34.1,8.2,15.4,0.531,0.1,0.5,0.257,8.1,14.9,0.54,0.535,5.6,6.6,0.845,0.6,4.9,5.5,5.6,1.0,0.3,2.4,2.6,22.1,2020-21,27739975,33749921.09625344
cj mccollum,27556959,2020,SG,28,POR,70,70,36.5,8.7,19.4,0.451,2.8,7.3,0.379,6.0,12.1,0.494,0.522,2.0,2.6,0.757,0.7,3.6,4.2,4.4,0.8,0.6,1.8,2.6,22.2,2020-21,27556959,33527254.148667805
joel embiid,27504630,2020,C,25,PHI,51,51,29.5,7.5,15.7,0.477,1.1,3.4,0.331,6.4,12.3,0.517,0.512,6.9,8.5,0.807,2.8,8.9,11.6,3.0,0.9,1.3,3.1,3.4,23.0,2020-21,27504630,33463587.918938115
andrew wiggins,27504630,2020,SF,24,GSW,54,54,34.4,8.1,18.1,0.447,2.1,6.2,0.332,6.0,11.9,0.506,0.504,3.5,5.0,0.709,1.2,3.9,5.1,3.7,0.8,1.0,2.4,2.4,21.8,2020-21,27504630,33463587.918938115
nikola jokic,27504630,2020,C,24,DEN,73,73,32.0,7.7,14.7,0.528,1.1,3.5,0.314,6.6,11.2,0.594,0.565,3.4,4.1,0.817,2.3,7.5,9.7,7.0,1.2,0.6,3.1,3.0,19.9,2020-21,27504630,33463587.918938115
devin booker,27285000,2020,SG,23,PHO,70,70,35.9,9.0,18.3,0.489,2.0,5.7,0.354,6.9,12.6,0.549,0.544,6.7,7.3,0.919,0.4,3.8,4.2,6.5,0.7,0.3,3.8,3.0,26.6,2020-21,27285000,33196374.441984
d'angelo russell,27285000,2020,PG,23,MIN,45,45,32.3,8.0,18.8,0.426,3.5,9.6,0.367,4.5,9.2,0.487,0.519,3.6,4.4,0.809,0.4,3.6,3.9,6.3,1.1,0.3,3.3,1.9,23.1,2020-21,27285000,33196374.441984
karl-anthony towns,27285000,2020,C,24,MIN,35,35,33.9,9.0,17.8,0.508,3.3,7.9,0.412,5.8,9.9,0.586,0.6,5.1,6.5,0.796,2.7,8.1,10.8,4.4,0.9,1.2,3.1,3.3,26.5,2020-21,27285000,33196374.441984
kristaps porzingis,27285000,2020,C,24,DAL,57,57,31.8,7.0,16.4,0.427,2.5,7.1,0.352,4.5,9.3,0.484,0.503,4.0,5.0,0.799,1.8,7.7,9.5,1.8,0.7,2.0,1.6,3.2,20.4,2020-21,27285000,33196374.441984
otto porter jr.,27250575,2020,SF,26,CHI,14,9,23.6,4.4,10.0,0.443,1.7,4.4,0.387,2.7,5.6,0.487,0.529,1.4,1.9,0.704,0.9,2.5,3.4,1.8,1.1,0.4,0.8,2.2,11.9,2020-21,27250575,33154491.165818885
bradley beal,27093019,2020,SG,26,WAS,57,57,36.0,10.4,22.9,0.455,3.0,8.4,0.353,7.4,14.4,0.515,0.52,6.8,8.0,0.842,0.9,3.3,4.2,6.1,1.2,0.4,3.4,2.2,30.5,2020-21,27093019,32962800.20112835
andre drummond,27093019,2020,C,26,CLE,57,56,33.0,7.3,13.8,0.533,0.1,0.6,0.143,7.2,13.1,0.551,0.536,3.0,5.2,0.575,4.4,10.8,15.2,2.7,1.9,1.6,3.6,3.5,17.7,2020-21,27093019,32962800.20112835
anthony davis,27093018,2020,PF,26,LAL,62,62,34.4,8.9,17.7,0.503,1.2,3.5,0.33,7.7,14.2,0.546,0.536,7.2,8.5,0.846,2.3,7.0,9.3,3.2,1.5,2.3,2.5,2.5,26.1,2020-21,27093018,32962798.984475445
hassan whiteside,27093017,2020,C,30,POR,67,61,30.0,6.5,10.5,0.621,0.1,0.1,0.571,6.4,10.4,0.622,0.624,2.4,3.6,0.686,3.9,9.7,13.5,1.2,0.4,2.9,1.8,2.9,15.5,2020-21,27093017,32962797.767822545
jrue holiday,26231111,2020,SG,29,NOP,61,61,34.7,7.5,16.5,0.455,2.0,5.7,0.353,5.5,10.8,0.509,0.516,2.1,3.0,0.709,1.3,3.5,4.8,6.7,1.6,0.8,3.0,2.4,19.1,2020-21,26231111,31914157.33132657
lamarcus aldridge,26000000,2020,C,34,SAS,53,53,33.1,7.4,15.0,0.493,1.2,3.0,0.389,6.2,12.0,0.519,0.532,3.0,3.6,0.827,1.9,5.5,7.4,2.4,0.7,1.6,1.4,2.4,18.9,2020-21,26000000,31632975.462400004
steven adams,25842697,2020,C,26,OKC,63,63,26.7,4.5,7.6,0.592,0.0,0.0,0.333,4.5,7.5,0.594,0.593,1.9,3.2,0.582,3.3,6.0,9.3,2.3,0.8,1.1,1.5,1.9,10.9,2020-21,25842697,31441592.310893778
giannis antetokounmpo,25842697,2020,PF,25,MIL,63,63,30.4,10.9,19.7,0.553,1.4,4.7,0.304,9.5,15.0,0.631,0.589,6.3,10.0,0.633,2.2,11.4,13.6,5.6,1.0,1.0,3.7,3.1,29.5,2020-21,25842697,31441592.310893778
marc gasol,25595700,2020,C,35,TOR,44,43,26.4,2.7,6.3,0.427,1.3,3.4,0.385,1.4,3.0,0.473,0.529,0.8,1.1,0.735,0.7,5.5,6.3,3.3,0.8,0.9,1.3,2.8,7.5,2020-21,25595700,31141082.693959683
nicolas batum,25565217,2020,SF,31,CHO,22,3,23.0,1.3,3.7,0.346,0.6,2.2,0.286,0.6,1.5,0.438,0.432,0.4,0.5,0.9,1.1,3.4,4.5,3.0,0.8,0.4,1.0,1.9,3.6,2020-21,25565217,31103995.463535823
chandler parsons,25102511,2020,PF,31,ATL,5,0,10.8,1.0,3.6,0.278,0.8,2.8,0.286,0.2,0.8,0.25,0.389,0.0,0.0,,0.2,1.2,1.4,0.6,0.8,0.2,0.6,0.6,2.8,2020-21,25102511,30541042.86567793
serge ibaka,23271604,2020,C,30,TOR,55,27,27.0,6.2,12.2,0.512,1.3,3.3,0.385,5.0,8.9,0.559,0.564,1.6,2.3,0.718,2.1,6.1,8.2,1.4,0.5,0.8,2.0,2.8,15.4,2020-21,23271604,28313464.550103452
rudy gobert,23241573,2020,C,27,UTA,68,68,34.3,5.7,8.2,0.693,0.0,0.0,,5.7,8.2,0.693,0.693,3.7,5.9,0.63,3.4,10.1,13.5,1.5,0.8,2.0,1.9,3.2,15.1,2020-21,23241573,28276927.24679148
danilo gallinari,22615559,2020,PF,31,OKC,62,62,29.6,5.8,13.2,0.438,2.9,7.1,0.405,2.9,6.1,0.476,0.547,4.3,4.8,0.893,0.5,4.6,5.2,1.9,0.7,0.1,1.2,1.2,18.7,2020-21,22615559,27515285.496748444
victor oladipo,21000000,2020,SG,27,IND,19,16,27.8,5.1,12.9,0.394,1.7,5.5,0.317,3.4,7.5,0.451,0.461,2.5,3.1,0.814,0.5,3.5,3.9,2.9,0.9,0.2,2.5,1.9,14.5,2020-21,21000000,25549710.950400002
tim hardaway jr.,20025127,2020,SG,27,DAL,71,58,29.5,5.4,12.5,0.434,2.9,7.2,0.398,2.5,5.2,0.485,0.55,2.1,2.6,0.819,0.4,2.9,3.3,1.9,0.6,0.1,1.0,1.8,15.8,2020-21,20025127,24363628.88547861
malcolm brogdon,20000000,2020,PG,27,IND,54,54,30.9,6.0,13.8,0.438,1.4,4.3,0.326,4.6,9.5,0.488,0.489,3.1,3.4,0.892,0.9,4.0,4.9,7.1,0.6,0.2,2.4,1.8,16.5,2020-21,20000000,24333058.048000004
terry rozier,19894737,2020,PG,25,CHO,63,63,34.3,6.3,14.9,0.423,2.7,6.7,0.407,3.6,8.2,0.436,0.514,2.6,3.0,0.874,0.8,3.6,4.4,4.1,1.0,0.2,2.2,2.0,18.0,2020-21,19894737,24204989.513534673
aaron gordon,19863636,2020,PF,24,ORL,62,62,32.5,5.4,12.4,0.437,1.2,3.8,0.308,4.2,8.5,0.494,0.484,2.4,3.6,0.674,1.7,5.9,7.7,3.7,0.8,0.6,1.6,2.0,14.4,2020-21,19863636,24167150.39161713
zach lavine,19500000,2020,SF,24,CHI,60,60,34.8,9.0,20.0,0.45,3.1,8.1,0.38,5.9,11.9,0.497,0.526,4.5,5.6,0.802,0.7,4.1,4.8,4.2,1.5,0.5,3.4,2.2,25.5,2020-21,19500000,23724731.596800003
kent bazemore,19269662,2020,SF,30,SAC,68,21,24.8,2.9,7.9,0.375,1.2,3.6,0.344,1.7,4.3,0.4,0.453,1.7,2.2,0.769,0.4,3.9,4.3,1.4,1.1,0.6,1.3,2.9,8.8,2020-21,19269662,23444490.200566992
goran dragic,19217900,2020,PG,33,MIA,59,3,28.2,5.4,12.3,0.441,2.1,5.7,0.367,3.3,6.5,0.505,0.526,3.2,4.2,0.776,0.5,2.7,3.2,5.1,0.7,0.2,2.4,2.1,16.2,2020-21,19217900,23381513.813032962
jeff teague,19000000,2020,PG,31,ATL,59,17,24.8,3.6,8.3,0.436,0.7,2.0,0.368,2.9,6.3,0.457,0.48,2.9,3.3,0.873,0.5,1.9,2.4,5.2,0.7,0.3,2.0,1.8,10.9,2020-21,19000000,23116405.145600002
evan turner,18606556,2020,SG,31,ATL,19,0,13.2,1.3,3.5,0.373,0.0,0.3,0.0,1.3,3.3,0.403,0.373,0.6,0.7,0.857,0.4,1.6,2.0,2.0,0.5,0.4,1.4,1.1,3.3,2020-21,18606556,22637720.361068137
draymond green,18539130,2020,PF,29,GSW,43,43,28.4,2.9,7.3,0.389,0.8,3.0,0.279,2.0,4.3,0.465,0.446,1.5,1.9,0.759,0.5,5.7,6.2,6.2,1.4,0.8,2.3,2.6,8.0,2020-21,18539130,22555686.322470915
tristan thompson,18539130,2020,PF,28,CLE,57,51,30.2,5.1,9.9,0.512,0.2,0.4,0.391,4.9,9.5,0.518,0.52,1.7,2.8,0.615,4.0,6.2,10.1,2.1,0.6,0.9,1.8,2.2,12.0,2020-21,18539130,22555686.322470915
allen crabbe,18500000,2020,SG-SF,27,MIN,37,1,17.6,1.7,4.8,0.356,1.0,3.2,0.303,0.7,1.6,0.466,0.458,0.3,0.4,0.714,0.3,1.8,2.1,0.9,0.4,0.1,0.5,1.3,4.6,2020-21,18500000,22508078.6944
julius randle,18000000,2020,PF,25,NYK,64,64,32.5,7.2,15.7,0.46,1.0,3.6,0.277,6.2,12.1,0.515,0.492,4.0,5.5,0.733,2.4,7.4,9.7,3.1,0.8,0.3,3.0,2.8,19.5,2020-21,18000000,21899752.243200004
myles turner,18000000,2020,C,23,IND,62,62,29.5,4.3,9.5,0.457,1.4,4.0,0.344,2.9,5.4,0.54,0.53,2.0,2.7,0.751,1.4,5.2,6.6,1.2,0.7,2.1,1.4,2.7,12.1,2020-21,18000000,21899752.243200004
gary harris,17839286,2020,SG,25,DEN,56,55,31.8,3.9,9.3,0.42,1.3,3.8,0.333,2.6,5.5,0.479,0.487,1.3,1.6,0.815,0.5,2.4,2.9,2.1,1.4,0.3,1.1,2.1,10.4,2020-21,17839286,21704219.08864369
derrick favors,17650000,2020,C,28,NOP,51,49,24.4,4.1,6.6,0.617,0.0,0.1,0.143,4.1,6.5,0.627,0.618,0.8,1.4,0.563,3.2,6.6,9.8,1.6,0.6,0.9,1.1,2.1,9.0,2020-21,17650000,21473923.727360003
andre iguodala,17185185,2020,SF,36,MIA,21,0,19.9,1.8,4.2,0.432,0.7,2.2,0.298,1.1,2.0,0.585,0.511,0.3,0.7,0.4,0.8,2.9,3.7,2.4,0.7,1.0,1.2,1.7,4.6,2020-21,17185185,20908405.208530948
evan fournier,17150000,2020,SF,27,ORL,66,66,31.5,6.6,14.1,0.467,2.6,6.6,0.399,4.0,7.5,0.527,0.56,2.7,3.3,0.818,0.3,2.3,2.6,3.2,1.1,0.2,1.9,2.4,18.5,2020-21,17150000,20865597.27616
bismack biyombo,17000000,2020,C,27,CHO,53,29,19.4,2.8,5.2,0.543,0.0,0.0,,2.8,5.2,0.543,0.543,1.7,2.8,0.603,2.3,3.5,5.8,0.9,0.2,0.9,0.9,2.2,7.4,2020-21,17000000,20683099.340800002
bojan bogdanovic,17000000,2020,SF,30,UTA,63,63,33.1,6.6,14.8,0.447,3.0,7.3,0.414,3.6,7.6,0.479,0.548,4.0,4.4,0.903,0.6,3.5,4.1,2.1,0.5,0.1,2.5,1.7,20.2,2020-21,17000000,20683099.340800002
gorgui dieng,16229213,2020,C,30,MEM,63,17,17.4,2.6,5.8,0.456,0.9,2.4,0.355,1.8,3.4,0.528,0.53,1.2,1.6,0.772,1.4,4.2,5.6,1.2,0.8,0.9,1.0,2.0,7.4,2020-21,16229213,19745319.100117814
ricky rubio,16200000,2020,PG,29,PHO,65,65,31.0,4.4,10.6,0.415,1.2,3.3,0.361,3.2,7.3,0.439,0.471,3.0,3.5,0.863,0.7,4.0,4.7,8.8,1.4,0.2,2.7,2.6,13.0,2020-21,16200000,19709777.018880002
jonas valanciunas,16000000,2020,C,27,MEM,70,70,26.4,6.2,10.6,0.585,0.5,1.3,0.352,5.7,9.3,0.617,0.606,2.1,2.9,0.74,3.0,8.2,11.3,1.9,0.4,1.1,1.8,2.6,14.9,2020-21,16000000,19466446.4384
brandon knight,15643750,2020,SG-PG,28,DET,25,3,18.5,2.4,6.7,0.353,1.8,5.2,0.344,0.6,1.4,0.389,0.488,0.8,1.4,0.588,0.2,1.5,1.6,2.8,0.4,0.1,1.5,1.6,7.3,2020-21,15643750,19033013.841920003
kelly oubre jr.,15625000,2020,SF,24,PHO,56,55,34.5,6.7,14.8,0.452,1.9,5.5,0.352,4.7,9.3,0.511,0.517,3.4,4.4,0.78,1.2,5.3,6.4,1.5,1.3,0.7,1.5,3.4,18.7,2020-21,15625000,19010201.6
eric bledsoe,15625000,2020,PG,30,MIL,61,61,27.0,5.5,11.5,0.475,1.2,3.5,0.344,4.3,8.0,0.533,0.528,2.8,3.5,0.79,0.7,3.9,4.6,5.4,0.9,0.4,2.4,2.1,14.9,2020-21,15625000,19010201.6
dennis schroder,15500000,2020,PG,26,OKC,65,2,30.8,7.0,14.8,0.469,1.9,5.0,0.385,5.0,9.8,0.513,0.534,3.0,3.6,0.839,0.3,3.3,3.6,4.0,0.7,0.2,2.6,2.2,18.9,2020-21,15500000,18858119.987200003
ian mahinmi,15450051,2020,C,33,WAS,38,35,21.3,2.7,5.5,0.495,0.1,0.7,0.192,2.6,4.8,0.538,0.507,1.8,3.0,0.619,2.1,3.7,5.7,1.3,0.8,1.2,1.2,3.0,7.4,2020-21,15450051,18797349.391378023
james johnson,15349400,2020,PF-C,32,MIN,32,1,19.3,3.2,6.7,0.479,1.0,2.8,0.363,2.2,3.9,0.565,0.556,1.0,1.5,0.646,0.8,2.9,3.7,2.3,0.8,1.0,1.5,2.5,8.4,2020-21,15349400,18674892.060098562
bobby portis,15000000,2020,PF,24,NYK,66,5,21.1,4.0,8.9,0.45,1.0,2.8,0.358,3.0,6.1,0.493,0.507,1.1,1.4,0.763,1.2,3.9,5.1,1.5,0.5,0.3,1.1,1.7,10.1,2020-21,15000000,18249793.536000002
clint capela,14896552,2020,C,25,HOU,39,39,32.8,6.3,9.9,0.629,0.0,0.0,,6.3,9.9,0.629,0.629,1.4,2.7,0.529,4.3,9.5,13.8,1.2,0.8,1.8,1.6,2.6,13.9,2020-21,14896552,18123933.226552527
danny green,14634146,2020,SG,32,LAL,68,68,24.8,2.9,7.0,0.416,1.8,4.8,0.367,1.1,2.2,0.524,0.542,0.5,0.7,0.688,0.8,2.6,3.3,1.3,1.3,0.5,0.9,2.0,8.0,2020-21,14634146,17804676.205045354
rudy gay,14500000,2020,PF,33,SAS,67,5,21.8,4.0,8.9,0.446,1.1,3.3,0.336,2.9,5.6,0.511,0.508,1.8,2.0,0.882,0.9,4.5,5.4,1.7,0.5,0.5,1.3,1.5,10.8,2020-21,14500000,17641467.0848
cody zeller,14471910,2020,C,27,CHO,58,39,23.1,4.3,8.3,0.524,0.3,1.3,0.24,4.0,7.0,0.577,0.543,2.1,3.1,0.682,2.8,4.3,7.1,1.5,0.7,0.4,1.3,2.4,11.1,2020-21,14471910,17607291.304771587
eric gordon,14057730,2020,SF,31,HOU,36,15,28.2,4.8,12.9,0.369,2.7,8.4,0.317,2.1,4.4,0.469,0.473,2.3,3.0,0.766,0.3,1.7,2.0,1.5,0.6,0.4,1.2,1.9,14.4,2020-21,14057730,17103378.005655553
mason plumlee,14041096,2020,C,29,DEN,61,1,17.3,2.9,4.7,0.615,0.0,0.1,0.0,2.9,4.6,0.625,0.615,1.4,2.5,0.535,1.6,3.6,5.2,2.5,0.5,0.6,1.3,2.3,7.2,2020-21,14041096,17083140.201277032
jordan clarkson,13437500,2020,SG,27,UTA,71,2,24.0,5.5,12.2,0.454,2.1,5.8,0.368,3.4,6.4,0.533,0.542,1.9,2.3,0.836,0.7,1.9,2.6,1.9,0.6,0.2,1.4,1.5,15.2,2020-21,13437500,16348773.376000002
dewayne dedmon,13333333,2020,C,30,ATL,44,18,17.6,2.3,5.8,0.4,0.5,2.4,0.206,1.8,3.4,0.541,0.443,0.7,0.8,0.833,1.4,4.3,5.7,0.5,0.6,0.9,1.3,3.0,5.8,2020-21,13333333,16222038.293115702
jusuf nurkic,13125000,2020,C,25,POR,8,8,31.6,6.8,13.6,0.495,0.3,1.3,0.2,6.5,12.4,0.525,0.505,3.9,4.4,0.886,2.9,7.4,10.3,4.0,1.4,2.0,2.4,4.9,17.6,2020-21,13125000,15968569.344000002
justise winslow,13000000,2020,SG,23,MIA,11,5,32.0,4.5,11.7,0.388,0.5,2.5,0.222,4.0,9.3,0.431,0.411,1.6,2.5,0.667,1.5,5.2,6.6,4.0,0.6,0.5,2.2,3.5,11.3,2020-21,13000000,15816487.731200002
thaddeus young,12900000,2020,PF,31,CHI,64,16,24.9,4.2,9.4,0.448,1.2,3.5,0.356,3.0,5.9,0.501,0.513,0.7,1.1,0.583,1.5,3.5,4.9,1.8,1.4,0.4,1.6,2.1,10.3,2020-21,12900000,15694822.440960001
will barton,12776786,2020,SF,29,DEN,58,58,33.0,5.7,12.7,0.45,1.9,5.0,0.375,3.9,7.8,0.498,0.523,1.8,2.3,0.767,1.3,5.0,6.3,3.7,1.1,0.5,1.5,2.1,15.1,2020-21,12776786,15544913.770243688
courtney lee,12759670,2020,SG,34,DAL,24,9,14.4,1.7,3.4,0.488,0.9,2.0,0.447,0.8,1.5,0.543,0.616,0.3,0.3,0.857,0.3,1.0,1.3,0.5,0.8,0.3,0.5,1.4,4.5,2020-21,12759670,15524089.53916621
solomon hill,12758781,2020,PF,28,MIA,59,4,18.4,1.9,4.7,0.396,1.1,2.9,0.368,0.8,1.8,0.439,0.509,0.7,0.9,0.741,0.5,2.3,2.8,1.8,0.7,0.2,0.9,1.4,5.5,2020-21,12758781,15523007.934735976
larry nance jr.,12727273,2020,PF,27,CLE,56,10,26.3,4.1,7.7,0.531,1.0,2.8,0.352,3.1,4.9,0.636,0.596,0.9,1.3,0.676,1.9,5.4,7.3,2.2,1.0,0.4,1.1,1.6,10.1,2020-21,12727273,15484673.635087157
kelly olynyk,12667885,2020,C,28,MIA,67,9,19.4,2.7,5.9,0.462,1.4,3.5,0.406,1.3,2.4,0.543,0.582,1.3,1.5,0.86,0.7,3.9,4.6,1.7,0.7,0.3,1.1,2.6,8.2,2020-21,12667885,15412419.052519426
marcus smart,12553571,2020,SG,25,BOS,60,40,32.0,4.3,11.4,0.375,2.3,6.6,0.347,2.0,4.8,0.415,0.476,2.1,2.5,0.836,0.7,3.1,3.8,4.9,1.7,0.5,1.7,2.7,12.9,2020-21,12553571,15273338.592634471
terrence ross,12500000,2020,SG,28,ORL,69,0,27.4,4.9,12.3,0.403,2.6,7.3,0.351,2.4,5.0,0.48,0.508,2.3,2.7,0.853,0.2,3.0,3.2,1.2,1.1,0.3,1.0,1.6,14.7,2020-21,12500000,15208161.280000001
patty mills,12428571,2020,PG,31,SAS,66,1,22.5,3.9,9.1,0.431,2.3,6.1,0.382,1.6,3.0,0.533,0.56,1.5,1.7,0.866,0.3,1.3,1.6,1.8,0.8,0.1,0.8,1.6,11.6,2020-21,12428571,15121256.979834473
patrick beverley,12345680,2020,PG,31,LAC,51,50,26.3,2.9,6.7,0.431,1.6,4.0,0.388,1.3,2.6,0.496,0.548,0.6,0.9,0.66,1.1,4.1,5.2,3.6,1.1,0.5,1.3,3.1,7.9,2020-21,12345680,15020407.404101634
trevor ariza,12195122,2020,SF,34,SAC,53,21,28.2,2.7,6.1,0.438,1.5,3.9,0.372,1.2,2.2,0.556,0.557,1.2,1.4,0.838,0.6,4.0,4.6,1.7,1.3,0.3,1.1,2.1,8.0,2020-21,12195122,14837230.576422093
brook lopez,12093023,2020,C,31,MIL,68,67,26.7,4.3,9.9,0.435,1.5,4.8,0.314,2.8,5.1,0.549,0.511,1.9,2.2,0.836,0.9,3.7,4.6,1.5,0.7,2.4,1.0,2.4,12.0,2020-21,12093023,14713011.531739958
cory joseph,12000000,2020,PG,28,SAC,72,26,24.4,2.4,5.7,0.415,0.8,2.2,0.352,1.6,3.5,0.455,0.483,0.8,1.0,0.857,0.6,2.0,2.6,3.5,0.7,0.3,1.1,1.8,6.4,2020-21,12000000,14599834.828800002
joe ingles,11954546,2020,PF,32,UTA,72,45,29.7,3.4,7.7,0.445,2.0,4.9,0.399,1.5,2.8,0.525,0.572,1.0,1.3,0.787,0.4,3.5,3.9,5.2,0.9,0.2,2.0,2.1,9.8,2020-21,11954546,14544533.087774312
tony snell,11392857,2020,SF,28,DET,59,57,27.8,2.9,6.5,0.445,1.7,4.3,0.402,1.2,2.2,0.531,0.579,0.5,0.5,1.0,0.2,1.7,1.9,2.2,0.5,0.3,0.5,1.7,8.0,2020-21,11392857,13861152.535678158
robert covington,11301219,2020,PF-C,29,HOU,70,68,30.5,4.4,10.3,0.422,2.3,6.9,0.335,2.1,3.5,0.593,0.533,1.4,1.8,0.798,0.9,5.7,6.6,1.3,1.6,1.3,1.5,3.1,12.4,2020-21,11301219,13749660.897008028
meyers leonard,11286516,2020,C,27,MIA,51,49,20.3,2.3,4.6,0.509,1.0,2.5,0.414,1.3,2.1,0.623,0.622,0.4,0.5,0.643,0.6,4.5,5.1,1.1,0.3,0.3,0.8,2.1,6.1,2020-21,11286516,13731772.44938404
maurice harkless,11011234,2020,PF-SF,26,NYK,62,48,23.0,2.3,4.6,0.502,0.5,1.6,0.347,1.7,3.0,0.584,0.562,0.6,1.1,0.591,0.9,3.0,3.9,1.1,0.9,0.5,0.9,2.4,5.8,2020-21,11011234,13396849.805105563
t.j. warren,10810000,2020,SF,26,IND,67,67,32.9,8.0,14.9,0.536,1.4,3.4,0.403,6.6,11.5,0.575,0.581,2.5,3.0,0.819,1.0,3.2,4.2,1.5,1.2,0.5,1.3,2.8,19.8,2020-21,10810000,13152017.874944001
andre roberson,10740740,2020,SF,28,OKC,7,0,12.4,1.1,4.1,0.276,0.4,2.0,0.214,0.7,2.1,0.333,0.328,0.1,0.3,0.5,1.0,2.9,3.9,0.6,0.1,0.4,0.3,1.9,2.9,2020-21,10740740,13067752.494923778
spencer dinwiddie,10605600,2020,PG,26,BRK,64,49,31.2,6.6,16.0,0.415,1.9,6.3,0.308,4.7,9.7,0.485,0.476,5.4,7.0,0.778,0.5,3.0,3.5,6.8,0.6,0.3,2.7,2.8,20.6,2020-21,10605600,12903334.021693442
jeremy lamb,10500000,2020,SG,27,IND,46,42,28.1,4.7,10.4,0.451,1.2,3.4,0.335,3.5,7.0,0.508,0.506,2.0,2.4,0.836,0.5,3.8,4.3,2.1,1.2,0.5,1.1,2.3,12.5,2020-21,10500000,12774855.475200001
dwight powell,10259375,2020,C,28,DAL,40,37,26.5,3.7,5.7,0.638,0.3,1.0,0.256,3.4,4.8,0.716,0.659,1.9,2.8,0.667,1.9,3.8,5.7,1.5,0.9,0.6,0.9,2.6,9.4,2020-21,10259375,12482098.370560002
norman powell,10116576,2020,SG,26,TOR,52,26,28.4,5.7,11.5,0.495,2.1,5.3,0.399,3.6,6.3,0.575,0.586,2.5,2.9,0.843,0.5,3.2,3.7,1.8,1.2,0.4,1.5,2.1,16.0,2020-21,10116576,12308361.552750183
josh richardson,10116576,2020,SG,26,PHI,55,53,30.8,5.1,11.7,0.43,1.5,4.5,0.341,3.5,7.2,0.486,0.496,2.1,2.6,0.809,0.7,2.4,3.2,2.9,0.9,0.7,1.9,2.5,13.7,2020-21,10116576,12308361.552750183
tomas satoransky,10000000,2020,SG,28,CHI,65,64,28.9,3.6,8.5,0.43,1.0,3.1,0.322,2.7,5.4,0.491,0.488,1.6,1.9,0.876,1.2,2.7,3.9,5.4,1.2,0.1,2.0,2.1,9.9,2020-21,10000000,12166529.024000002
deandre jordan,9881598,2020,C,31,BRK,56,6,22.0,3.4,5.1,0.666,0.0,0.0,,3.4,5.1,0.666,0.666,1.5,2.2,0.68,2.5,7.5,10.0,1.9,0.3,0.9,1.3,2.0,8.3,2020-21,9881598,12022474.887050036
zion williamson,9757440,2020,PF,19,NOP,24,24,27.8,8.8,15.0,0.583,0.3,0.6,0.429,8.5,14.4,0.59,0.592,4.8,7.4,0.64,2.7,3.6,6.3,2.1,0.7,0.4,2.5,1.8,22.5,2020-21,9757440,11871417.695993857
markelle fultz,9745200,2020,PG,21,ORL,72,60,27.7,5.0,10.7,0.465,0.5,1.9,0.267,4.5,8.8,0.507,0.488,1.6,2.2,0.73,0.6,2.7,3.3,5.1,1.3,0.2,2.0,2.0,12.1,2020-21,9745200,11856525.864468481
john henson,9732396,2020,C,29,DET,40,8,15.0,2.4,4.3,0.556,0.2,0.9,0.222,2.2,3.4,0.644,0.579,0.6,1.2,0.5,1.2,2.9,4.1,1.4,0.6,1.1,0.9,2.0,5.5,2020-21,9732396,11840947.840706151
matthew dellavedova,9607500,2020,PG,29,CLE,57,4,14.4,1.1,3.1,0.354,0.4,1.6,0.231,0.7,1.5,0.488,0.414,0.6,0.6,0.865,0.3,1.0,1.3,3.2,0.4,0.0,1.0,1.4,3.1,2020-21,9607500,11688992.759808002
dante exum,9600000,2020,SG,24,CLE,35,1,13.9,1.6,3.4,0.471,0.4,1.2,0.349,1.2,2.2,0.539,0.534,0.9,1.2,0.744,0.3,1.6,1.9,1.1,0.4,0.2,0.9,1.1,4.5,2020-21,9600000,11679867.863040002
deandre ayton,9562920,2020,C,21,PHO,38,32,32.5,8.2,14.9,0.546,0.1,0.3,0.231,8.1,14.6,0.553,0.548,1.8,2.3,0.753,3.9,7.6,11.5,1.9,0.7,1.5,2.1,3.1,18.2,2020-21,9562920,11634754.37341901
delon wright,9473684,2020,PG,27,DAL,73,5,21.5,2.6,5.6,0.462,0.6,1.7,0.37,2.0,3.9,0.504,0.519,1.1,1.4,0.77,1.0,2.9,3.8,3.3,1.2,0.3,1.0,1.3,6.9,2020-21,9473684,11526185.135020442
fred vanvleet,9346153,2020,SG,25,TOR,54,54,35.7,5.9,14.3,0.413,2.7,6.9,0.39,3.2,7.4,0.434,0.507,3.1,3.7,0.848,0.3,3.4,3.8,6.6,1.9,0.3,2.2,2.4,17.6,2020-21,9346153,11371024.173724469
jerami grant,9346153,2020,PF,25,DEN,71,24,26.6,4.3,8.9,0.478,1.4,3.5,0.389,2.9,5.4,0.537,0.555,2.1,2.8,0.75,0.8,2.7,3.5,1.2,0.7,0.8,0.9,2.2,12.0,2020-21,9346153,11371024.173724469
tyus jones,9258000,2020,PG,23,MEM,65,6,19.0,3.0,6.6,0.459,0.7,1.9,0.379,2.3,4.7,0.492,0.514,0.7,0.9,0.741,0.1,1.4,1.6,4.4,0.9,0.1,0.8,0.7,7.4,2020-21,9258000,11263772.570419202
al-farouq aminu,9258000,2020,PF,29,ORL,18,2,21.1,1.4,4.8,0.291,0.5,2.0,0.25,0.9,2.8,0.32,0.343,1.1,1.6,0.655,1.3,3.5,4.8,1.2,1.0,0.4,0.9,1.5,4.3,2020-21,9258000,11263772.570419202
george hill,9133907,2020,PG,33,MIL,59,2,21.5,3.3,6.4,0.516,1.4,3.0,0.46,1.9,3.4,0.565,0.624,1.4,1.7,0.842,0.8,2.2,3.0,3.1,0.8,0.1,1.0,1.4,9.4,2020-21,9133907,11112794.461801678
kyle anderson,9073050,2020,SF,26,MEM,67,28,19.9,2.3,4.9,0.474,0.4,1.3,0.282,2.0,3.7,0.541,0.511,0.8,1.2,0.667,0.9,3.4,4.3,2.4,0.8,0.6,1.0,1.7,5.8,2020-21,9073050,11038752.616120322
taj gibson,9000000,2020,C,34,NYK,62,56,16.5,2.7,4.6,0.584,0.1,0.2,0.286,2.6,4.4,0.599,0.591,0.7,0.9,0.732,1.8,2.5,4.3,0.8,0.4,0.5,0.8,2.0,6.1,2020-21,9000000,10949876.121600002
ja morant,8730240,2020,PG,20,MEM,67,67,31.0,6.7,14.0,0.477,0.9,2.7,0.335,5.8,11.3,0.511,0.509,3.6,4.6,0.776,0.8,3.1,3.9,7.3,0.9,0.3,3.3,1.6,17.8,2020-21,8730240,10621671.834648577
e'twaun moore,8664928,2020,SG,30,NOP,56,6,18.2,3.3,7.8,0.426,1.1,3.0,0.377,2.2,4.8,0.456,0.498,0.6,0.8,0.689,0.6,1.8,2.3,1.4,0.6,0.2,0.7,1.4,8.3,2020-21,8664928,10542209.800287029
bogdan bogdanovic,8529386,2020,SG,27,SAC,61,28,29.0,5.5,12.6,0.44,2.7,7.2,0.372,2.8,5.3,0.532,0.547,1.4,1.9,0.741,0.4,3.0,3.4,3.4,1.0,0.2,1.7,2.2,15.1,2020-21,8529386,10377302.232589927
p.j. tucker,8349039,2020,PF,34,HOU,72,72,34.3,2.5,5.9,0.415,1.5,4.2,0.358,1.0,1.8,0.551,0.541,0.5,0.7,0.813,1.6,5.1,6.6,1.6,1.1,0.5,1.0,3.2,6.9,2020-21,8349039,10157882.531600794
c.j. miles,8333333,2020,SF,32,WAS,10,0,16.1,1.9,5.9,0.322,1.1,3.5,0.314,0.8,2.4,0.333,0.415,1.5,2.0,0.75,0.4,0.8,1.2,1.2,1.0,0.4,0.4,1.4,6.4,2020-21,8333333,10138773.7811157
cristiano felicio,8156500,2020,C,27,CHI,22,0,17.5,1.5,2.5,0.63,0.0,0.1,0.0,1.5,2.4,0.654,0.63,0.8,1.0,0.783,2.5,2.1,4.6,0.7,0.5,0.1,0.8,1.5,3.9,2020-21,8156500,9923629.398425601
ben simmons,8113930,2020,PG,23,PHI,57,57,35.4,6.6,11.4,0.58,0.0,0.1,0.286,6.5,11.2,0.583,0.581,3.2,5.2,0.621,2.0,5.8,7.8,8.0,2.1,0.6,3.5,3.3,16.4,2020-21,8113930,9871836.484370433
kentavious caldwell-pope,8089282,2020,SG,26,LAL,69,26,25.5,3.4,7.3,0.467,1.3,3.5,0.385,2.1,3.9,0.541,0.558,1.1,1.5,0.775,0.6,1.5,2.1,1.6,0.8,0.2,0.9,1.9,9.3,2020-21,8089282,9841848.423632078
thomas bryant,8000000,2020,C,22,WAS,46,36,24.9,5.3,9.1,0.581,0.8,2.0,0.407,4.5,7.1,0.63,0.626,1.9,2.5,0.741,2.1,5.1,7.2,1.8,0.5,1.1,1.2,2.2,13.2,2020-21,8000000,9733223.2192
elfrid payton,8000000,2020,PG,25,NYK,45,36,27.7,4.3,9.8,0.439,0.3,1.5,0.203,4.0,8.2,0.482,0.455,1.1,1.9,0.57,1.2,3.6,4.7,7.2,1.6,0.4,2.1,2.0,10.0,2020-21,8000000,9733223.2192
wayne ellington,8000000,2020,SG,32,NYK,36,1,15.5,1.7,4.8,0.351,1.4,4.0,0.35,0.3,0.9,0.355,0.494,0.3,0.4,0.846,0.1,1.7,1.8,1.2,0.4,0.1,0.5,1.1,5.1,2020-21,8000000,9733223.2192
lou williams,8000000,2020,PG,33,LAC,65,8,28.7,6.0,14.4,0.418,1.7,4.8,0.352,4.3,9.6,0.451,0.477,4.5,5.2,0.861,0.5,2.6,3.1,5.6,0.7,0.2,2.8,1.2,18.2,2020-21,8000000,9733223.2192
maxi kleber,8000000,2020,PF,28,DAL,74,21,25.5,3.2,6.9,0.461,1.6,4.3,0.373,1.6,2.6,0.605,0.577,1.1,1.3,0.849,1.5,3.7,5.2,1.2,0.3,1.1,0.8,2.4,9.1,2020-21,8000000,9733223.2192
jayson tatum,7830000,2020,PF,21,BOS,66,66,34.3,8.4,18.6,0.45,2.9,7.1,0.403,5.5,11.5,0.48,0.527,3.8,4.7,0.812,1.0,6.0,7.0,3.0,1.4,0.9,2.3,2.1,23.4,2020-21,7830000,9526392.225792
jae crowder,7815533,2020,SF-PF,29,MIA,65,53,28.8,3.5,8.7,0.401,2.1,6.1,0.343,1.4,2.6,0.538,0.521,1.5,1.9,0.776,0.8,5.1,5.9,2.5,1.1,0.4,1.1,2.2,10.5,2020-21,7815533,9508790.90825298
luka doncic,7683360,2020,PG,20,DAL,61,61,33.6,9.5,20.6,0.463,2.8,8.9,0.316,6.7,11.7,0.574,0.531,7.0,9.2,0.758,1.3,8.1,9.4,8.8,1.0,0.2,4.3,2.5,28.8,2020-21,7683360,9347982.244184066
joe harris,7666667,2020,SF,28,BRK,69,69,30.8,5.5,11.4,0.486,2.5,5.9,0.424,3.0,5.5,0.553,0.596,0.9,1.3,0.719,0.9,3.4,4.3,2.1,0.6,0.2,1.5,2.3,14.5,2020-21,7666667,9327672.657284303
seth curry,7461380,2020,SG,29,DAL,64,25,24.6,4.4,9.0,0.495,2.3,5.0,0.452,2.2,4.0,0.549,0.621,1.3,1.5,0.825,0.4,1.8,2.3,1.9,0.6,0.1,1.0,1.8,12.4,2020-21,7461380,9077909.632909313
doug mcdermott,7333333,2020,PF,28,IND,69,0,19.9,3.9,7.9,0.488,1.9,4.3,0.435,2.0,3.7,0.549,0.605,0.7,0.8,0.828,0.4,2.1,2.5,1.1,0.2,0.1,0.6,1.7,10.3,2020-21,7333333,8922120.8787157
langston galloway,7333333,2020,SG,28,DET,66,6,25.8,3.6,8.2,0.435,2.0,5.0,0.399,1.6,3.2,0.493,0.557,1.1,1.3,0.859,0.5,1.8,2.3,1.5,0.7,0.2,0.6,1.5,10.3,2020-21,7333333,8922120.8787157
derrick rose,7317073,2020,PG,31,DET,50,15,26.0,7.4,15.1,0.49,0.9,2.9,0.306,6.5,12.1,0.535,0.52,2.4,2.8,0.871,0.5,1.9,2.4,5.6,0.8,0.3,2.5,1.0,18.1,2020-21,7317073,8902338.102522677
brandon ingram,7265485,2020,PF,22,NOP,62,62,33.9,8.2,17.7,0.463,2.4,6.2,0.391,5.8,11.5,0.501,0.531,5.0,5.9,0.851,0.8,5.3,6.1,4.2,1.0,0.6,3.0,2.9,23.8,2020-21,7265485,8839573.412593665
d.j. augustin,7250000,2020,PG,32,ORL,57,13,24.9,3.2,8.1,0.399,1.2,3.5,0.348,2.0,4.6,0.438,0.475,2.8,3.2,0.89,0.4,1.8,2.1,4.6,0.6,0.0,1.5,1.3,10.5,2020-21,7250000,8820733.5424
lance thomas,7119650,2020,PF,31,BRK,7,4,14.0,1.1,3.3,0.348,0.6,1.9,0.308,0.6,1.4,0.4,0.435,0.6,0.6,1.0,0.3,1.6,1.9,0.9,0.0,0.0,0.9,1.6,3.4,2020-21,7119650,8662142.836572161
de'andre hunter,7068360,2020,SF,22,ATL,63,62,32.0,4.4,10.8,0.41,1.7,4.8,0.355,2.7,6.0,0.454,0.489,1.7,2.3,0.764,0.7,3.8,4.5,1.8,0.7,0.3,1.6,2.9,12.3,2020-21,7068360,8599740.709208066
josh jackson,7059480,2020,SF,22,MEM,22,0,17.3,3.2,7.2,0.44,1.0,3.3,0.319,2.1,4.0,0.54,0.513,1.6,2.3,0.7,0.5,2.5,3.0,1.6,0.8,0.4,1.3,1.8,9.0,2020-21,7059480,8588936.831434753
davis bertans,7000000,2020,PF,27,WAS,54,4,29.3,4.9,11.3,0.434,3.7,8.7,0.424,1.2,2.6,0.471,0.598,1.9,2.3,0.852,0.6,3.9,4.5,1.7,0.7,0.6,1.1,2.6,15.4,2020-21,7000000,8516570.3168
ersan ilyasova,7000000,2020,PF,32,MIL,63,8,15.7,2.3,5.0,0.466,0.8,2.2,0.365,1.5,2.8,0.545,0.546,1.1,1.4,0.828,1.0,3.8,4.8,0.8,0.4,0.3,0.5,1.5,6.6,2020-21,7000000,8516570.3168
jaren jackson jr.,6927480,2020,C,20,MEM,57,57,28.5,6.2,13.2,0.469,2.5,6.5,0.394,3.6,6.8,0.54,0.565,2.4,3.3,0.747,1.0,3.6,4.6,1.4,0.7,1.6,1.7,4.1,17.4,2020-21,6927480,8428338.648317954
nemanja bjelica,6825000,2020,PF,31,SAC,72,67,27.9,4.4,9.1,0.481,1.9,4.4,0.419,2.5,4.6,0.541,0.583,1.0,1.2,0.821,1.5,4.8,6.4,2.8,0.9,0.6,1.4,3.0,11.5,2020-21,6825000,8303656.058880001
jaylen brown,6534829,2020,SG,23,BOS,57,57,33.9,7.5,15.6,0.481,2.3,5.9,0.382,5.2,9.6,0.543,0.554,3.1,4.3,0.724,1.1,5.3,6.4,2.1,1.1,0.4,2.2,2.9,20.3,2020-21,6534829,7950618.6695376905
jabari parker,6500000,2020,PF,24,SAC,38,23,24.1,5.8,11.3,0.51,0.8,3.1,0.269,4.9,8.2,0.603,0.548,1.6,2.1,0.753,1.6,4.0,5.6,1.8,1.2,0.4,1.7,2.6,14.0,2020-21,6500000,7908243.865600001
ivica zubac,6481482,2020,C,22,LAC,72,70,18.4,3.3,5.3,0.613,0.0,0.0,0.0,3.3,5.3,0.616,0.613,1.7,2.3,0.747,2.7,4.8,7.5,1.1,0.2,0.9,0.8,2.3,8.3,2020-21,6481482,7885713.887153357
darius garland,6400920,2020,SG,20,CLE,59,59,30.9,4.7,11.8,0.401,1.8,5.0,0.355,3.0,6.8,0.434,0.476,1.1,1.2,0.875,0.5,1.4,1.9,3.9,0.7,0.1,2.6,1.6,12.3,2020-21,6400920,7787697.896030209
de'aaron fox,6392760,2020,PG,22,SAC,51,49,32.0,7.7,16.0,0.48,1.1,3.6,0.292,6.6,12.4,0.535,0.513,4.7,6.7,0.705,0.7,3.2,3.8,6.8,1.5,0.5,3.1,2.8,21.1,2020-21,6392760,7777770.008346625
trae young,6273000,2020,PG,21,ATL,60,60,35.3,9.1,20.8,0.437,3.4,9.5,0.361,5.7,11.4,0.501,0.519,8.0,9.3,0.86,0.5,3.7,4.3,9.3,1.1,0.1,4.8,1.7,29.6,2020-21,6273000,7632063.656755201
ish smith,6000000,2020,PG,31,WAS,68,23,26.3,4.5,10.1,0.447,0.9,2.5,0.367,3.6,7.6,0.473,0.492,0.9,1.3,0.721,0.4,2.8,3.2,4.9,0.9,0.4,1.4,1.6,10.9,2020-21,6000000,7299917.414400001
montrezl harrell,6000000,2020,C,26,LAC,63,2,27.8,7.5,12.9,0.58,0.0,0.3,0.0,7.5,12.6,0.593,0.58,3.7,5.6,0.658,2.6,4.5,7.1,1.7,0.6,1.1,1.7,2.3,18.6,2020-21,6000000,7299917.414400001
marco belinelli,5846154,2020,SG,33,SAS,57,0,15.5,2.2,5.5,0.392,1.2,3.1,0.376,1.0,2.4,0.412,0.498,0.8,1.0,0.828,0.1,1.6,1.7,1.2,0.2,0.0,0.3,0.8,6.3,2020-21,5846154,7112740.231977371
jarrett culver,5813640,2020,SG,20,MIN,63,35,23.9,3.7,9.0,0.404,1.0,3.5,0.299,2.6,5.5,0.471,0.462,0.9,1.9,0.462,1.1,2.3,3.4,1.7,0.9,0.6,1.3,2.0,9.2,2020-21,5813640,7073181.979508737
jonathan isaac,5806440,2020,PF,22,ORL,34,32,28.8,4.6,9.8,0.47,0.9,2.8,0.34,3.6,7.0,0.521,0.518,1.8,2.3,0.779,1.7,5.1,6.8,1.4,1.6,2.3,1.4,2.4,11.9,2020-21,5806440,7064422.078611457
rodney hood,5718000,2020,SF,27,POR,21,21,29.5,4.1,8.2,0.506,1.7,3.4,0.493,2.5,4.8,0.515,0.608,1.0,1.3,0.778,0.5,3.0,3.4,1.5,0.8,0.2,0.9,2.2,11.0,2020-21,5718000,6956821.2959232
trey lyles,5500000,2020,PF,24,SAS,63,53,20.2,2.4,5.4,0.446,1.0,2.7,0.387,1.4,2.8,0.503,0.541,0.5,0.7,0.733,1.1,4.6,5.7,1.1,0.4,0.4,0.6,1.6,6.4,2020-21,5500000,6691590.963200001
aron baynes,5453280,2020,C,33,PHO,42,28,22.2,4.4,9.1,0.48,1.4,4.0,0.351,3.0,5.1,0.582,0.558,1.3,1.8,0.747,1.7,4.0,5.6,1.6,0.2,0.5,1.2,3.4,11.5,2020-21,5453280,6634748.939599873
kris dunn,5348007,2020,PG,25,CHI,51,32,24.9,3.0,6.7,0.444,0.6,2.2,0.259,2.4,4.5,0.535,0.487,0.8,1.1,0.741,0.5,3.2,3.6,3.4,2.0,0.3,1.3,3.1,7.3,2020-21,5348007,6506668.238605518
coby white,5307120,2020,PG,19,CHI,65,1,25.8,4.8,12.2,0.394,2.0,5.8,0.354,2.8,6.4,0.43,0.478,1.6,2.0,0.791,0.4,3.1,3.5,2.7,0.8,0.1,1.7,1.8,13.2,2020-21,5307120,6456922.951385088
lauri markkanen,5300400,2020,PF,22,CHI,50,50,29.8,5.0,11.8,0.425,2.2,6.3,0.344,2.8,5.5,0.518,0.517,2.5,3.1,0.824,1.2,5.1,6.3,1.5,0.8,0.5,1.6,1.9,14.7,2020-21,5300400,6448747.043880961
wendell carter jr.,5201400,2020,C,20,CHI,43,43,29.2,4.3,8.0,0.534,0.1,0.7,0.207,4.1,7.3,0.564,0.542,2.6,3.5,0.737,3.2,6.2,9.4,1.2,0.8,0.8,1.7,3.8,11.3,2020-21,5201400,6328298.406543361
daniel theis,5000000,2020,C,27,BOS,65,64,24.1,3.7,6.6,0.566,0.5,1.5,0.333,3.2,5.1,0.633,0.603,1.3,1.8,0.763,2.2,4.4,6.6,1.7,0.6,1.3,0.8,3.4,9.2,2020-21,5000000,6083264.512000001
jaxson hayes,4862040,2020,C,19,NOP,64,14,16.9,2.7,4.0,0.672,0.0,0.1,0.25,2.7,4.0,0.678,0.674,1.9,3.0,0.647,1.5,2.5,4.0,0.9,0.4,0.9,0.8,2.5,7.4,2020-21,4862040,5915415.077584896
buddy hield,4861208,2020,SG,27,SAC,72,44,30.8,6.9,16.1,0.429,3.8,9.6,0.394,3.2,6.6,0.479,0.545,1.6,1.9,0.846,0.8,3.8,4.6,3.0,0.9,0.2,2.3,2.3,19.2,2020-21,4861208,5914402.8223701
frank ntilikina,4855800,2020,PG,21,NYK,57,26,20.8,2.3,5.8,0.393,0.8,2.4,0.321,1.5,3.4,0.444,0.459,0.9,1.0,0.864,0.4,1.7,2.1,3.0,0.9,0.3,1.2,2.5,6.3,2020-21,4855800,5907823.163473921
rodney mcgruder,4807693,2020,SG,28,LAC,56,4,15.6,1.3,3.2,0.398,0.4,1.6,0.27,0.9,1.6,0.522,0.464,0.3,0.6,0.559,0.5,2.2,2.7,0.6,0.5,0.1,0.4,1.3,3.3,2020-21,4807693,5849293.642298164
ed davis,4767000,2020,C,30,UTA,28,1,10.8,0.8,1.6,0.478,0.0,0.0,,0.8,1.6,0.478,0.478,0.3,0.5,0.5,1.3,2.5,3.8,0.4,0.4,0.3,0.5,2.2,1.8,2020-21,4767000,5799784.385740801
richaun holmes,4767000,2020,C,26,SAC,44,38,28.2,5.1,7.8,0.648,0.0,0.0,,5.1,7.8,0.648,0.648,2.1,2.7,0.788,2.9,5.3,8.1,1.0,0.9,1.3,1.2,3.8,12.3,2020-21,4767000,5799784.385740801
frank kaminsky,4767000,2020,C,26,PHO,39,13,19.9,3.5,7.9,0.45,1.1,3.2,0.331,2.5,4.7,0.53,0.516,1.6,2.3,0.678,0.9,3.6,4.5,1.9,0.4,0.3,0.9,1.9,9.7,2020-21,4767000,5799784.385740801
mike scott,4767000,2020,PF,31,PHI,68,11,17.8,2.2,5.1,0.426,1.2,3.2,0.369,1.0,2.0,0.519,0.54,0.4,0.5,0.811,1.0,2.7,3.6,0.8,0.3,0.1,0.4,1.4,6.0,2020-21,4767000,5799784.385740801
garrett temple,4767000,2020,SG,33,BRK,62,35,27.9,3.6,9.5,0.378,2.0,6.2,0.329,1.5,3.2,0.473,0.486,1.1,1.4,0.805,0.5,3.0,3.5,2.5,0.8,0.5,1.0,1.7,10.3,2020-21,4767000,5799784.385740801
robin lopez,4767000,2020,C,31,MIL,66,5,14.5,2.2,4.5,0.492,0.5,1.6,0.333,1.7,2.9,0.577,0.55,0.4,0.8,0.528,0.8,1.6,2.4,0.7,0.2,0.7,1.0,1.5,5.4,2020-21,4767000,5799784.385740801
avery bradley,4767000,2020,SG,29,LAL,49,44,24.2,3.5,7.8,0.444,1.3,3.5,0.364,2.2,4.3,0.51,0.526,0.4,0.5,0.833,0.4,2.0,2.3,1.3,0.9,0.1,1.0,2.2,8.6,2020-21,4767000,5799784.385740801
jamychal green,4767000,2020,PF,29,LAC,63,1,20.7,2.4,5.6,0.429,1.5,3.8,0.387,0.9,1.8,0.518,0.56,0.6,0.8,0.75,1.2,4.9,6.2,0.8,0.5,0.4,0.9,2.8,6.8,2020-21,4767000,5799784.385740801
justin holiday,4767000,2020,SF,30,IND,73,6,25.0,2.8,6.7,0.428,1.8,4.5,0.405,1.0,2.1,0.477,0.566,0.7,0.9,0.791,0.4,2.8,3.3,1.3,1.2,0.6,0.6,1.9,8.3,2020-21,4767000,5799784.385740801
collin sexton,4764960,2020,PG,21,CLE,65,65,33.0,7.9,16.7,0.472,1.5,3.9,0.38,6.4,12.8,0.501,0.517,3.5,4.1,0.846,0.9,2.2,3.1,3.0,1.0,0.1,2.4,2.2,20.8,2020-21,4764960,5797302.413819904
rui hachimura,4469160,2020,PF,21,WAS,48,48,30.1,5.3,11.4,0.466,0.5,1.8,0.287,4.8,9.5,0.5,0.489,2.4,2.9,0.829,1.6,4.5,6.1,1.8,0.8,0.2,1.1,2.2,13.5,2020-21,4469160,5437416.485289984
kevon looney,4464226,2020,C,23,GSW,20,4,13.1,1.5,4.0,0.367,0.1,0.7,0.071,1.4,3.3,0.431,0.373,0.5,0.6,0.75,1.4,1.9,3.3,1.0,0.6,0.3,0.6,1.7,3.4,2020-21,4464226,5431413.519869543
dennis smith jr.,4463640,2020,PG,22,NYK,34,3,15.8,2.1,6.2,0.341,0.5,1.6,0.296,1.6,4.6,0.357,0.379,0.8,1.6,0.509,0.6,1.7,2.3,2.9,0.8,0.2,1.7,1.9,5.5,2020-21,4463640,5430700.561268737
jamal murray,4444746,2020,PG,22,DEN,59,59,32.3,6.9,15.2,0.456,1.9,5.5,0.346,5.0,9.7,0.519,0.519,2.8,3.1,0.881,0.8,3.2,4.0,4.8,1.1,0.3,2.2,1.7,18.5,2020-21,4444746,5407713.121330791
luc mbah a moute,4320500,2020,PF,33,HOU,3,0,8.3,0.7,1.7,0.4,0.0,0.7,0.0,0.7,1.0,0.667,0.4,0.3,0.7,0.5,0.3,0.3,0.7,0.0,0.7,0.0,0.3,0.0,1.7,2020-21,4320500,5256548.864819201
cam reddish,4245720,2020,SF,20,ATL,58,34,26.7,3.7,9.6,0.384,1.4,4.3,0.332,2.2,5.2,0.428,0.459,1.7,2.2,0.802,0.6,3.1,3.7,1.5,1.1,0.5,1.7,2.3,10.5,2020-21,4245720,5165567.560777728
zach collins,4240200,2020,PF,22,POR,11,11,26.4,2.9,6.2,0.471,0.6,1.7,0.368,2.3,4.5,0.51,0.522,0.5,0.7,0.75,2.3,4.0,6.3,1.5,0.5,0.5,1.3,3.3,7.0,2020-21,4240200,5158851.636756481
mikal bridges,4161000,2020,SF,23,PHO,73,32,28.0,3.4,6.6,0.51,1.0,2.7,0.361,2.4,4.0,0.61,0.583,1.4,1.7,0.844,0.9,3.1,4.0,1.8,1.4,0.6,1.0,2.2,9.1,2020-21,4161000,5062492.726886401
alex len,4160000,2020,C,26,SAC,55,12,17.6,3.2,5.8,0.555,0.3,1.1,0.271,2.9,4.7,0.619,0.58,1.2,1.9,0.648,1.8,4.0,5.8,0.9,0.4,0.9,1.0,2.3,8.0,2020-21,4160000,5061276.073984001
nicolo melli,4102564,2020,C,29,NOP,60,8,17.4,2.3,5.4,0.421,1.2,3.4,0.335,1.1,2.0,0.573,0.528,0.9,1.2,0.74,0.6,2.4,3.0,1.4,0.6,0.4,0.8,2.1,6.6,2020-21,4102564,4991396.397881754
cameron johnson,4033440,2020,PF,23,PHO,57,9,22.0,3.1,7.1,0.435,1.9,4.8,0.39,1.2,2.3,0.526,0.565,0.8,1.0,0.807,0.9,2.4,3.3,1.2,0.6,0.4,0.6,1.5,8.8,2020-21,4033440,4907296.482656256
malik monk,4028400,2020,SG,21,CHO,55,1,21.3,3.9,8.9,0.434,1.1,3.7,0.284,2.8,5.2,0.542,0.494,1.5,1.8,0.82,0.5,2.4,2.9,2.1,0.5,0.3,1.4,1.3,10.3,2020-21,4028400,4901164.552028161
patrick mccaw,4000000,2020,SF,24,TOR,37,12,24.5,1.8,4.4,0.414,0.6,1.9,0.324,1.2,2.5,0.484,0.485,0.4,0.5,0.722,0.5,1.8,2.3,2.1,1.1,0.1,0.8,1.6,4.6,2020-21,4000000,4866611.6096
reggie bullock,4000000,2020,SG,28,NYK,29,19,23.6,3.1,7.7,0.402,1.3,3.8,0.333,1.8,3.9,0.469,0.484,0.6,0.7,0.81,0.4,1.9,2.3,1.4,0.9,0.1,0.7,1.9,8.1,2020-21,4000000,4866611.6096
javale mcgee,4000000,2020,C,32,LAL,68,68,16.6,2.9,4.5,0.637,0.0,0.1,0.5,2.8,4.4,0.64,0.642,0.8,1.2,0.646,1.8,3.9,5.7,0.5,0.5,1.4,0.8,2.3,6.6,2020-21,4000000,4866611.6096
dorian finney-smith,4000000,2020,PF,26,DAL,71,68,29.9,3.4,7.4,0.466,1.6,4.3,0.376,1.8,3.1,0.589,0.575,1.1,1.5,0.722,2.0,3.7,5.7,1.6,0.6,0.5,1.0,2.5,9.5,2020-21,4000000,4866611.6096
shai gilgeous-alexander,3952920,2020,SG,21,OKC,70,70,34.7,6.8,14.5,0.471,1.2,3.6,0.347,5.6,10.9,0.512,0.514,4.1,5.1,0.807,0.7,5.2,5.9,3.3,1.1,0.7,1.9,1.7,19.0,2020-21,3952920,4809331.590955009
luke kennard,3827160,2020,SG,23,DET,28,25,32.9,5.4,12.2,0.442,2.6,6.5,0.399,2.8,5.7,0.491,0.548,2.4,2.7,0.893,0.3,3.2,3.5,4.1,0.4,0.2,1.5,2.3,15.8,2020-21,3827160,4656325.321949185
miles bridges,3755400,2020,SF,21,CHO,65,64,30.7,4.9,11.6,0.424,1.5,4.6,0.33,3.4,7.0,0.486,0.489,1.6,2.0,0.809,1.4,4.2,5.6,1.8,0.6,0.7,1.5,2.0,13.0,2020-21,3755400,4569018.30967296
jakob poeltl,3754886,2020,C,24,SAS,66,18,17.7,2.5,4.0,0.624,0.0,0.0,,2.5,4.0,0.624,0.624,0.6,1.3,0.465,2.0,3.7,5.7,1.8,0.6,1.4,0.8,1.9,5.6,2020-21,3754886,4568392.950081127
tyler herro,3640200,2020,SG,20,MIA,55,8,27.4,4.9,11.5,0.428,2.1,5.4,0.389,2.8,6.1,0.462,0.52,1.6,1.8,0.87,0.3,3.8,4.1,2.2,0.6,0.2,1.6,1.4,13.5,2020-21,3640200,4428859.895316481
donovan mitchell,3635760,2020,SG,23,UTA,69,69,34.3,8.7,19.4,0.449,2.5,6.9,0.366,6.2,12.6,0.494,0.513,4.0,4.7,0.863,0.8,3.6,4.4,4.3,1.0,0.2,2.7,2.5,24.0,2020-21,3635760,4423457.956429824
stanley johnson,3623000,2020,PF,23,TOR,25,0,6.0,0.9,2.4,0.373,0.3,1.0,0.292,0.6,1.4,0.429,0.432,0.4,0.6,0.563,0.3,1.2,1.5,0.8,0.2,0.2,0.6,0.6,2.4,2020-21,3623000,4407933.4653952
jake layman,3581986,2020,SF,25,MIN,23,2,22.0,3.5,7.8,0.453,1.0,3.1,0.333,2.5,4.7,0.533,0.52,1.0,1.4,0.75,0.7,1.7,2.5,0.7,0.7,0.4,1.0,2.0,9.1,2020-21,3581986,4358033.6632561665
thon maker,3569643,2020,C,22,DET,60,14,12.9,1.6,3.2,0.482,0.4,1.1,0.344,1.2,2.2,0.55,0.539,1.2,1.8,0.664,0.9,1.9,2.8,0.7,0.4,0.7,0.8,1.7,4.7,2020-21,3569643,4343016.516481844
jerome robinson,3567720,2020,SG,22,WAS,63,6,15.5,1.8,4.9,0.371,0.8,2.4,0.32,1.0,2.5,0.42,0.45,0.6,0.9,0.702,0.2,1.8,2.0,1.4,0.4,0.3,0.8,1.8,5.1,2020-21,3567720,4340676.892950528
allonzo trier,3551000,2020,SG,24,NYK,24,1,12.1,2.1,4.4,0.481,0.8,2.2,0.358,1.3,2.2,0.604,0.571,1.4,1.8,0.791,0.3,1.0,1.2,1.2,0.1,0.2,0.9,1.2,6.5,2020-21,3551000,4320334.456422401
danuel house jr.,3540000,2020,SF,26,HOU,63,52,30.4,3.7,8.6,0.427,2.0,5.6,0.363,1.6,2.9,0.549,0.546,1.2,1.4,0.811,0.9,3.3,4.2,1.3,1.1,0.5,0.9,2.1,10.5,2020-21,3540000,4306951.274496
domantas sabonis,3529555,2020,PF,23,IND,62,62,34.8,7.4,13.7,0.54,0.3,1.1,0.254,7.1,12.6,0.565,0.55,3.5,4.8,0.723,3.0,9.4,12.4,5.0,0.8,0.5,2.7,3.1,18.5,2020-21,3529555,4294243.334930432
t.j. mcconnell,3500000,2020,PG,27,IND,71,3,18.7,3.0,5.8,0.516,0.1,0.2,0.294,2.9,5.5,0.525,0.522,0.5,0.6,0.833,0.5,2.1,2.7,5.0,0.8,0.2,1.4,1.0,6.5,2020-21,3500000,4258285.1584
boban marjanovic,3500000,2020,C,31,DAL,44,5,9.6,2.8,4.8,0.573,0.1,0.4,0.235,2.7,4.4,0.603,0.583,1.0,1.3,0.754,1.5,3.0,4.5,0.5,0.2,0.2,0.7,1.3,6.6,2020-21,3500000,4258285.1584
dario saric,3481986,2020,PF,25,PHO,66,51,24.7,3.9,8.2,0.476,1.3,3.6,0.357,2.6,4.6,0.568,0.554,1.6,1.9,0.844,1.5,4.6,6.2,1.9,0.6,0.2,1.3,2.4,10.7,2020-21,3481986,4236368.3730161665
taurean prince,3481986,2020,PF,25,BRK,64,61,29.0,4.3,11.5,0.376,2.3,6.7,0.339,2.1,4.8,0.429,0.475,1.1,1.4,0.798,0.8,5.2,6.0,1.8,0.9,0.4,2.0,2.5,12.1,2020-21,3481986,4236368.3730161665
romeo langford,3458400,2020,SG,20,BOS,32,2,11.6,0.9,2.5,0.35,0.2,0.8,0.185,0.7,1.7,0.434,0.381,0.6,0.8,0.72,0.5,0.8,1.3,0.4,0.3,0.3,0.3,1.0,2.5,2020-21,3458400,4207672.39766016
bam adebayo,3454080,2020,PF,22,MIA,72,72,33.6,6.1,11.0,0.557,0.0,0.2,0.143,6.1,10.8,0.564,0.558,3.7,5.3,0.691,2.4,7.8,10.2,5.1,1.1,1.3,2.8,2.5,15.9,2020-21,3454080,4202416.457121792
michael porter jr.,3389400,2020,SF,21,DEN,55,8,16.4,3.5,7.0,0.509,1.1,2.7,0.422,2.4,4.3,0.564,0.59,1.1,1.3,0.833,1.2,3.5,4.7,0.8,0.5,0.5,0.9,1.8,9.3,2020-21,3389400,4123723.3473945605
denzel valentine,3377569,2020,SF,26,CHI,36,5,13.6,2.7,6.6,0.409,1.3,3.8,0.336,1.4,2.8,0.51,0.506,0.2,0.2,0.75,0.3,1.8,2.1,1.2,0.7,0.2,0.7,1.4,6.8,2020-21,3377569,4109329.126906266
sekou doumbouya,3285120,2020,PF,19,DET,38,19,19.8,2.4,6.2,0.39,0.7,2.6,0.286,1.7,3.6,0.464,0.449,0.8,1.2,0.674,0.5,2.6,3.1,0.5,0.5,0.2,0.9,2.1,6.4,2020-21,3285120,3996850.7827322884
justin jackson,3280920,2020,PF,24,DAL,65,3,16.1,2.1,5.2,0.396,0.7,2.5,0.294,1.3,2.7,0.489,0.466,0.6,0.8,0.84,0.4,2.0,2.4,0.8,0.2,0.2,0.2,1.1,5.5,2020-21,3280920,3991740.8405422084
troy brown jr.,3219480,2020,SF,20,WAS,69,22,25.8,4.0,9.0,0.439,0.9,2.6,0.341,3.1,6.4,0.479,0.488,1.6,2.0,0.784,1.1,4.4,5.6,2.6,1.2,0.1,1.1,1.9,10.4,2020-21,3219480,3916989.6862187525
yogi ferrell,3150000,2020,PG,26,SAC,50,0,10.6,1.6,3.8,0.42,0.5,1.6,0.304,1.1,2.2,0.505,0.484,0.7,0.8,0.857,0.1,0.9,1.0,1.4,0.4,0.1,0.6,0.8,4.4,2020-21,3150000,3832456.6425600005
zhaire smith,3058800,2020,SF,20,PHI,7,0,4.6,0.4,1.6,0.273,0.0,0.4,0.0,0.4,1.1,0.375,0.273,0.3,0.6,0.5,0.0,0.3,0.3,0.3,0.4,0.0,0.3,0.6,1.1,2020-21,3058800,3721497.8978611203
khem birch,3000000,2020,C,27,ORL,48,24,19.2,1.5,3.0,0.51,0.0,0.0,0.0,1.5,3.0,0.514,0.51,1.4,2.1,0.653,1.9,2.7,4.6,1.0,0.4,0.5,0.6,1.9,4.4,2020-21,3000000,3649958.7072000005
quinn cook,3000000,2020,PG,26,LAL,44,1,11.5,2.1,4.9,0.425,0.7,1.9,0.365,1.4,2.9,0.465,0.498,0.3,0.3,0.786,0.3,0.9,1.2,1.1,0.3,0.0,0.8,0.6,5.1,2020-21,3000000,3649958.7072000005
ryan arcidiacono,3000000,2020,PG,25,CHI,58,4,16.0,1.6,3.8,0.409,0.9,2.4,0.391,0.6,1.4,0.439,0.532,0.5,0.7,0.711,0.3,1.6,1.9,1.7,0.5,0.1,0.6,1.7,4.5,2020-21,3000000,3649958.7072000005
nickeil alexander-walker,2964840,2020,SG,21,NOP,47,1,12.6,2.1,5.7,0.368,1.0,2.8,0.346,1.1,2.8,0.391,0.455,0.5,0.8,0.676,0.2,1.6,1.8,1.9,0.4,0.2,1.1,1.2,5.7,2020-21,2964840,3607181.191151616
d.j. wilson,2961120,2020,PF,23,MIL,37,1,9.8,1.4,3.6,0.394,0.5,2.0,0.247,0.9,1.6,0.576,0.462,0.3,0.5,0.611,0.3,2.2,2.5,0.7,0.1,0.1,0.5,0.9,3.6,2020-21,2961120,3602655.2423546882
cedi osman,2907143,2020,SF,24,CLE,65,65,29.4,4.1,9.4,0.437,1.9,4.9,0.383,2.2,4.4,0.497,0.538,1.0,1.4,0.67,0.6,3.0,3.6,2.4,0.8,0.2,1.4,2.5,11.0,2020-21,2907143,3536983.9686418436
donte divincenzo,2905800,2020,SG,23,MIL,66,24,23.0,3.5,7.7,0.455,1.3,3.7,0.336,2.3,4.0,0.567,0.536,1.0,1.3,0.733,1.0,3.8,4.8,2.3,1.3,0.3,1.4,1.7,9.2,2020-21,2905800,3535350.0037939204
bryn forbes,2875000,2020,SG,26,SAS,63,62,25.1,3.8,9.2,0.417,2.3,6.0,0.388,1.5,3.2,0.47,0.544,1.2,1.4,0.833,0.2,1.8,2.0,1.7,0.5,0.0,0.9,1.8,11.2,2020-21,2875000,3497877.0944000003
goga bitadze,2816760,2020,C,20,IND,54,2,8.7,1.3,2.8,0.467,0.1,0.8,0.19,1.1,2.0,0.574,0.493,0.4,0.6,0.727,0.5,1.5,2.0,0.4,0.2,0.7,0.5,1.2,3.2,2020-21,2816760,3427019.2293642242
t.j. leaf,2813280,2020,PF,22,IND,28,1,7.9,1.3,3.1,0.419,0.2,0.6,0.278,1.1,2.4,0.456,0.448,0.3,0.6,0.438,0.8,1.7,2.5,0.3,0.4,0.1,0.3,0.8,3.0,2020-21,2813280,3422785.2772638723
alex caruso,2750000,2020,PG,25,LAL,64,2,18.4,1.9,4.5,0.412,0.6,1.9,0.333,1.3,2.7,0.468,0.481,1.1,1.5,0.734,0.3,1.7,1.9,1.9,1.1,0.3,0.8,1.5,5.5,2020-21,2750000,3345795.4816000005
malik beasley,2731714,2020,SG,23,MIN,55,14,22.0,4.1,9.7,0.425,1.9,5.0,0.388,2.2,4.7,0.465,0.525,1.0,1.2,0.818,0.3,2.4,2.7,1.4,0.7,0.1,1.0,1.4,11.2,2020-21,2731714,3323547.766626714
luka samanic,2689920,2020,PF,20,SAS,3,1,16.0,1.7,5.3,0.313,1.0,2.7,0.375,0.7,2.7,0.25,0.406,1.0,1.3,0.75,0.3,3.0,3.3,2.0,0.0,0.7,0.7,2.0,5.3,2020-21,2689920,3272698.9752238085
lonnie walker iv,2689920,2020,SG,21,SAS,61,12,16.2,2.5,5.9,0.426,0.7,1.7,0.406,1.8,4.2,0.434,0.483,0.7,1.0,0.721,0.4,1.9,2.3,1.1,0.5,0.2,0.7,1.3,6.4,2020-21,2689920,3272698.9752238085
john collins,2686560,2020,PF,22,ATL,41,41,33.2,8.6,14.8,0.583,1.4,3.6,0.401,7.2,11.2,0.642,0.632,2.9,3.7,0.8,2.8,7.3,10.1,1.5,0.8,1.6,1.8,3.4,21.6,2020-21,2686560,3268611.0214717444
kevin huerter,2636280,2020,SG,21,ATL,56,48,31.4,4.5,10.9,0.413,2.3,6.0,0.38,2.2,4.9,0.453,0.517,0.9,1.1,0.828,0.6,3.4,4.1,3.8,0.9,0.5,1.6,2.5,12.2,2020-21,2636280,3207437.7135390723
caris levert,2625718,2020,SG,25,BRK,45,31,29.6,6.9,16.3,0.425,1.8,4.9,0.364,5.1,11.4,0.451,0.48,3.1,4.4,0.711,1.1,3.1,4.2,4.4,1.2,0.2,2.6,1.8,18.7,2020-21,2625718,3194587.4255839237
marko guduric,2625000,2020,SG,24,MEM,44,0,11.0,1.4,3.6,0.395,0.6,1.9,0.301,0.8,1.7,0.5,0.475,0.5,0.6,0.923,0.3,1.3,1.7,1.0,0.3,0.2,0.8,0.8,3.9,2020-21,2625000,3193713.8688000003
deandre' bembry,2603982,2020,SG,25,ATL,43,4,21.3,2.4,5.3,0.456,0.3,1.5,0.231,2.1,3.8,0.546,0.489,0.6,1.1,0.542,0.8,2.7,3.5,1.9,1.3,0.4,1.4,2.0,5.8,2020-21,2603982,3168142.258097357
matisse thybulle,2582160,2020,SG,22,PHI,65,14,19.8,1.7,4.1,0.423,0.9,2.4,0.357,0.9,1.7,0.519,0.528,0.4,0.6,0.61,0.7,1.0,1.6,1.2,1.4,0.7,0.8,2.2,4.7,2020-21,2582160,3141592.4584611845
wesley matthews,2564753,2020,SG,33,MIL,67,67,24.4,2.5,6.3,0.396,1.6,4.4,0.364,0.9,1.9,0.472,0.524,0.8,1.0,0.765,0.3,2.1,2.5,1.4,0.6,0.1,0.6,1.5,7.4,2020-21,2564753,3120414.1813891074
rajon rondo,2564753,2020,PG,33,LAL,48,3,20.5,2.9,6.8,0.418,0.9,2.6,0.328,2.0,4.2,0.473,0.48,0.6,0.9,0.659,0.5,2.5,3.0,5.0,0.8,0.0,1.9,1.2,7.1,2020-21,2564753,3120414.1813891074
josh okogie,2530680,2020,SG,21,MIN,62,28,25.0,2.7,6.4,0.427,0.7,2.5,0.266,2.1,3.9,0.529,0.479,2.5,3.1,0.796,1.4,2.9,4.3,1.6,1.1,0.4,1.4,2.2,8.6,2020-21,2530680,3078959.1670456324
vincent poirier,2505793,2020,C,26,BOS,22,0,5.9,0.8,1.6,0.472,0.0,0.1,0.5,0.7,1.5,0.471,0.486,0.3,0.3,0.857,0.6,1.4,2.0,0.4,0.1,0.4,0.4,1.1,1.9,2020-21,2505793,3048680.3262636033
rondae hollis-jefferson,2500000,2020,PF,25,TOR,60,6,18.7,2.6,5.5,0.471,0.1,0.4,0.13,2.5,5.1,0.497,0.476,1.8,2.4,0.734,1.8,2.9,4.7,1.8,0.8,0.4,1.0,1.9,7.0,2020-21,2500000,3041632.2560000005
brandon clarke,2478840,2020,PF,23,MEM,58,4,22.4,5.1,8.3,0.618,0.4,1.1,0.359,4.7,7.2,0.658,0.642,1.5,1.9,0.759,1.6,4.4,5.9,1.4,0.6,0.8,0.9,1.7,12.1,2020-21,2478840,3015887.8805852165
terrance ferguson,2475840,2020,SF,21,OKC,56,38,22.4,1.4,3.9,0.355,0.9,3.0,0.292,0.5,0.9,0.558,0.466,0.3,0.4,0.75,0.4,0.9,1.3,0.9,0.5,0.3,0.6,2.8,3.9,2020-21,2475840,3012237.921878016
grayson allen,2429400,2020,SG,24,MEM,38,0,18.9,3.1,6.6,0.466,1.5,3.7,0.404,1.6,2.9,0.545,0.58,1.0,1.2,0.867,0.2,2.0,2.2,1.4,0.3,0.1,0.9,1.4,8.7,2020-21,2429400,2955736.56109056
grant williams,2379840,2020,PF,21,BOS,69,5,15.1,1.3,3.1,0.412,0.3,1.4,0.25,0.9,1.7,0.548,0.469,0.6,0.8,0.722,0.9,1.7,2.6,1.0,0.4,0.5,0.7,2.4,3.4,2020-21,2379840,2895439.243247616
jarrett allen,2376840,2020,C,21,BRK,70,64,26.5,4.3,6.6,0.649,0.0,0.1,0.0,4.3,6.6,0.658,0.649,2.4,3.9,0.633,3.1,6.5,9.6,1.6,0.6,1.3,1.1,2.3,11.1,2020-21,2376840,2891789.284540416
pascal siakam,2351839,2020,PF,25,TOR,60,60,35.2,8.3,18.4,0.453,2.2,6.1,0.359,6.2,12.3,0.499,0.512,4.0,5.1,0.792,1.1,6.3,7.3,3.5,1.0,0.9,2.5,2.8,22.9,2020-21,2351839,2861371.7453275137
skal labissiere,2338847,2020,C,23,POR,33,1,17.2,2.5,4.5,0.551,0.1,0.4,0.231,2.4,4.1,0.582,0.561,0.8,1.0,0.758,2.0,3.2,5.1,1.3,0.2,0.9,0.9,2.7,5.8,2020-21,2338847,2845564.990819533
chandler hutchison,2332320,2020,SF,23,CHI,28,10,18.8,2.9,6.3,0.457,0.4,1.4,0.316,2.4,4.9,0.496,0.491,1.6,2.8,0.59,0.6,3.2,3.9,0.9,1.0,0.3,1.0,1.7,7.8,2020-21,2332320,2837623.8973255684
aaron holiday,2329200,2020,PG,23,IND,66,33,24.5,3.5,8.5,0.414,1.3,3.3,0.394,2.2,5.2,0.427,0.491,1.1,1.3,0.851,0.3,2.0,2.4,3.4,0.8,0.2,1.3,1.8,9.5,2020-21,2329200,2833827.94027008
dejounte murray,2321735,2020,PG,23,SAS,66,58,25.6,4.5,9.7,0.462,0.6,1.7,0.369,3.8,8.0,0.481,0.494,1.4,1.7,0.798,1.0,4.8,5.8,4.1,1.7,0.3,1.9,2.2,10.9,2020-21,2321735,2824745.6263536643
damian jones,2305057,2020,C,24,ATL,55,27,16.1,2.2,3.2,0.68,0.0,0.2,0.222,2.2,3.1,0.704,0.685,1.1,1.5,0.738,1.3,2.4,3.7,0.6,0.5,0.7,0.5,2.7,5.6,2020-21,2305057,2804454.289247437
darius bazley,2284800,2020,PF,19,OKC,61,9,18.5,2.0,5.2,0.394,0.8,2.3,0.348,1.2,2.9,0.432,0.472,0.7,1.0,0.694,0.5,3.5,4.0,0.7,0.4,0.7,0.7,0.9,5.6,2020-21,2284800,2779808.55140352
og anunoby,2281800,2020,SF,22,TOR,69,68,29.9,4.1,8.2,0.505,1.3,3.3,0.39,2.9,4.9,0.583,0.584,1.0,1.5,0.706,1.2,4.1,5.3,1.6,1.4,0.7,1.1,2.4,10.6,2020-21,2281800,2776158.5926963203
ante zizic,2281800,2020,C,23,CLE,22,0,10.0,1.9,3.3,0.569,0.0,0.0,,1.9,3.3,0.569,0.569,0.6,0.9,0.737,0.8,2.2,3.0,0.3,0.3,0.2,0.5,1.2,4.4,2020-21,2281800,2776158.5926963203
luke kornet,2250000,2020,C,24,CHI,36,14,15.5,2.3,5.2,0.439,0.9,3.0,0.287,1.4,2.2,0.646,0.521,0.6,0.8,0.714,0.6,1.7,2.3,0.9,0.3,0.7,0.4,1.5,6.0,2020-21,2250000,2737469.0304000005
ty jerome,2193480,2020,SG,22,PHO,31,0,10.6,1.2,3.6,0.336,0.5,1.6,0.28,0.8,2.0,0.381,0.398,0.4,0.5,0.75,0.2,1.3,1.5,1.4,0.5,0.1,0.6,0.9,3.3,2020-21,2193480,2668703.808356352
willie cauley-stein,2177483,2020,C,26,DAL,54,39,20.3,3.2,5.6,0.579,0.0,0.0,0.0,3.2,5.6,0.581,0.579,0.7,1.2,0.606,1.6,4.3,5.8,1.3,0.9,1.1,0.7,2.2,7.2,2020-21,2177483,2649241.0118766595
anfernee simons,2149560,2020,SG,20,POR,70,4,20.7,3.1,7.7,0.399,1.1,3.2,0.332,2.0,4.4,0.448,0.469,1.1,1.3,0.826,0.4,1.8,2.2,1.4,0.4,0.1,0.9,1.9,8.3,2020-21,2149560,2615268.412882944
austin rivers,2147317,2020,SG,27,HOU,68,4,23.4,3.1,7.4,0.421,1.4,4.0,0.356,1.7,3.4,0.498,0.517,1.1,1.6,0.703,0.4,2.2,2.6,1.7,0.7,0.1,0.7,1.9,8.8,2020-21,2147317,2612539.460422861
nassir little,2105520,2020,PF,19,POR,48,5,11.9,1.4,3.1,0.43,0.3,1.2,0.237,1.1,1.9,0.554,0.477,0.6,0.9,0.636,0.6,1.6,2.3,0.5,0.3,0.3,0.3,1.5,3.6,2020-21,2105520,2561687.0190612483
moritz wagner,2063520,2020,C,22,WAS,45,5,18.6,3.2,5.9,0.545,0.6,1.8,0.313,2.7,4.1,0.645,0.592,1.7,2.1,0.821,1.2,3.6,4.9,1.2,0.6,0.4,1.5,3.4,8.7,2020-21,2063520,2510587.5971604483
caleb swanigan,2033160,2020,PF-C,22,POR,27,1,10.7,1.0,1.7,0.596,0.0,0.1,0.0,1.0,1.7,0.622,0.596,0.3,0.6,0.529,1.0,2.7,3.7,1.1,0.1,0.3,1.4,2.3,2.4,2020-21,2033160,2473650.015043584
mike muscala,2028594,2020,C,28,OKC,47,2,12.2,1.6,4.0,0.407,1.1,3.0,0.378,0.5,1.0,0.5,0.55,0.4,0.5,0.818,0.3,2.0,2.3,0.9,0.2,0.3,0.4,1.2,4.8,2020-21,2028594,2468094.7778912256
ben mclemore,2028594,2020,SF,26,HOU,71,23,22.8,3.4,7.7,0.444,2.5,6.4,0.4,0.9,1.3,0.656,0.61,0.7,0.9,0.746,0.3,1.9,2.2,0.8,0.6,0.2,0.7,2.2,10.1,2020-21,2028594,2468094.7778912256
edmond sumner,2000000,2020,SG,24,IND,31,3,14.4,2.0,4.6,0.43,0.5,1.7,0.264,1.5,2.9,0.528,0.479,0.5,0.9,0.552,0.4,1.1,1.5,1.8,0.5,0.3,0.7,1.4,4.9,2020-21,2000000,2433305.8048
noah vonleh,2000000,2020,C,24,DEN,36,1,10.5,1.4,2.6,0.565,0.1,0.4,0.2,1.4,2.1,0.636,0.582,0.7,0.9,0.781,1.0,2.4,3.4,0.8,0.3,0.2,0.6,1.1,3.7,2020-21,2000000,2433305.8048
torrey craig,2000000,2020,SF,29,DEN,58,27,18.5,2.1,4.6,0.461,0.8,2.4,0.326,1.4,2.3,0.603,0.545,0.4,0.6,0.611,1.1,2.2,3.3,0.8,0.4,0.6,0.4,2.3,5.4,2020-21,2000000,2433305.8048
landry shamet,1995120,2020,SG,22,LAC,53,30,27.4,3.0,7.4,0.404,2.1,5.6,0.375,0.9,1.8,0.495,0.546,1.2,1.4,0.855,0.1,1.8,1.9,1.9,0.4,0.2,0.8,2.7,9.3,2020-21,1995120,2427368.538636288
mfiondu kabengele,1977000,2020,C,22,LAC,12,0,5.3,1.2,2.7,0.438,0.8,1.7,0.45,0.4,1.0,0.417,0.578,0.4,0.4,1.0,0.1,0.8,0.9,0.2,0.2,0.2,0.2,0.8,3.5,2020-21,1977000,2405322.7880448
kyle kuzma,1974600,2020,PF,24,LAL,61,9,25.0,4.8,11.0,0.436,1.4,4.5,0.316,3.4,6.5,0.518,0.5,1.9,2.5,0.735,0.9,3.6,4.5,1.3,0.5,0.4,1.5,2.1,12.8,2020-21,1974600,2402402.8210790404
jordan poole,1964760,2020,SG,20,GSW,57,14,22.4,2.9,8.8,0.333,1.3,4.6,0.279,1.6,4.2,0.392,0.406,1.7,2.1,0.798,0.2,1.9,2.1,2.4,0.6,0.2,1.3,1.6,8.8,2020-21,1964760,2390430.9565194244
tony bradley,1962360,2020,C,22,UTA,58,3,11.4,2.2,3.3,0.667,0.1,0.1,1.0,2.1,3.2,0.661,0.675,0.5,0.8,0.652,1.9,2.7,4.6,0.4,0.2,0.6,0.5,2.0,4.9,2020-21,1962360,2387510.9895536643
keldon johnson,1950600,2020,SF,20,SAS,17,1,17.7,3.1,5.2,0.596,0.8,1.3,0.591,2.4,3.9,0.597,0.669,2.1,2.6,0.795,0.6,2.8,3.4,0.9,0.8,0.1,0.8,1.6,9.1,2020-21,1950600,2373203.1514214403
derrick white,1948080,2020,SG,25,SAS,68,20,24.7,3.7,8.1,0.458,1.2,3.2,0.366,2.6,4.9,0.518,0.53,2.6,3.1,0.853,0.5,2.8,3.3,3.5,0.6,0.9,1.3,2.2,11.3,2020-21,1948080,2370137.1861073924
jacob evans,1925880,2020,SG,22,MIN,29,1,14.4,1.6,4.6,0.336,0.4,1.3,0.333,1.1,3.3,0.337,0.384,0.9,1.0,0.862,0.3,1.1,1.4,1.1,0.4,0.4,0.9,1.4,4.4,2020-21,1925880,2343127.491674112
dzanan musa,1911600,2020,SF,20,BRK,40,0,12.2,1.6,4.3,0.372,0.5,2.0,0.244,1.1,2.4,0.479,0.427,1.1,1.5,0.75,0.5,1.6,2.2,1.1,0.4,0.0,0.9,0.8,4.8,2020-21,1911600,2325753.6882278402
omari spellman,1897800,2020,C,22,GSW,49,3,18.1,2.6,6.0,0.431,0.9,2.2,0.391,1.7,3.8,0.454,0.503,1.5,1.9,0.793,1.6,2.9,4.5,1.0,0.7,0.5,1.1,1.3,7.6,2020-21,1897800,2308963.8781747203
james ennis iii,1882867,2020,SF-SG,29,ORL,69,18,18.3,2.3,5.2,0.446,0.8,2.4,0.325,1.5,2.8,0.553,0.522,1.1,1.4,0.806,1.0,2.5,3.6,0.9,0.5,0.3,0.8,2.0,6.6,2020-21,1882867,2290795.600383181
shabazz napier,1845301,2020,PG,28,WAS,56,32,24.0,3.4,8.1,0.412,1.4,4.3,0.317,2.0,3.9,0.519,0.496,2.3,2.7,0.824,0.5,2.4,2.8,4.7,1.2,0.2,2.3,1.8,10.3,2020-21,1845301,2245090.817451623
bruno caboclo,1845301,2020,C,24,HOU,30,0,8.1,1.3,3.0,0.427,0.2,1.1,0.182,1.1,1.9,0.571,0.461,0.3,0.3,0.889,0.8,1.2,2.0,0.4,0.5,0.6,0.4,1.0,3.0,2020-21,1845301,2245090.817451623
markieff morris,1750000,2020,PF,30,LAL,58,17,20.5,3.5,7.9,0.443,1.5,3.9,0.386,2.0,4.0,0.5,0.539,1.1,1.5,0.776,0.7,3.1,3.8,1.3,0.5,0.3,1.3,2.3,9.7,2020-21,1750000,2129142.5792
mario hezonja,1737145,2020,PF,24,POR,53,4,16.4,1.7,4.1,0.422,0.5,1.5,0.308,1.3,2.6,0.486,0.477,0.9,1.1,0.814,0.6,2.9,3.5,0.9,0.7,0.2,0.8,2.0,4.8,2020-21,1737145,2113502.506139648
cameron payne,1737145,2020,SG,25,PHO,8,0,22.9,4.1,8.5,0.485,1.9,3.6,0.517,2.3,4.9,0.462,0.596,0.8,0.9,0.857,0.5,3.4,3.9,3.0,1.0,0.3,1.4,2.5,10.9,2020-21,1737145,2113502.506139648
pat connaughton,1723050,2020,SG,27,MIL,67,4,18.6,2.0,4.5,0.455,0.8,2.5,0.331,1.2,2.0,0.607,0.547,0.5,0.6,0.775,0.9,3.3,4.2,1.6,0.4,0.5,0.8,1.0,5.4,2020-21,1723050,2096353.7834803201
jahlil okafor,1702486,2020,C,24,NOP,30,9,15.6,3.4,5.4,0.623,0.0,0.1,0.333,3.3,5.3,0.629,0.627,1.3,2.1,0.645,1.6,2.6,4.2,1.2,0.2,0.7,1.3,2.2,8.1,2020-21,1702486,2071334.5331953666
rodions kurucs,1699236,2020,PF,21,BRK,47,9,14.6,1.7,3.8,0.446,0.7,1.9,0.367,1.0,1.9,0.529,0.54,0.5,0.8,0.632,0.5,2.4,2.9,1.1,0.5,0.1,1.0,1.9,4.6,2020-21,1699236,2067380.4112625667
jonah bolden,1698450,2020,C,24,PHO,7,0,6.7,0.6,1.6,0.364,0.0,0.6,0.0,0.6,1.0,0.571,0.364,0.3,0.6,0.5,0.4,0.9,1.3,0.0,0.4,0.3,0.3,1.4,1.4,2020-21,1698450,2066424.1220812802
cheick diallo,1678854,2020,C,23,PHO,47,2,10.2,2.0,3.0,0.648,0.0,0.1,0.333,1.9,3.0,0.655,0.651,0.7,0.8,0.872,0.6,2.1,2.8,0.5,0.2,0.3,0.7,1.2,4.7,2020-21,1678854,2042582.59180585
dragan bender,1678854,2020,PF-C,22,GSW,16,3,17.9,2.6,5.8,0.446,0.9,2.7,0.349,1.6,3.1,0.531,0.527,0.6,0.9,0.714,1.0,3.6,4.6,1.8,0.3,0.6,1.3,2.6,6.7,2020-21,1678854,2042582.59180585
willy hernangomez,1676735,2020,C,25,CHO,31,0,12.1,2.4,4.5,0.532,0.2,0.7,0.227,2.2,3.8,0.59,0.55,1.2,1.9,0.627,1.4,2.9,4.3,0.9,0.3,0.2,1.0,1.0,6.1,2020-21,1676735,2040004.5043056642
josh hart,1655160,2020,SF,24,NOP,65,16,27.0,3.5,8.2,0.423,1.9,5.4,0.342,1.6,2.7,0.584,0.537,1.3,1.8,0.739,0.9,5.6,6.5,1.7,1.0,0.4,1.2,2.5,10.1,2020-21,1655160,2013755.2179363843
georges niang,1645357,2020,PF,26,UTA,66,1,14.0,2.1,4.9,0.438,1.4,3.4,0.4,0.8,1.5,0.526,0.578,0.3,0.4,0.833,0.2,1.7,1.9,0.7,0.3,0.1,0.5,1.1,5.9,2020-21,1645357,2001828.369534157
derrick jones jr.,1645357,2020,SF,22,MIA,59,16,23.3,3.1,5.9,0.527,0.6,2.2,0.28,2.5,3.7,0.677,0.58,1.6,2.1,0.772,1.1,2.8,3.9,1.1,1.0,0.6,0.5,2.2,8.5,2020-21,1645357,2001828.369534157
christian wood,1645357,2020,PF,24,DET,62,12,21.4,4.6,8.2,0.567,0.9,2.3,0.386,3.8,5.9,0.636,0.62,2.9,3.9,0.744,1.7,4.6,6.3,1.0,0.5,0.9,1.4,1.6,13.1,2020-21,1645357,2001828.369534157
jordan mcrae,1645357,2020,SG,28,DET,37,4,21.2,4.0,9.9,0.407,1.2,3.4,0.357,2.8,6.5,0.433,0.469,2.2,2.9,0.761,0.5,2.9,3.4,2.5,0.6,0.4,1.2,2.0,11.5,2020-21,1645357,2001828.369534157
treveon graham,1645357,2020,SF,26,ATL,55,20,16.9,1.6,4.4,0.36,0.6,2.2,0.275,1.0,2.2,0.443,0.428,0.7,1.0,0.643,0.9,1.8,2.7,0.8,0.4,0.1,0.5,1.9,4.4,2020-21,1645357,2001828.369534157
emmanuel mudiay,1620564,2020,PG,23,UTA,54,2,15.7,2.8,6.1,0.462,0.6,1.6,0.345,2.2,4.4,0.504,0.508,1.2,1.5,0.759,0.3,2.0,2.3,2.1,0.4,0.2,1.4,1.3,7.3,2020-21,1620564,1971663.8941249538
nerlens noel,1620564,2020,C,25,OKC,61,7,18.5,3.0,4.4,0.684,0.0,0.0,0.333,3.0,4.4,0.688,0.686,1.3,1.7,0.755,1.5,3.4,4.9,0.9,1.0,1.5,1.1,2.7,7.4,2020-21,1620564,1971663.8941249538
furkan korkmaz,1620564,2020,SG,22,PHI,72,12,21.7,3.4,7.8,0.43,2.0,4.9,0.402,1.4,2.9,0.478,0.557,1.1,1.4,0.755,0.3,2.1,2.3,1.1,0.6,0.2,0.8,1.4,9.8,2020-21,1620564,1971663.8941249538
glenn robinson iii,1620564,2020,SF,26,PHI,62,52,28.8,4.6,9.5,0.486,1.2,3.2,0.391,3.4,6.4,0.534,0.552,1.2,1.4,0.86,1.3,3.0,4.4,1.5,0.9,0.3,0.9,1.6,11.7,2020-21,1620564,1971663.8941249538
raul neto,1620564,2020,PG,27,PHI,54,3,12.4,1.9,4.1,0.455,0.6,1.6,0.386,1.2,2.5,0.5,0.532,0.7,0.9,0.83,0.2,0.9,1.1,1.8,0.4,0.1,0.9,0.9,5.1,2020-21,1620564,1971663.8941249538
kyle o'quinn,1620564,2020,C,29,PHI,29,2,10.8,1.4,2.9,0.494,0.2,0.9,0.259,1.2,2.0,0.603,0.535,0.4,0.7,0.55,1.2,2.8,4.0,1.8,0.2,0.8,0.7,1.3,3.5,2020-21,1620564,1971663.8941249538
alec burks,1620564,2020,SF-SG,28,PHI,66,19,26.6,4.9,11.6,0.418,1.8,4.6,0.385,3.1,7.1,0.439,0.493,3.6,4.0,0.887,0.7,3.5,4.3,2.9,0.9,0.3,1.4,1.9,15.0,2020-21,1620564,1971663.8941249538
michael carter-williams,1620564,2020,SG,28,ORL,45,0,18.5,2.5,5.8,0.427,0.5,1.7,0.293,2.0,4.1,0.481,0.469,1.8,2.1,0.832,1.0,2.2,3.3,2.4,1.1,0.5,1.2,1.9,7.2,2020-21,1620564,1971663.8941249538
wilson chandler,1620564,2020,PF,32,BRK,35,3,21.0,2.1,5.2,0.404,1.1,3.5,0.306,1.1,1.8,0.597,0.505,0.6,0.7,0.87,0.3,3.8,4.1,1.1,0.5,0.3,1.0,2.3,5.9,2020-21,1620564,1971663.8941249538
kyle korver,1620564,2020,SF,38,MIL,58,1,16.6,2.2,5.1,0.43,1.7,4.1,0.418,0.5,1.0,0.482,0.599,0.6,0.7,0.854,0.3,1.8,2.1,1.2,0.4,0.2,0.8,1.3,6.7,2020-21,1620564,1971663.8941249538
udonis haslem,1620564,2020,C,39,MIA,4,1,11.0,1.0,2.8,0.364,0.3,0.8,0.333,0.8,2.0,0.375,0.409,0.8,1.0,0.75,0.3,3.8,4.0,0.3,0.0,0.0,0.3,1.5,3.0,2020-21,1620564,1971663.8941249538
jared dudley,1620564,2020,PF,34,LAL,45,1,8.1,0.5,1.3,0.4,0.4,0.9,0.429,0.1,0.4,0.333,0.55,0.0,0.0,1.0,0.1,1.0,1.2,0.6,0.3,0.1,0.2,0.9,1.5,2020-21,1620564,1971663.8941249538
dwight howard,1620564,2020,C,34,LAL,69,2,18.9,2.9,4.0,0.729,0.0,0.1,0.6,2.9,3.9,0.732,0.735,1.6,3.1,0.514,2.5,4.9,7.3,0.7,0.4,1.1,1.2,3.2,7.5,2020-21,1620564,1971663.8941249538
isaiah thomas,1620564,2020,PG,30,WAS,40,37,23.1,4.4,10.7,0.408,2.0,4.7,0.413,2.4,5.9,0.405,0.5,1.6,1.9,0.816,0.3,1.4,1.7,3.7,0.3,0.2,1.9,1.9,12.2,2020-21,1620564,1971663.8941249538
patrick patterson,1620564,2020,PF,30,LAC,59,18,13.2,1.6,3.9,0.408,1.1,2.9,0.39,0.5,1.0,0.459,0.552,0.6,0.7,0.814,0.6,2.0,2.6,0.7,0.1,0.1,0.4,0.9,4.9,2020-21,1620564,1971663.8941249538
jakarr sampson,1620564,2020,PF,26,IND,34,12,13.9,2.0,3.4,0.591,0.1,0.4,0.154,1.9,3.0,0.647,0.6,0.5,0.8,0.667,0.6,2.0,2.6,0.6,0.5,0.4,0.4,1.9,4.6,2020-21,1620564,1971663.8941249538
ryan anderson,1620564,2020,C,31,HOU,2,0,7.0,1.0,3.5,0.286,0.5,2.5,0.2,0.5,1.0,0.5,0.357,0.0,0.0,,0.0,3.5,3.5,1.0,0.5,0.0,0.5,0.5,2.5,2020-21,1620564,1971663.8941249538
thabo sefolosha,1620564,2020,PF,35,HOU,41,0,10.6,0.9,2.2,0.407,0.4,1.3,0.278,0.5,0.9,0.595,0.489,0.1,0.2,0.375,0.5,1.8,2.3,0.6,0.6,0.3,0.4,1.0,2.2,2020-21,1620564,1971663.8941249538
tyson chandler,1620564,2020,C,37,HOU,26,5,8.4,0.5,0.7,0.778,0.0,0.0,,0.5,0.7,0.778,0.778,0.2,0.5,0.462,1.0,1.6,2.5,0.2,0.2,0.3,0.3,1.2,1.3,2020-21,1620564,1971663.8941249538
justin patton,1620564,2020,C,22,OKC,5,0,4.8,0.8,2.0,0.4,0.2,0.8,0.25,0.6,1.2,0.5,0.45,0.0,0.0,,0.2,0.8,1.0,0.4,0.0,0.0,0.4,0.8,1.8,2020-21,1620564,1971663.8941249538
tim frazier,1620564,2020,PG,29,DET,27,11,13.1,1.3,3.5,0.362,0.4,1.1,0.333,0.9,2.4,0.375,0.415,0.7,0.9,0.792,0.3,0.9,1.2,3.4,0.5,0.1,1.3,1.6,3.6,2020-21,1620564,1971663.8941249538
trey burke,1620564,2020,PG,27,DAL,33,1,15.8,2.8,6.3,0.45,1.0,2.3,0.427,1.9,4.1,0.463,0.526,0.7,0.9,0.793,0.5,1.0,1.5,2.5,0.5,0.1,0.6,1.0,7.4,2020-21,1620564,1971663.8941249538
jordan bell,1620564,2020,C,25,MEM,29,0,8.8,1.2,2.3,0.522,0.1,0.4,0.333,1.1,1.9,0.564,0.552,0.7,1.1,0.613,1.0,1.8,2.8,0.6,0.1,0.3,0.7,0.7,3.2,2020-21,1620564,1971663.8941249538
shaquille harrison,1620564,2020,SG,26,CHI,43,10,11.3,1.8,3.8,0.467,0.4,1.0,0.381,1.4,2.9,0.496,0.515,0.9,1.2,0.78,0.5,1.5,2.0,1.1,0.8,0.4,0.4,1.3,4.9,2020-21,1620564,1971663.8941249538
vince carter,1620564,2020,PF,43,ATL,60,0,14.6,1.8,5.1,0.352,1.0,3.4,0.302,0.8,1.7,0.451,0.452,0.4,0.5,0.793,0.3,1.8,2.1,0.8,0.4,0.4,0.6,1.5,5.0,2020-21,1620564,1971663.8941249538
dillon brooks,1618520,2020,SG,24,MEM,73,73,28.9,6.0,14.6,0.407,2.0,5.6,0.358,3.9,9.0,0.438,0.476,2.2,2.8,0.808,0.9,2.4,3.3,2.1,0.9,0.4,1.7,3.8,16.2,2020-21,1618520,1969177.0555924482
royce o'neale,1618520,2020,SF,26,UTA,71,62,28.9,2.2,5.1,0.433,1.3,3.4,0.377,0.9,1.7,0.545,0.559,0.6,0.8,0.764,0.4,5.1,5.5,2.5,0.8,0.5,0.9,2.8,6.3,2020-21,1618520,1969177.0555924482
abdel nader,1618520,2020,SF,26,OKC,55,6,15.8,2.2,4.8,0.468,0.9,2.3,0.375,1.4,2.5,0.556,0.559,0.9,1.2,0.773,0.3,1.6,1.8,0.7,0.4,0.4,0.8,1.4,6.3,2020-21,1618520,1969177.0555924482
damyean dotson,1618520,2020,SG,25,NYK,48,0,17.4,2.5,6.0,0.414,1.2,3.4,0.362,1.3,2.6,0.48,0.516,0.5,0.7,0.667,0.2,1.7,1.9,1.2,0.5,0.1,0.4,0.9,6.7,2020-21,1618520,1969177.0555924482
sterling brown,1618520,2020,SF,24,MIL,52,1,14.8,1.8,4.9,0.371,0.8,2.6,0.324,1.0,2.3,0.425,0.457,0.6,0.8,0.8,0.6,2.9,3.5,1.0,0.6,0.1,0.8,1.0,5.1,2020-21,1618520,1969177.0555924482
frank jackson,1618520,2020,PG,21,NOP,59,2,13.5,2.3,5.6,0.405,0.8,2.4,0.326,1.5,3.2,0.465,0.476,0.9,1.3,0.747,0.4,1.0,1.4,1.0,0.3,0.1,0.8,1.3,6.3,2020-21,1618520,1969177.0555924482
semi ojeleye,1618520,2020,PF,25,BOS,69,6,14.7,1.2,2.8,0.408,0.7,1.8,0.378,0.5,1.0,0.464,0.531,0.4,0.5,0.875,0.4,1.7,2.1,0.5,0.3,0.1,0.3,1.2,3.4,2020-21,1618520,1969177.0555924482
wes iwundu,1618420,2020,SF,25,ORL,52,21,18.3,1.9,4.5,0.416,0.5,1.6,0.341,1.3,2.9,0.457,0.476,1.5,1.9,0.804,0.5,2.1,2.5,1.2,0.5,0.3,0.5,1.5,5.8,2020-21,1618420,1969055.3903022083
mitchell robinson,1599712,2020,C,21,NYK,61,7,23.1,4.1,5.6,0.742,0.0,0.0,,4.1,5.6,0.742,0.742,1.4,2.4,0.568,3.0,4.0,7.0,0.6,0.9,2.0,0.6,3.2,9.7,2020-21,1599712,1946294.247804109
chris boucher,1588231,2020,C,27,TOR,62,0,13.2,2.3,4.8,0.472,0.6,1.9,0.322,1.7,2.9,0.569,0.535,1.5,1.9,0.784,1.7,2.7,4.5,0.4,0.4,1.0,0.5,1.8,6.6,2020-21,1588231,1932325.8558316545
malcolm miller,1588231,2020,SF,26,TOR,28,1,5.8,0.4,1.0,0.414,0.3,0.8,0.364,0.1,0.3,0.571,0.552,0.1,0.3,0.375,0.1,0.5,0.6,0.4,0.2,0.1,0.1,0.6,1.3,2020-21,1588231,1932325.8558316545
monte morris,1588231,2020,PG,24,DEN,73,12,22.4,3.6,7.8,0.459,0.9,2.4,0.378,2.7,5.4,0.495,0.517,1.0,1.2,0.843,0.3,1.5,1.9,3.5,0.8,0.2,0.7,1.0,9.0,2020-21,1588231,1932325.8558316545
tyrone wallace,1588231,2020,SG,25,ATL,14,0,11.4,1.0,3.1,0.318,0.1,1.1,0.067,0.9,2.1,0.448,0.33,0.8,1.2,0.647,0.2,1.4,1.6,0.9,0.5,0.1,0.7,1.4,2.9,2020-21,1588231,1932325.8558316545
amile jefferson,1529007,2020,PF,26,ORL,18,0,4.1,0.3,0.8,0.357,0.0,0.0,,0.3,0.8,0.357,0.357,0.3,0.8,0.357,0.6,0.7,1.3,0.2,0.1,0.2,0.2,0.4,0.8,2020-21,1529007,1860270.804339917
nigel williams-goss,1500000,2020,PG,25,UTA,10,0,5.0,0.5,1.6,0.313,0.2,0.7,0.286,0.3,0.9,0.333,0.375,0.2,0.2,1.0,0.2,0.4,0.6,0.6,0.3,0.1,0.3,0.6,1.4,2020-21,1500000,1824979.3536000003
isaiah roby,1500000,2020,PF,21,OKC,3,0,3.7,0.0,0.3,0.0,0.0,0.0,,0.0,0.3,0.0,0.0,0.0,0.0,,0.0,0.7,0.7,0.0,0.0,0.0,0.3,0.3,0.0,2020-21,1500000,1824979.3536000003
alfonzo mckinnie,1500000,2020,SF,27,CLE,40,1,14.8,1.8,4.3,0.427,0.4,1.6,0.215,1.5,2.7,0.557,0.468,0.6,0.8,0.71,0.9,1.9,2.8,0.4,0.6,0.2,0.7,1.8,4.6,2020-21,1500000,1824979.3536000003
shake milton,1455697,2020,SG,23,PHI,40,24,20.1,3.4,6.9,0.484,1.5,3.4,0.43,1.9,3.6,0.535,0.588,1.3,1.6,0.785,0.4,1.8,2.2,2.6,0.5,0.2,1.2,2.3,9.4,2020-21,1455697,1771077.980064973
wenyen gabriel,1445697,2020,PF,22,POR,30,1,7.8,0.7,1.6,0.438,0.2,0.7,0.3,0.5,0.9,0.536,0.5,0.5,0.7,0.682,0.7,1.0,1.7,0.3,0.4,0.2,0.5,1.3,2.1,2020-21,1445697,1758911.451040973
theo pinson,1445697,2020,SG,24,BRK,33,0,11.1,1.4,4.7,0.29,0.5,2.4,0.188,0.9,2.3,0.4,0.339,0.5,0.5,0.938,0.3,1.3,1.6,1.7,0.5,0.1,1.0,1.1,3.6,2020-21,1445697,1758911.451040973
thanasis antetokounmpo,1445697,2020,SF,27,MIL,20,2,6.5,1.2,2.4,0.5,0.0,0.5,0.0,1.2,1.9,0.632,0.5,0.4,0.9,0.412,0.6,0.6,1.2,0.8,0.4,0.1,0.6,0.9,2.8,2020-21,1445697,1758911.451040973
brad wanamaker,1445697,2020,PG,30,BOS,71,1,19.3,2.3,5.1,0.448,0.5,1.4,0.363,1.8,3.7,0.481,0.499,1.8,1.9,0.926,0.3,1.7,2.0,2.5,0.9,0.2,1.1,1.9,6.9,2020-21,1445697,1758911.451040973
iman shumpert,1419138,2020,SF,29,BRK,13,0,18.5,1.6,4.9,0.328,0.6,2.5,0.242,1.0,2.4,0.419,0.391,0.3,0.5,0.571,0.7,1.9,2.6,0.9,0.9,0.2,0.8,1.6,4.2,2020-21,1419138,1726598.3666061314
devonte' graham,1416852,2020,PG,24,CHO,63,53,35.1,5.8,15.3,0.382,3.5,9.3,0.373,2.4,6.0,0.397,0.495,3.0,3.7,0.82,0.7,2.7,3.4,7.5,1.0,0.2,2.9,1.8,18.2,2020-21,1416852,1723817.098071245
de'anthony melton,1416852,2020,PG,21,MEM,60,8,19.5,2.7,6.7,0.401,0.7,2.3,0.286,2.0,4.4,0.464,0.451,1.6,2.0,0.769,0.7,3.0,3.7,2.9,1.3,0.3,1.4,1.8,7.6,2020-21,1416852,1723817.098071245
hamidou diallo,1416852,2020,SF,21,OKC,46,3,19.5,2.9,6.4,0.446,0.3,1.2,0.281,2.5,5.2,0.485,0.473,0.8,1.4,0.603,1.0,2.7,3.6,0.8,0.8,0.2,1.1,2.2,6.9,2020-21,1416852,1723817.098071245
deonte burton,1416852,2020,SF,26,OKC,39,0,9.1,1.1,3.2,0.344,0.3,1.4,0.189,0.8,1.8,0.458,0.384,0.2,0.4,0.571,0.2,1.3,1.5,0.4,0.2,0.3,0.5,0.9,2.7,2020-21,1416852,1723817.098071245
chimezie metu,1416852,2020,C,22,SAS,18,0,5.8,1.3,2.3,0.571,0.0,0.1,0.0,1.3,2.2,0.6,0.571,0.6,0.7,0.769,0.7,1.2,1.8,0.6,0.2,0.3,0.6,0.4,3.2,2020-21,1416852,1723817.098071245
gary trent jr.,1416852,2020,SF,21,POR,61,8,21.8,3.2,7.2,0.444,1.8,4.4,0.418,1.4,2.8,0.486,0.571,0.6,0.7,0.822,0.4,1.2,1.6,1.0,0.8,0.3,0.3,1.5,8.9,2020-21,1416852,1723817.098071245
elie okobo,1416852,2020,PG,22,PHO,55,3,13.1,1.3,3.3,0.398,0.5,1.3,0.352,0.9,2.0,0.427,0.467,0.9,1.3,0.704,0.3,1.3,1.6,2.1,0.4,0.1,0.7,1.0,4.0,2020-21,1416852,1723817.098071245
jevon carter,1416852,2020,PG,24,PHO,58,2,16.3,1.7,4.2,0.416,1.1,2.5,0.425,0.7,1.7,0.402,0.543,0.4,0.5,0.852,0.5,1.5,2.0,1.4,0.8,0.3,0.6,1.5,4.9,2020-21,1416852,1723817.098071245
ryan broekhoff,1416852,2020,SF,29,DAL,17,1,10.6,1.3,3.5,0.373,1.2,3.0,0.392,0.1,0.5,0.25,0.542,0.4,0.5,0.875,0.3,2.2,2.5,0.6,0.3,0.2,0.4,0.9,4.2,2020-21,1416852,1723817.098071245
jarred vanderbilt,1416852,2020,PF,20,MIN,11,0,4.2,0.5,0.7,0.625,0.0,0.1,0.0,0.5,0.6,0.714,0.625,0.2,0.2,1.0,0.3,0.5,0.8,0.2,0.3,0.1,0.6,0.5,1.1,2020-21,1416852,1723817.098071245
duncan robinson,1416852,2020,SG,25,MIA,73,68,29.7,4.4,9.4,0.47,3.7,8.3,0.446,0.7,1.1,0.654,0.667,0.9,1.0,0.931,0.1,3.0,3.2,1.4,0.5,0.3,1.0,2.6,13.5,2020-21,1416852,1723817.098071245
kendrick nunn,1416852,2020,PG,24,MIA,67,67,29.3,6.0,13.6,0.439,2.0,5.8,0.35,3.9,7.8,0.505,0.514,1.3,1.5,0.85,0.3,2.4,2.7,3.3,0.8,0.2,1.7,2.3,15.3,2020-21,1416852,1723817.098071245
alize johnson,1416852,2020,PF,23,IND,17,1,6.9,0.7,1.7,0.414,0.2,0.5,0.375,0.5,1.2,0.429,0.466,0.4,0.6,0.7,0.9,1.9,2.8,0.4,0.2,0.1,0.4,0.7,2.0,2020-21,1416852,1723817.098071245
isaiah hartenstein,1416852,2020,C,21,HOU,23,2,11.6,1.9,2.9,0.657,0.0,0.2,0.0,1.9,2.7,0.71,0.657,0.8,1.2,0.679,1.3,2.7,3.9,0.8,0.4,0.5,0.7,1.8,4.7,2020-21,1416852,1723817.098071245
bruce brown,1416852,2020,PG,23,DET,58,43,28.2,3.4,7.7,0.443,0.6,1.7,0.344,2.8,6.1,0.47,0.48,1.5,2.1,0.739,1.1,3.7,4.7,4.0,1.1,0.5,1.7,2.8,8.9,2020-21,1416852,1723817.098071245
khyri thomas,1416852,2020,SG,23,DET,8,0,7.6,0.6,2.1,0.294,0.6,1.8,0.357,0.0,0.4,0.0,0.441,0.3,0.5,0.5,0.1,0.0,0.1,0.4,0.4,0.0,0.4,1.1,2.1,2020-21,1416852,1723817.098071245
keita bates-diop,1416852,2020,PF-SF,24,MIN,44,0,16.9,2.3,5.3,0.427,0.8,2.3,0.33,1.5,3.0,0.504,0.5,1.2,1.7,0.72,0.6,2.3,2.9,0.7,0.4,0.5,0.4,1.0,6.5,2020-21,1416852,1723817.098071245
jalen brunson,1416852,2020,PG,23,DAL,57,16,17.9,3.2,6.8,0.466,0.8,2.1,0.358,2.4,4.7,0.515,0.522,1.1,1.3,0.813,0.4,2.0,2.4,3.3,0.4,0.1,1.2,1.3,8.2,2020-21,1416852,1723817.098071245
kenrich williams,1416852,2020,PF,25,NOP,39,18,21.3,1.3,3.8,0.347,0.6,2.5,0.258,0.7,1.3,0.52,0.432,0.2,0.7,0.346,1.3,3.5,4.8,1.5,0.7,0.5,0.6,2.3,3.5,2020-21,1416852,1723817.098071245
isaac bonga,1416842,2020,SF,20,WAS,66,49,18.9,1.8,3.5,0.504,0.4,1.1,0.352,1.4,2.5,0.571,0.558,1.0,1.3,0.812,1.1,2.3,3.4,1.2,0.7,0.3,0.9,2.4,5.0,2020-21,1416842,1723804.931542221
jaylen nowell,1400000,2020,SG,20,MIN,15,0,10.1,1.3,3.5,0.358,0.2,1.7,0.115,1.1,1.8,0.593,0.387,1.1,1.1,0.941,0.2,0.7,0.9,1.3,0.2,0.1,0.2,0.7,3.8,2020-21,1400000,1703314.0633600003
bruno fernando,1400000,2020,C,21,ATL,56,13,12.7,1.8,3.6,0.518,0.1,0.7,0.135,1.8,2.9,0.605,0.53,0.5,0.9,0.569,1.2,2.3,3.5,0.9,0.3,0.3,0.8,1.9,4.3,2020-21,1400000,1703314.0633600003
carmelo anthony,1364204,2020,PF,35,POR,58,58,32.8,5.8,13.5,0.43,1.5,3.9,0.385,4.3,9.6,0.448,0.485,2.3,2.8,0.845,1.2,5.1,6.3,1.5,0.8,0.5,1.7,2.9,15.4,2020-21,1364204,1659762.7560656897
kevin porter jr.,1290960,2020,SF,19,CLE,50,3,23.2,3.7,8.4,0.442,1.1,3.2,0.335,2.7,5.3,0.506,0.505,1.5,2.0,0.723,0.4,2.8,3.2,2.2,0.9,0.3,1.9,2.7,10.0,2020-21,1290960,1570650.2308823043
carsen edwards,1228026,2020,SG,21,BOS,37,0,9.5,1.1,3.5,0.328,0.6,2.1,0.316,0.5,1.4,0.346,0.422,0.4,0.5,0.684,0.2,1.1,1.3,0.6,0.3,0.1,0.4,0.9,3.3,2020-21,1228026,1494081.3971226625
cody martin,1173310,2020,SF,24,CHO,48,3,18.8,1.9,4.3,0.43,0.4,1.6,0.234,1.5,2.7,0.546,0.473,0.9,1.4,0.646,0.8,2.5,3.3,2.0,0.8,0.2,0.9,1.6,5.0,2020-21,1173310,1427511.0169149442
gary payton ii,1052909,2020,SF,27,WAS,29,17,14.9,1.7,4.0,0.414,0.4,1.6,0.283,1.2,2.4,0.5,0.47,0.1,0.3,0.5,0.9,1.9,2.8,1.7,1.1,0.2,0.7,1.9,3.9,2020-21,1052909,1281024.7908130817
admiral schofield,1000000,2020,PF,22,WAS,33,2,11.2,1.1,2.8,0.38,0.6,1.8,0.311,0.5,0.9,0.516,0.484,0.3,0.5,0.667,0.2,1.2,1.4,0.5,0.2,0.1,0.2,1.5,3.0,2020-21,1000000,1216652.9024
terance mann,1000000,2020,SF,23,LAC,41,6,8.8,0.9,1.9,0.468,0.2,0.5,0.35,0.7,1.4,0.508,0.513,0.4,0.7,0.667,0.2,1.1,1.3,1.3,0.3,0.1,0.4,1.1,2.4,2020-21,1000000,1216652.9024
david nwaba,903111,2020,SF,27,BRK,20,0,13.4,1.9,3.6,0.521,0.6,1.4,0.429,1.3,2.2,0.581,0.606,0.9,1.4,0.667,0.4,1.9,2.3,0.4,0.6,0.6,0.4,1.6,5.2,2020-21,903111,1098772.6193393664
jalen mcdaniels,898310,2020,SF,22,CHO,16,0,18.3,2.1,4.4,0.471,0.6,1.5,0.375,1.5,2.9,0.522,0.536,0.9,1.1,0.824,0.9,3.1,4.1,0.8,0.5,0.2,0.7,2.3,5.6,2020-21,898310,1092931.4687549442
caleb martin,898310,2020,SF,24,CHO,18,1,17.6,2.1,4.7,0.44,1.1,2.1,0.541,0.9,2.6,0.362,0.56,0.9,1.2,0.81,0.6,1.6,2.1,1.3,0.7,0.4,0.8,1.8,6.2,2020-21,898310,1092931.4687549442
dewan hernandez,898310,2020,C,23,TOR,6,0,4.7,0.8,2.3,0.357,0.2,0.3,0.5,0.7,2.0,0.333,0.393,0.5,0.8,0.6,0.8,1.5,2.3,0.5,0.2,0.0,0.5,1.0,2.3,2020-21,898310,1092931.4687549442
terence davis,898310,2020,SG,22,TOR,72,4,16.8,2.8,6.1,0.456,1.3,3.4,0.388,1.5,2.7,0.541,0.564,0.7,0.8,0.864,0.7,2.6,3.3,1.6,0.5,0.2,1.1,1.7,7.5,2020-21,898310,1092931.4687549442
matt thomas,898310,2020,SG,25,TOR,41,1,10.7,1.8,3.7,0.487,1.1,2.4,0.475,0.6,1.2,0.51,0.643,0.2,0.3,0.75,0.2,1.3,1.5,0.5,0.2,0.0,0.4,0.9,4.9,2020-21,898310,1092931.4687549442
justin robinson,898310,2020,PG,22,WAS,9,0,5.4,0.6,1.3,0.417,0.3,0.6,0.6,0.2,0.8,0.286,0.542,0.0,0.0,,0.1,0.4,0.6,0.8,0.0,0.1,0.3,0.2,1.4,2020-21,898310,1092931.4687549442
miye oni,898310,2020,SF,22,UTA,10,1,10.9,1.2,3.2,0.375,0.7,1.9,0.368,0.5,1.3,0.385,0.484,0.4,0.5,0.8,0.5,1.2,1.7,0.4,0.4,0.2,0.4,0.9,3.5,2020-21,898310,1092931.4687549442
stanton kidd,898310,2020,SG,27,UTA,4,0,3.8,0.0,0.8,0.0,0.0,0.3,0.0,0.0,0.5,0.0,0.0,0.0,0.0,,0.0,0.8,0.8,0.3,0.0,0.0,0.5,0.8,0.0,2020-21,898310,1092931.4687549442
justin james,898310,2020,SF,23,SAC,36,0,6.4,1.0,2.3,0.417,0.3,0.8,0.31,0.7,1.5,0.473,0.47,0.3,0.6,0.476,0.2,0.7,0.9,0.5,0.2,0.3,0.2,0.5,2.5,2020-21,898310,1092931.4687549442
jalen lecque,898310,2020,SG,19,PHO,5,0,6.4,0.8,2.0,0.4,0.0,0.8,0.0,0.8,1.2,0.667,0.4,0.4,0.4,1.0,0.0,0.4,0.4,0.4,0.0,0.0,0.4,0.6,2.0,2020-21,898310,1092931.4687549442
ignas brazdeikis,898310,2020,SF,21,NYK,9,0,5.9,0.7,2.4,0.273,0.1,1.0,0.111,0.6,1.4,0.385,0.295,0.4,0.6,0.8,0.2,0.3,0.6,0.4,0.0,0.1,0.2,0.3,1.9,2020-21,898310,1092931.4687549442
naz reid,898310,2020,C,20,MIN,30,11,16.5,3.3,8.1,0.412,1.1,3.2,0.33,2.3,4.9,0.466,0.477,1.2,1.8,0.698,1.1,3.0,4.1,1.2,0.6,0.7,0.7,2.8,9.0,2020-21,898310,1092931.4687549442
kz okpala,898310,2020,PF,20,MIA,5,0,5.2,0.6,1.0,0.6,0.0,0.2,0.0,0.6,0.8,0.75,0.6,0.2,0.4,0.5,0.2,0.8,1.0,0.2,0.4,0.2,0.2,0.4,1.4,2020-21,898310,1092931.4687549442
talen horton-tucker,898310,2020,SG,19,LAL,6,1,13.5,2.3,5.0,0.467,0.7,2.2,0.308,1.7,2.8,0.588,0.533,0.3,0.7,0.5,0.3,0.8,1.2,1.0,1.3,0.2,1.0,1.7,5.7,2020-21,898310,1092931.4687549442
alen smailagic,898310,2020,C,19,GSW,14,0,9.9,1.4,2.9,0.5,0.2,0.9,0.231,1.2,1.9,0.63,0.538,1.1,1.4,0.842,0.7,1.2,1.9,0.9,0.2,0.3,0.8,1.0,4.2,2020-21,898310,1092931.4687549442
eric paschall,898310,2020,PF,23,GSW,60,26,27.6,5.3,10.7,0.497,0.6,2.2,0.287,4.7,8.5,0.55,0.526,2.7,3.5,0.774,1.4,3.2,4.6,2.1,0.5,0.2,1.6,2.1,14.0,2020-21,898310,1092931.4687549442
vlatko cancar,898310,2020,PF,22,DEN,14,0,3.2,0.4,1.1,0.4,0.1,0.4,0.167,0.4,0.6,0.556,0.433,0.3,0.3,1.0,0.4,0.4,0.7,0.2,0.1,0.1,0.2,0.5,1.2,2020-21,898310,1092931.4687549442
daniel gafford,898310,2020,C,21,CHI,43,7,14.2,2.2,3.1,0.701,0.0,0.0,,2.2,3.1,0.701,0.701,0.7,1.4,0.533,1.2,1.3,2.5,0.5,0.3,1.3,0.7,2.3,5.1,2020-21,898310,1092931.4687549442
max strus,898310,2020,SF,23,CHI,2,0,3.0,1.0,1.5,0.667,0.0,0.5,0.0,1.0,1.0,1.0,0.667,0.5,0.5,1.0,0.5,0.0,0.5,0.0,0.0,0.0,0.0,0.5,2.5,2020-21,898310,1092931.4687549442
javonte green,898310,2020,SG,26,BOS,48,2,9.8,1.3,2.6,0.5,0.2,0.7,0.273,1.1,1.9,0.581,0.536,0.6,0.9,0.667,0.5,1.4,1.9,0.5,0.5,0.2,0.5,0.9,3.4,2020-21,898310,1092931.4687549442
damion lee,842327,2020,SG,27,GSW,49,36,29.0,4.3,10.4,0.417,1.7,4.9,0.356,2.6,5.6,0.471,0.5,2.2,2.6,0.873,0.7,4.2,4.9,2.7,1.0,0.1,1.4,2.4,12.7,2020-21,842327,1024819.5893198849
juwan morgan,746054,2020,PF,22,UTA,21,0,6.4,0.7,1.2,0.577,0.1,0.4,0.375,0.6,0.9,0.667,0.635,0.1,0.2,0.75,0.5,0.9,1.4,0.3,0.0,0.1,0.3,0.9,1.7,2020-21,746054,907688.7644471297
timothe luwawu-cabarrot,654469,2020,SF,24,BRK,47,2,18.1,2.5,5.7,0.435,1.3,3.4,0.388,1.2,2.3,0.505,0.55,1.5,1.7,0.852,0.6,2.1,2.7,0.6,0.4,0.1,0.8,2.3,7.8,2020-21,654469,796261.6083808257
marquese chriss,654469,2020,PF,22,GSW,59,21,20.3,3.6,6.5,0.545,0.1,0.7,0.205,3.4,5.9,0.584,0.556,2.0,2.6,0.769,1.9,4.3,6.2,1.9,0.7,1.1,1.3,2.1,9.3,2020-21,654469,796261.6083808257
marvin williams,604278,2020,PF,33,MIL,58,1,19.5,2.1,4.6,0.446,1.0,2.7,0.359,1.1,1.9,0.568,0.551,0.8,1.0,0.86,0.5,2.6,3.2,1.0,0.6,0.5,0.6,1.8,5.9,2020-21,604278,735196.5825564673
michael kidd-gilchrist,595122,2020,PF,26,DAL,25,0,11.2,0.9,2.6,0.333,0.2,0.8,0.25,0.7,1.8,0.37,0.371,0.4,0.6,0.786,0.6,2.1,2.7,0.6,0.1,0.2,0.6,1.5,2.4,2020-21,595122,724056.9085820928
rayjon tucker,578573,2020,SG,22,UTA,20,0,8.1,1.0,2.2,0.465,0.2,0.9,0.176,0.9,1.3,0.654,0.5,1.0,1.2,0.826,0.2,0.9,1.0,0.3,0.1,0.1,0.4,0.5,3.1,2020-21,578573,703922.5197002753
chris clemons,563347,2020,SG,22,HOU,33,0,8.8,1.7,4.3,0.401,1.1,3.2,0.346,0.6,1.1,0.571,0.532,0.3,0.3,0.909,0.1,0.8,0.9,0.8,0.3,0.2,0.6,0.8,4.9,2020-21,563347,685397.7626083329
gary clark,555409,2020,SF-PF,25,ORL,42,5,13.5,1.3,3.2,0.406,0.9,2.6,0.351,0.4,0.5,0.682,0.553,0.2,0.2,0.9,0.9,1.7,2.6,0.4,0.1,0.5,0.2,1.1,3.7,2020-21,555409,675739.9718690817
brandon goodwin,522738,2020,PG,24,ATL,34,1,12.6,2.2,5.6,0.4,0.8,2.6,0.299,1.5,3.0,0.485,0.468,0.8,0.9,0.933,0.3,1.8,2.1,1.5,0.4,0.1,0.9,1.3,6.1,2020-21,522738,635990.7048947712
reggie jackson,512721,2020,SG-PG,29,LAC,31,16,24.0,4.3,10.5,0.411,1.8,4.7,0.393,2.5,5.8,0.425,0.498,1.5,1.7,0.833,0.5,2.4,3.0,4.1,0.4,0.2,1.6,1.9,11.9,2020-21,512721,623803.4927714304
demarre carroll,512721,2020,SF-C,33,HOU,24,0,12.1,1.0,2.8,0.379,0.3,1.4,0.242,0.7,1.4,0.515,0.439,1.2,1.8,0.69,0.5,1.8,2.3,1.0,0.3,0.2,0.7,1.3,3.6,2020-21,512721,623803.4927714304
anzejs pasecniks,482144,2020,C,24,WAS,27,0,16.2,2.3,4.3,0.526,0.0,0.1,0.0,2.3,4.2,0.54,0.526,1.3,2.1,0.586,1.6,2.4,4.0,0.7,0.3,0.4,0.9,2.8,5.8,2020-21,482144,586601.8969747457
chris silva,466918,2020,PF,23,MIA,44,0,7.9,1.1,1.8,0.615,0.0,0.1,0.0,1.1,1.7,0.64,0.615,0.8,1.3,0.673,1.4,1.5,2.9,0.5,0.2,0.5,0.7,1.9,3.0,2020-21,466918,568077.1398828033
jeff green,439475,2020,PF-C,33,HOU,48,4,20.0,3.3,7.2,0.462,1.3,3.8,0.339,2.0,3.4,0.602,0.552,1.5,1.9,0.802,0.5,2.3,2.8,1.0,0.5,0.4,0.9,1.9,9.4,2020-21,439475,534688.5342822401
troy daniels,384541,2020,SG,28,DEN,47,0,11.3,1.5,4.0,0.387,1.0,2.8,0.348,0.6,1.1,0.481,0.511,0.2,0.3,0.625,0.3,0.9,1.1,0.4,0.2,0.1,0.3,0.8,4.3,2020-21,384541,467852.92374179844
dion waiters,375385,2020,SG,28,LAL,10,0,20.7,4.1,9.9,0.414,1.5,4.7,0.319,2.6,5.2,0.5,0.49,1.4,1.7,0.824,0.2,2.2,2.4,2.0,0.4,0.6,1.6,2.1,11.1,2020-21,375385,456713.2497674241
norvel pelle,350189,2020,C,26,PHI,24,0,9.7,1.0,2.0,0.521,0.0,0.0,0.0,1.0,2.0,0.532,0.521,0.3,0.6,0.5,0.8,2.2,3.0,0.3,0.1,1.3,0.8,2.3,2.4,2020-21,350189,426058.46323855367
juan toscano-anderson,350189,2020,SG,26,GSW,13,6,20.9,2.2,4.8,0.46,0.6,1.8,0.348,1.6,3.1,0.525,0.524,0.2,0.4,0.6,0.7,3.3,4.0,2.0,1.0,0.4,1.2,2.3,5.3,2020-21,350189,426058.46323855367
ky bowman,350189,2020,PG,22,GSW,45,12,22.6,3.0,7.1,0.417,0.7,2.4,0.308,2.2,4.8,0.472,0.469,0.8,0.9,0.829,0.5,2.2,2.7,2.9,1.0,0.2,1.6,2.3,7.4,2020-21,350189,426058.46323855367
tyler zeller,245686,2020,C,30,SAS,2,0,2.0,0.5,2.0,0.25,0.0,0.0,,0.5,2.0,0.25,0.25,0.0,0.0,,1.5,0.5,2.0,0.0,0.0,0.0,0.0,0.0,1.0,2020-21,245686,298914.5849790464
anthony tolliver,183115,2020,PF,34,MEM,55,13,15.9,1.2,3.3,0.357,0.9,2.6,0.338,0.3,0.7,0.432,0.492,0.4,0.5,0.724,0.6,2.2,2.8,0.8,0.3,0.2,0.6,1.3,3.6,2020-21,183115,222787.39622297604
tyler johnson,183115,2020,PG-SG,27,BRK,39,7,18.2,2.5,6.4,0.388,1.0,3.1,0.319,1.5,3.4,0.45,0.464,1.1,1.3,0.84,0.5,1.5,1.9,1.9,0.4,0.2,0.7,1.5,7.0,2020-21,183115,222787.39622297604
luguentz dort,155647,2020,SF,20,OKC,36,28,22.8,2.4,6.1,0.394,0.8,2.8,0.297,1.6,3.3,0.479,0.463,1.2,1.5,0.792,0.7,1.6,2.3,0.8,0.9,0.1,0.6,2.7,6.8,2020-21,155647,189368.37429985282
stephen curry,52411485,2021,PG,32,GSW,63,63,34.2,10.4,21.7,0.482,5.3,12.7,0.421,5.1,9.0,0.569,0.605,5.7,6.3,0.916,0.5,5.0,5.5,5.8,1.2,0.1,3.4,1.9,32.0,2021-22,52411485,61314024.36956161
chris paul,50403633,2021,PG,35,PHO,70,70,31.4,6.3,12.6,0.499,1.5,3.7,0.395,4.8,8.9,0.543,0.557,2.4,2.6,0.934,0.4,4.1,4.5,8.9,1.4,0.3,2.2,2.4,16.4,2021-22,50403633,58965121.52014849
russell westbrook,50403633,2021,PG,32,WAS,65,65,36.4,8.4,19.0,0.439,1.3,4.2,0.315,7.0,14.8,0.475,0.474,4.2,6.4,0.656,1.7,9.9,11.5,11.7,1.4,0.4,4.8,2.9,22.2,2021-22,50403633,58965121.52014849
james harden,50277018,2021,PG-SG,31,BRK,44,43,36.6,7.8,16.7,0.466,2.8,7.6,0.362,5.0,9.1,0.553,0.548,6.3,7.3,0.861,0.8,7.1,7.9,10.8,1.2,0.8,4.0,2.3,24.6,2021-22,50277018,58816999.87857409
john wall,50277018,2021,PG,30,HOU,40,40,32.2,7.3,18.2,0.404,2.0,6.2,0.317,5.4,11.9,0.449,0.458,4.0,5.3,0.749,0.4,2.8,3.2,6.9,1.1,0.8,3.5,1.2,20.6,2021-22,50277018,58816999.87857409
kevin durant,48880434,2021,PF,32,BRK,35,32,33.1,9.3,17.2,0.537,2.4,5.4,0.45,6.8,11.8,0.577,0.608,6.0,6.8,0.882,0.4,6.7,7.1,5.6,0.7,1.3,3.4,2.0,26.9,2021-22,48880434,57183194.13141505
lebron james,47796549,2021,PG,36,LAL,45,45,33.4,9.4,18.3,0.513,2.3,6.3,0.365,7.1,12.0,0.591,0.576,4.0,5.7,0.698,0.6,7.0,7.7,7.8,1.1,0.6,3.7,1.6,25.0,2021-22,47796549,55915201.98610945
paul george,43203114,2021,SF,30,LAC,54,54,33.7,8.2,17.6,0.467,3.2,7.7,0.411,5.1,9.9,0.51,0.557,3.7,4.2,0.868,0.8,5.8,6.6,5.2,1.1,0.4,3.3,2.4,23.3,2021-22,43203114,50541532.73155585
mike conley,42047453,2021,PG,33,UTA,51,51,29.4,5.6,12.5,0.444,2.7,6.6,0.412,2.9,6.0,0.479,0.552,2.4,2.8,0.852,0.7,2.8,3.5,6.0,1.4,0.2,1.9,1.9,16.2,2021-22,42047453,49189572.81824769
kemba walker,41897515,2021,PG,30,BOS,43,43,31.8,6.6,15.7,0.42,3.0,8.2,0.36,3.7,7.5,0.486,0.514,3.1,3.5,0.899,0.4,3.6,4.0,4.9,1.1,0.3,2.0,1.4,19.3,2021-22,41897515,49014166.56547841
kawhi leonard,41897515,2021,SF,29,LAC,52,52,34.1,8.9,17.5,0.512,1.9,4.9,0.398,7.0,12.6,0.557,0.568,5.0,5.7,0.885,1.1,5.4,6.5,5.2,1.6,0.4,2.0,1.6,24.8,2021-22,41897515,49014166.56547841
jimmy butler,41897515,2021,SF,31,MIA,52,52,33.6,7.0,14.2,0.497,0.5,2.0,0.245,6.6,12.2,0.538,0.514,6.9,8.0,0.863,1.8,5.1,6.9,7.1,2.1,0.3,2.1,1.4,21.5,2021-22,41897515,49014166.56547841
tobias harris,41872836,2021,PF,28,PHI,62,62,32.5,7.6,14.9,0.512,1.3,3.4,0.394,6.3,11.5,0.546,0.556,2.9,3.3,0.892,1.0,5.8,6.8,3.5,0.9,0.8,1.7,1.9,19.5,2021-22,41872836,48985295.62607617
blake griffin,41313933,2021,PF,31,BRK,46,30,25.8,3.8,8.9,0.423,1.5,4.5,0.341,2.3,4.5,0.505,0.509,1.9,2.5,0.744,0.8,4.1,4.9,3.0,0.7,0.3,1.3,2.4,11.0,2021-22,41313933,48331458.16731649
kyrie irving,41097748,2021,PG,28,BRK,54,54,34.9,10.2,20.1,0.506,2.8,7.0,0.402,7.4,13.1,0.561,0.576,3.7,4.0,0.922,1.0,3.8,4.8,6.0,1.4,0.7,2.4,2.6,26.9,2021-22,41097748,48078552.29452289
khris middleton,40279853,2021,SF,29,MIL,68,68,33.4,7.5,15.8,0.476,2.2,5.4,0.414,5.3,10.4,0.508,0.546,3.1,3.5,0.898,0.8,5.2,6.0,5.4,1.1,0.1,2.6,2.4,20.4,2021-22,40279853,47121730.82759169
anthony davis,39902395,2021,PF,27,LAL,36,36,32.3,8.4,17.0,0.491,0.7,2.8,0.26,7.6,14.3,0.536,0.512,4.4,5.9,0.738,1.7,6.2,7.9,3.1,1.3,1.6,2.1,1.7,21.8,2021-22,39902395,46680158.35525121
damian lillard,38543497,2021,PG,30,POR,67,67,35.8,9.0,19.9,0.451,4.1,10.5,0.391,4.9,9.4,0.519,0.554,6.7,7.2,0.928,0.5,3.7,4.2,7.5,0.9,0.3,3.0,1.5,28.8,2021-22,38543497,45090439.89778433
kevin love,38094169,2021,PF,32,CLE,25,25,24.9,4.1,10.1,0.409,2.3,6.2,0.365,1.8,3.8,0.479,0.522,1.7,2.0,0.824,0.7,6.8,7.4,2.5,0.6,0.1,1.5,1.0,12.2,2021-22,38094169,44564789.69073665
ben simmons,37242235,2021,PG,24,PHI,58,58,32.4,5.6,10.1,0.557,0.1,0.2,0.3,5.6,9.9,0.562,0.56,3.0,4.9,0.613,1.6,5.6,7.2,6.9,1.6,0.6,3.0,2.9,14.3,2021-22,37242235,43568147.40828161
pascal siakam,37242235,2021,PF,26,TOR,56,56,35.8,7.8,17.2,0.455,1.3,4.4,0.297,6.5,12.8,0.509,0.493,4.4,5.4,0.827,1.7,5.5,7.2,4.5,1.1,0.7,2.3,3.1,21.4,2021-22,37242235,43568147.40828161
kyle lowry,37170089,2021,PG,34,TOR,46,46,34.8,5.7,13.0,0.436,2.8,7.2,0.396,2.8,5.8,0.487,0.546,3.0,3.5,0.875,0.8,4.6,5.4,7.3,1.0,0.3,2.7,3.1,17.2,2021-22,37170089,43483746.792611845
steven adams,36064364,2021,C,27,NOP,58,58,27.7,3.3,5.3,0.614,0.0,0.1,0.0,3.3,5.3,0.62,0.614,1.0,2.3,0.444,3.7,5.2,8.9,1.9,0.9,0.7,1.3,1.9,7.6,2021-22,36064364,42190204.936355844
nikola jokic,36002595,2021,C,25,DEN,72,72,34.6,10.2,18.0,0.566,1.3,3.3,0.388,8.9,14.7,0.606,0.602,4.8,5.5,0.868,2.8,8.0,10.8,8.3,1.3,0.7,3.1,2.7,26.4,2021-22,36002595,42117943.942963205
andrew wiggins,36002595,2021,PF,25,GSW,71,71,33.3,7.1,14.9,0.477,2.0,5.2,0.38,5.1,9.7,0.529,0.543,2.4,3.4,0.714,1.2,3.7,4.9,2.4,0.9,1.0,1.8,2.2,18.6,2021-22,36002595,42117943.942963205
joel embiid,36002595,2021,C,26,PHI,51,51,31.1,9.0,17.6,0.513,1.1,3.0,0.377,7.9,14.6,0.541,0.545,9.2,10.7,0.859,2.2,8.4,10.6,2.8,1.0,1.4,3.1,2.4,28.5,2021-22,36002595,42117943.942963205
kristaps porzingis,35912155,2021,C,25,DAL,43,43,30.9,7.6,15.9,0.476,2.3,6.0,0.376,5.3,9.9,0.536,0.547,2.7,3.2,0.855,1.9,7.0,8.9,1.6,0.5,1.3,1.2,2.7,20.1,2021-22,35912155,42012141.93479681
karl-anthony towns,35912155,2021,C,25,MIN,50,50,33.8,8.5,17.5,0.486,2.4,6.3,0.387,6.1,11.2,0.541,0.555,5.3,6.2,0.859,2.7,7.9,10.6,4.5,0.8,1.1,3.2,3.7,24.8,2021-22,35912155,42012141.93479681
devin booker,35912155,2021,SG,24,PHO,67,67,33.9,9.3,19.2,0.484,1.9,5.5,0.34,7.4,13.7,0.543,0.533,5.1,5.9,0.867,0.5,3.7,4.2,4.3,0.8,0.2,3.1,2.7,25.6,2021-22,35912155,42012141.93479681
cj mccollum,35773654,2021,SG,29,POR,47,47,34.0,8.6,18.8,0.458,3.6,8.9,0.402,5.0,9.9,0.509,0.554,2.3,2.8,0.812,0.6,3.3,3.9,4.7,0.9,0.4,1.4,1.9,23.1,2021-22,35773654,41850115.354378246
andre drummond,35039540,2021,C,27,LAL,46,46,27.0,6.1,12.4,0.493,0.0,0.2,0.0,6.1,12.3,0.5,0.493,2.7,4.5,0.6,3.6,8.4,12.0,2.0,1.4,1.1,2.7,3.2,14.9,2021-22,35039540,40991305.80746241
bradley beal,35039541,2021,SG,27,WAS,60,60,35.8,11.2,23.0,0.485,2.2,6.2,0.349,9.0,16.8,0.535,0.532,6.8,7.7,0.889,1.2,3.5,4.7,4.4,1.2,0.4,3.1,2.3,31.3,2021-22,35039541,40991306.97732097
d'angelo russell,34914596,2021,PG,24,MIN,42,26,28.5,6.7,15.5,0.431,2.9,7.4,0.387,3.8,8.1,0.471,0.523,2.7,3.5,0.765,0.4,2.3,2.6,5.8,1.1,0.4,2.7,1.6,19.0,2021-22,34914596,40845138.99954177
gordon hayward,34732706,2021,SF,30,CHO,44,44,34.0,7.1,15.0,0.473,1.9,4.7,0.415,5.1,10.3,0.499,0.537,3.5,4.2,0.843,0.8,5.0,5.9,4.1,1.2,0.3,2.1,1.7,19.6,2021-22,34732706,40632353.426063366
demar derozan,33806470,2021,PF,31,SAS,61,61,33.7,7.5,15.1,0.495,0.3,1.2,0.257,7.1,13.9,0.515,0.505,6.3,7.2,0.88,0.7,3.6,4.2,6.9,0.9,0.2,2.0,2.1,21.6,2021-22,33806470,39548788.312883206
giannis antetokounmpo,33548245,2021,PF,26,MIL,61,61,33.0,10.3,18.0,0.569,1.1,3.6,0.303,9.2,14.4,0.636,0.6,6.5,9.5,0.685,1.6,9.4,11.0,5.9,1.2,1.2,3.4,2.8,28.1,2021-22,33548245,39246701.58622721
rudy gobert,33544824,2021,C,28,UTA,71,71,30.8,5.5,8.2,0.675,0.0,0.1,0.0,5.5,8.1,0.68,0.675,3.3,5.3,0.623,3.4,10.1,13.5,1.3,0.6,2.7,1.7,2.3,14.3,2021-22,33544824,39242699.500093445
al horford,33514014,2021,C,34,OKC,28,28,27.9,5.8,12.9,0.45,2.0,5.4,0.368,3.8,7.4,0.51,0.528,0.6,0.8,0.818,1.0,5.7,6.7,3.4,0.9,0.9,1.0,1.7,14.2,2021-22,33514014,39206656.15785985
jamal murray,33251996,2021,PG,23,DEN,48,48,35.5,7.9,16.5,0.477,2.7,6.6,0.408,5.2,9.9,0.523,0.559,2.8,3.2,0.869,0.8,3.3,4.0,4.8,1.3,0.3,2.3,2.0,21.2,2021-22,33251996,38900132.157685764
brandon ingram,33251996,2021,SF,23,NOP,61,61,34.3,8.4,18.0,0.466,2.3,6.1,0.381,6.1,11.9,0.51,0.531,4.6,5.2,0.878,0.6,4.3,4.9,4.9,0.7,0.6,2.5,2.0,23.8,2021-22,33251996,38900132.157685764
jrue holiday,32936368,2021,PG,30,MIL,59,56,32.3,7.0,13.9,0.503,1.9,4.8,0.392,5.1,9.2,0.561,0.57,1.8,2.3,0.787,1.2,3.3,4.5,6.1,1.6,0.6,2.2,1.7,17.7,2021-22,32936368,38530892.04011009
nikola vucevic,31685977,2021,C,30,CHI,70,70,33.5,9.5,19.9,0.477,2.5,6.3,0.4,7.0,13.7,0.513,0.54,1.9,2.2,0.84,2.1,9.6,11.7,3.8,0.9,0.7,1.8,2.0,23.4,2021-22,31685977,37068111.425413124
jaylen brown,30510084,2021,SG,24,BOS,58,58,34.5,9.3,19.2,0.484,2.8,7.1,0.397,6.5,12.1,0.536,0.558,3.3,4.3,0.764,1.2,4.8,6.0,3.4,1.2,0.6,2.7,2.9,24.7,2021-22,30510084,35692482.93371905
buddy hield,30384192,2021,SG,28,SAC,71,71,34.3,5.7,14.0,0.406,4.0,10.2,0.391,1.7,3.8,0.446,0.548,1.2,1.5,0.846,0.4,4.3,4.7,3.6,0.9,0.4,1.8,2.5,16.6,2021-22,30384192,35545207.09988353
draymond green,27112175,2021,PF,30,GSW,63,63,31.5,2.7,6.0,0.447,0.5,2.0,0.27,2.2,4.0,0.535,0.492,1.1,1.4,0.795,0.9,6.3,7.1,8.9,1.7,0.8,3.0,3.1,7.0,2021-22,27112175,31717410.003968004
harrison barnes,27074338,2021,PF,28,SAC,58,58,36.2,5.5,11.1,0.497,1.7,4.4,0.391,3.8,6.7,0.567,0.575,3.4,4.1,0.83,1.1,5.5,6.6,3.5,0.7,0.2,1.6,1.3,16.1,2021-22,27074338,31673146.065633286
fred vanvleet,25897193,2021,SG,26,TOR,52,52,36.5,6.5,16.7,0.389,3.3,9.2,0.366,3.2,7.6,0.416,0.489,3.3,3.7,0.885,0.6,3.6,4.2,6.3,1.7,0.7,1.8,2.3,19.6,2021-22,25897193,30296052.911022086
victor oladipo,25592520,2021,SG,28,MIA,33,33,32.7,7.1,17.5,0.408,2.4,7.2,0.326,4.8,10.2,0.466,0.476,3.2,4.2,0.754,0.4,4.5,4.8,4.6,1.4,0.4,2.5,2.5,19.8,2021-22,25592520,29939628.593971204
malcolm brogdon,25226913,2021,PG,28,IND,56,56,34.5,7.9,17.5,0.453,2.6,6.7,0.388,5.3,10.8,0.493,0.527,2.7,3.2,0.864,1.0,4.2,5.3,5.9,0.9,0.3,2.1,2.0,21.2,2021-22,25226913,29511920.115425285
julius randle,24184931,2021,PF,26,NYK,71,71,37.6,8.5,18.6,0.456,2.3,5.5,0.411,6.2,13.1,0.474,0.516,4.9,6.0,0.811,1.2,9.0,10.2,6.0,0.9,0.3,3.4,3.2,24.1,2021-22,24184931,28292948.553359367
domantas sabonis,24130090,2021,PF,24,IND,62,62,36.0,7.8,14.6,0.535,0.8,2.6,0.321,7.0,12.0,0.582,0.564,3.9,5.3,0.732,2.4,9.5,12.0,6.7,1.2,0.5,3.4,3.3,20.3,2021-22,24130090,28228792.340070404
gary harris,23899409,2021,SG,26,ORL,39,38,27.7,3.5,8.8,0.4,1.2,3.6,0.34,2.3,5.2,0.441,0.47,1.6,2.0,0.821,0.5,1.5,2.0,2.0,0.7,0.3,0.9,1.8,9.9,2021-22,23899409,27958928.197591044
danilo gallinari,23764483,2021,PF,32,ATL,51,4,24.0,4.0,9.3,0.434,2.0,5.0,0.406,2.0,4.3,0.466,0.542,3.2,3.4,0.925,0.3,3.8,4.1,1.5,0.6,0.2,0.8,2.1,13.3,2021-22,23764483,27801083.861524485
zach lavine,23764483,2021,SG,25,CHI,58,58,35.1,9.8,19.4,0.507,3.4,8.2,0.419,6.4,11.1,0.571,0.596,4.4,5.1,0.849,0.6,4.4,5.0,4.9,0.8,0.5,3.5,2.4,27.4,2021-22,23764483,27801083.861524485
jerami grant,23216072,2021,SF,26,DET,54,54,33.9,7.4,17.3,0.429,2.1,6.1,0.35,5.3,11.2,0.473,0.491,5.4,6.4,0.845,0.6,4.0,4.6,2.8,0.6,1.1,2.0,2.3,22.3,2021-22,23216072,27159520.558776326
terry rozier,23033268,2021,SG,26,CHO,69,69,34.5,7.4,16.4,0.45,3.2,8.3,0.389,4.2,8.2,0.512,0.548,2.4,2.9,0.817,0.7,3.7,4.4,4.2,1.3,0.4,1.9,1.7,20.4,2021-22,23033268,26945665.734574083
aaron gordon,22102631,2021,PF,25,DEN,50,50,27.7,4.6,10.0,0.463,1.2,3.5,0.335,3.4,6.5,0.533,0.522,1.9,3.0,0.651,1.5,4.1,5.7,3.2,0.7,0.7,1.9,1.8,12.4,2021-22,22102631,25856952.073871363
clint capela,21936446,2021,C,26,ATL,63,63,30.1,6.6,11.0,0.594,0.0,0.0,,6.6,11.0,0.594,0.594,2.1,3.6,0.573,4.7,9.6,14.3,0.8,0.7,2.0,1.2,2.3,15.2,2021-22,21936446,25662539.129077766
bogdan bogdanovic,21936446,2021,SG,28,ATL,44,27,29.7,6.1,12.8,0.473,3.3,7.6,0.438,2.8,5.3,0.522,0.602,0.9,1.0,0.909,0.5,3.2,3.6,3.3,1.1,0.3,1.2,2.3,16.4,2021-22,21936446,25662539.129077766
myles turner,21936446,2021,C,24,IND,47,47,31.0,4.4,9.2,0.477,1.5,4.4,0.335,2.9,4.8,0.606,0.557,2.4,3.0,0.782,1.3,5.2,6.5,1.0,0.9,3.4,1.4,3.5,12.6,2021-22,21936446,25662539.129077766
goran dragic,21936446,2021,PG,34,MIA,50,11,26.7,4.8,11.1,0.432,1.8,4.9,0.373,3.0,6.2,0.479,0.514,2.0,2.4,0.828,0.5,2.9,3.4,4.4,0.7,0.2,2.4,2.3,13.4,2021-22,21936446,25662539.129077766
bojan bogdanovic,21753642,2021,SF,31,UTA,72,72,30.8,5.6,12.8,0.439,2.5,6.4,0.39,3.1,6.4,0.487,0.536,3.2,3.7,0.879,0.6,3.3,3.9,1.9,0.6,0.1,1.8,1.6,17.0,2021-22,21753642,25448684.304875523
lamarcus aldridge,21483506,2021,C,35,BRK,26,23,25.9,5.4,11.4,0.473,1.2,3.1,0.388,4.2,8.3,0.505,0.525,1.6,1.8,0.872,0.7,3.8,4.5,1.9,0.4,1.1,1.0,1.8,13.5,2021-22,21483506,25132663.392911363
gorgui dieng,21433964,2021,C,31,SAS,38,1,14.5,2.2,4.3,0.521,0.8,1.8,0.429,1.4,2.4,0.591,0.613,1.5,1.8,0.866,1.1,2.6,3.7,1.3,0.7,0.4,0.8,1.5,6.8,2021-22,21433964,25074706.260131843
evan fournier,20900558,2021,SF-SG,28,BOS,42,36,30.0,5.9,12.9,0.457,2.8,6.7,0.413,3.1,6.1,0.504,0.565,2.6,3.3,0.788,0.2,2.8,3.0,3.4,1.1,0.5,1.7,2.3,17.1,2021-22,20900558,24450696.685076486
ricky rubio,20717754,2021,PG,30,MIN,68,51,26.1,2.8,7.3,0.388,1.0,3.1,0.308,1.9,4.2,0.447,0.454,1.9,2.2,0.867,0.4,2.9,3.3,6.4,1.4,0.1,1.6,2.0,8.6,2021-22,20717754,24236841.860874243
eric bledsoe,20565418,2021,SG,31,NOP,71,70,29.7,4.3,10.3,0.421,1.7,5.0,0.341,2.6,5.3,0.496,0.503,1.9,2.7,0.687,0.4,3.0,3.4,3.8,0.8,0.3,1.6,1.6,12.2,2021-22,20565418,24058630.287278086
eric gordon,20558431,2021,SG,32,HOU,27,13,29.2,5.9,13.6,0.433,2.6,7.8,0.329,3.3,5.8,0.573,0.527,3.5,4.2,0.825,0.3,1.9,2.1,2.6,0.5,0.5,1.9,1.6,17.8,2021-22,20558431,24050456.485519364
caris levert,19747315,2021,SG,26,IND,47,39,31.6,7.6,17.3,0.441,1.8,5.5,0.326,5.9,11.8,0.495,0.493,3.1,3.8,0.811,0.7,3.9,4.6,5.2,1.4,0.6,2.2,2.2,20.2,2021-22,19747315,23101565.489766404
joe harris,19586113,2021,SF,29,BRK,69,65,31.0,5.2,10.2,0.505,3.1,6.4,0.475,2.1,3.8,0.555,0.654,0.7,0.9,0.778,0.6,3.0,3.6,1.9,0.7,0.2,0.9,2.0,14.1,2021-22,19586113,22912981.950177286
james johnson,19556463,2021,PF,33,NOP,51,12,20.5,2.9,6.4,0.446,0.6,2.4,0.258,2.3,4.1,0.556,0.494,0.9,1.5,0.592,0.6,2.8,3.5,1.9,0.8,0.8,1.1,2.4,7.2,2021-22,19556463,22878295.643873286
cody zeller,18787018,2021,C,28,CHO,48,21,20.9,3.8,6.8,0.559,0.1,0.6,0.143,3.7,6.2,0.598,0.565,1.8,2.5,0.714,2.5,4.4,6.8,1.8,0.6,0.4,1.1,2.5,9.4,2021-22,18787018,21978153.824174084
danny green,18726233,2021,SF,33,PHI,69,69,28.0,3.2,7.9,0.412,2.5,6.3,0.405,0.7,1.6,0.438,0.573,0.4,0.6,0.775,0.8,3.0,3.8,1.7,1.3,0.8,1.0,1.8,9.5,2021-22,18726233,21907043.971604485
jonas valanciunas,18280371,2021,C,28,MEM,62,61,28.3,7.1,12.0,0.592,0.3,0.9,0.368,6.8,11.1,0.611,0.606,2.5,3.3,0.773,4.1,8.4,12.5,1.8,0.6,0.9,1.6,2.9,17.1,2021-22,18280371,21385448.494325764
andre iguodala,18280371,2021,SF,37,MIA,63,5,21.3,1.5,3.9,0.383,1.0,2.9,0.33,0.6,1.0,0.53,0.504,0.4,0.6,0.658,0.6,2.9,3.5,2.3,0.9,0.6,1.1,1.4,4.4,2021-22,18280371,21385448.494325764
davis bertans,18280371,2021,PF,28,WAS,57,7,25.7,3.4,8.4,0.404,3.0,7.5,0.395,0.4,0.9,0.48,0.581,1.8,2.0,0.87,0.3,2.6,2.9,0.9,0.6,0.2,0.6,2.4,11.5,2021-22,18280371,21385448.494325764
marcus morris,18138663,2021,PF,31,LAC,57,29,26.4,4.8,10.2,0.473,2.5,5.2,0.473,2.4,5.1,0.472,0.592,1.3,1.6,0.82,0.6,3.5,4.1,1.0,0.6,0.3,1.0,2.1,13.4,2021-22,18138663,21219670.177505285
rudy gay,17671026,2021,PF,34,SAS,63,1,21.6,4.2,10.0,0.42,1.7,4.4,0.381,2.5,5.6,0.451,0.505,1.3,1.6,0.804,0.7,4.1,4.8,1.4,0.7,0.6,1.0,1.8,11.4,2021-22,17671026,20672601.030082565
dejounte murray,17410226,2021,PG,24,SAS,67,67,31.9,6.6,14.5,0.453,0.9,3.0,0.317,5.6,11.6,0.488,0.485,1.6,2.0,0.791,0.9,6.2,7.1,5.4,1.5,0.1,1.7,2.0,15.7,2021-22,17410226,20367501.917634565
will barton,16724363,2021,SF,30,DEN,56,52,31.0,4.6,10.9,0.426,1.8,4.6,0.381,2.9,6.3,0.459,0.507,1.7,2.2,0.785,0.7,3.3,4.0,3.2,0.9,0.4,1.7,1.7,12.7,2021-22,16724363,19565139.216097284
thaddeus young,16507175,2021,PF,32,CHI,68,23,24.3,5.4,9.7,0.559,0.2,0.7,0.267,5.3,9.1,0.58,0.568,1.0,1.7,0.628,2.5,3.8,6.2,4.3,1.1,0.6,2.0,2.2,12.1,2021-22,16507175,19311059.975168005
terrence ross,16452334,2021,SG,29,ORL,46,2,29.3,5.5,13.4,0.412,1.9,5.7,0.337,3.6,7.7,0.469,0.485,2.6,3.0,0.87,0.3,3.1,3.4,2.3,1.0,0.5,1.6,1.9,15.6,2021-22,16452334,19246903.76187904
malik beasley,16362023,2021,SG,24,MIN,37,36,32.8,7.1,16.2,0.44,3.5,8.7,0.399,3.7,7.5,0.487,0.547,1.8,2.2,0.85,0.8,3.6,4.4,2.4,0.8,0.2,1.6,1.7,19.6,2021-22,16362023,19141252.665466882
patrick beverley,16249218,2021,PG,32,LAC,37,34,22.5,2.5,5.9,0.423,1.5,3.8,0.397,1.0,2.1,0.468,0.55,1.0,1.2,0.8,0.8,2.4,3.2,2.1,0.8,0.8,0.9,2.9,7.5,2021-22,16249218,19009286.770606082
christian wood,15862334,2021,C,25,HOU,41,41,32.3,8.0,15.6,0.514,1.9,5.0,0.374,6.1,10.6,0.581,0.574,3.0,4.8,0.631,1.9,7.8,9.6,1.7,0.8,1.2,2.0,2.1,21.0,2021-22,15862334,18556687.21147904
justise winslow,15842988,2021,SF,24,MEM,26,1,19.5,2.8,8.1,0.352,0.4,2.1,0.185,2.5,6.0,0.41,0.376,0.8,1.3,0.571,0.7,3.8,4.5,1.9,0.6,0.5,1.4,1.8,6.8,2021-22,15842988,18534055.127777282
marcus smart,15777701,2021,PG,26,BOS,48,45,32.9,4.2,10.6,0.398,1.9,5.9,0.33,2.3,4.8,0.482,0.489,2.7,3.4,0.79,0.8,2.7,3.5,5.7,1.5,0.5,2.0,2.6,13.1,2021-22,15777701,18457678.571970563
jusuf nurkic,15707578,2021,C,26,POR,37,37,23.8,4.6,9.0,0.514,0.3,0.8,0.4,4.3,8.2,0.525,0.532,1.9,3.1,0.619,2.3,6.6,9.0,3.4,1.0,1.1,2.0,2.8,11.5,2021-22,15707578,18375644.580167685
kelly olynyk,15623197,2021,C-PF,29,HOU,70,62,28.5,4.8,10.0,0.484,1.8,5.3,0.342,3.0,4.7,0.641,0.574,2.1,2.5,0.829,1.2,5.7,7.0,2.9,1.1,0.6,1.8,3.0,13.5,2021-22,15623197,18276930.74501632
brook lopez,15474547,2021,C,32,MIL,70,70,27.2,4.6,9.1,0.503,1.4,4.0,0.338,3.2,5.1,0.632,0.577,1.7,2.0,0.845,1.5,3.5,5.0,0.7,0.6,1.5,0.9,2.1,12.3,2021-22,15474547,18103031.270072322
cory joseph,15355512,2021,PG,29,DET,63,13,23.0,3.2,6.8,0.469,0.7,2.1,0.341,2.5,4.7,0.527,0.522,1.1,1.4,0.818,0.6,2.0,2.5,3.4,1.0,0.3,1.3,2.2,8.2,2021-22,15355512,17963777.156382725
markelle fultz,14976129,2021,PG,22,ORL,8,8,26.9,5.1,13.0,0.394,0.5,2.0,0.25,4.6,11.0,0.42,0.413,2.1,2.4,0.895,0.6,2.5,3.1,5.4,1.0,0.3,2.3,2.3,12.9,2021-22,14976129,17519952.706314243
taurean prince,14928970,2021,PF,26,CLE,41,10,22.1,3.2,8.0,0.401,1.5,3.8,0.4,1.7,4.2,0.401,0.495,1.6,1.9,0.855,0.5,3.0,3.5,1.9,0.7,0.6,1.1,1.8,9.5,2021-22,14928970,17464783.346483205
tony snell,14841920,2021,SG,29,ATL,47,23,21.1,1.9,3.6,0.515,1.3,2.3,0.569,0.6,1.3,0.419,0.696,0.2,0.2,1.0,0.4,2.0,2.4,1.3,0.3,0.2,0.4,1.6,5.3,2021-22,14841920,17362947.158835202
robert covington,14792897,2021,PF,30,POR,70,70,32.0,2.9,7.3,0.401,1.9,5.1,0.379,1.0,2.2,0.451,0.533,0.7,0.9,0.806,0.9,5.8,6.7,1.7,1.4,1.2,0.9,2.8,8.5,2021-22,14792897,17305597.182648323
kentavious caldwell-pope,14713286,2021,SG,27,LAL,67,67,28.4,3.3,7.6,0.431,1.8,4.4,0.41,1.5,3.2,0.46,0.549,1.4,1.7,0.866,0.4,2.3,2.7,1.9,0.9,0.4,1.0,1.7,9.7,2021-22,14713286,17212463.572828162
nicolas batum,14146851,2021,SF,32,LAC,67,38,27.4,2.9,6.1,0.464,1.6,4.1,0.404,1.2,2.1,0.579,0.597,0.7,0.9,0.828,0.7,4.0,4.7,2.2,1.0,0.6,0.8,1.5,8.1,2021-22,14146851,16549814.739394562
jordan clarkson,14014951,2021,SG,28,UTA,68,1,26.7,6.7,15.8,0.425,3.1,8.8,0.347,3.7,7.0,0.523,0.522,1.9,2.1,0.896,0.7,3.3,4.0,2.5,0.9,0.1,1.7,1.6,18.4,2021-22,14014951,16395510.395330563
spencer dinwiddie,13958950,2021,SG,27,BRK,3,3,21.3,2.0,5.3,0.375,0.7,2.3,0.286,1.3,3.0,0.444,0.438,2.0,2.0,1.0,0.0,4.3,4.3,3.0,0.7,0.3,1.7,1.3,6.7,2021-22,13958950,16329997.146112002
dillon brooks,13893082,2021,SF,25,MEM,67,67,29.8,6.4,15.4,0.419,1.9,5.6,0.344,4.5,9.8,0.461,0.481,2.4,2.9,0.815,0.8,2.1,2.9,2.3,1.2,0.4,1.8,3.5,17.2,2021-22,13893082,16252940.902481923
dwight powell,13503253,2021,C,29,DAL,58,19,16.7,2.1,3.3,0.619,0.1,0.4,0.238,2.0,3.0,0.665,0.631,1.7,2.1,0.782,1.4,2.7,4.0,1.1,0.6,0.5,0.7,2.3,5.9,2021-22,13503253,15796896.109895682
lonzo ball,13410215,2021,PG,23,NOP,55,55,31.8,5.3,12.7,0.414,3.1,8.3,0.378,2.1,4.5,0.482,0.537,0.9,1.2,0.781,0.6,4.2,4.8,5.7,1.5,0.6,2.2,1.9,14.6,2021-22,13410215,15688054.809190404
josh richardson,13242242,2021,SG,27,DAL,59,56,30.3,4.5,10.5,0.427,1.5,4.5,0.33,3.0,5.9,0.501,0.498,1.7,1.8,0.917,0.9,2.4,3.3,2.6,1.0,0.4,1.3,2.2,12.1,2021-22,13242242,15491550.157291522
norman powell,13242242,2021,SG-SF,27,POR,69,58,32.0,6.3,13.3,0.477,2.5,6.0,0.411,3.9,7.3,0.532,0.57,3.4,3.9,0.871,0.6,2.5,3.1,1.9,1.2,0.3,1.7,2.3,18.6,2021-22,13242242,15491550.157291522
jeremy lamb,12796260,2021,SG,28,IND,36,8,21.3,3.3,7.7,0.435,1.4,3.6,0.406,1.9,4.1,0.459,0.529,2.0,2.1,0.947,0.7,2.9,3.6,1.5,0.9,0.6,0.6,2.0,10.1,2021-22,12796260,14969814.296985602
deandre jordan,12644750,2021,C,32,BRK,57,43,21.9,3.3,4.4,0.763,0.0,0.0,0.0,3.3,4.4,0.766,0.763,0.8,1.6,0.5,2.1,5.4,7.5,1.6,0.3,1.1,1.5,2.0,7.5,2021-22,12644750,14792569.026560003
joe ingles,12630075,2021,SF,33,UTA,67,30,27.9,4.1,8.4,0.489,2.7,6.1,0.451,1.4,2.3,0.59,0.652,1.1,1.3,0.844,0.4,3.2,3.6,4.7,0.7,0.2,1.7,1.8,12.1,2021-22,12630075,14775401.352192003
zion williamson,12486078,2021,PF,20,NOP,61,61,33.2,10.4,17.0,0.611,0.2,0.6,0.294,10.2,16.4,0.622,0.616,6.0,8.7,0.698,2.7,4.5,7.2,3.7,0.9,0.6,2.7,2.2,27.0,2021-22,12486078,14606945.229127683
paul millsap,12308783,2021,PF,35,DEN,56,36,20.8,3.4,7.2,0.476,0.9,2.6,0.343,2.5,4.6,0.55,0.537,1.3,1.8,0.724,1.4,3.3,4.7,1.8,0.9,0.6,0.9,2.0,9.0,2021-22,12308783,14399535.155732483
rodney hood,12244741,2021,SF,28,TOR,55,5,17.1,1.7,4.7,0.362,0.6,2.1,0.301,1.1,2.7,0.408,0.427,0.4,0.5,0.857,0.4,1.5,1.9,1.0,0.4,0.1,0.7,1.3,4.5,2021-22,12244741,14324615.073832963
tomas satoransky,12186914,2021,SG,29,CHI,58,18,22.5,2.9,5.7,0.514,0.7,2.0,0.356,2.2,3.6,0.602,0.578,1.2,1.4,0.848,0.5,1.9,2.4,4.7,0.7,0.2,1.7,1.5,7.7,2021-22,12186914,14256965.662883842
jayson tatum,12061535,2021,SF,22,BOS,64,64,35.8,9.5,20.6,0.459,2.9,7.6,0.386,6.5,13.0,0.502,0.53,4.6,5.3,0.868,0.8,6.6,7.4,4.3,1.2,0.5,2.7,1.9,26.4,2021-22,12061535,14110289.966489602
anthony edwards,11891308,2021,SG,19,MIN,72,55,32.1,7.0,16.8,0.417,2.4,7.2,0.329,4.6,9.6,0.483,0.488,2.9,3.8,0.776,0.8,3.8,4.7,2.9,1.1,0.5,2.2,1.8,19.3,2021-22,11891308,13911148.453396482
al-farouq aminu,11846777,2021,PF,30,CHI,23,14,18.9,1.7,4.3,0.384,0.3,1.6,0.216,1.3,2.7,0.484,0.424,0.8,1.0,0.818,1.0,3.8,4.8,1.3,0.8,0.4,1.2,1.3,4.4,2021-22,11846777,13859053.481861122
dante exum,11699437,2021,SG,25,CLE,6,3,19.3,1.7,4.3,0.385,0.3,1.8,0.182,1.3,2.5,0.533,0.423,0.2,0.3,0.5,0.3,2.5,2.8,2.2,0.7,0.3,1.2,1.5,3.8,2021-22,11699437,13686686.521630723
george hill,11687984,2021,PG,34,PHI,30,17,22.4,3.2,6.6,0.482,1.0,2.7,0.388,2.1,3.9,0.547,0.561,1.3,1.7,0.8,0.5,1.5,2.0,2.4,0.8,0.2,1.0,1.0,8.7,2021-22,11687984,13673288.131543042
de'anthony melton,11664963,2021,PG,22,MEM,52,1,20.1,3.3,7.6,0.438,1.7,4.1,0.412,1.6,3.5,0.467,0.548,0.8,1.0,0.804,0.6,2.5,3.1,2.5,1.2,0.6,1.3,1.6,9.1,2021-22,11664963,13646356.817633282
kyle anderson,11583784,2021,PF,27,MEM,69,69,27.3,4.5,9.5,0.468,1.4,3.8,0.36,3.1,5.8,0.539,0.54,2.1,2.7,0.783,0.8,5.0,5.7,3.6,1.2,0.8,1.2,1.7,12.4,2021-22,11583784,13551388.869591042
meyers leonard,11455699,2021,C,28,MIA,3,2,9.7,1.0,2.3,0.429,1.0,2.3,0.429,0.0,0.0,,0.643,0.3,0.7,0.5,0.0,2.3,2.3,0.7,0.0,0.0,0.7,1.7,3.3,2021-22,11455699,13401547.535933442
tristan thompson,11282645,2021,PF,29,BOS,54,43,23.8,3.1,6.0,0.518,0.0,0.1,0.0,3.1,6.0,0.523,0.518,1.3,2.2,0.592,3.1,5.0,8.1,1.2,0.4,0.6,1.1,2.2,7.6,2021-22,11282645,13199098.832691202
serge ibaka,11282645,2021,C,31,LAC,41,39,23.3,4.5,8.9,0.51,1.0,2.8,0.339,3.6,6.1,0.588,0.563,1.0,1.3,0.811,1.8,4.9,6.7,1.8,0.2,1.1,1.1,1.9,11.1,2021-22,11282645,13199098.832691202
montrezl harrell,11282645,2021,C,27,LAL,69,1,22.9,5.4,8.7,0.622,0.0,0.1,0.0,5.4,8.6,0.632,0.622,2.6,3.7,0.707,2.3,3.9,6.2,1.1,0.7,0.7,1.1,1.9,13.5,2021-22,11282645,13199098.832691202
jae crowder,11282645,2021,PF,30,PHO,60,42,27.5,3.3,8.2,0.404,2.5,6.3,0.389,0.9,1.9,0.455,0.555,1.0,1.3,0.76,0.5,4.2,4.7,2.1,0.8,0.5,0.9,2.1,10.1,2021-22,11282645,13199098.832691202
derrick favors,11282645,2021,C,29,UTA,68,0,15.3,2.3,3.6,0.638,0.0,0.0,0.0,2.3,3.5,0.643,0.638,0.9,1.2,0.738,2.0,3.5,5.5,0.6,0.5,1.0,0.5,2.1,5.4,2021-22,11282645,13199098.832691202
dario saric,11272895,2021,C,26,PHO,50,4,17.4,3.1,6.8,0.447,0.9,2.7,0.348,2.1,4.1,0.512,0.516,1.7,2.0,0.848,0.9,2.9,3.8,1.3,0.6,0.1,1.1,1.9,8.7,2021-22,11272895,13187692.711731203
ja morant,11171500,2021,PG,21,MEM,63,63,32.6,6.8,15.2,0.449,1.2,3.8,0.303,5.7,11.4,0.499,0.487,4.3,5.9,0.728,0.9,3.1,4.0,7.4,0.9,0.2,3.2,1.4,19.1,2021-22,11171500,13069074.903040003
delon wright,10968223,2021,SG-PG,28,SAC,63,39,27.7,3.8,8.2,0.463,1.0,2.7,0.372,2.8,5.5,0.509,0.525,1.6,2.0,0.802,1.0,3.2,4.3,4.4,1.6,0.5,1.3,1.2,10.2,2021-22,10968223,12831269.564538883
cedi osman,10773939,2021,SF,25,CLE,59,26,25.6,3.7,9.9,0.374,1.7,5.5,0.306,2.0,4.4,0.458,0.458,1.3,1.6,0.8,0.6,2.8,3.4,2.9,0.9,0.2,1.4,2.0,10.4,2021-22,10773939,12603984.764067842
tyus jones,10745376,2021,PG,24,MEM,70,9,17.5,2.5,5.9,0.431,0.6,2.0,0.321,1.9,3.9,0.487,0.485,0.6,0.6,0.911,0.3,1.7,2.0,3.7,0.9,0.1,0.7,0.4,6.3,2021-22,10745376,12570570.094018562
james wiseman,10639468,2021,C,19,GSW,39,27,21.4,4.9,9.4,0.519,0.3,1.0,0.316,4.6,8.5,0.542,0.535,1.4,2.2,0.628,1.4,4.4,5.8,0.7,0.3,0.9,1.5,3.1,11.5,2021-22,10639468,12446672.713646082
royce o'neale,10358877,2021,SF,27,UTA,71,71,31.6,2.5,5.5,0.444,1.5,3.9,0.385,1.0,1.6,0.586,0.58,0.5,0.6,0.848,1.2,5.6,6.8,2.5,0.8,0.5,1.2,2.6,7.0,2021-22,10358877,12118420.930437122
maxi kleber,10328410,2021,PF,29,DAL,50,40,26.8,2.3,5.5,0.422,1.7,4.2,0.41,0.6,1.3,0.46,0.58,0.7,0.7,0.919,0.9,4.3,5.2,1.4,0.5,0.7,0.6,2.1,7.1,2021-22,10328410,12082778.849689603
thomas bryant,10155761,2021,C,23,WAS,10,10,27.1,5.9,9.1,0.648,0.9,2.1,0.429,5.0,7.0,0.714,0.698,1.6,2.4,0.667,1.8,4.3,6.1,1.5,0.4,0.8,1.1,3.1,14.3,2021-22,10155761,11880803.939164162
rj barrett,10031975,2021,SG,20,NYK,72,72,34.9,6.5,14.7,0.441,1.7,4.3,0.401,4.8,10.4,0.457,0.499,2.9,3.8,0.746,0.9,4.8,5.8,3.0,0.7,0.3,1.9,2.6,17.6,2021-22,10031975,11735991.827456003
jakob poeltl,9873657,2021,C,25,SAS,69,51,26.7,3.8,6.2,0.616,0.0,0.0,,3.8,6.2,0.616,0.616,0.9,1.8,0.508,3.2,4.8,7.9,1.9,0.7,1.8,1.2,2.5,8.6,2021-22,9873657,11550782.159953922
de'aaron fox,9870946,2021,PG,23,SAC,58,58,35.1,9.1,19.1,0.477,1.8,5.5,0.322,7.3,13.6,0.539,0.523,5.2,7.2,0.719,0.6,2.9,3.5,7.2,1.5,0.5,3.0,2.9,25.2,2021-22,9870946,11547610.673397763
luka doncic,9809686,2021,PG,21,DAL,66,66,34.3,9.8,20.5,0.479,2.9,8.3,0.35,6.9,12.2,0.567,0.55,5.2,7.1,0.73,0.8,7.2,8.0,8.6,1.0,0.5,4.3,2.3,27.7,2021-22,9809686,11475945.138012161
mason plumlee,9749531,2021,C,30,DET,56,56,26.8,4.2,6.8,0.614,0.0,0.1,0.0,4.2,6.7,0.626,0.614,2.0,3.0,0.669,2.6,6.7,9.3,3.6,0.8,0.9,1.9,3.3,10.4,2021-22,9749531,11405572.296335362
seth curry,9547776,2021,SG,30,PHI,57,57,28.7,4.5,9.7,0.467,2.2,4.9,0.45,2.3,4.8,0.485,0.582,1.2,1.4,0.896,0.2,2.2,2.4,2.7,0.8,0.1,1.1,1.7,12.5,2021-22,9547776,11169547.482562562
derrick rose,9363116,2021,PG,32,NYK,50,3,25.6,5.7,12.2,0.47,1.0,2.6,0.388,4.7,9.6,0.492,0.511,2.2,2.5,0.866,0.4,2.2,2.6,4.2,1.0,0.4,1.6,1.1,14.7,2021-22,9363116,10953521.400872963
cristiano felicio,9175552,2021,C,28,CHI,18,0,4.7,0.4,0.7,0.538,0.0,0.1,0.0,0.4,0.6,0.636,0.538,0.5,0.9,0.563,0.6,0.9,1.4,0.5,0.2,0.0,0.2,0.6,1.3,2021-22,9175552,10734098.049925122
rajon rondo,9140185,2021,PG,34,LAC,45,3,17.1,2.1,4.8,0.442,0.8,2.0,0.404,1.3,2.8,0.468,0.526,0.4,0.4,0.941,0.4,2.0,2.4,4.4,0.8,0.1,1.8,1.2,5.4,2021-22,9140185,10692723.662233602
de'andre hunter,9045127,2021,SF,23,ATL,23,19,29.5,5.2,10.8,0.484,1.3,4.1,0.326,3.9,6.7,0.582,0.546,3.2,3.7,0.859,0.7,4.0,4.8,1.9,0.8,0.5,1.3,2.6,15.0,2021-22,9045127,10581519.247237122
doug mcdermott,8937070,2021,PF,29,IND,66,29,24.5,5.4,10.1,0.532,1.7,4.3,0.388,3.7,5.7,0.641,0.616,1.2,1.5,0.816,0.9,2.4,3.3,1.3,0.3,0.1,0.8,1.8,13.6,2021-22,8937070,10455107.840819202
robin lopez,8896447,2021,C,32,WAS,71,9,19.1,3.8,6.0,0.633,0.1,0.3,0.278,3.7,5.7,0.649,0.639,1.4,1.9,0.723,2.0,1.8,3.8,0.8,0.2,0.6,1.1,1.5,9.0,2021-22,8896447,10407584.676536322
jamychal green,8774285,2021,PF,30,DEN,58,5,19.3,3.0,6.4,0.463,1.4,3.4,0.399,1.6,3.0,0.534,0.568,0.8,1.0,0.807,1.5,3.3,4.8,0.9,0.4,0.4,0.9,2.5,8.1,2021-22,8774285,10264672.415129602
nemanja bjelica,8713643,2021,PF,32,MIA,37,3,16.1,2.4,5.3,0.454,0.7,2.3,0.318,1.7,3.0,0.559,0.523,1.0,1.4,0.725,0.8,2.6,3.4,1.9,0.4,0.1,0.9,1.8,6.5,2021-22,8713643,10193729.852334082
patrick williams,8614149,2021,PF,19,CHI,71,71,27.9,3.6,7.4,0.483,0.8,1.9,0.391,2.8,5.5,0.515,0.534,1.3,1.8,0.728,0.9,3.7,4.6,1.4,0.9,0.6,1.4,1.8,9.2,2021-22,8614149,10077335.944765441
ivica zubac,8530840,2021,C,23,LAC,72,33,22.3,3.6,5.5,0.652,0.0,0.1,0.25,3.6,5.4,0.656,0.654,1.9,2.4,0.789,2.6,4.6,7.2,1.3,0.3,0.9,1.1,2.6,9.0,2021-22,8530840,9979876.197990403
darius miller,8530840,2021,SF,30,OKC,18,0,10.9,1.2,2.7,0.458,0.9,2.3,0.405,0.3,0.3,0.833,0.635,0.7,0.7,1.0,0.1,1.2,1.3,1.2,0.7,0.3,0.4,0.7,4.1,2021-22,8530840,9979876.197990403
aron baynes,8530840,2021,C,34,TOR,53,31,18.5,2.5,5.7,0.441,0.5,1.9,0.262,2.0,3.8,0.532,0.485,0.5,0.8,0.707,1.6,3.5,5.2,0.9,0.3,0.4,0.9,2.2,6.1,2021-22,8530840,9979876.197990403
jabari parker,8446419,2021,PF,25,BOS,13,0,12.7,2.3,4.2,0.545,0.2,0.8,0.182,2.2,3.4,0.636,0.564,0.8,1.0,0.769,0.8,2.5,3.2,0.8,0.1,0.4,0.8,1.0,5.5,2021-22,8446419,9881115.568496643
lauri markkanen,8203631,2021,PF,23,CHI,51,26,25.8,4.9,10.2,0.48,2.3,5.8,0.402,2.6,4.4,0.582,0.594,1.5,1.8,0.826,0.7,4.6,5.3,0.9,0.5,0.3,1.0,1.5,13.6,2021-22,8203631,9597087.948431361
darius garland,8190484,2021,PG,21,CLE,54,50,33.1,6.7,14.9,0.451,1.9,4.9,0.395,4.8,9.9,0.479,0.517,2.1,2.4,0.848,0.4,2.0,2.4,6.1,1.2,0.1,3.0,2.0,17.4,2021-22,8190484,9581707.817943042
trae young,8008996,2021,PG,22,ATL,63,63,33.7,7.7,17.7,0.438,2.2,6.3,0.343,5.6,11.3,0.491,0.499,7.7,8.7,0.886,0.6,3.3,3.9,9.4,0.8,0.2,4.1,1.8,25.3,2021-22,8008996,9369392.52760576
chris boucher,7921494,2021,C,28,TOR,60,14,24.2,4.8,9.3,0.514,1.5,3.9,0.383,3.3,5.4,0.609,0.595,2.5,3.2,0.788,2.0,4.8,6.7,1.1,0.6,1.9,0.8,2.8,13.6,2021-22,7921494,9267027.563888641
isaac okoro,7800746,2021,SG,20,CLE,67,67,32.4,3.5,8.3,0.42,0.9,3.2,0.29,2.6,5.1,0.501,0.476,1.7,2.3,0.726,1.0,2.1,3.1,1.9,0.9,0.4,1.3,2.8,9.6,2021-22,7800746,9125769.482485762
frank ntilikina,7527342,2021,PG,22,NYK,33,4,9.8,0.9,2.4,0.367,0.7,1.5,0.479,0.2,0.9,0.194,0.513,0.2,0.5,0.444,0.2,0.8,0.9,0.6,0.5,0.1,0.3,1.4,2.7,2021-22,7527342,8805925.472747521
jarrett culver,7439233,2021,SG,21,MIN,34,7,14.7,2.0,4.9,0.411,0.4,1.6,0.245,1.6,3.4,0.487,0.449,0.9,1.4,0.604,1.0,2.1,3.1,0.7,0.5,0.3,0.8,1.7,5.3,2021-22,7439233,8702850.404884482
alec burks,7312148,2021,SG,29,NYK,49,5,25.6,4.3,10.2,0.42,2.1,5.0,0.415,2.2,5.2,0.425,0.522,2.1,2.4,0.856,0.4,4.2,4.6,2.2,0.6,0.3,1.0,2.1,12.7,2021-22,7312148,8554178.929786881
mo bamba,7274418,2021,C,22,ORL,46,5,15.8,3.1,6.5,0.472,0.8,2.6,0.322,2.3,4.0,0.568,0.535,1.0,1.4,0.682,1.7,4.1,5.8,0.8,0.3,1.3,0.8,1.9,8.0,2021-22,7274418,8510040.166318081
onyeka okongwu,7085033,2021,C,20,ATL,50,4,12.0,1.9,3.0,0.644,0.0,0.1,0.0,1.9,2.9,0.658,0.644,0.7,1.1,0.632,1.2,2.0,3.3,0.4,0.5,0.7,0.6,2.0,4.6,2021-22,7085033,8288486.5029324815
justin holiday,6971402,2021,SG,31,IND,72,52,30.3,3.6,8.7,0.413,2.4,6.3,0.382,1.2,2.4,0.494,0.551,0.9,1.2,0.788,0.4,3.1,3.6,1.7,1.0,0.6,0.8,1.9,10.5,2021-22,6971402,8155554.304901121
avery bradley,6867326,2021,SG,30,HOU,27,6,22.3,2.4,6.3,0.374,1.2,3.7,0.327,1.1,2.6,0.443,0.471,0.4,0.6,0.8,0.3,1.8,2.1,1.7,0.8,0.1,1.0,2.0,6.4,2021-22,6867326,8033800.105410562
coby white,6791377,2021,PG,20,CHI,69,54,31.2,5.4,13.1,0.416,2.4,6.6,0.359,3.1,6.5,0.473,0.506,1.9,2.1,0.901,0.4,3.7,4.1,4.8,0.6,0.2,2.3,2.6,15.1,2021-22,6791377,7944950.5176371215
trey lyles,6702802,2021,PF,25,SAS,23,9,15.6,1.9,3.9,0.478,0.6,1.7,0.35,1.3,2.2,0.58,0.556,0.7,1.0,0.652,0.4,3.3,3.7,0.6,0.3,0.0,0.3,0.6,5.0,2021-22,6702802,7841330.295685122
malik monk,6514743,2021,SG,22,CHO,42,0,20.9,4.1,9.5,0.434,2.0,5.0,0.401,2.1,4.5,0.471,0.54,1.4,1.7,0.819,0.3,2.1,2.4,2.1,0.5,0.1,1.3,1.1,11.7,2021-22,6514743,7621327.864750082
killian hayes,6467741,2021,PG,19,DET,26,18,25.8,2.7,7.7,0.353,0.8,2.8,0.278,2.0,5.0,0.395,0.403,0.5,0.7,0.824,0.2,2.4,2.7,5.3,1.0,0.4,3.2,2.2,6.8,2021-22,6467741,7566342.172712961
luke kennard,6427166,2021,SG,24,LAC,63,17,19.6,3.1,6.6,0.476,1.6,3.6,0.446,1.5,3.0,0.511,0.597,0.4,0.5,0.839,0.2,2.3,2.6,1.7,0.4,0.1,0.8,1.4,8.3,2021-22,6427166,7518875.161640962
donovan mitchell,6331712,2021,PG,24,UTA,53,53,33.4,9.0,20.6,0.438,3.4,8.7,0.386,5.7,11.9,0.476,0.52,5.0,6.0,0.845,0.9,3.5,4.4,5.2,1.0,0.3,2.8,2.2,26.4,2021-22,6331712,7407207.4826547215
rodney mcgruder,6327820,2021,SG,29,DET,16,2,12.1,2.3,4.4,0.529,0.7,1.5,0.458,1.6,2.9,0.565,0.607,0.4,0.5,0.75,0.5,0.9,1.4,1.0,0.5,0.1,0.4,0.8,5.7,2021-22,6327820,7402654.393139201
bam adebayo,6234206,2021,C,23,MIA,64,64,33.5,7.1,12.5,0.57,0.0,0.1,0.25,7.1,12.4,0.573,0.571,4.4,5.5,0.799,2.2,6.7,9.0,5.4,1.2,1.0,2.6,2.3,18.7,2021-22,6234206,7293139.253903361
justin jackson,6227070,2021,SF,25,MIL,34,3,17.0,2.6,6.5,0.403,1.1,3.4,0.308,1.6,3.1,0.51,0.484,0.9,1.1,0.838,0.5,1.8,2.3,1.5,0.4,0.1,0.9,0.9,7.2,2021-22,6227070,7284791.143219201
jaxson hayes,6221614,2021,C,20,NOP,60,3,16.1,2.9,4.7,0.625,0.1,0.2,0.429,2.8,4.4,0.635,0.636,1.6,2.0,0.775,1.5,2.8,4.3,0.6,0.4,0.6,0.7,1.7,7.5,2021-22,6221614,7278408.3949158415
ed davis,6099977,2021,C,31,MIN,23,7,13.0,0.8,1.9,0.432,0.0,0.0,,0.8,1.9,0.432,0.432,0.4,0.5,0.833,2.0,3.0,5.0,0.9,0.6,0.6,0.3,2.4,2.1,2021-22,6099977,7136110.309253122
mike scott,6099977,2021,PF,32,PHI,51,12,16.7,1.5,4.1,0.36,1.0,3.0,0.342,0.5,1.1,0.411,0.486,0.2,0.2,0.667,0.2,2.1,2.4,0.8,0.5,0.3,0.4,1.4,4.2,2021-22,6099977,7136110.309253122
richaun holmes,6099977,2021,C,27,SAC,61,61,29.2,6.0,9.4,0.637,0.0,0.2,0.182,6.0,9.2,0.645,0.638,2.2,2.8,0.794,2.4,5.9,8.3,1.7,0.6,1.6,1.2,3.5,14.2,2021-22,6099977,7136110.309253122
daniel theis,6093457,2021,C,28,CHI,65,51,24.6,3.9,7.2,0.541,0.8,2.3,0.322,3.1,4.8,0.646,0.593,1.1,1.7,0.673,1.4,4.0,5.5,1.7,0.6,0.9,1.0,2.6,9.6,2021-22,6093457,7128482.831441921
nerlens noel,6093457,2021,C,26,NYK,64,41,24.2,2.1,3.5,0.614,0.0,0.0,0.0,2.1,3.4,0.623,0.614,0.8,1.1,0.714,2.2,4.2,6.4,0.7,1.1,2.2,1.0,2.8,5.1,2021-22,6093457,7128482.831441921
collin sexton,6083561,2021,SG,22,CLE,60,60,35.3,8.8,18.4,0.475,1.6,4.4,0.371,7.1,14.0,0.508,0.519,5.2,6.4,0.815,1.0,2.2,3.1,4.4,1.0,0.2,2.8,2.6,24.3,2021-22,6083561,7116905.9111321615
pat connaughton,6018231,2021,SG,28,MIL,69,4,22.8,2.4,5.6,0.434,1.5,3.9,0.371,1.0,1.7,0.583,0.565,0.4,0.6,0.775,0.9,3.9,4.8,1.2,0.7,0.3,0.5,1.4,6.8,2021-22,6018231,7040479.051407361
obi toppin,5925326,2021,PF,22,NYK,62,0,11.0,1.7,3.4,0.498,0.4,1.4,0.306,1.3,2.0,0.629,0.56,0.3,0.4,0.731,0.4,1.8,2.2,0.5,0.3,0.2,0.4,0.9,4.1,2021-22,5925326,6931793.341890561
kevon looney,5875834,2021,C,24,GSW,61,34,19.0,1.8,3.2,0.548,0.1,0.3,0.235,1.7,3.0,0.578,0.558,0.5,0.8,0.646,1.9,3.4,5.3,2.0,0.3,0.4,0.6,2.2,4.1,2021-22,5875834,6873894.702039042
kris dunn,5809502,2021,PG,26,ATL,4,0,11.3,0.3,3.0,0.083,0.0,0.5,0.0,0.3,2.5,0.1,0.083,0.8,1.0,0.75,0.0,1.5,1.5,0.5,0.5,0.5,0.8,2.5,1.3,2021-22,5809502,6796295.644037121
garrett temple,5809502,2021,SG,34,CHI,56,25,27.3,2.8,6.8,0.415,1.2,3.6,0.335,1.6,3.2,0.503,0.503,0.7,0.9,0.8,0.5,2.3,2.9,2.2,0.8,0.5,1.0,2.3,7.6,2021-22,5809502,6796295.644037121
josh jackson,5809502,2021,SG,23,DET,62,25,25.2,4.8,11.4,0.419,1.2,4.1,0.3,3.5,7.3,0.487,0.473,2.6,3.5,0.729,0.9,3.2,4.1,2.3,0.9,0.8,2.3,2.9,13.4,2021-22,5809502,6796295.644037121
elfrid payton,5809502,2021,PG,26,NYK,63,63,23.6,4.3,9.9,0.432,0.4,1.6,0.286,3.8,8.3,0.46,0.455,1.2,1.7,0.682,1.0,2.4,3.4,3.2,0.7,0.1,1.6,1.8,10.1,2021-22,5809502,6796295.644037121
rui hachimura,5719123,2021,PF,22,WAS,57,57,31.5,5.4,11.4,0.478,0.8,2.4,0.328,4.6,9.0,0.519,0.513,2.2,2.8,0.77,0.9,4.6,5.5,1.4,0.8,0.1,1.2,2.1,13.8,2021-22,5719123,6690564.997242881
denzel valentine,5658140,2021,SG,27,CHI,62,3,16.7,2.5,6.7,0.373,1.3,3.9,0.331,1.2,2.8,0.431,0.469,0.3,0.3,0.941,0.4,2.8,3.2,1.7,0.5,0.1,0.7,1.1,6.5,2021-22,5658140,6619223.512678402
kevin knox,5592185,2021,SF,21,NYK,42,0,11.0,1.3,3.4,0.392,0.8,2.1,0.393,0.5,1.3,0.389,0.514,0.4,0.5,0.8,0.2,1.2,1.5,0.5,0.3,0.1,0.4,0.9,3.9,2021-22,5592185,6542065.491353601
cam reddish,5432926,2021,SF,21,ATL,26,21,28.8,3.7,10.1,0.365,1.3,4.8,0.262,2.4,5.3,0.46,0.428,2.6,3.2,0.817,0.8,3.2,4.0,1.3,1.3,0.3,1.3,2.6,11.2,2021-22,5432926,6355754.986946561
mikal bridges,5312276,2021,SF,24,PHO,72,72,32.6,5.0,9.3,0.543,1.9,4.4,0.425,3.2,4.9,0.647,0.643,1.5,1.8,0.84,1.1,3.2,4.3,2.1,1.1,0.9,0.8,1.6,13.5,2021-22,5312276,6214611.551682561
jalen smith,5174222,2021,PF,20,PHO,27,1,5.8,0.8,1.9,0.44,0.1,0.6,0.235,0.7,1.2,0.545,0.48,0.2,0.3,0.714,0.3,1.1,1.4,0.1,0.0,0.2,0.3,0.6,2.0,2021-22,5174222,6053107.898040321
cameron johnson,5161353,2021,PF,24,PHO,60,11,24.0,3.4,8.1,0.42,2.0,5.6,0.349,1.4,2.5,0.581,0.541,0.8,1.0,0.847,0.6,2.8,3.3,1.4,0.6,0.3,0.7,1.4,9.6,2021-22,5161353,6038052.988231681
javale mcgee,5118504,2021,C,33,DEN,46,2,14.7,3.1,6.1,0.511,0.1,0.5,0.208,3.0,5.6,0.539,0.52,1.0,1.5,0.657,1.7,3.5,5.2,0.8,0.4,1.2,1.3,2.6,7.3,2021-22,5118504,5987925.718794242
reggie bullock,5118504,2021,SF,29,NYK,65,64,30.0,3.8,8.6,0.442,2.5,6.1,0.41,1.3,2.5,0.521,0.587,0.8,0.8,0.909,0.2,3.2,3.4,1.5,0.8,0.2,0.7,2.2,10.9,2021-22,5118504,5987925.718794242
shai gilgeous-alexander,5046991,2021,SG,22,OKC,35,35,33.7,8.2,16.1,0.508,2.0,4.9,0.418,6.2,11.3,0.547,0.571,5.3,6.5,0.808,0.5,4.2,4.7,5.9,0.8,0.7,3.0,2.0,23.7,2021-22,5046991,5904265.623592961
john collins,5042094,2021,PF,23,ATL,63,63,29.3,6.8,12.2,0.556,1.3,3.3,0.399,5.5,8.9,0.615,0.61,2.7,3.2,0.833,1.9,5.5,7.4,1.2,0.5,1.0,1.3,3.1,17.6,2021-22,5042094,5898536.826224641
willie cauley-stein,4996634,2021,C,27,DAL,53,16,17.1,2.2,3.4,0.632,0.0,0.2,0.091,2.2,3.2,0.667,0.635,0.9,1.5,0.628,1.2,3.2,4.5,0.7,0.4,0.8,0.5,2.4,5.3,2021-22,4996634,5845355.056087041
devin vassell,4915518,2021,SF,20,SAS,62,7,17.0,2.0,4.9,0.406,0.8,2.4,0.347,1.1,2.5,0.464,0.492,0.7,0.8,0.843,0.4,2.4,2.8,0.9,0.7,0.3,0.4,1.4,5.5,2021-22,4915518,5750460.809134081
dorian finney-smith,4874765,2021,PF,27,DAL,60,60,32.0,3.7,7.8,0.472,2.0,5.0,0.394,1.7,2.7,0.616,0.6,0.5,0.7,0.756,1.6,3.8,5.4,1.7,0.9,0.4,0.8,2.3,9.8,2021-22,4874765,5702785.563238401
patrick mccaw,4874765,2021,SF,25,TOR,5,0,6.6,0.2,0.2,1.0,0.0,0.0,,0.2,0.2,1.0,1.0,0.6,0.6,1.0,0.2,0.4,0.6,0.8,0.4,0.0,0.0,1.2,1.0,2021-22,4874765,5702785.563238401
alex len,4838994,2021,C,27,WAS,64,42,15.3,2.7,4.3,0.615,0.1,0.4,0.32,2.5,4.0,0.644,0.629,1.1,1.8,0.629,1.2,2.8,4.1,0.8,0.3,1.0,0.9,2.0,6.6,2021-22,4838994,5660938.5526886415
terrance ferguson,4806534,2021,SG,22,PHI,13,0,3.8,0.1,0.5,0.143,0.0,0.4,0.0,0.1,0.2,0.5,0.143,0.0,0.0,,0.0,0.1,0.1,0.2,0.1,0.0,0.3,0.5,0.2,2021-22,4806534,5622964.943831041
miles bridges,4794722,2021,PF,22,CHO,66,19,29.3,4.7,9.4,0.503,1.8,4.4,0.4,3.0,5.0,0.593,0.596,1.5,1.7,0.867,1.2,4.8,6.0,2.2,0.7,0.8,1.6,2.2,12.7,2021-22,4794722,5609146.574520321
austin rivers,4788298,2021,SG,28,DEN,36,7,23.5,2.9,6.8,0.424,1.5,4.1,0.369,1.4,2.7,0.51,0.537,0.6,0.9,0.71,0.2,2.1,2.3,2.3,0.8,0.1,1.0,1.8,7.9,2021-22,4788298,5601631.4031308815
jevon carter,4783363,2021,PG,25,PHO,60,1,12.0,1.6,3.7,0.422,0.9,2.5,0.371,0.6,1.2,0.528,0.547,0.1,0.1,0.571,0.3,1.3,1.5,1.2,0.5,0.2,0.3,0.9,4.1,2021-22,4783363,5595858.151137281
jarrett allen,4764964,2021,C,22,CLE,63,45,29.6,4.7,7.7,0.618,0.1,0.3,0.316,4.6,7.3,0.631,0.624,3.2,4.6,0.703,3.1,6.9,10.0,1.7,0.5,1.4,1.6,1.5,12.8,2021-22,4764964,5574333.923491841
nicolo melli,4749771,2021,PF,30,DAL,45,4,12.6,1.0,3.1,0.326,0.5,1.9,0.271,0.5,1.2,0.411,0.408,0.4,0.6,0.76,0.6,2.1,2.7,1.0,0.3,0.1,0.3,1.3,3.0,2021-22,4749771,5556560.262389761
gabriel deck,4716786,2021,PF,25,OKC,10,0,21.2,3.2,6.7,0.478,0.2,1.5,0.133,3.0,5.2,0.577,0.493,1.8,2.2,0.818,1.6,2.4,4.0,2.4,0.8,0.0,0.6,0.9,8.4,2021-22,4716786,5517972.477788161
tyrese haliburton,4669830,2021,PG,20,SAC,58,20,30.1,5.0,10.7,0.472,2.1,5.1,0.409,2.9,5.6,0.529,0.569,0.8,1.0,0.857,0.7,2.3,3.0,5.3,1.3,0.5,1.6,1.4,13.0,2021-22,4669830,5463040.599244801
tyler herro,4658131,2021,SG,21,MIA,54,15,30.3,5.7,12.9,0.439,2.0,5.5,0.36,3.7,7.4,0.498,0.516,1.7,2.2,0.803,0.5,4.5,5.0,3.4,0.6,0.3,1.9,1.3,15.1,2021-22,4658131,5449354.423951361
patrick patterson,4649028,2021,PF,31,LAC,38,5,15.3,1.9,4.3,0.436,1.1,2.9,0.357,0.8,1.4,0.604,0.558,0.3,0.4,0.765,0.5,1.5,2.0,0.8,0.4,0.2,0.3,1.2,5.2,2021-22,4649028,5438705.201479681
stanley johnson,4636085,2021,PF,24,TOR,61,13,16.5,1.5,3.8,0.382,0.7,2.2,0.328,0.7,1.6,0.458,0.479,0.7,0.9,0.8,0.5,2.0,2.5,1.5,0.9,0.3,0.9,1.9,4.4,2021-22,4636085,5423563.722137601
jake layman,4583602,2021,SF,26,MIN,45,11,13.9,2.0,4.1,0.495,0.5,1.7,0.295,1.5,2.4,0.642,0.557,0.6,0.8,0.703,0.3,1.2,1.5,0.6,0.6,0.4,0.6,1.0,5.1,2021-22,4583602,5362166.035333121
jerome robinson,4554883,2021,SG,23,WAS,17,6,17.9,1.6,5.6,0.295,0.6,2.5,0.262,1.0,3.1,0.321,0.353,0.9,1.2,0.8,0.2,2.0,2.2,1.5,0.7,0.4,1.1,1.8,4.9,2021-22,4554883,5328568.867348481
romeo langford,4425312,2021,SG,21,BOS,18,4,15.7,1.2,3.3,0.356,0.3,1.0,0.278,0.9,2.3,0.39,0.398,0.5,0.7,0.75,0.7,1.3,1.9,0.7,0.3,0.3,0.6,1.3,3.1,2021-22,4425312,5176989.123870721
wesley matthews,4415319,2021,SG,34,LAL,58,10,19.5,1.5,4.3,0.353,1.1,3.4,0.335,0.4,0.9,0.418,0.484,0.6,0.7,0.854,0.3,1.3,1.6,0.9,0.7,0.3,0.4,1.4,4.8,2021-22,4415319,5165298.727280641
bobby portis,4415319,2021,C,25,MIL,66,7,20.8,4.7,9.1,0.523,1.1,2.4,0.471,3.6,6.7,0.542,0.585,0.8,1.1,0.74,1.9,5.2,7.1,1.1,0.8,0.4,0.8,1.7,11.4,2021-22,4415319,5165298.727280641
wayne ellington,4344333,2021,SG,33,DET,46,31,22.0,3.2,7.3,0.441,2.5,6.0,0.422,0.7,1.4,0.524,0.612,0.6,0.8,0.8,0.3,1.6,1.8,1.5,0.4,0.2,0.7,1.3,9.6,2021-22,4344333,5082255.147540481
kyle kuzma,4341195,2021,SF,25,LAL,68,32,28.7,4.9,11.1,0.443,2.0,5.6,0.361,2.9,5.5,0.525,0.533,1.0,1.4,0.691,1.6,4.5,6.1,1.9,0.5,0.6,1.7,1.8,12.9,2021-22,4341195,5078584.131379201
tony bradley,4316678,2021,C,23,OKC,42,8,16.3,3.1,4.7,0.665,0.0,0.1,0.0,3.1,4.6,0.675,0.665,0.9,1.3,0.691,2.0,3.7,5.7,0.9,0.4,0.7,0.8,1.5,7.1,2021-22,4316678,5049902.709063681
derrick white,4285265,2021,SG,26,SAS,36,32,29.6,5.2,12.6,0.411,2.3,6.8,0.346,2.8,5.8,0.486,0.503,2.7,3.2,0.851,0.4,2.6,3.0,3.5,0.7,1.0,1.3,2.5,15.4,2021-22,4285265,5013153.942118401
bismack biyombo,4265420,2021,C,28,CHO,66,36,20.4,2.2,3.7,0.587,0.0,0.0,0.0,2.2,3.7,0.589,0.587,0.7,1.6,0.448,2.1,3.2,5.3,1.2,0.3,1.1,1.1,2.1,5.0,2021-22,4265420,4989938.098995201
boban marjanovic,4265420,2021,C,32,DAL,33,3,8.2,1.9,3.7,0.508,0.0,0.2,0.125,1.8,3.5,0.535,0.512,0.9,1.2,0.816,1.4,2.5,3.9,0.3,0.1,0.2,0.4,0.9,4.7,2021-22,4265420,4989938.098995201
josh hart,4254645,2021,SF,25,NOP,47,4,28.7,3.2,7.3,0.439,1.3,4.1,0.326,1.9,3.2,0.583,0.531,1.5,1.9,0.775,1.1,6.9,8.0,2.3,0.8,0.3,1.0,2.4,9.2,2021-22,4254645,4977332.873011201
aaron nesmith,4214722,2021,SF,21,BOS,46,1,14.5,1.7,3.9,0.438,0.9,2.3,0.37,0.8,1.5,0.543,0.551,0.5,0.6,0.786,0.6,2.2,2.8,0.5,0.3,0.2,0.5,1.9,4.7,2021-22,4214722,4930628.60972032
sekou doumbouya,4203754,2021,PF,20,DET,56,11,15.5,1.9,5.0,0.379,0.5,2.1,0.226,1.4,3.0,0.485,0.426,0.8,1.1,0.703,0.7,1.9,2.6,0.8,0.4,0.2,0.8,1.7,5.1,2021-22,4203754,4917797.601034241
dewayne dedmon,4201411,2021,C,31,MIA,16,0,13.1,2.9,4.1,0.708,0.1,0.3,0.2,2.8,3.8,0.75,0.715,1.3,1.7,0.741,1.8,3.6,5.4,0.8,0.6,0.4,0.8,2.3,7.1,2021-22,4201411,4915056.622428161
jeff teague,4110433,2021,PG,32,MIL,55,7,17.3,2.2,5.2,0.433,0.7,1.5,0.439,1.6,3.7,0.431,0.496,1.6,1.9,0.848,0.3,1.3,1.6,2.4,0.6,0.2,1.2,1.0,6.7,2021-22,4110433,4808625.230356481
michael carter-williams,4021681,2021,SG,29,ORL,31,25,25.8,3.4,8.7,0.389,0.5,2.0,0.246,2.9,6.7,0.431,0.417,1.6,2.6,0.613,1.3,3.2,4.5,4.2,0.8,0.5,2.2,2.6,8.8,2021-22,4021681,4704797.943439361
cole anthony,4003547,2021,PG,20,ORL,47,34,27.1,4.7,11.7,0.397,1.2,3.7,0.337,3.4,8.1,0.424,0.449,2.3,2.8,0.832,0.8,3.9,4.7,4.1,0.6,0.4,2.3,2.1,12.9,2021-22,4003547,4683583.728312321
taj gibson,4001797,2021,C,35,NYK,45,3,20.8,2.2,3.5,0.627,0.1,0.3,0.2,2.1,3.2,0.671,0.636,0.9,1.2,0.727,2.2,3.4,5.6,0.8,0.7,1.1,0.5,2.2,5.4,2021-22,4001797,4681536.475832321
facundo campazzo,3899812,2021,PG,29,DEN,65,19,21.9,1.8,4.8,0.381,1.2,3.3,0.352,0.7,1.5,0.444,0.502,1.2,1.4,0.879,0.3,1.7,2.1,3.6,1.2,0.2,1.1,2.0,6.1,2021-22,3899812,4562228.45059072
isaiah stewart,3803633,2021,C,19,DET,68,14,21.4,3.3,6.0,0.553,0.3,0.9,0.333,3.0,5.1,0.592,0.578,0.9,1.4,0.696,2.3,4.3,6.7,0.9,0.6,1.3,1.0,2.7,7.9,2021-22,3803633,4449712.624148481
chuma okeke,3803633,2021,PF,22,ORL,45,19,25.2,3.0,7.2,0.417,1.1,3.1,0.348,1.9,4.1,0.47,0.492,0.7,0.9,0.75,0.9,3.1,4.0,2.2,1.1,0.5,0.8,1.1,7.8,2021-22,3803633,4449712.624148481
nickeil alexander-walker,3793981,2021,SG,22,NOP,46,13,21.9,4.2,10.0,0.419,1.7,4.8,0.347,2.5,5.2,0.485,0.502,1.0,1.4,0.727,0.3,2.8,3.1,2.2,1.0,0.5,1.5,1.9,11.0,2021-22,3793981,4438421.149327361
demarcus cousins,3719241,2021,C,30,LAC,41,11,17.4,3.2,7.4,0.426,1.1,3.3,0.348,2.0,4.1,0.488,0.503,1.4,2.0,0.728,1.3,5.1,6.4,1.9,0.8,0.6,1.6,2.6,8.9,2021-22,3719241,4350985.920552961
donte divincenzo,3709891,2021,SG,24,MIL,66,66,27.5,3.8,9.1,0.42,2.0,5.2,0.379,1.8,3.9,0.475,0.528,0.8,1.1,0.718,1.2,4.5,5.8,3.1,1.1,0.2,1.4,1.7,10.4,2021-22,3709891,4340047.743016961
khem birch,3670087,2021,C,28,TOR,67,22,22.8,2.8,5.7,0.497,0.2,0.8,0.25,2.6,4.9,0.537,0.514,1.4,1.9,0.705,2.6,3.2,5.8,1.3,0.7,0.7,0.7,1.7,7.2,2021-22,3670087,4293482.6928947205
ryan arcidiacono,3656074,2021,PG,26,CHI,44,0,10.2,1.1,2.7,0.419,0.6,1.5,0.373,0.5,1.1,0.48,0.526,0.3,0.5,0.65,0.1,1.4,1.5,1.3,0.2,0.0,0.2,1.1,3.1,2021-22,3656074,4277089.464893441
trey burke,3656074,2021,PG,28,DAL,62,1,14.7,2.4,5.7,0.428,0.9,2.6,0.354,1.5,3.0,0.492,0.51,0.8,0.9,0.895,0.2,0.7,0.9,1.3,0.6,0.1,0.5,1.0,6.6,2021-22,3656074,4277089.464893441
aleksej pokusevski,3613225,2021,PF,19,OKC,45,28,24.2,3.1,9.1,0.341,1.3,4.6,0.28,1.8,4.5,0.403,0.412,0.7,0.9,0.738,0.7,4.0,4.7,2.2,0.4,0.9,2.2,1.3,8.2,2021-22,3613225,4226962.195456001
goga bitadze,3604304,2021,C,21,IND,45,3,12.5,1.8,4.3,0.428,0.4,1.8,0.253,1.4,2.6,0.548,0.479,1.0,1.4,0.738,1.3,2.0,3.3,0.8,0.2,1.3,0.4,2.1,5.1,2021-22,3604304,4216525.887242241
ben mclemore,3526442,2021,SG,27,LAL,53,5,17.1,2.5,6.9,0.37,1.8,5.3,0.346,0.7,1.6,0.447,0.503,0.7,1.0,0.736,0.3,1.6,1.9,0.7,0.4,0.2,0.8,1.7,7.7,2021-22,3526442,4125438.3600435206
luka samanic,3441974,2021,PF,21,SAS,33,4,9.3,1.4,3.2,0.448,0.4,1.3,0.279,1.1,1.9,0.565,0.505,0.5,0.9,0.552,0.5,1.6,2.1,0.5,0.2,0.2,0.6,1.3,3.7,2021-22,3441974,4026622.747197441
josh green,3432761,2021,SG,20,DAL,39,5,11.4,1.1,2.4,0.452,0.1,0.6,0.16,1.0,1.7,0.559,0.473,0.3,0.6,0.565,0.7,1.3,2.0,0.7,0.4,0.1,0.4,0.9,2.6,2021-22,3432761,4015844.840284161
kevin huerter,3365928,2021,SG,22,ATL,69,49,30.8,4.6,10.6,0.432,2.0,5.6,0.363,2.6,5.0,0.51,0.528,0.7,0.9,0.781,0.6,2.8,3.3,3.5,1.2,0.3,1.1,2.4,11.9,2021-22,3365928,3937659.683143681
alex caruso,3351401,2021,PG,26,LAL,58,6,21.0,2.3,5.3,0.436,0.9,2.4,0.401,1.3,2.9,0.464,0.526,0.8,1.3,0.645,0.5,2.4,2.9,2.8,1.1,0.3,1.3,1.9,6.4,2021-22,3351401,3920665.147842561
matisse thybulle,3304213,2021,SG,23,PHI,65,8,20.0,1.6,3.7,0.42,0.7,2.2,0.301,0.9,1.5,0.59,0.508,0.1,0.3,0.444,0.5,1.4,1.9,1.0,1.6,1.1,0.5,2.0,3.9,2021-22,3304213,3865461.8621132807
saddiq bey,3278182,2021,SF,21,DET,70,53,27.3,4.0,9.9,0.404,2.5,6.6,0.38,1.5,3.3,0.45,0.53,1.8,2.1,0.844,0.6,3.9,4.5,1.4,0.7,0.2,0.9,1.6,12.2,2021-22,3278182,3835009.2739379206
josh okogie,3230799,2021,SG,22,MIN,59,37,20.3,1.7,4.3,0.402,0.5,1.8,0.269,1.2,2.5,0.5,0.459,1.4,1.8,0.769,1.1,1.6,2.6,1.1,0.9,0.5,0.7,2.1,5.4,2021-22,3230799,3779577.8657894405
vincent poirier,3192005,2021,C,27,PHI,10,0,3.9,0.3,1.2,0.25,0.0,0.1,0.0,0.3,1.1,0.273,0.25,0.2,0.6,0.333,0.6,0.8,1.4,0.2,0.0,0.3,0.4,0.8,0.8,2021-22,3192005,3734194.3728128006
brandon clarke,3172156,2021,PF,24,MEM,59,16,24.0,4.3,8.4,0.517,0.3,1.3,0.26,4.0,7.1,0.565,0.537,1.3,1.9,0.69,1.6,3.9,5.6,1.6,1.0,0.9,0.6,1.4,10.3,2021-22,3172156,3710973.850255361
precious achiuwa,3146856,2021,PF,21,MIA,61,4,12.1,2.0,3.7,0.544,0.0,0.0,0.0,2.0,3.7,0.546,0.544,0.9,1.8,0.509,1.2,2.2,3.4,0.5,0.3,0.5,0.7,1.5,5.0,2021-22,3146856,3681376.4286873606
jeff green,3125642,2021,C,34,BRK,68,38,27.0,3.8,7.8,0.492,1.5,3.7,0.412,2.3,4.1,0.564,0.59,1.8,2.4,0.776,0.5,3.4,3.9,1.6,0.5,0.4,0.8,1.8,11.0,2021-22,3125642,3656559.0491955206
jared dudley,3125642,2021,PF,35,LAL,12,0,6.8,0.2,0.8,0.222,0.2,0.5,0.333,0.0,0.3,0.0,0.333,0.0,0.0,,0.3,1.4,1.8,0.4,0.1,0.1,0.2,0.6,0.5,2021-22,3125642,3656559.0491955206
marc gasol,3125642,2021,C,36,LAL,52,42,19.1,1.7,3.7,0.454,1.0,2.3,0.41,0.7,1.4,0.528,0.582,0.7,1.0,0.72,0.7,3.4,4.1,2.1,0.5,1.1,1.0,2.2,5.0,2021-22,3125642,3656559.0491955206
udonis haslem,3125642,2021,C,40,MIA,1,0,3.0,2.0,2.0,1.0,0.0,0.0,,2.0,2.0,1.0,1.0,0.0,0.0,,0.0,1.0,1.0,0.0,0.0,0.0,0.0,0.0,4.0,2021-22,3125642,3656559.0491955206
dwight howard,3125642,2021,C,35,PHI,69,6,17.3,2.6,4.4,0.587,0.1,0.3,0.25,2.5,4.1,0.611,0.596,1.8,3.0,0.576,2.8,5.7,8.4,0.9,0.4,0.9,1.6,2.9,7.0,2021-22,3125642,3656559.0491955206
grayson allen,3101959,2021,SG,25,MEM,50,38,25.2,3.5,8.3,0.418,2.1,5.5,0.391,1.3,2.8,0.471,0.547,1.6,1.8,0.868,0.4,2.8,3.2,2.2,0.9,0.2,1.0,1.4,10.6,2021-22,3101959,3628853.2889190405
grant williams,3045217,2021,PF,22,BOS,63,9,18.1,1.7,3.9,0.437,0.8,2.0,0.372,1.0,1.9,0.508,0.534,0.5,0.8,0.588,0.8,2.1,2.8,1.0,0.5,0.4,0.9,2.6,4.7,2021-22,3045217,3562473.1745075206
tyrese maxey,3020941,2021,SG,20,PHI,61,8,15.3,3.2,7.0,0.462,0.5,1.7,0.301,2.7,5.3,0.512,0.498,1.0,1.1,0.871,0.2,1.5,1.7,2.0,0.4,0.2,0.7,1.3,8.0,2021-22,3020941,3534073.6881049606
chandler hutchison,2977799,2021,SF,24,WAS,25,1,13.8,1.6,4.1,0.379,0.3,0.9,0.364,1.2,3.2,0.383,0.417,0.8,1.0,0.84,0.2,2.9,3.1,0.7,0.5,0.2,0.8,1.3,4.3,2021-22,2977799,3483603.6501094406
mfiondu kabengele,2964287,2021,PF,23,CLE,39,0,7.2,0.8,2.3,0.371,0.3,1.3,0.26,0.5,1.0,0.513,0.444,0.4,0.5,0.8,0.3,1.2,1.5,0.4,0.2,0.3,0.4,0.9,2.4,2021-22,2964287,3467796.5212467206
darius bazley,2923835,2021,PF,20,OKC,55,55,31.2,5.0,12.5,0.396,1.5,5.2,0.29,3.5,7.3,0.47,0.456,2.3,3.2,0.702,0.9,6.3,7.2,1.8,0.5,0.5,2.2,1.1,13.7,2021-22,2923835,3420473.4027776006
moritz wagner,2905256,2021,C,23,ORL,45,24,16.0,2.3,5.1,0.454,0.7,2.0,0.341,1.6,3.1,0.529,0.522,1.6,1.9,0.816,0.6,2.6,3.2,1.1,0.6,0.4,1.0,2.4,6.9,2021-22,2905256,3398738.6005913606
zeke nnaji,2900290,2021,PF,20,DEN,42,1,9.5,1.2,2.5,0.481,0.6,1.4,0.407,0.6,1.1,0.578,0.596,0.3,0.4,0.8,0.3,1.2,1.5,0.2,0.2,0.1,0.2,0.7,3.2,2021-22,2900290,3392929.0829824004
aaron holiday,2858611,2021,PG,24,IND,66,8,17.8,2.6,6.6,0.39,1.0,2.8,0.368,1.6,3.8,0.406,0.467,1.0,1.3,0.819,0.2,1.1,1.3,1.9,0.7,0.2,1.0,1.4,7.2,2021-22,2858611,3344170.5480601606
bryn forbes,2848258,2021,SG,27,MIL,70,10,19.3,3.6,7.6,0.473,2.2,4.9,0.452,1.4,2.7,0.511,0.618,0.7,0.9,0.77,0.2,1.4,1.6,0.6,0.3,0.0,0.6,1.1,10.0,2021-22,2848258,3332059.0023884806
reggie jackson,2841492,2021,SG,30,LAC,67,43,23.0,3.9,8.7,0.45,1.8,4.2,0.433,2.1,4.5,0.465,0.554,1.0,1.2,0.817,0.4,2.5,2.9,3.1,0.6,0.1,1.1,1.9,10.7,2021-22,2841492,3324143.7393715205
markieff morris,2841492,2021,PF,31,LAL,61,27,19.7,2.5,6.2,0.405,1.1,3.4,0.311,1.4,2.8,0.521,0.491,0.6,0.8,0.72,0.8,3.6,4.4,1.2,0.4,0.3,0.9,1.7,6.7,2021-22,2841492,3324143.7393715205
e'twaun moore,2841492,2021,SG,31,PHO,27,1,14.4,2.0,4.5,0.455,0.4,1.3,0.314,1.6,3.2,0.512,0.5,0.4,0.5,0.857,0.5,1.1,1.7,1.5,0.6,0.2,0.9,1.2,4.9,2021-22,2841492,3324143.7393715205
kent bazemore,2827417,2021,SF,31,GSW,67,18,19.9,2.6,5.9,0.449,1.1,2.7,0.408,1.5,3.1,0.486,0.545,0.8,1.2,0.692,0.4,3.0,3.4,1.6,1.0,0.5,1.2,2.4,7.2,2021-22,2827417,3307677.9801395205
hassan whiteside,2827417,2021,C,31,SAC,36,4,15.2,3.5,6.2,0.563,0.0,0.0,0.0,3.5,6.2,0.565,0.563,1.1,2.2,0.519,1.7,4.3,6.0,0.6,0.3,1.3,1.1,2.0,8.1,2021-22,2827417,3307677.9801395205
ty jerome,2806695,2021,SG,23,OKC,33,1,23.9,3.9,8.7,0.446,2.2,5.1,0.423,1.7,3.6,0.479,0.57,0.8,1.0,0.765,0.3,2.5,2.8,3.6,0.6,0.2,1.4,1.8,10.7,2021-22,2806695,3283436.1710592005
mike muscala,2782314,2021,C,29,OKC,35,0,18.4,3.4,7.6,0.446,1.9,5.3,0.37,1.5,2.4,0.614,0.573,0.9,1.0,0.917,0.5,3.2,3.8,0.8,0.2,0.3,0.6,1.5,9.7,2021-22,2782314,3254913.849507841
anfernee simons,2744541,2021,SG,21,POR,64,0,17.3,2.6,6.3,0.419,1.9,4.4,0.426,0.8,1.9,0.403,0.569,0.7,0.9,0.807,0.2,2.0,2.2,1.4,0.3,0.1,0.7,1.5,7.8,2021-22,2744541,3210724.7821209608
luke kornet,2742055,2021,C-PF,25,BOS,31,2,11.2,1.4,3.3,0.436,0.5,1.9,0.254,0.9,1.4,0.69,0.51,0.1,0.2,0.5,0.5,1.7,2.2,0.8,0.1,1.0,0.2,0.6,3.4,2021-22,2742055,3207816.513740801
brad wanamaker,2742055,2021,PG,31,CHO,61,0,17.3,1.9,4.9,0.385,0.3,1.4,0.188,1.6,3.5,0.463,0.411,1.5,1.7,0.891,0.3,1.4,1.7,2.9,0.7,0.2,1.2,1.5,5.5,2021-22,2742055,3207816.513740801
nassir little,2694088,2021,PF,20,POR,48,2,13.3,1.6,3.5,0.467,0.6,1.7,0.35,1.0,1.8,0.575,0.551,0.8,0.9,0.8,0.7,2.0,2.7,0.5,0.1,0.3,0.4,1.1,4.6,2021-22,2694088,3151701.9081932805
solomon hill,2649822,2021,PF,29,ATL,71,16,21.3,1.5,4.2,0.359,1.0,3.0,0.321,0.5,1.2,0.453,0.473,0.5,0.6,0.761,0.6,2.4,3.0,1.1,0.7,0.2,0.6,1.6,4.5,2021-22,2649822,3099916.9491763203
matthew dellavedova,2649822,2021,PG,30,CLE,13,1,17.2,1.1,4.3,0.25,0.3,1.9,0.16,0.8,2.4,0.323,0.286,0.3,0.3,1.0,0.5,1.4,1.8,4.5,0.3,0.1,0.5,1.6,2.8,2021-22,2649822,3099916.9491763203
edmond sumner,2632373,2021,SG,25,IND,53,24,16.2,2.8,5.3,0.525,0.7,1.7,0.398,2.1,3.7,0.582,0.587,1.3,1.6,0.819,0.3,1.4,1.8,0.9,0.6,0.2,1.0,1.7,7.5,2021-22,2632373,3079504.0871628807
anderson varejao,2610087,2021,C,38,CLE,5,0,7.2,0.8,3.2,0.25,0.0,0.2,0.0,0.8,3.0,0.267,0.25,1.0,1.8,0.556,1.4,2.6,4.0,0.6,0.0,0.4,0.2,0.6,2.6,2021-22,2610087,3053432.6192947207
dylan windler,2604879,2021,SF,24,CLE,31,0,16.5,1.8,4.2,0.438,0.8,2.5,0.338,1.0,1.7,0.585,0.538,0.7,0.9,0.778,0.6,2.8,3.5,1.1,0.6,0.4,1.0,1.2,5.2,2021-22,2604879,3047339.9959142404
immanuel quickley,2565979,2021,PG,21,NYK,64,3,19.4,3.6,9.1,0.395,1.8,4.7,0.389,1.7,4.3,0.401,0.497,2.4,2.7,0.891,0.4,1.8,2.1,2.0,0.5,0.2,0.9,1.8,11.4,2021-22,2565979,3001832.4979302404
john konchar,2559252,2021,SG,24,MEM,43,0,13.4,1.6,3.2,0.5,0.5,1.3,0.375,1.1,1.9,0.585,0.576,0.6,0.7,0.833,0.8,2.2,3.0,1.1,0.7,0.2,0.4,0.9,4.3,2021-22,2559252,2993962.859397121
landry shamet,2547113,2021,SG,23,BRK,61,12,23.0,3.0,7.5,0.408,2.1,5.5,0.387,0.9,2.0,0.463,0.549,1.1,1.3,0.846,0.2,1.7,1.8,1.6,0.5,0.2,0.8,1.5,9.3,2021-22,2547113,2979761.9463372803
jordan poole,2514501,2021,SG,21,GSW,51,7,19.4,4.0,9.3,0.432,1.9,5.4,0.351,2.1,3.9,0.545,0.535,2.1,2.3,0.882,0.3,1.5,1.8,1.9,0.5,0.2,1.0,1.7,12.0,2021-22,2514501,2941610.5189785603
bol bol,2508359,2021,PF,21,DEN,32,2,5.0,0.8,1.8,0.431,0.3,0.8,0.375,0.5,1.1,0.471,0.509,0.3,0.5,0.667,0.0,0.8,0.8,0.2,0.1,0.3,0.4,0.4,2.2,2021-22,2508359,2934425.2477030405
keldon johnson,2495928,2021,SF,21,SAS,69,67,28.5,4.9,10.2,0.479,0.9,2.6,0.331,4.0,7.6,0.531,0.522,2.1,2.8,0.74,1.3,4.6,6.0,1.8,0.6,0.3,1.1,2.1,12.8,2021-22,2495928,2919882.7359436806
payton pritchard,2481012,2021,SG,23,BOS,66,4,19.2,2.8,6.3,0.44,1.5,3.8,0.411,1.2,2.6,0.482,0.562,0.6,0.7,0.889,0.5,1.9,2.4,1.8,0.6,0.1,0.8,1.6,7.7,2021-22,2481012,2902433.1256627208
robert williams,2473846,2021,C,23,BOS,52,13,18.9,3.6,5.0,0.721,0.0,0.0,0.0,3.6,4.9,0.727,0.721,0.9,1.4,0.616,2.6,4.3,6.9,1.8,0.8,1.8,1.0,2.0,8.0,2021-22,2473846,2894049.9192217607
tyler johnson,2472230,2021,SG,28,BRK,39,3,17.5,1.8,4.7,0.393,1.2,3.4,0.364,0.6,1.3,0.471,0.525,0.5,0.5,0.857,0.2,1.8,2.0,1.2,0.4,0.0,0.4,1.1,5.4,2021-22,2472230,2892159.4277888006
bruno caboclo,2472230,2021,PF,25,HOU,6,0,6.0,1.3,2.8,0.471,0.0,0.8,0.0,1.3,2.0,0.667,0.471,0.2,0.3,0.5,0.5,1.8,2.3,0.2,0.0,0.3,0.7,1.0,2.8,2021-22,2472230,2892159.4277888006
langston galloway,2472230,2021,SG,29,PHO,40,0,11.0,1.7,3.7,0.449,0.9,2.1,0.424,0.8,1.6,0.484,0.571,0.6,0.6,0.957,0.2,0.9,1.1,0.7,0.2,0.0,0.3,0.6,4.8,2021-22,2472230,2892159.4277888006
gary clark,2459876,2021,PF-SF,26,PHI,39,11,16.8,1.0,3.4,0.303,0.8,2.8,0.287,0.2,0.6,0.375,0.42,0.2,0.3,0.8,0.8,2.1,2.9,0.8,0.3,0.2,0.4,0.9,3.1,2021-22,2459876,2877706.9951385604
damyean dotson,2437382,2021,SG,26,CLE,46,7,19.7,2.6,6.4,0.406,1.0,3.5,0.289,1.6,2.9,0.545,0.485,0.5,0.8,0.667,0.1,1.9,2.0,2.0,0.3,0.1,0.9,0.9,6.7,2021-22,2437382,2851392.1966899205
theo maledon,2437382,2021,PG,19,OKC,65,49,27.4,3.5,9.4,0.368,1.6,4.8,0.335,1.9,4.6,0.402,0.454,1.6,2.1,0.748,0.4,2.9,3.2,3.5,0.9,0.2,2.2,1.9,10.1,2021-22,2437382,2851392.1966899205
kenrich williams,2437382,2021,PF,26,OKC,66,13,21.6,3.3,6.2,0.533,0.8,1.8,0.444,2.5,4.5,0.568,0.596,0.5,1.0,0.571,1.3,2.9,4.1,2.3,0.8,0.3,1.2,2.2,8.0,2021-22,2437382,2851392.1966899205
quinn cook,2415018,2021,PG,27,CLE,23,0,6.8,1.3,3.0,0.426,0.5,1.1,0.423,0.8,1.8,0.429,0.507,0.3,0.3,0.875,0.1,0.7,0.7,0.8,0.2,0.0,0.3,0.4,3.3,2021-22,2415018,2825229.4798540804
cameron payne,2409366,2021,PG,26,PHO,60,1,18.0,3.2,6.6,0.484,1.2,2.8,0.44,2.0,3.8,0.515,0.576,0.8,0.9,0.893,0.3,2.1,2.4,3.6,0.6,0.3,1.0,1.6,8.4,2021-22,2409366,2818617.4392729606
udoka azubuike,2409352,2021,C,21,UTA,15,0,3.8,0.3,0.6,0.444,0.0,0.0,,0.3,0.6,0.444,0.444,0.5,0.7,0.8,0.3,0.6,0.9,0.0,0.1,0.3,0.2,0.6,1.1,2021-22,2409352,2818601.0612531207
jaden mcdaniels,2394436,2021,PF,20,MIN,63,27,24.0,2.6,5.8,0.447,1.1,3.1,0.364,1.5,2.7,0.544,0.545,0.4,0.7,0.6,0.8,2.9,3.7,1.1,0.6,1.0,0.7,2.7,6.8,2021-22,2394436,2801151.4509721603
malachi flynn,2377179,2021,PG,22,TOR,47,14,19.7,2.7,7.2,0.374,1.1,3.6,0.321,1.6,3.7,0.424,0.453,1.0,1.2,0.804,0.2,2.3,2.5,2.9,0.8,0.1,0.9,1.4,7.5,2021-22,2377179,2780963.2018022407
desmond bane,2359922,2021,SG,22,MEM,68,17,22.3,3.4,7.3,0.469,1.7,4.0,0.432,1.7,3.4,0.513,0.586,0.6,0.7,0.816,0.5,2.6,3.1,1.7,0.6,0.2,0.9,1.8,9.2,2021-22,2359922,2760774.9526323206
jontay porter,2315513,2021,PF,21,MEM,11,0,4.9,0.7,1.4,0.533,0.3,0.7,0.375,0.5,0.6,0.714,0.633,0.3,0.5,0.6,0.4,0.9,1.3,0.1,0.3,0.1,0.6,1.1,2.0,2021-22,2315513,2708822.7038412807
jahlil okafor,2294633,2021,C,25,DET,27,2,12.9,2.3,3.8,0.618,0.1,0.3,0.222,2.3,3.4,0.656,0.627,0.6,0.9,0.708,0.9,1.6,2.4,0.5,0.2,0.2,0.8,1.4,5.4,2021-22,2294633,2684396.0571084805
jakarr sampson,2294633,2021,PF,27,IND,29,4,10.9,1.9,3.9,0.496,0.1,0.5,0.2,1.8,3.4,0.541,0.509,0.7,1.0,0.655,0.9,1.7,2.7,0.1,0.1,0.5,0.5,1.8,4.6,2021-22,2294633,2684396.0571084805
raul neto,2294633,2021,PG,28,WAS,64,22,21.9,3.3,7.0,0.468,1.0,2.6,0.39,2.3,4.4,0.512,0.539,1.2,1.3,0.882,0.4,2.0,2.4,2.3,1.1,0.1,0.8,1.7,8.7,2021-22,2294633,2684396.0571084805
david nwaba,2222896,2021,SF,28,HOU,30,9,22.6,3.5,7.3,0.486,0.6,2.1,0.27,3.0,5.2,0.574,0.525,1.6,2.3,0.691,1.3,2.6,3.9,1.0,1.0,0.7,0.6,2.0,9.2,2021-22,2222896,2600473.9135897607
marquese chriss,2222896,2021,PF,23,GSW,2,0,13.5,2.5,7.0,0.357,0.5,2.5,0.2,2.0,4.5,0.444,0.393,1.0,2.0,0.5,1.5,5.0,6.5,1.0,0.0,1.0,1.0,1.5,6.5,2021-22,2222896,2600473.9135897607
georges niang,2173605,2021,PF,27,UTA,72,10,16.0,2.5,5.6,0.437,1.7,4.1,0.425,0.7,1.6,0.469,0.59,0.3,0.3,0.957,0.4,2.1,2.4,0.8,0.3,0.1,0.7,1.6,6.9,2021-22,2173605,2542810.4153088005
rodions kurucs,2169456,2021,SF-PF,22,MIL,21,0,6.0,0.5,1.5,0.344,0.3,1.0,0.286,0.2,0.5,0.455,0.438,0.1,0.2,0.75,0.2,0.9,1.1,0.5,0.4,0.2,0.6,0.8,1.5,2021-22,2169456,2537956.6721433606
pj dozier,2148304,2021,SG,24,DEN,50,6,21.8,3.0,7.1,0.417,0.9,3.0,0.315,2.0,4.1,0.49,0.483,0.8,1.3,0.636,0.7,2.9,3.6,1.8,0.6,0.4,0.9,1.7,7.7,2021-22,2148304,2513211.8238822403
damion lee,2148304,2021,SG,28,GSW,57,1,18.9,2.2,4.8,0.467,1.4,3.4,0.397,0.9,1.4,0.638,0.608,0.7,0.8,0.909,0.4,2.8,3.2,1.3,0.7,0.1,0.5,1.6,6.5,2021-22,2148304,2513211.8238822403
alfonzo mckinnie,2148304,2021,SF,28,LAL,39,0,6.6,1.2,2.4,0.516,0.4,1.0,0.41,0.8,1.4,0.593,0.602,0.3,0.5,0.556,0.6,0.8,1.4,0.2,0.2,0.0,0.1,0.7,3.1,2021-22,2148304,2513211.8238822403
furkan korkmaz,2148304,2021,SG,23,PHI,55,11,19.3,3.1,7.7,0.401,1.8,4.9,0.375,1.3,2.8,0.445,0.52,1.1,1.5,0.732,0.3,1.7,2.1,1.5,0.9,0.2,0.8,1.2,9.1,2021-22,2148304,2513211.8238822403
semi ojeleye,2136305,2021,PF,26,BOS,56,15,17.0,1.6,3.9,0.403,1.0,2.8,0.367,0.6,1.1,0.492,0.534,0.4,0.6,0.75,0.6,2.1,2.6,0.7,0.3,0.0,0.4,1.0,4.6,2021-22,2136305,2499174.6910208003
abdel nader,2136305,2021,SF,27,PHO,24,0,14.8,2.4,4.8,0.491,0.8,1.8,0.419,1.6,3.0,0.534,0.569,1.2,1.5,0.757,0.3,2.3,2.6,0.8,0.4,0.4,0.8,1.4,6.7,2021-22,2136305,2499174.6910208003
thon maker,2117043,2021,C,23,CLE,8,0,9.5,1.3,2.3,0.556,0.0,0.3,0.0,1.3,2.0,0.625,0.556,1.3,1.4,0.909,1.0,1.3,2.3,0.5,0.3,0.5,0.4,0.9,3.8,2021-22,2117043,2476640.8754380806
willy hernangomez,2117043,2021,C,26,NOP,47,12,18.0,3.2,5.7,0.563,0.0,0.2,0.1,3.2,5.5,0.581,0.565,1.3,2.0,0.667,2.5,4.6,7.1,1.1,0.5,0.5,0.7,1.4,7.8,2021-22,2117043,2476640.8754380806
frank kaminsky,2117043,2021,C,27,PHO,47,13,15.2,2.6,5.5,0.471,0.7,1.8,0.365,1.9,3.7,0.523,0.531,0.8,1.3,0.617,0.8,3.2,4.0,1.7,0.3,0.4,0.5,1.5,6.6,2021-22,2117043,2476640.8754380806
monte morris,2100666,2021,PG,25,DEN,47,13,25.4,4.0,8.2,0.481,1.1,2.9,0.381,2.9,5.4,0.534,0.547,1.2,1.6,0.795,0.2,1.8,2.0,3.2,0.7,0.3,0.7,1.0,10.2,2021-22,2100666,2457482.1018009605
brandon goodwin,2073716,2021,PG,25,ATL,47,5,13.2,1.8,4.7,0.377,0.7,2.2,0.311,1.1,2.6,0.433,0.448,0.6,0.9,0.651,0.2,1.3,1.5,2.0,0.4,0.0,0.8,0.9,4.9,2021-22,2073716,2425954.4136089603
thanasis antetokounmpo,2073716,2021,SF,28,MIL,57,3,9.7,1.2,2.4,0.489,0.1,0.5,0.241,1.1,1.9,0.556,0.515,0.4,0.9,0.51,0.9,1.2,2.2,0.8,0.4,0.2,0.8,1.3,2.9,2021-22,2073716,2425954.4136089603
shake milton,2073716,2021,SG,24,PHI,63,4,23.2,4.8,10.6,0.45,1.1,3.2,0.35,3.6,7.4,0.494,0.503,2.3,2.8,0.83,0.5,1.8,2.3,3.1,0.6,0.3,1.6,2.1,13.0,2021-22,2073716,2425954.4136089603
ignas brazdeikis,2055097,2021,SF,22,ORL,13,0,19.2,2.7,6.4,0.422,0.8,2.2,0.393,1.8,4.2,0.436,0.488,0.8,1.1,0.714,0.8,2.6,3.5,1.3,0.3,0.2,0.9,1.7,7.0,2021-22,2055097,2404172.8170803203
sterling brown,2046005,2021,SG,25,HOU,51,14,24.1,2.9,6.6,0.448,1.8,4.2,0.423,1.2,2.4,0.492,0.584,0.5,0.6,0.806,0.7,3.6,4.4,1.4,0.7,0.2,0.8,1.9,8.2,2021-22,2046005,2393536.4630528004
dwayne bacon,2046005,2021,SG,25,ORL,72,50,25.7,4.1,10.1,0.402,0.8,2.9,0.285,3.2,7.2,0.449,0.443,2.0,2.4,0.824,0.4,2.7,3.1,1.3,0.6,0.1,0.6,1.4,10.9,2021-22,2046005,2393536.4630528004
torrey craig,2046005,2021,SF,30,PHO,50,8,16.1,2.2,4.5,0.48,0.8,2.1,0.368,1.4,2.4,0.579,0.566,0.3,0.4,0.773,1.1,2.8,3.9,1.0,0.6,0.5,0.5,1.7,5.5,2021-22,2046005,2393536.4630528004
bruce brown,2027733,2021,PG,24,BRK,65,37,22.3,3.6,6.5,0.556,0.3,0.9,0.288,3.4,5.6,0.599,0.576,1.3,1.8,0.735,1.7,3.7,5.4,1.6,0.9,0.4,0.8,2.2,8.8,2021-22,2027733,2372160.8074444802
jalen brunson,2027733,2021,PG,24,DAL,68,12,25.0,4.8,9.2,0.523,1.2,2.9,0.405,3.6,6.3,0.578,0.588,1.8,2.2,0.795,0.4,3.0,3.4,3.5,0.5,0.0,1.2,1.6,12.6,2021-22,2027733,2372160.8074444802
hamidou diallo,2027733,2021,SG-SF,22,DET,52,9,23.6,4.3,9.0,0.477,0.5,1.6,0.341,3.8,7.5,0.505,0.506,2.5,3.8,0.64,1.1,4.1,5.2,1.9,0.8,0.5,1.5,2.6,11.6,2021-22,2027733,2372160.8074444802
duncan robinson,2027733,2021,SF,26,MIA,72,72,31.4,4.4,10.0,0.439,3.5,8.5,0.408,0.9,1.4,0.625,0.614,0.9,1.0,0.827,0.1,3.4,3.5,1.8,0.6,0.3,1.1,2.5,13.1,2021-22,2027733,2372160.8074444802
kendrick nunn,2027733,2021,PG,25,MIA,56,44,29.5,5.7,11.8,0.485,2.2,5.7,0.381,3.5,6.0,0.583,0.578,1.0,1.1,0.933,0.4,2.8,3.2,2.6,0.9,0.3,1.4,1.9,14.6,2021-22,2027733,2372160.8074444802
jarred vanderbilt,2027733,2021,PF,21,MIN,64,30,17.8,2.2,3.7,0.606,0.0,0.1,0.2,2.2,3.6,0.615,0.608,0.9,1.6,0.559,1.8,3.9,5.8,1.2,1.0,0.7,0.8,1.9,5.4,2021-22,2027733,2372160.8074444802
mitchell robinson,2027733,2021,C,22,NYK,31,29,27.5,3.7,5.7,0.653,0.0,0.0,,3.7,5.7,0.653,0.653,0.8,1.7,0.491,3.6,4.5,8.1,0.5,1.1,1.5,0.8,2.8,8.3,2021-22,2027733,2372160.8074444802
isaac bonga,2027733,2021,SF,21,WAS,40,8,10.8,0.8,2.0,0.37,0.3,1.2,0.277,0.4,0.9,0.5,0.451,0.1,0.2,0.625,0.5,1.2,1.7,0.6,0.3,0.2,0.6,1.6,2.0,2021-22,2027733,2372160.8074444802
isaiah hartenstein,1974967,2021,C,22,CLE,46,2,12.2,2.0,3.7,0.55,0.0,0.1,0.333,2.0,3.6,0.558,0.556,1.0,1.5,0.648,1.4,2.5,3.9,1.2,0.4,0.8,1.0,2.3,5.1,2021-22,1974967,2310432.0506675206
wenyen gabriel,1974967,2021,PF,23,NOP,21,0,11.5,1.1,2.9,0.4,0.6,1.5,0.406,0.5,1.3,0.393,0.508,0.5,0.8,0.647,1.0,1.6,2.6,0.5,0.4,0.4,0.7,1.5,3.4,2021-22,1974967,2310432.0506675206
harry giles,1974967,2021,C,22,POR,38,0,9.2,1.1,2.6,0.433,0.2,0.6,0.348,0.9,1.9,0.459,0.474,0.4,0.7,0.593,0.8,2.7,3.5,0.8,0.2,0.3,0.5,1.4,2.8,2021-22,1974967,2310432.0506675206
drew eubanks,1974967,2021,C,23,SAS,54,3,14.0,2.1,3.8,0.566,0.0,0.0,1.0,2.1,3.8,0.562,0.571,1.4,2.0,0.726,1.4,3.1,4.5,0.8,0.3,0.9,0.8,1.6,5.8,2021-22,1974967,2310432.0506675206
bruno fernando,1849950,2021,C,22,ATL,33,0,6.8,0.5,1.3,0.409,0.0,0.1,0.0,0.5,1.3,0.429,0.409,0.5,0.7,0.682,0.5,1.9,2.4,0.3,0.1,0.1,0.6,0.7,1.5,2021-22,1849950,2164179.8430720004
carsen edwards,1849950,2021,SG,22,BOS,31,1,8.9,1.5,3.6,0.423,0.6,2.0,0.286,0.9,1.5,0.604,0.505,0.4,0.4,0.846,0.1,0.7,0.8,0.5,0.2,0.0,0.2,0.8,4.0,2021-22,1849950,2164179.8430720004
cody martin,1849950,2021,SF,25,CHO,52,10,16.3,1.6,3.6,0.441,0.3,1.1,0.276,1.3,2.5,0.515,0.484,0.5,0.8,0.581,1.0,2.1,3.1,1.7,0.7,0.2,0.8,1.0,4.0,2021-22,1849950,2164179.8430720004
caleb martin,1849950,2021,SF,25,CHO,53,3,15.4,1.8,4.8,0.375,0.6,2.4,0.248,1.2,2.5,0.496,0.436,0.8,1.2,0.641,0.6,2.1,2.7,1.3,0.7,0.2,0.6,1.2,5.0,2021-22,1849950,2164179.8430720004
jalen mcdaniels,1849950,2021,SF,23,CHO,47,18,19.2,2.8,6.0,0.468,0.7,2.2,0.333,2.1,3.8,0.547,0.53,1.0,1.4,0.703,1.0,2.6,3.6,1.1,0.6,0.4,1.0,2.0,7.4,2021-22,1849950,2164179.8430720004
javonte green,1849950,2021,SF-SG,27,CHI,41,2,11.5,1.3,2.5,0.52,0.2,0.7,0.333,1.0,1.8,0.597,0.569,0.7,1.0,0.75,0.6,1.1,1.7,0.4,0.7,0.1,0.5,1.1,3.6,2021-22,1849950,2164179.8430720004
dean wade,1849950,2021,PF,24,CLE,63,19,19.2,2.1,4.9,0.431,1.2,3.4,0.366,0.9,1.6,0.571,0.556,0.5,0.6,0.769,0.6,2.8,3.4,1.2,0.6,0.3,0.5,1.2,6.0,2021-22,1849950,2164179.8430720004
vlatko cancar,1849950,2021,PF,23,DEN,41,1,6.9,0.8,1.8,0.458,0.2,0.8,0.273,0.6,1.0,0.615,0.521,0.2,0.3,0.769,0.3,1.0,1.2,0.3,0.3,0.0,0.3,0.4,2.1,2021-22,1849950,2164179.8430720004
eric paschall,1849950,2021,PF,24,GSW,40,2,17.4,3.7,7.5,0.497,0.5,1.4,0.333,3.3,6.1,0.533,0.527,1.7,2.4,0.713,0.7,2.5,3.2,1.3,0.3,0.2,1.1,1.7,9.5,2021-22,1849950,2164179.8430720004
alen smailagic,1849950,2021,PF,20,GSW,15,1,5.6,0.7,1.8,0.407,0.3,0.7,0.4,0.5,1.1,0.412,0.481,0.1,0.4,0.333,0.4,0.7,1.1,0.3,0.2,0.3,0.3,0.7,1.9,2021-22,1849950,2164179.8430720004
mychal mulder,1849950,2021,PG,26,GSW,60,6,12.8,2.0,4.4,0.449,1.4,3.6,0.397,0.6,0.9,0.667,0.609,0.2,0.4,0.636,0.1,0.9,1.0,0.4,0.2,0.2,0.3,0.9,5.6,2021-22,1849950,2164179.8430720004
jalen lecque,1849950,2021,PG,20,IND,4,0,3.0,0.3,2.3,0.111,0.0,0.3,0.0,0.3,2.0,0.125,0.111,0.8,0.8,1.0,0.5,0.8,1.3,0.5,0.0,0.0,0.0,0.0,1.3,2021-22,1849950,2164179.8430720004
terance mann,1849950,2021,SG,24,LAC,67,10,18.9,2.7,5.2,0.509,0.6,1.4,0.418,2.1,3.9,0.541,0.563,1.2,1.4,0.83,0.8,2.8,3.6,1.6,0.4,0.2,0.6,1.9,7.0,2021-22,1849950,2164179.8430720004
talen horton-tucker,1849950,2021,SG,20,LAL,65,4,20.1,3.4,7.5,0.458,0.6,2.0,0.282,2.9,5.5,0.522,0.496,1.5,2.0,0.775,0.4,2.2,2.6,2.8,1.0,0.3,1.6,2.0,9.0,2021-22,1849950,2164179.8430720004
kz okpala,1849950,2021,PF,21,MIA,37,9,12.1,1.0,2.6,0.375,0.3,1.4,0.24,0.6,1.2,0.522,0.438,0.2,0.4,0.533,0.6,1.3,1.8,0.5,0.3,0.3,0.4,1.6,2.5,2021-22,1849950,2164179.8430720004
naz reid,1849950,2021,C,21,MIN,70,15,19.2,4.3,8.3,0.523,0.9,2.5,0.351,3.5,5.8,0.597,0.576,1.6,2.4,0.693,1.2,3.4,4.6,1.0,0.5,1.1,1.0,2.6,11.2,2021-22,1849950,2164179.8430720004
jaylen nowell,1849950,2021,SG,21,MIN,42,0,18.1,3.4,8.0,0.424,1.2,3.6,0.333,2.2,4.4,0.497,0.499,1.1,1.3,0.818,0.5,1.8,2.3,1.5,0.5,0.3,0.7,1.7,9.0,2021-22,1849950,2164179.8430720004
luguentz dort,1849950,2021,SG,21,OKC,52,52,29.7,4.8,12.3,0.387,2.2,6.3,0.343,2.6,6.0,0.432,0.475,2.3,3.2,0.744,0.7,2.9,3.6,1.7,0.9,0.4,1.5,2.6,14.0,2021-22,1849950,2164179.8430720004
isaiah roby,1849950,2021,PF,22,OKC,61,34,23.4,3.4,7.0,0.483,0.5,1.8,0.294,2.9,5.2,0.547,0.52,1.4,1.9,0.744,1.5,4.1,5.6,1.8,0.9,0.6,1.9,2.7,8.7,2021-22,1849950,2164179.8430720004
justin james,1849950,2021,SF,24,SAC,36,0,8.6,1.4,3.1,0.468,0.4,1.1,0.368,1.1,2.0,0.521,0.532,0.6,1.0,0.583,0.3,0.6,0.8,0.6,0.2,0.1,0.4,0.6,3.9,2021-22,1849950,2164179.8430720004
terence davis,1849950,2021,SG,23,SAC,61,4,17.6,3.2,7.5,0.428,1.6,4.4,0.367,1.6,3.1,0.513,0.535,0.7,0.9,0.818,0.3,2.2,2.5,1.4,0.7,0.2,1.0,1.6,8.7,2021-22,1849950,2164179.8430720004
chris silva,1849950,2021,PF,24,SAC,15,0,6.1,0.7,1.1,0.625,0.1,0.1,1.0,0.6,1.0,0.6,0.656,0.7,1.0,0.733,0.5,1.3,1.8,0.4,0.1,0.4,0.7,1.6,2.1,2021-22,1849950,2164179.8430720004
matt thomas,1849950,2021,SG,26,UTA,45,0,7.2,1.1,2.8,0.394,0.6,1.8,0.338,0.5,1.0,0.489,0.5,0.3,0.3,0.857,0.2,0.8,1.0,0.4,0.1,0.0,0.3,0.4,3.1,2021-22,1849950,2164179.8430720004
miye oni,1849950,2021,SG,23,UTA,54,0,9.6,0.6,1.8,0.354,0.6,1.6,0.341,0.1,0.2,0.455,0.505,0.1,0.1,0.833,0.4,1.1,1.6,0.5,0.2,0.1,0.3,1.1,1.9,2021-22,1849950,2164179.8430720004
juwan morgan,1849950,2021,PF,23,UTA,29,0,5.1,0.5,1.0,0.467,0.1,0.4,0.308,0.3,0.6,0.588,0.533,0.1,0.2,0.429,0.3,0.7,1.0,0.3,0.1,0.0,0.1,0.7,1.2,2021-22,1849950,2164179.8430720004
daniel gafford,1849950,2021,PF-C,22,WAS,54,11,14.6,2.9,4.2,0.684,0.0,0.0,,2.9,4.2,0.684,0.684,1.3,2.0,0.667,1.7,2.5,4.3,0.5,0.5,1.4,0.8,1.8,7.0,2021-22,1849950,2164179.8430720004
damian jones,1812540,2021,C,25,SAC,39,10,14.0,1.8,2.6,0.68,0.0,0.1,0.2,1.8,2.5,0.704,0.684,1.1,1.5,0.724,0.9,2.2,3.1,0.7,0.3,0.7,0.7,2.0,4.7,2021-22,1812540,2120415.4343424
jae'sean tate,1761858,2021,SF,25,HOU,70,58,29.2,4.5,8.9,0.506,0.9,2.8,0.308,3.7,6.1,0.595,0.554,1.5,2.1,0.694,1.9,3.5,5.3,2.5,1.2,0.5,1.4,3.2,11.3,2021-22,1761858,2061124.6628044804
daquan jeffries,1761858,2021,SG,23,HOU,31,5,15.9,1.6,3.9,0.417,0.6,2.2,0.299,1.0,1.7,0.566,0.5,0.2,0.3,0.875,0.6,1.7,2.3,0.7,0.5,0.3,0.5,1.5,4.1,2021-22,1761858,2061124.6628044804
kelan martin,1761858,2021,SF,25,IND,35,0,9.2,1.8,3.9,0.449,0.7,1.7,0.4,1.1,2.2,0.487,0.536,0.3,0.3,0.9,0.5,1.7,2.2,0.5,0.3,0.3,0.5,1.0,4.5,2021-22,1761858,2061124.6628044804
paul watson,1761858,2021,SF,26,TOR,27,2,11.0,1.4,3.0,0.463,1.1,2.4,0.469,0.3,0.7,0.444,0.646,0.2,0.3,0.625,0.1,1.5,1.7,0.6,0.2,0.1,0.3,1.3,4.1,2021-22,1761858,2061124.6628044804
tyrell terry,1571924,2021,PG,20,DAL,11,0,5.1,0.5,1.5,0.313,0.0,0.6,0.0,0.5,0.8,0.556,0.313,0.1,0.3,0.333,0.0,0.5,0.5,0.5,0.5,0.0,0.2,0.2,1.0,2021-22,1571924,1838928.7470694403
oshae brissett,1530058,2021,SF,22,IND,21,16,24.7,3.5,7.2,0.483,1.6,3.7,0.423,1.9,3.5,0.548,0.593,2.4,3.1,0.769,1.4,4.1,5.5,0.9,0.9,1.0,0.5,1.5,10.9,2021-22,1530058,1789951.4485964803
moses brown,1523364,2021,C,21,OKC,43,32,21.4,3.4,6.2,0.545,0.0,0.0,,3.4,6.2,0.545,0.545,1.8,2.9,0.619,3.6,5.3,8.9,0.2,0.7,1.1,1.0,2.2,8.6,2021-22,1523364,1782120.4153958403
sindarius thornwell,1506167,2021,SG,26,ORL,21,1,10.3,0.7,2.2,0.326,0.3,1.1,0.304,0.4,1.1,0.348,0.402,0.2,0.4,0.5,0.1,0.7,0.9,1.0,0.6,0.1,0.3,0.7,2.0,2021-22,1506167,1762002.3577395203
ersan ilyasova,1455778,2021,PF,33,UTA,17,1,8.7,1.2,3.2,0.389,1.1,2.4,0.439,0.2,0.8,0.231,0.556,0.3,0.3,1.0,0.4,1.3,1.7,0.2,0.6,0.2,0.5,1.7,3.8,2021-22,1455778,1703054.3547596803
glenn robinson iii,1420167,2021,SF,27,SAC,23,2,16.0,1.8,4.3,0.424,0.7,1.9,0.364,1.1,2.4,0.473,0.505,0.9,1.0,0.913,0.5,1.5,2.0,0.9,0.2,0.1,0.5,1.0,5.3,2021-22,1420167,1661394.5215795203
khyri thomas,1293376,2021,SG,24,HOU,5,2,30.6,6.4,13.2,0.485,1.8,5.4,0.333,4.6,7.8,0.59,0.553,1.8,1.8,1.0,1.4,2.2,3.6,5.0,1.8,1.2,1.2,1.6,16.4,2021-22,1293376,1513066.9848985602
norvel pelle,1236854,2021,C,27,NYK,13,0,6.5,0.6,1.2,0.533,0.0,0.0,,0.6,1.2,0.533,0.533,0.3,0.5,0.667,0.5,1.0,1.5,0.2,0.1,0.7,0.2,1.1,1.5,2021-22,1236854,1446944.2393702404
nick richards,1218691,2021,PF,23,CHO,18,0,3.5,0.2,0.5,0.444,0.0,0.1,0.0,0.2,0.4,0.5,0.444,0.4,0.6,0.636,0.2,0.4,0.6,0.1,0.0,0.0,0.2,0.4,0.8,2021-22,1218691,1425696.0983449602
lamar stevens,1218691,2021,PF,23,CLE,40,0,12.5,1.6,3.4,0.456,0.1,0.6,0.16,1.5,2.8,0.523,0.471,0.9,1.3,0.725,0.6,1.8,2.4,0.6,0.4,0.3,0.6,1.3,4.1,2021-22,1218691,1425696.0983449602
jahmi'us ramsey,1218691,2021,SG,19,SAC,13,0,7.2,1.2,2.9,0.395,0.4,1.5,0.263,0.8,1.5,0.526,0.461,0.4,0.4,1.0,0.2,0.6,0.8,0.5,0.3,0.1,0.2,0.6,3.1,2021-22,1218691,1425696.0983449602
juan toscano-anderson,1150399,2021,SG,27,GSW,53,16,20.9,2.3,3.9,0.579,0.7,1.7,0.402,1.6,2.2,0.718,0.667,0.4,0.6,0.71,0.5,3.9,4.4,2.8,0.8,0.5,1.2,2.1,5.7,2021-22,1150399,1345804.1175654402
shaquille harrison,1115160,2021,SG,27,DEN,34,0,9.8,0.8,2.3,0.333,0.1,0.5,0.188,0.7,1.8,0.371,0.353,0.5,0.6,0.818,0.2,1.2,1.4,0.7,0.5,0.1,0.3,1.0,2.1,2021-22,1115160,1304579.4717696002
chimezie metu,1110099,2021,C,23,SAC,36,6,13.6,2.5,5.0,0.508,0.4,1.0,0.351,2.2,3.9,0.549,0.545,0.9,1.2,0.721,0.9,2.3,3.1,0.8,0.4,0.5,0.8,1.6,6.3,2021-22,1110099,1298658.8175974402
deividas sirvydis,1094762,2021,SG,20,DET,20,0,6.7,0.7,2.0,0.35,0.5,1.4,0.357,0.2,0.6,0.333,0.475,0.2,0.3,0.5,0.0,1.5,1.5,0.3,0.1,0.0,0.3,0.5,2.1,2021-22,1094762,1280716.6968627202
daniel oturu,1094762,2021,C,21,LAC,30,0,5.4,0.7,1.7,0.423,0.0,0.2,0.2,0.7,1.6,0.447,0.433,0.3,0.4,0.75,0.7,0.9,1.6,0.3,0.1,0.2,0.3,0.8,1.8,2021-22,1094762,1280716.6968627202
jordan nwora,1094762,2021,SF,22,MIL,30,2,9.1,2.1,4.5,0.459,0.9,2.1,0.452,1.1,2.4,0.466,0.563,0.6,0.8,0.76,0.3,1.7,2.0,0.2,0.5,0.2,0.8,0.7,5.7,2021-22,1094762,1280716.6968627202
sam merrill,1094762,2021,SG,24,MIL,30,2,7.8,1.1,2.4,0.444,0.7,1.6,0.447,0.4,0.8,0.44,0.59,0.1,0.1,1.0,0.2,0.8,1.0,0.7,0.3,0.0,0.3,0.6,3.0,2021-22,1094762,1280716.6968627202
isaiah joe,1094762,2021,SG,21,PHI,41,1,9.3,1.2,3.2,0.361,1.0,2.6,0.368,0.2,0.7,0.333,0.508,0.4,0.6,0.75,0.1,0.7,0.9,0.5,0.3,0.1,0.3,0.8,3.7,2021-22,1094762,1280716.6968627202
cj elleby,1094762,2021,SF,20,POR,30,0,6.4,0.8,2.2,0.379,0.2,1.1,0.206,0.6,1.1,0.563,0.432,0.4,0.5,0.733,0.4,0.7,1.1,0.3,0.2,0.1,0.2,0.9,2.3,2021-22,1094762,1280716.6968627202
tre jones,1094762,2021,PG,21,SAS,37,1,7.3,1.0,2.1,0.474,0.1,0.1,0.6,0.9,2.0,0.466,0.494,0.5,0.5,0.895,0.2,0.4,0.6,1.1,0.2,0.0,0.4,0.4,2.5,2021-22,1094762,1280716.6968627202
elijah hughes,1094762,2021,SF,22,UTA,18,0,3.6,0.6,1.7,0.333,0.4,1.3,0.348,0.1,0.4,0.286,0.467,0.2,0.2,0.75,0.1,0.4,0.5,0.3,0.1,0.1,0.3,0.1,1.7,2021-22,1094762,1280716.6968627202
anthony gill,1094762,2021,PF,28,WAS,26,4,8.4,1.2,2.3,0.5,0.3,0.9,0.292,0.9,1.4,0.639,0.558,0.5,0.6,0.813,0.6,1.3,2.0,0.4,0.4,0.2,0.3,1.0,3.1,2021-22,1094762,1280716.6968627202
iman shumpert,978662,2021,SG,30,BRK,2,0,5.5,0.5,2.0,0.25,0.0,1.5,0.0,0.5,0.5,1.0,0.25,0.0,0.0,,0.5,0.0,0.5,0.0,0.5,0.0,0.5,0.0,1.0,2021-22,978662,1144896.1180467203
theo pinson,977612,2021,SG,25,NYK,17,0,2.0,0.1,0.5,0.111,0.0,0.5,0.0,0.1,0.1,1.0,0.111,0.0,0.0,,0.0,0.3,0.3,0.1,0.0,0.0,0.1,0.2,0.1,2021-22,977612,1143667.7665587203
yuta watanabe,899389,2021,SF,26,TOR,50,4,14.5,1.6,3.6,0.439,0.7,1.8,0.4,0.9,1.8,0.478,0.539,0.5,0.6,0.828,0.7,2.5,3.2,0.8,0.5,0.4,0.4,1.1,4.4,2021-22,899389,1052157.9204198401
tremont waters,868047,2021,PG,23,BOS,26,3,9.2,1.3,3.2,0.405,0.6,1.5,0.395,0.7,1.8,0.413,0.494,0.6,0.7,0.941,0.2,0.6,0.8,2.4,0.6,0.0,1.0,0.7,3.8,2021-22,868047,1015492.2134323202
frank jackson,852004,2021,PG,22,DET,40,6,18.5,3.4,7.3,0.457,1.5,3.8,0.407,1.8,3.6,0.51,0.561,1.5,1.9,0.813,0.4,1.8,2.2,0.9,0.4,0.0,0.9,1.3,9.8,2021-22,852004,996724.1725542402
rayjon tucker,845473,2021,PG,23,PHI,14,0,4.9,0.6,1.3,0.5,0.1,0.5,0.286,0.5,0.8,0.636,0.556,1.0,1.4,0.737,0.1,0.7,0.8,0.4,0.1,0.0,0.3,0.6,2.4,2021-22,845473,989083.8262988802
tyler cook,844724,2021,SF-PF,23,DET,32,1,13.7,2.2,3.2,0.67,0.0,0.1,0.5,2.1,3.2,0.673,0.675,0.5,1.1,0.486,0.9,2.1,3.0,0.5,0.3,0.1,0.7,1.1,4.9,2021-22,844724,988207.6022374402
garrison mathews,838523,2021,SG,24,WAS,64,24,16.2,1.5,3.7,0.409,1.2,3.1,0.384,0.3,0.6,0.538,0.57,1.3,1.5,0.884,0.3,1.1,1.4,0.4,0.5,0.1,0.2,1.7,5.5,2021-22,838523,980953.3093068802
gabe vincent,805250,2021,PG,24,MIA,50,7,13.1,1.8,4.7,0.378,0.9,3.0,0.309,0.8,1.7,0.5,0.476,0.4,0.5,0.87,0.2,0.9,1.1,1.3,0.4,0.0,0.7,1.6,4.8,2021-22,805250,942028.6054400002
tacko fall,796931,2021,C,25,BOS,19,0,7.2,1.1,1.5,0.724,0.0,0.0,,1.1,1.5,0.724,0.724,0.3,0.8,0.333,0.8,1.9,2.7,0.2,0.1,1.1,0.3,1.2,2.5,2021-22,796931,932296.5520793601
max strus,788612,2021,SF,24,MIA,39,0,13.0,2.2,4.8,0.455,1.3,3.8,0.338,0.9,1.0,0.897,0.588,0.4,0.6,0.667,0.1,0.9,1.1,0.6,0.3,0.1,0.2,1.1,6.1,2021-22,788612,922564.4987187202
alize johnson,757522,2021,PF,24,BRK,18,0,10.5,2.2,3.8,0.588,0.1,0.3,0.167,2.2,3.4,0.629,0.596,0.7,0.7,1.0,1.5,3.5,5.0,0.8,0.3,0.3,0.5,0.9,5.2,2021-22,757522,886193.5960883201
anthony tolliver,749297,2021,PF,35,PHI,11,0,9.0,0.4,1.5,0.235,0.4,1.3,0.286,0.0,0.3,0.0,0.353,0.5,0.5,0.833,0.3,0.6,0.9,0.2,0.3,0.2,0.3,0.6,1.5,2021-22,749297,876571.5094323201
paul reed,742339,2021,PF,21,PHI,26,0,6.8,1.6,3.0,0.538,0.0,0.2,0.0,1.6,2.8,0.583,0.538,0.2,0.3,0.5,1.2,1.2,2.3,0.5,0.4,0.5,0.5,1.1,3.4,2021-22,742339,868431.6335718401
tim frazier,728123,2021,PG,30,MEM,5,0,12.4,0.6,4.0,0.15,0.0,1.6,0.0,0.6,2.4,0.25,0.15,0.4,1.2,0.333,0.0,1.6,1.6,3.2,0.4,0.2,0.8,1.4,1.6,2021-22,728123,851800.9242828802
jordan bell,721913,2021,C,26,GSW,6,1,13.7,1.2,3.7,0.318,0.0,0.3,0.0,1.2,3.3,0.35,0.318,0.2,0.3,0.5,1.2,2.8,4.0,1.2,0.5,0.8,0.7,1.2,2.5,2021-22,721913,844536.1026252802
amir coffey,705429,2021,SG,23,LAC,44,1,9.0,1.0,2.3,0.437,0.5,1.3,0.411,0.5,1.1,0.468,0.549,0.6,0.9,0.711,0.2,0.8,1.0,0.5,0.2,0.0,0.3,0.7,3.2,2021-22,705429,825252.1541222401
naji marshall,656132,2021,SF,23,NOP,32,10,21.9,2.6,6.5,0.392,0.9,2.6,0.349,1.7,3.9,0.421,0.462,1.7,2.3,0.707,0.5,4.2,4.6,2.8,0.8,0.3,1.2,1.8,7.7,2021-22,656132,767581.6366899201
kyle guy,655519,2021,PG,23,SAC,31,0,7.6,0.9,2.8,0.33,0.4,1.5,0.283,0.5,1.4,0.381,0.403,0.5,0.6,0.8,0.2,1.0,1.1,1.0,0.2,0.0,0.4,0.6,2.8,2021-22,655519,766864.5133926402
markus howard,652358,2021,SG,21,DEN,37,1,5.5,1.1,2.9,0.377,0.5,1.8,0.277,0.6,1.1,0.537,0.462,0.2,0.2,0.778,0.0,0.5,0.6,0.5,0.1,0.0,0.5,0.6,2.8,2021-22,652358,763166.5904844801
skylar mays,648609,2021,SG,23,ATL,33,0,8.2,1.3,3.0,0.449,0.4,1.2,0.35,0.9,1.8,0.517,0.52,0.7,0.8,0.88,0.3,0.8,1.1,0.9,0.4,0.1,0.3,0.5,3.8,2021-22,648609,758780.7907430402
mamadi diakite,645103,2021,PF,24,MIL,14,1,10.1,1.1,2.9,0.4,0.1,0.6,0.125,1.1,2.3,0.469,0.413,0.8,1.0,0.786,0.6,1.9,2.4,0.6,0.5,0.4,0.2,1.1,3.1,2021-22,645103,754679.2666316802
nathan knight,637362,2021,PF,23,ATL,33,0,8.5,1.1,3.0,0.37,0.2,1.0,0.182,0.9,2.0,0.463,0.4,1.3,1.7,0.8,0.8,1.4,2.2,0.2,0.3,0.3,0.5,0.7,3.8,2021-22,637362,745623.3915187202
jared harper,634313,2021,PG,23,NYK,8,0,2.0,0.0,0.5,0.0,0.0,0.1,0.0,0.0,0.4,0.0,0.0,0.4,0.5,0.75,0.0,0.3,0.3,0.1,0.0,0.0,0.4,0.1,0.4,2021-22,634313,742056.4927692801
saben lee,629863,2021,PG,21,DET,48,7,16.3,2.1,4.4,0.471,0.2,0.5,0.348,1.9,3.9,0.487,0.49,1.3,1.9,0.685,0.4,1.6,2.0,3.6,0.7,0.3,1.1,1.6,5.6,2021-22,629863,736850.6221772801
jarrell brantley,622246,2021,PF,24,UTA,28,0,4.9,0.9,1.9,0.481,0.4,1.0,0.429,0.5,0.9,0.542,0.596,0.1,0.1,1.0,0.3,0.6,1.0,0.5,0.3,0.1,0.3,0.6,2.3,2021-22,622246,727939.8095257601
jordan mclaughlin,613928,2021,PG,24,MIN,51,2,18.4,2.0,4.7,0.413,0.6,1.8,0.359,1.3,2.9,0.447,0.481,0.5,0.6,0.767,0.4,1.7,2.1,3.8,1.0,0.1,1.0,0.9,5.0,2021-22,613928,718208.9260236801
rondae hollis-jefferson,612949,2021,PF,26,POR,11,1,9.7,0.8,1.6,0.5,0.0,0.1,0.0,0.8,1.5,0.529,0.5,0.8,1.5,0.563,1.0,1.4,2.4,1.2,0.2,0.4,0.2,1.4,2.5,2021-22,612949,717063.6344934402
reggie perry,596120,2021,PF,20,BRK,26,0,8.1,1.2,3.0,0.41,0.2,0.8,0.19,1.1,2.2,0.491,0.436,0.4,0.5,0.769,1.0,1.8,2.8,0.5,0.2,0.2,0.6,1.5,3.0,2021-22,596120,697376.0847872001
cassius stanley,573625,2021,SG,21,IND,24,0,3.9,0.5,1.8,0.302,0.1,0.5,0.231,0.4,1.3,0.333,0.337,0.3,0.4,0.778,0.3,0.5,0.8,0.0,0.0,0.1,0.0,0.6,1.5,2021-22,573625,671060.1164800001
trent forrest,573625,2021,PG,22,UTA,30,0,10.1,1.1,2.4,0.451,0.2,0.9,0.192,0.9,1.5,0.6,0.486,0.6,0.6,1.0,0.4,1.1,1.5,1.5,0.3,0.1,0.7,0.7,2.9,2021-22,573625,671060.1164800001
chris chiozza,547332,2021,PG,25,BRK,22,1,10.5,1.4,4.0,0.352,0.6,1.9,0.31,0.8,2.1,0.391,0.426,0.6,0.8,0.765,0.1,1.0,1.1,3.0,0.3,0.3,0.7,0.9,4.0,2021-22,547332,640301.0253619201
grant riller,547332,2021,PG,23,CHO,7,0,3.9,1.1,1.7,0.667,0.3,0.6,0.5,0.9,1.1,0.75,0.75,0.0,0.0,,0.0,0.1,0.1,0.4,0.1,0.0,0.1,0.0,2.6,2021-22,547332,640301.0253619201
nate darling,547332,2021,SG,22,CHO,7,0,3.7,0.3,1.0,0.286,0.3,1.0,0.286,0.0,0.0,,0.429,0.4,0.4,1.0,0.1,0.0,0.1,0.1,0.0,0.1,0.1,0.1,1.3,2021-22,547332,640301.0253619201
devon dotson,547332,2021,PG,21,CHI,11,0,4.5,1.0,1.9,0.524,0.1,0.6,0.143,0.9,1.3,0.714,0.548,0.0,0.0,,0.2,0.3,0.5,0.6,0.4,0.0,0.0,0.3,2.1,2021-22,547332,640301.0253619201
adam mokoka,547332,2021,SG,22,CHI,14,0,4.0,0.5,1.4,0.368,0.1,0.7,0.1,0.4,0.6,0.667,0.395,0.0,0.1,0.0,0.1,0.3,0.4,0.4,0.1,0.1,0.4,0.4,1.1,2021-22,547332,640301.0253619201
marques bolden,547332,2021,C,22,CLE,6,0,4.8,0.2,0.5,0.333,0.0,0.0,,0.2,0.5,0.333,0.333,0.8,1.3,0.625,0.5,0.5,1.0,0.0,0.3,0.3,0.3,0.0,1.2,2021-22,547332,640301.0253619201
tyler bey,547332,2021,SF,22,DAL,18,0,3.9,0.4,1.2,0.318,0.1,0.2,0.25,0.3,1.0,0.333,0.341,0.2,0.3,0.6,0.4,0.6,1.1,0.2,0.0,0.1,0.2,0.3,1.0,2021-22,547332,640301.0253619201
nate hinton,547332,2021,SG,21,DAL,21,0,4.4,0.7,2.0,0.357,0.2,0.9,0.211,0.5,1.1,0.478,0.405,0.3,0.5,0.7,0.0,0.4,0.4,0.4,0.3,0.1,0.2,0.4,2.0,2021-22,547332,640301.0253619201
nico mannion,547332,2021,PG,19,GSW,30,1,12.1,1.3,3.8,0.342,0.7,2.0,0.367,0.6,1.8,0.315,0.439,0.8,0.9,0.821,0.2,1.3,1.5,2.3,0.5,0.0,1.0,1.0,4.1,2021-22,547332,640301.0253619201
jay scrubb,547332,2021,SG,20,LAC,4,1,21.0,3.5,9.0,0.389,0.5,2.3,0.222,3.0,6.8,0.444,0.417,1.3,1.3,1.0,0.5,3.0,3.5,0.3,1.0,0.0,1.8,1.3,8.8,2021-22,547332,640301.0253619201
devontae cacok,547332,2021,PF,24,LAL,20,1,4.9,0.9,1.5,0.586,0.0,0.0,,0.9,1.5,0.586,0.586,0.3,0.6,0.455,0.6,1.0,1.6,0.1,0.3,0.2,0.3,0.4,2.0,2021-22,547332,640301.0253619201
kostas antetokounmpo,547332,2021,PF,23,LAL,15,0,3.7,0.2,0.7,0.3,0.0,0.0,,0.2,0.7,0.3,0.3,0.4,0.9,0.462,0.3,1.0,1.3,0.1,0.1,0.3,0.7,0.5,0.8,2021-22,547332,640301.0253619201
killian tillie,547332,2021,C,22,MEM,18,1,10.1,1.1,3.2,0.333,0.6,1.8,0.303,0.5,1.3,0.375,0.421,0.5,0.6,0.818,0.3,1.0,1.3,0.4,0.3,0.4,0.1,1.1,3.2,2021-22,547332,640301.0253619201
sean mcdermott,547332,2021,SF,24,MEM,18,0,8.8,0.7,1.8,0.394,0.3,1.2,0.227,0.4,0.6,0.727,0.47,0.4,0.4,1.0,0.3,0.7,1.1,0.2,0.1,0.2,0.2,0.4,2.2,2021-22,547332,640301.0253619201
jaylen adams,547332,2021,PG,24,MIL,7,0,2.6,0.1,1.1,0.125,0.0,0.3,0.0,0.1,0.9,0.167,0.125,0.0,0.0,,0.0,0.4,0.4,0.3,0.0,0.0,0.0,0.1,0.3,2021-22,547332,640301.0253619201
josh hall,547332,2021,SF,20,OKC,21,1,16.0,1.4,4.7,0.303,0.2,1.8,0.108,1.2,3.0,0.419,0.323,1.0,2.1,0.5,0.3,2.5,2.8,1.3,0.2,0.0,1.2,1.8,4.1,2021-22,547332,640301.0253619201
ty-shon alexander,547332,2021,SG,22,PHO,15,0,3.1,0.2,0.8,0.25,0.1,0.6,0.222,0.1,0.2,0.333,0.333,0.1,0.1,0.5,0.1,0.5,0.7,0.4,0.0,0.1,0.2,0.1,0.6,2021-22,547332,640301.0253619201
keljin blevins,547332,2021,SF,25,POR,17,0,4.4,0.3,1.2,0.25,0.1,0.5,0.25,0.2,0.7,0.25,0.3,0.0,0.0,,0.2,0.4,0.6,0.2,0.1,0.0,0.3,0.5,0.7,2021-22,547332,640301.0253619201
keita bates-diop,547332,2021,SF,25,SAS,30,0,8.2,1.0,2.2,0.448,0.2,0.6,0.294,0.8,1.7,0.5,0.485,0.5,0.7,0.667,0.3,1.3,1.6,0.4,0.4,0.2,0.2,0.4,2.6,2021-22,547332,640301.0253619201
quinndary weatherspoon,547332,2021,SG,24,SAS,20,0,6.1,0.8,1.8,0.457,0.1,0.3,0.167,0.8,1.5,0.517,0.471,0.7,0.8,0.813,0.2,0.4,0.6,0.4,0.4,0.1,0.5,0.9,2.3,2021-22,547332,640301.0253619201
jalen harris,547332,2021,SG,22,TOR,13,2,13.2,2.8,5.5,0.5,1.3,2.8,0.472,1.5,2.8,0.528,0.618,0.5,0.7,0.778,0.2,1.2,1.4,1.3,0.6,0.0,1.1,1.2,7.4,2021-22,547332,640301.0253619201
cassius winston,547332,2021,PG,22,WAS,22,0,4.5,0.6,1.5,0.424,0.4,0.8,0.471,0.3,0.7,0.375,0.545,0.2,0.3,0.833,0.0,0.4,0.4,0.5,0.1,0.0,0.2,0.4,1.9,2021-22,547332,640301.0253619201
yogi ferrell,541280,2021,PG,27,LAC,10,0,13.6,2.0,5.7,0.351,0.9,2.8,0.321,1.1,2.9,0.379,0.43,0.7,0.9,0.778,0.5,1.4,1.9,2.2,0.7,0.3,0.3,1.1,5.6,2021-22,541280,633221.0413568001
noah vonleh,521264,2021,PF,25,BRK,4,0,2.8,0.0,0.8,0.0,0.0,0.5,0.0,0.0,0.3,0.0,0.0,0.0,0.0,,0.0,0.3,0.3,0.3,0.0,0.0,0.5,0.5,0.0,2021-22,521264,609805.1524198401
mason jones,517387,2021,SG,22,PHI,32,1,10.4,1.6,3.8,0.423,0.8,2.1,0.364,0.9,1.8,0.491,0.52,1.3,2.0,0.625,0.2,1.5,1.7,1.3,0.2,0.0,0.9,0.8,5.3,2021-22,517387,605269.6107827201
brodric thomas,502346,2021,SG,24,CLE,32,1,12.5,1.2,3.4,0.361,0.5,1.8,0.271,0.7,1.5,0.469,0.435,1.0,1.4,0.674,0.3,1.4,1.7,0.9,0.5,0.3,0.7,1.3,3.9,2021-22,502346,587673.7681817601
andre roberson,501660,2021,SG,29,BRK,5,0,12.6,0.4,2.8,0.143,0.2,1.6,0.125,0.2,1.2,0.167,0.179,0.2,0.4,0.5,1.4,1.6,3.0,0.8,0.6,0.2,0.4,0.8,1.2,2021-22,501660,586871.2452096001
donta hall,458563,2021,PF,23,ORL,13,0,13.8,1.9,2.7,0.714,0.0,0.0,,1.9,2.7,0.714,0.714,1.8,2.6,0.676,1.8,2.9,4.8,0.8,0.4,0.8,0.6,1.4,5.6,2021-22,458563,536453.8508492801
brian bowen,457400,2021,SF,22,IND,6,0,2.5,0.2,0.7,0.25,0.0,0.2,0.0,0.2,0.5,0.333,0.25,0.2,0.2,1.0,0.0,0.5,0.5,0.0,0.0,0.0,0.0,0.2,0.5,2021-22,457400,535093.3053440001
anzejs pasecniks,456152,2021,C,25,WAS,1,0,6.0,0.0,1.0,0.0,0.0,1.0,0.0,0.0,0.0,,0.0,0.0,0.0,,1.0,0.0,1.0,1.0,0.0,0.0,5.0,2.0,0.0,2021-22,456152,533633.32186112
freddie gillespie,442403,2021,PF,23,TOR,20,2,19.6,2.2,4.2,0.524,0.0,0.0,,2.2,4.2,0.524,0.524,1.2,1.7,0.697,2.1,2.8,4.9,0.5,0.7,1.0,0.6,2.2,5.6,2021-22,442403,517548.9365196801
karim mane,419908,2021,PG,20,ORL,10,0,8.8,0.3,1.3,0.231,0.1,0.2,0.5,0.2,1.1,0.182,0.269,0.4,0.5,0.8,0.1,1.3,1.4,0.4,0.0,0.2,0.3,1.0,1.1,2021-22,419908,491232.9682124801
will magnay,416159,2021,C,22,NOP,1,0,3.0,0.0,1.0,0.0,0.0,1.0,0.0,0.0,0.0,,0.0,0.0,0.0,,0.0,0.0,0.0,0.0,0.0,0.0,1.0,1.0,0.0,2021-22,416159,486847.1684710401
greg whittington,404912,2021,PF,27,DEN,4,0,3.0,0.0,0.8,0.0,0.0,0.5,0.0,0.0,0.3,0.0,0.0,0.0,0.0,,0.0,0.0,0.0,0.0,0.0,0.0,0.0,0.0,0.0,2021-22,404912,473689.76924672007
chasson randle,341144,2021,PG,27,ORL,41,5,20.4,2.2,5.8,0.388,1.1,3.2,0.338,1.2,2.6,0.449,0.481,0.9,1.2,0.792,0.2,1.8,2.0,1.8,0.5,0.1,1.1,1.6,6.5,2021-22,341144,399090.2285926401
justin patton,326149,2021,C,23,HOU,13,6,19.0,2.2,5.4,0.414,0.7,2.6,0.265,1.5,2.8,0.556,0.479,0.2,0.3,0.75,1.1,2.7,3.8,1.1,0.9,1.1,0.3,2.6,5.4,2021-22,326149,381548.1994854401
gary payton ii,304507,2021,PG,28,GSW,10,0,4.0,1.0,1.3,0.769,0.2,0.4,0.5,0.8,0.9,0.889,0.846,0.3,0.4,0.75,0.2,0.9,1.1,0.1,0.6,0.1,0.1,0.8,2.5,2021-22,304507,356230.12052992004
mike james,289619,2021,PG,30,BRK,13,1,18.2,2.6,7.1,0.37,0.8,2.4,0.355,1.8,4.7,0.377,0.429,1.6,2.1,0.778,0.2,2.2,2.5,4.2,0.5,0.1,1.5,0.8,7.7,2021-22,289619,338813.26628864004
anthony lamb,262420,2021,SF,23,HOU,24,3,17.3,1.9,4.9,0.39,1.0,3.0,0.324,1.0,2.0,0.489,0.487,0.8,0.9,0.857,1.1,1.8,2.9,1.0,0.3,0.2,0.8,1.4,5.5,2021-22,262420,306994.28331520007
justin robinson,241349,2021,PG,23,OKC,9,0,9.8,0.8,2.3,0.333,0.4,1.6,0.286,0.3,0.8,0.429,0.429,0.3,0.6,0.6,0.1,0.7,0.8,1.0,0.3,0.0,0.2,1.1,2.3,2021-22,241349,282344.19359744
axel toupane,239926,2021,SF,28,MIL,8,1,7.6,0.5,1.4,0.364,0.1,0.3,0.5,0.4,1.1,0.333,0.409,0.6,0.9,0.714,0.0,0.8,0.8,0.5,0.3,0.4,0.0,0.8,1.8,2021-22,239926,280679.48486656003
henry ellenson,205938,2021,PF,24,TOR,2,0,19.0,2.5,7.0,0.357,1.0,4.5,0.222,1.5,2.5,0.6,0.429,1.5,2.0,0.75,1.5,4.5,6.0,2.5,0.0,0.0,0.0,3.5,7.5,2021-22,205938,240918.33212928005
ashton hagans,202438,2021,PG,21,MIN,2,0,2.0,0.0,0.0,,0.0,0.0,,0.0,0.0,,,0.0,0.0,,0.0,0.0,0.0,0.0,0.0,0.0,0.5,0.0,0.0,2021-22,202438,236823.82716928003
isaiah thomas,194622,2021,PG,31,NOP,3,0,16.0,3.0,9.0,0.333,1.0,4.0,0.25,2.0,5.0,0.4,0.389,0.7,0.7,1.0,0.3,1.0,1.3,1.7,0.3,0.0,2.0,1.0,7.7,2021-22,194622,227680.21266432005
armoni brooks,164964,2021,SG,22,HOU,20,5,26.0,3.9,9.6,0.406,3.0,7.9,0.382,0.9,1.8,0.514,0.563,0.4,0.6,0.583,0.5,2.9,3.4,1.5,0.6,0.3,1.1,1.7,11.2,2021-22,164964,192984.54749184003
jordan bone,164949,2021,PG,23,ORL,14,0,14.0,1.6,3.9,0.426,0.7,2.3,0.313,0.9,1.6,0.591,0.519,0.0,0.0,,0.3,1.4,1.7,1.3,0.1,0.0,0.2,0.8,4.0,2021-22,164949,192966.99961344004
jaylen hoard,157465,2021,SF,21,OKC,19,0,16.8,2.3,4.6,0.5,0.0,0.6,0.0,2.3,4.1,0.571,0.5,1.5,2.2,0.683,1.1,2.3,3.4,1.3,0.7,0.3,0.9,1.0,6.1,2021-22,157465,184211.77815040003
amida brimah,149967,2021,C,26,IND,5,0,5.8,1.0,1.6,0.625,0.0,0.0,,1.0,1.6,0.625,0.625,0.6,0.6,1.0,0.4,1.2,1.6,0.2,0.0,1.0,0.8,0.8,2.6,2021-22,149967,175440.17866752003
didi louzada,149967,2021,SF,21,NOP,3,0,18.7,1.0,4.3,0.231,0.7,2.7,0.25,0.3,1.7,0.2,0.308,0.0,0.0,,0.3,0.7,1.0,1.0,0.7,0.0,1.0,1.7,2.7,2021-22,149967,175440.17866752003
james nunnally,131221,2021,SF,30,NOP,9,0,5.3,0.6,1.4,0.385,0.4,1.3,0.333,0.1,0.1,1.0,0.538,0.1,0.2,0.5,0.2,0.8,1.0,0.3,0.0,0.0,0.2,0.1,1.7,2021-22,131221,153510.01010176004
dakota mathias,104968,2021,SG,25,PHI,8,2,15.4,2.4,6.0,0.396,1.0,3.3,0.308,1.4,2.8,0.5,0.479,0.3,0.8,0.333,0.1,0.8,0.9,1.6,0.1,0.4,0.1,0.9,6.0,2021-22,104968,122797.71332608002
malik fitts,74983,2021,PF,23,LAC,3,0,3.7,0.3,1.0,0.333,0.3,0.7,0.5,0.0,0.3,0.0,0.5,0.0,0.0,,0.0,1.0,1.0,0.0,0.0,0.0,0.0,1.0,1.0,2021-22,74983,87719.50440448002
jeremiah martin,71234,2021,PG,24,CLE,9,0,8.3,1.0,3.7,0.273,0.3,1.3,0.25,0.7,2.3,0.286,0.318,0.1,0.6,0.2,0.2,0.6,0.8,0.4,0.6,0.2,0.7,0.1,2.4,2021-22,71234,83333.70466304001
louis king,59986,2021,SF,21,SAC,6,1,14.2,2.8,5.7,0.5,0.7,1.8,0.364,2.2,3.8,0.565,0.559,1.0,1.0,1.0,0.8,2.2,3.0,1.5,1.2,0.5,0.7,1.5,7.3,2021-22,59986,70175.13558016001
cameron oliver,52489,2021,SF,24,HOU,4,0,21.8,4.8,8.3,0.576,1.0,3.3,0.308,3.8,5.0,0.75,0.636,0.3,1.0,0.25,1.3,4.0,5.3,1.3,0.5,1.0,0.8,2.8,10.8,2021-22,52489,61404.705955840014
elijah bryant,29993,2021,SG,25,MIL,1,0,32.0,6.0,13.0,0.462,1.0,5.0,0.2,5.0,8.0,0.625,0.5,3.0,3.0,1.0,2.0,4.0,6.0,3.0,0.0,1.0,4.0,4.0,16.0,2021-22,29993,35087.56779008001
stephen curry,52938707,2022,PG,33,GSW,64,64,34.5,8.4,19.1,0.437,4.5,11.7,0.38,3.9,7.4,0.527,0.554,4.3,4.7,0.923,0.5,4.7,5.2,6.3,1.3,0.4,3.2,2.0,25.5,2022-23,52938707,59548845.710848
james harden,51238730,2022,PG-SG,32,PHI,65,65,37.2,6.3,15.3,0.41,2.3,6.9,0.33,4.0,8.4,0.476,0.485,7.2,8.2,0.877,0.8,6.8,7.7,10.3,1.3,0.6,4.4,2.4,22.0,2022-23,51238730,57636602.78272001
russell westbrook,51123449,2022,PG,33,LAL,78,78,34.3,7.0,15.8,0.444,1.0,3.4,0.298,6.0,12.4,0.485,0.476,3.4,5.1,0.667,1.4,6.0,7.4,7.1,1.0,0.3,3.8,3.0,18.5,2022-23,51123449,57506927.335936
kevin durant,48588451,2022,PF,33,BRK,55,55,37.2,10.5,20.3,0.518,2.1,5.5,0.383,8.4,14.8,0.568,0.57,6.8,7.4,0.91,0.5,6.9,7.4,6.4,0.9,0.9,3.5,2.1,29.9,2022-23,48588451,54655399.345664
lebron james,47619020,2022,SF,37,LAL,56,56,37.2,11.4,21.8,0.524,2.9,8.0,0.359,8.6,13.8,0.62,0.59,4.5,6.0,0.756,1.1,7.1,8.2,6.2,1.3,1.1,3.5,2.2,30.3,2022-23,47619020,53564921.31328
paul george,45496459,2022,SF,31,LAC,31,31,34.7,8.6,20.5,0.421,2.9,8.3,0.354,5.7,12.2,0.467,0.493,4.1,4.8,0.858,0.4,6.5,6.9,5.7,2.2,0.4,4.1,2.4,24.3,2022-23,45496459,51177328.856576
giannis antetokounmpo,45496378,2022,PF,27,MIL,67,67,32.9,10.3,18.6,0.553,1.1,3.6,0.293,9.2,15.0,0.616,0.582,8.3,11.4,0.722,2.0,9.6,11.6,5.8,1.1,1.4,3.3,3.2,29.9,2022-23,45496378,51177237.74259201
damian lillard,45496378,2022,PG,31,POR,29,29,36.4,7.7,19.0,0.402,3.2,9.8,0.324,4.5,9.2,0.485,0.486,5.5,6.2,0.878,0.4,3.7,4.1,7.3,0.6,0.4,2.9,1.3,24.0,2022-23,45496378,51177237.74259201
klay thompson,43918911,2022,SG,31,GSW,32,32,29.4,7.7,17.9,0.429,3.6,9.3,0.385,4.1,8.7,0.477,0.529,1.4,1.6,0.902,0.5,3.4,3.9,2.8,0.5,0.5,1.3,1.7,20.4,2022-23,43918911,49402801.90310401
jimmy butler,41647244,2022,SF,32,MIA,57,57,33.9,7.0,14.5,0.48,0.5,2.0,0.233,6.5,12.5,0.52,0.496,6.9,8.0,0.87,1.8,4.1,5.9,5.5,1.6,0.5,2.1,1.5,21.4,2022-23,41647244,46847485.474816
tobias harris,41623828,2022,PF,29,PHI,73,73,34.8,6.8,14.0,0.482,1.4,3.8,0.367,5.4,10.2,0.525,0.532,2.3,2.8,0.842,1.1,5.7,6.8,3.5,0.6,0.6,1.6,2.2,17.2,2022-23,41623828,46821145.65939201
khris middleton,41050337,2022,SF,30,MIL,66,66,32.4,6.8,15.5,0.443,2.5,6.6,0.373,4.4,8.9,0.494,0.522,3.9,4.4,0.89,0.6,4.8,5.4,5.4,1.2,0.3,2.9,2.4,20.1,2022-23,41050337,46176046.279168
anthony davis,40890021,2022,C,28,LAL,40,40,35.1,9.3,17.4,0.532,0.3,1.8,0.186,8.9,15.6,0.571,0.542,4.4,6.1,0.713,2.7,7.2,9.9,3.1,1.2,2.3,2.1,2.4,23.2,2022-23,40890021,45995712.58214401
rudy gobert,40870904,2022,C,29,UTA,66,66,32.1,5.5,7.7,0.713,0.0,0.1,0.0,5.5,7.6,0.718,0.713,4.6,6.7,0.69,3.7,11.0,14.7,1.1,0.7,2.1,1.8,2.7,15.6,2022-23,40870904,45974208.557056
kyrie irving,40852255,2022,PG,29,BRK,29,29,37.6,10.0,21.2,0.469,3.4,8.2,0.418,6.5,13.0,0.501,0.55,4.1,4.4,0.915,0.6,3.8,4.4,5.8,1.4,0.6,2.5,2.8,27.4,2022-23,40852255,45953230.968320005
kemba walker,40434514,2022,PG,31,NYK,37,37,25.6,4.0,10.0,0.403,2.0,5.4,0.367,2.1,4.6,0.444,0.501,1.6,1.9,0.845,0.4,2.6,3.0,3.5,0.7,0.2,1.3,1.0,11.6,2022-23,40434514,45483329.156096004
bradley beal,38996895,2022,SG,28,WAS,40,40,36.0,8.7,19.3,0.451,1.6,5.3,0.3,7.1,14.0,0.508,0.492,4.2,5.1,0.833,1.0,3.8,4.7,6.6,0.9,0.4,3.4,2.4,23.2,2022-23,38996895,43866203.297280006
pascal siakam,38164020,2022,PF,27,TOR,68,68,37.9,8.8,17.8,0.494,1.1,3.2,0.344,7.7,14.5,0.527,0.525,4.2,5.6,0.749,1.9,6.6,8.5,5.3,1.3,0.6,2.7,3.3,22.8,2022-23,38164020,42929332.193280004
blake griffin,37472385,2022,PF,32,BRK,56,24,17.1,2.4,5.6,0.425,0.7,2.6,0.262,1.7,3.0,0.565,0.486,1.0,1.4,0.724,1.1,3.0,4.1,1.9,0.5,0.3,0.6,1.7,6.4,2022-23,37472385,42151336.88064
karl-anthony towns,36599093,2022,C,26,MIN,74,74,33.5,8.7,16.4,0.529,2.0,4.9,0.41,6.6,11.5,0.58,0.591,5.2,6.3,0.822,2.6,7.2,9.8,3.6,1.0,1.1,3.1,3.6,24.6,2022-23,36599093,41169002.148352005
devin booker,36599093,2022,SG,25,PHO,68,68,34.5,9.7,20.9,0.466,2.7,7.0,0.383,7.0,13.9,0.508,0.53,4.6,5.3,0.868,0.7,4.4,5.0,4.8,1.1,0.4,2.4,2.6,26.8,2022-23,36599093,41169002.148352005
kristaps porzingis,36599093,2022,PF,26,WAS,51,51,29.0,6.9,15.0,0.459,1.5,4.9,0.31,5.4,10.1,0.532,0.51,4.9,5.6,0.867,2.0,6.1,8.1,2.3,0.7,1.6,1.6,2.7,20.2,2022-23,36599093,41169002.148352005
andrew wiggins,36516749,2022,SF,26,GSW,73,73,31.9,6.5,14.0,0.466,2.2,5.5,0.393,4.4,8.5,0.513,0.543,2.0,3.2,0.634,1.2,3.3,4.5,2.2,1.0,0.7,1.5,2.2,17.2,2022-23,36516749,41076376.347136006
joel embiid,36516749,2022,C,27,PHI,68,68,33.8,9.8,19.6,0.499,1.4,3.7,0.371,8.4,15.9,0.529,0.534,9.6,11.8,0.814,2.1,9.6,11.7,4.2,1.1,1.5,3.1,2.7,30.6,2022-23,36516749,41076376.347136006
kevin love,36145407,2022,PF,33,CLE,74,4,22.5,4.4,10.3,0.43,2.5,6.4,0.392,1.9,3.8,0.493,0.553,2.2,2.7,0.838,1.2,6.1,7.2,2.2,0.4,0.2,1.3,1.4,13.6,2022-23,36145407,40658667.099648006
jrue holiday,36044894,2022,PG,31,MIL,67,64,32.9,7.1,14.2,0.501,2.0,4.8,0.411,5.2,9.4,0.547,0.57,2.0,2.7,0.761,1.0,3.5,4.5,6.8,1.6,0.4,2.7,2.0,18.3,2022-23,36044894,40545603.644416004
nikola jokic,35898700,2022,C,26,DEN,74,74,33.5,10.3,17.7,0.583,1.3,3.9,0.337,9.0,13.8,0.652,0.62,5.1,6.3,0.81,2.8,11.0,13.8,7.9,1.5,0.9,3.8,2.6,27.1,2022-23,35898700,40381155.27680001
cj mccollum,35689739,2022,SG,30,NOP,62,62,34.6,8.6,18.8,0.46,2.9,7.6,0.388,5.7,11.2,0.509,0.539,1.9,2.7,0.682,0.9,3.5,4.3,5.1,1.1,0.4,2.0,2.0,22.1,2022-23,35689739,40146102.570496
chris paul,35615504,2022,PG,36,PHO,65,65,32.9,5.6,11.3,0.493,1.0,3.1,0.317,4.6,8.3,0.559,0.536,2.6,3.1,0.837,0.3,4.0,4.4,10.8,1.9,0.3,2.4,2.1,14.7,2022-23,35615504,40062598.29145601
d'angelo russell,34706036,2022,PG,25,MIN,65,65,32.0,6.2,15.0,0.411,2.7,8.0,0.34,3.5,7.0,0.492,0.502,3.0,3.7,0.825,0.4,2.9,3.3,7.1,1.0,0.3,2.5,2.0,18.1,2022-23,34706036,39039570.479104005
gordon hayward,34603699,2022,SF,31,CHO,49,48,31.9,5.8,12.6,0.459,1.8,4.5,0.391,4.0,8.1,0.496,0.528,2.6,3.0,0.846,0.8,3.8,4.6,3.6,1.0,0.4,1.7,1.7,15.9,2022-23,34603699,38924455.271936
brandon ingram,34075017,2022,SF,24,NOP,55,55,34.0,8.2,17.9,0.461,1.3,4.1,0.327,6.9,13.8,0.501,0.498,4.8,5.9,0.826,0.6,5.2,5.8,5.6,0.6,0.5,2.7,2.2,22.7,2022-23,34075017,38329759.922688
jayson tatum,32497412,2022,SF,23,BOS,76,76,35.9,9.3,20.6,0.453,3.0,8.6,0.353,6.3,12.0,0.524,0.526,5.3,6.2,0.853,1.1,6.9,8.0,4.4,1.0,0.6,2.9,2.3,26.9,2022-23,32497412,36555168.851968005
bam adebayo,32497412,2022,C,24,MIA,56,56,32.6,7.3,13.0,0.557,0.0,0.1,0.0,7.3,12.9,0.562,0.557,4.6,6.1,0.753,2.4,7.6,10.1,3.4,1.4,0.8,2.6,3.1,19.1,2022-23,32497412,36555168.851968005
de'aaron fox,32497412,2022,PG,24,SAC,59,59,35.3,8.7,18.5,0.473,1.3,4.2,0.297,7.5,14.3,0.524,0.506,4.4,5.9,0.75,0.4,3.5,3.9,5.6,1.2,0.4,2.8,2.9,23.2,2022-23,32497412,36555168.851968005
donovan mitchell,32497412,2022,SG,25,UTA,67,67,33.8,9.2,20.5,0.448,3.5,9.8,0.355,5.7,10.8,0.533,0.533,4.0,4.7,0.853,0.8,3.4,4.2,5.3,1.5,0.2,3.0,2.4,25.9,2022-23,32497412,36555168.851968005
al horford,31221383,2022,C,35,BOS,69,69,29.1,3.9,8.2,0.467,1.3,3.8,0.336,2.6,4.4,0.582,0.546,1.2,1.4,0.842,1.6,6.1,7.7,3.4,0.7,1.3,0.9,1.9,10.2,2022-23,31221383,35119809.766912006
kyle lowry,31203029,2022,PG,35,MIA,63,63,33.9,4.4,10.0,0.44,2.3,6.1,0.377,2.1,3.9,0.539,0.555,2.3,2.8,0.851,0.5,4.0,4.5,7.5,1.1,0.3,2.7,2.8,13.4,2022-23,31203029,35099164.013056
jaylen brown,30942620,2022,SF,25,BOS,66,66,33.6,8.7,18.4,0.473,2.5,7.0,0.358,6.2,11.4,0.544,0.541,3.7,4.8,0.758,0.8,5.3,6.1,3.5,1.1,0.3,2.7,2.5,23.6,2022-23,30942620,34806239.30368
demar derozan,30065035,2022,PF,32,CHI,76,76,36.1,10.2,20.2,0.504,0.7,1.9,0.352,9.5,18.3,0.52,0.521,6.8,7.8,0.877,0.7,4.4,5.2,4.9,0.9,0.3,2.4,2.3,27.9,2022-23,30065035,33819075.53024
draymond green,27783229,2022,PF,31,GSW,46,44,28.9,2.9,5.6,0.525,0.3,1.2,0.296,2.6,4.4,0.586,0.556,1.3,2.0,0.659,1.0,6.3,7.3,7.0,1.3,1.1,3.0,3.0,7.5,2022-23,27783229,31252354.105856
nikola vucevic,27752340,2022,C,31,CHI,73,73,33.1,7.5,15.8,0.473,1.4,4.5,0.314,6.1,11.3,0.537,0.518,1.3,1.7,0.76,1.9,9.1,11.0,3.2,1.0,1.0,1.9,2.5,17.6,2022-23,27752340,31217608.181760002
buddy hield,26680677,2022,SG,29,IND,81,32,30.9,5.5,13.6,0.406,3.2,8.8,0.366,2.3,4.7,0.482,0.526,1.4,1.6,0.874,0.8,3.5,4.4,2.8,0.9,0.3,1.9,2.3,15.6,2022-23,26680677,30012133.052928
john collins,26595993,2022,PF,24,ATL,54,53,30.8,6.3,11.9,0.526,1.2,3.3,0.364,5.1,8.7,0.588,0.576,2.5,3.1,0.793,1.7,6.1,7.8,1.8,0.6,1.0,1.1,3.0,16.2,2022-23,26595993,29916875.069952004
malcolm brogdon,25092741,2022,PG,29,IND,36,36,33.5,6.8,15.1,0.448,1.6,5.2,0.312,5.1,9.9,0.518,0.501,4.0,4.6,0.856,0.9,4.2,5.1,5.9,0.8,0.4,2.1,2.0,19.1,2022-23,25092741,28225921.012224004
mike conley,24283298,2022,PG,34,UTA,72,72,28.6,4.8,11.0,0.435,2.3,5.8,0.408,2.4,5.2,0.464,0.542,1.8,2.3,0.796,0.7,2.4,3.0,5.3,1.3,0.3,1.7,2.0,13.7,2022-23,24283298,27315407.721472003
gary harris,24204831,2022,SG,27,ORL,61,30,28.4,3.9,9.1,0.434,1.9,5.0,0.384,2.0,4.1,0.494,0.539,1.4,1.6,0.874,0.6,1.4,2.0,1.8,1.0,0.1,1.0,1.8,11.1,2022-23,24204831,27227143.017984003
danilo gallinari,23676215,2022,PF,33,ATL,66,18,25.3,3.9,9.0,0.434,1.7,4.5,0.381,2.2,4.6,0.485,0.528,2.1,2.4,0.904,0.5,4.1,4.7,1.5,0.4,0.2,0.6,1.4,11.7,2022-23,23676215,26632521.909760002
harrison barnes,23455458,2022,PF,29,SAC,77,77,33.6,5.1,10.8,0.469,1.8,4.7,0.394,3.2,6.2,0.525,0.554,4.4,5.4,0.826,1.1,4.5,5.6,2.4,0.7,0.2,1.5,1.2,16.4,2022-23,23455458,26384200.307712004
jerami grant,23129841,2022,PF,27,DET,47,47,31.9,6.3,14.9,0.426,1.9,5.4,0.358,4.4,9.5,0.465,0.491,4.6,5.5,0.838,0.6,3.5,4.1,2.4,0.9,1.0,1.8,2.3,19.2,2022-23,23129841,26017925.466624003
jarrett allen,23126950,2022,C,23,CLE,56,56,32.3,6.6,9.7,0.677,0.0,0.2,0.1,6.6,9.6,0.688,0.678,2.9,4.2,0.708,3.4,7.3,10.8,1.6,0.8,1.3,1.7,1.7,16.1,2022-23,23126950,26014673.484800003
julius randle,22895681,2022,PF,27,NYK,72,72,35.3,7.1,17.3,0.411,1.7,5.4,0.308,5.4,11.9,0.458,0.459,4.2,5.6,0.756,1.7,8.2,9.9,5.1,0.7,0.5,3.4,2.8,20.1,2022-23,22895681,25754527.312384002
fred vanvleet,22752208,2022,PG,27,TOR,65,65,37.9,6.8,16.9,0.403,3.7,9.9,0.377,3.1,7.0,0.44,0.513,3.0,3.4,0.874,0.7,3.8,4.4,6.7,1.7,0.5,2.6,2.5,20.3,2022-23,22752208,25593139.699712
zach lavine,22548776,2022,SF,26,CHI,67,67,34.7,8.4,17.7,0.476,2.8,7.1,0.389,5.7,10.6,0.534,0.554,4.8,5.6,0.853,0.3,4.3,4.6,4.5,0.6,0.3,2.6,1.8,24.4,2022-23,22548776,25364306.366464
goran dragic,22374060,2022,PG,35,BRK,21,8,23.7,2.7,7.2,0.377,0.8,3.0,0.254,2.0,4.2,0.466,0.43,1.3,1.6,0.818,0.6,2.5,3.1,4.1,0.9,0.2,1.6,2.1,7.5,2022-23,22374060,25167774.62784
spencer dinwiddie,22334024,2022,PG,28,DAL,67,51,29.6,4.6,11.0,0.416,1.7,4.9,0.339,2.9,6.0,0.479,0.493,2.9,3.8,0.774,0.7,3.5,4.2,5.2,0.7,0.2,1.6,2.2,13.7,2022-23,22334024,25122739.572736003
bojan bogdanovic,21623698,2022,PF,32,UTA,69,69,30.9,6.1,13.4,0.455,2.6,6.8,0.387,3.5,6.7,0.524,0.552,3.2,3.8,0.858,0.8,3.4,4.3,1.7,0.5,0.0,1.7,1.7,18.1,2022-23,21623698,24323719.427072003
domantas sabonis,21392429,2022,C-PF,25,SAC,62,61,34.5,7.1,12.5,0.573,0.6,2.0,0.312,6.5,10.5,0.623,0.598,4.0,5.4,0.741,3.2,8.9,12.1,5.2,1.0,0.4,3.1,3.3,18.9,2022-23,21392429,24063573.254656002
eric gordon,21067285,2022,SG,33,HOU,57,46,29.3,4.7,9.9,0.475,2.2,5.3,0.412,2.5,4.6,0.548,0.585,1.8,2.4,0.778,0.3,1.7,2.0,2.7,0.5,0.3,1.9,1.1,13.4,2022-23,21067285,23697830.47424
eric bledsoe,20958799,2022,PG,32,LAC,54,29,25.2,3.6,8.7,0.421,0.9,3.0,0.313,2.7,5.6,0.479,0.475,1.6,2.2,0.761,0.5,2.9,3.4,4.2,1.3,0.4,2.1,1.6,9.9,2022-23,20958799,23575798.478336003
bogdan bogdanovic,20814255,2022,SG,29,ATL,63,27,29.3,5.4,12.6,0.431,2.7,7.3,0.368,2.7,5.3,0.516,0.537,1.5,1.8,0.843,0.5,3.5,4.0,3.1,1.1,0.2,1.1,2.1,15.1,2022-23,20814255,23413206.136320002
myles turner,20814255,2022,C,25,IND,42,42,29.4,4.8,9.4,0.509,1.5,4.4,0.333,3.3,5.0,0.662,0.587,1.9,2.5,0.752,1.5,5.5,7.1,1.0,0.7,2.8,1.3,2.8,12.9,2022-23,20814255,23413206.136320002
terry rozier,20704706,2022,SG,27,CHO,73,73,33.7,7.1,16.0,0.444,3.0,8.1,0.374,4.1,7.9,0.516,0.539,2.1,2.4,0.852,0.8,3.5,4.3,4.5,1.3,0.3,1.3,1.6,19.3,2022-23,20704706,23289978.409984
ricky rubio,20582986,2022,PG,31,CLE,34,8,28.5,4.4,12.1,0.363,1.7,5.1,0.339,2.6,7.0,0.38,0.434,2.6,3.0,0.854,0.4,3.7,4.1,6.6,1.4,0.2,2.6,2.2,13.1,2022-23,20582986,23153059.963904
clint capela,20355703,2022,C,27,ATL,74,73,27.6,5.0,8.2,0.613,0.0,0.0,0.0,5.0,8.1,0.614,0.613,1.1,2.3,0.473,3.8,8.1,11.9,1.2,0.7,1.3,0.6,2.2,11.1,2022-23,20355703,22897397.499392003
caris levert,20236081,2022,SG,27,CLE,58,49,30.7,6.5,14.7,0.444,1.4,4.4,0.32,5.1,10.3,0.497,0.492,2.5,3.3,0.756,0.7,2.9,3.7,4.3,0.9,0.4,1.9,2.3,17.0,2022-23,20236081,22762839.017984003
joe harris,20070889,2022,SF,30,BRK,14,14,30.2,4.0,8.9,0.452,2.9,6.3,0.466,1.1,2.6,0.417,0.617,0.4,0.4,0.833,0.4,3.6,4.0,1.0,0.5,0.1,1.1,2.2,11.3,2022-23,20070889,22577020.484096
evan fournier,19823100,2022,SG,29,NYK,80,80,29.5,5.0,12.1,0.417,3.0,7.7,0.389,2.0,4.3,0.465,0.541,1.0,1.4,0.708,0.4,2.2,2.6,2.1,1.0,0.3,1.3,2.3,14.1,2022-23,19823100,22298291.5584
steven adams,19742519,2022,C,28,MEM,76,75,26.3,2.8,5.1,0.547,0.0,0.0,0.0,2.8,5.0,0.548,0.547,1.4,2.6,0.543,4.6,5.4,10.0,3.4,0.9,0.8,1.5,2.0,6.9,2022-23,19742519,22207648.892416
markelle fultz,19079734,2022,PG,23,ORL,18,3,20.0,4.6,9.7,0.474,0.2,0.9,0.235,4.4,8.8,0.5,0.486,1.4,1.7,0.806,0.2,2.5,2.7,5.5,1.1,0.3,2.2,1.2,10.8,2022-23,19079734,21462105.906176
aaron gordon,18974611,2022,PF,26,DEN,75,75,31.7,5.8,11.1,0.52,1.2,3.5,0.335,4.6,7.7,0.605,0.573,2.3,3.1,0.743,1.7,4.2,5.9,2.5,0.6,0.6,1.8,2.0,15.0,2022-23,18974611,21343856.827904
og anunoby,18584157,2022,SF,24,TOR,48,48,36.0,6.4,14.5,0.443,2.4,6.6,0.363,4.0,7.9,0.511,0.526,1.9,2.5,0.754,1.5,4.0,5.5,2.6,1.5,0.5,1.7,2.7,17.1,2022-23,18584157,20904649.179648
davis bertans,18501560,2022,PF,29,DAL,56,0,14.4,1.8,4.9,0.36,1.4,4.1,0.335,0.4,0.8,0.489,0.5,0.6,0.7,0.9,0.2,1.9,2.1,0.6,0.3,0.2,0.3,1.5,5.6,2022-23,18501560,20811738.78784
lauri markkanen,18144143,2022,PF,24,CLE,61,61,30.8,5.1,11.5,0.445,2.2,6.2,0.358,2.9,5.3,0.548,0.542,2.3,2.6,0.868,1.0,4.7,5.7,1.3,0.7,0.5,0.9,2.1,14.8,2022-23,18144143,20409693.271552
derrick white,18129876,2022,SG,27,BOS,75,52,29.3,4.5,10.7,0.421,1.5,4.9,0.312,3.0,5.7,0.515,0.493,2.7,3.1,0.864,0.5,3.0,3.5,4.9,0.9,0.8,1.6,2.3,13.2,2022-23,18129876,20393644.836864002
duncan robinson,18096838,2022,SG,27,MIA,79,68,25.9,3.7,9.2,0.399,2.9,7.9,0.372,0.7,1.3,0.569,0.559,0.6,0.8,0.836,0.3,2.3,2.6,1.6,0.5,0.2,0.8,2.5,10.9,2022-23,18096838,20356481.580032002
marcus morris,18071291,2022,PF,32,LAC,54,54,29.0,5.6,12.8,0.434,1.9,5.1,0.367,3.7,7.7,0.478,0.507,2.4,2.7,0.872,0.5,3.9,4.4,2.1,0.5,0.3,1.3,2.1,15.4,2022-23,18071291,20327744.679424003
will barton,18067930,2022,SG,31,DEN,71,71,32.1,5.5,12.6,0.438,2.2,6.1,0.365,3.3,6.6,0.504,0.525,1.4,1.8,0.803,0.6,4.2,4.8,3.9,0.8,0.4,1.8,1.6,14.7,2022-23,18067930,20323964.011520002
norman powell,17943324,2022,SF-SG,28,LAC,45,41,32.4,6.2,13.4,0.461,2.4,5.6,0.419,3.8,7.8,0.491,0.549,4.2,5.2,0.811,0.4,2.8,3.2,2.1,0.9,0.5,1.5,2.4,19.0,2022-23,17943324,20183799.207936
dejounte murray,17841147,2022,PG,25,SAS,68,68,34.8,8.4,18.3,0.462,1.4,4.3,0.327,7.0,13.9,0.504,0.5,2.9,3.6,0.794,1.2,7.1,8.3,9.2,2.0,0.3,2.6,2.0,21.1,2022-23,17841147,20068863.979008
malik beasley,16757746,2022,SG,25,MIN,79,18,25.0,4.2,10.8,0.391,3.0,8.1,0.377,1.2,2.7,0.432,0.532,0.6,0.8,0.817,0.3,2.5,2.9,1.5,0.5,0.2,0.5,1.1,12.1,2022-23,16757746,18850185.196544003
patrick beverley,16560038,2022,PG,33,MIN,58,54,25.4,3.1,7.5,0.406,1.4,4.2,0.343,1.6,3.3,0.485,0.501,1.7,2.3,0.722,1.1,3.1,4.1,4.6,1.2,0.9,1.3,3.0,9.2,2022-23,16560038,18627790.584832
thaddeus young,16408571,2022,PF,33,TOR,52,1,16.3,2.7,5.2,0.518,0.3,0.9,0.354,2.4,4.3,0.554,0.55,0.4,0.9,0.469,1.5,2.5,4.0,2.0,1.0,0.3,1.0,1.6,6.2,2022-23,16408571,18457410.809344
jonas valanciunas,16188865,2022,C,29,NOP,74,74,30.3,6.9,12.7,0.544,0.8,2.1,0.361,6.1,10.5,0.581,0.574,3.2,3.9,0.82,3.1,8.3,11.4,2.6,0.6,0.8,2.4,3.3,17.8,2022-23,16188865,18210271.43936
marcus smart,16003023,2022,PG,27,BOS,71,71,32.3,4.2,10.1,0.418,1.7,5.1,0.331,2.5,5.0,0.506,0.501,2.0,2.5,0.793,0.6,3.2,3.8,5.9,1.7,0.3,2.2,2.3,12.1,2022-23,16003023,18001224.463872
doug mcdermott,15899778,2022,PF,30,SAS,51,51,24.0,4.2,9.1,0.462,2.1,5.0,0.422,2.1,4.1,0.512,0.578,0.8,1.0,0.784,0.4,1.9,2.3,1.3,0.3,0.1,0.8,1.5,11.3,2022-23,15899778,17885087.880192
christian wood,15803416,2022,C,26,HOU,68,67,30.8,6.5,12.9,0.501,1.9,4.9,0.39,4.5,8.0,0.57,0.576,3.0,4.9,0.623,1.6,8.5,10.1,2.3,0.8,1.0,1.9,2.5,17.9,2022-23,15803416,17776693.735424
derrick rose,15547231,2022,PG,33,NYK,26,4,24.5,4.7,10.5,0.445,1.4,3.5,0.402,3.3,7.0,0.467,0.513,1.2,1.2,0.968,0.8,2.2,3.0,4.0,0.8,0.5,1.5,0.6,12.0,2022-23,15547231,17488520.451584
luke kennard,15434611,2022,SG,25,LAC,70,13,27.4,4.1,9.1,0.449,2.7,6.0,0.449,1.4,3.1,0.449,0.598,1.0,1.1,0.896,0.3,3.0,3.3,2.1,0.6,0.1,0.9,1.4,11.9,2022-23,15434611,17361838.267904002
taurean prince,15419171,2022,PF,27,MIN,69,8,17.1,2.6,5.7,0.454,1.2,3.3,0.376,1.3,2.3,0.565,0.564,0.9,1.2,0.756,0.4,2.1,2.5,1.0,0.7,0.3,0.8,1.7,7.3,2022-23,15419171,17344470.367744002
brook lopez,15382110,2022,C,33,MIL,13,11,22.9,4.7,10.1,0.466,1.5,4.1,0.358,3.2,6.0,0.538,0.538,1.5,1.8,0.87,1.5,2.6,4.1,0.5,0.6,1.2,0.9,2.6,12.4,2022-23,15382110,17302781.783040002
kentavious caldwell-pope,15077455,2022,SG,28,WAS,77,77,30.2,4.7,10.8,0.435,2.1,5.3,0.39,2.6,5.5,0.48,0.531,1.8,2.0,0.89,0.5,2.9,3.4,1.9,1.1,0.3,1.3,1.8,13.2,2022-23,15077455,16960086.34112
joe ingles,15074567,2022,SF,34,UTA,45,15,24.9,2.6,6.3,0.404,1.7,5.0,0.347,0.8,1.3,0.617,0.54,0.4,0.5,0.773,0.3,2.6,2.9,3.5,0.5,0.1,1.0,1.8,7.2,2022-23,15074567,16956837.733888
kyle kuzma,15032517,2022,PF,26,WAS,66,66,33.4,6.4,14.2,0.452,1.9,5.7,0.341,4.5,8.5,0.526,0.52,2.4,3.3,0.712,1.1,7.4,8.5,3.5,0.6,0.9,2.6,1.9,17.1,2022-23,15032517,16909537.202688
robert covington,15004153,2022,PF-SF,31,LAC,71,42,27.3,2.9,7.0,0.42,1.8,4.8,0.378,1.1,2.2,0.509,0.548,0.8,1.0,0.841,0.8,4.7,5.5,1.3,1.5,1.3,1.1,2.7,8.5,2022-23,15004153,16877631.560192
terrence ross,14454344,2022,SG,30,ORL,63,0,23.0,3.5,8.8,0.397,1.2,4.2,0.292,2.3,4.6,0.493,0.467,1.8,2.1,0.862,0.3,2.2,2.6,1.8,0.4,0.2,1.2,1.1,10.0,2022-23,14454344,16259171.209216
jordan clarkson,14361836,2022,SG,29,UTA,79,1,27.1,5.9,14.1,0.419,2.4,7.6,0.318,3.5,6.5,0.535,0.504,1.8,2.2,0.828,0.8,2.6,3.5,2.5,0.8,0.2,1.6,1.9,16.0,2022-23,14361836,16155112.290304001
dillon brooks,14107439,2022,SF,26,MEM,32,31,27.7,7.1,16.4,0.432,1.4,4.7,0.309,5.7,11.8,0.48,0.475,2.8,3.3,0.849,0.9,2.3,3.2,2.8,1.1,0.3,1.6,3.3,18.4,2022-23,14107439,15868950.263296
kelly olynyk,14101799,2022,C,30,DET,40,1,19.1,3.2,7.2,0.448,1.0,3.0,0.336,2.2,4.2,0.527,0.517,1.7,2.2,0.775,1.4,3.1,4.4,2.8,0.8,0.5,1.5,2.5,9.1,2022-23,14101799,15862606.030336002
nicolas batum,13907389,2022,PF,33,LAC,59,54,24.8,3.0,6.6,0.463,1.8,4.6,0.4,1.2,2.0,0.607,0.602,0.4,0.6,0.658,0.5,3.8,4.3,1.7,1.0,0.7,0.7,1.4,8.3,2022-23,13907389,15643921.220096001
jusuf nurkic,13876170,2022,C,27,POR,56,56,28.2,5.7,10.7,0.535,0.3,1.0,0.268,5.5,9.7,0.563,0.548,3.3,4.8,0.69,3.0,8.1,11.1,2.8,1.1,0.6,2.6,3.4,15.0,2022-23,13876170,15608804.090880001
josh hart,13876170,2022,SG-SF,26,POR,54,53,33.2,5.3,10.5,0.504,1.4,3.9,0.343,4.0,6.6,0.601,0.569,3.0,3.9,0.758,1.1,6.0,7.2,4.1,1.1,0.2,2.1,2.8,14.9,2022-23,13876170,15608804.090880001
josh richardson,13431355,2022,SG,28,SAS,65,7,24.6,3.6,8.2,0.438,1.6,3.8,0.415,2.0,4.4,0.458,0.534,1.5,1.7,0.889,0.6,2.2,2.8,1.8,0.9,0.4,1.0,1.8,10.2,2022-23,13431355,15108447.71072
deandre jordan,12846241,2022,C,33,PHI,48,20,13.0,1.9,3.0,0.643,0.0,0.0,,1.9,3.0,0.643,0.643,0.5,0.8,0.55,1.7,3.8,5.5,0.4,0.3,0.7,0.8,1.5,4.3,2022-23,12846241,14450274.036224002
dwight powell,12812475,2022,C,30,DAL,82,71,21.9,3.3,4.9,0.671,0.2,0.5,0.351,3.1,4.4,0.703,0.687,2.0,2.6,0.783,2.1,2.8,4.9,1.2,0.5,0.5,0.8,2.7,8.7,2022-23,12812475,14412291.878400002
jeremy lamb,12141649,2022,SF-SG,29,SAC,56,0,16.7,2.4,6.2,0.383,1.0,3.0,0.324,1.4,3.2,0.441,0.463,1.6,1.9,0.84,0.5,2.3,2.8,1.4,0.6,0.4,0.7,1.1,7.3,2022-23,12141649,13657703.860736001
reggie jackson,12008090,2022,SG,31,LAC,75,75,31.2,6.4,16.3,0.392,2.2,6.8,0.326,4.2,9.5,0.439,0.46,1.8,2.2,0.847,0.5,3.1,3.6,4.8,0.7,0.2,2.3,2.1,16.8,2022-23,12008090,13507468.14976
richaun holmes,12008090,2022,C,28,SAC,45,37,23.9,4.4,6.7,0.66,0.0,0.1,0.4,4.4,6.6,0.664,0.663,1.6,2.0,0.778,2.1,5.0,7.0,1.1,0.4,0.9,1.2,2.8,10.4,2022-23,12008090,13507468.14976
anthony edwards,11847335,2022,SG,20,MIN,72,72,34.3,7.6,17.3,0.441,3.0,8.4,0.357,4.6,8.9,0.519,0.527,3.1,3.9,0.786,0.9,3.9,4.8,3.8,1.5,0.6,2.6,2.3,21.3,2022-23,11847335,13326640.637440002
luka doncic,11765131,2022,PG,22,DAL,65,65,35.4,9.9,21.6,0.457,3.1,8.8,0.353,6.8,12.8,0.528,0.529,5.6,7.5,0.744,0.9,8.3,9.1,8.7,1.2,0.6,4.5,2.2,28.4,2022-23,11765131,13234172.317184001
cade cunningham,11621431,2022,PG,20,DET,64,64,32.6,6.7,16.1,0.416,1.8,5.7,0.314,4.9,10.4,0.472,0.471,2.2,2.6,0.845,0.9,4.6,5.5,5.6,1.2,0.7,3.7,3.1,17.4,2022-23,11621431,13072529.360384
danny green,11563475,2022,SF,34,PHI,62,28,21.8,2.0,5.2,0.394,1.7,4.4,0.38,0.4,0.8,0.469,0.555,0.2,0.2,0.786,0.5,2.0,2.5,1.0,1.0,0.6,0.7,1.7,5.9,2022-23,11563475,13007336.742400002
tomas satoransky,11563475,2022,SG,30,WAS,55,13,16.5,1.3,3.5,0.377,0.2,1.0,0.208,1.1,2.5,0.442,0.406,0.8,1.0,0.796,0.5,1.8,2.3,3.3,0.5,0.1,0.8,1.3,3.6,2022-23,11563475,13007336.742400002
tristan thompson,11501738,2022,PF,30,CHI,57,6,15.7,2.5,4.7,0.528,0.0,0.1,0.333,2.5,4.6,0.53,0.53,1.1,2.0,0.526,2.1,2.9,5.1,0.6,0.4,0.4,0.8,1.7,6.0,2022-23,11501738,12937891.013632001
kyle anderson,11490798,2022,PF,28,MEM,69,11,21.5,3.0,6.8,0.446,0.5,1.6,0.33,2.5,5.2,0.481,0.484,1.0,1.5,0.638,1.0,4.3,5.3,2.7,1.1,0.7,1.0,1.6,7.6,2022-23,11490798,12925585.001472002
montrezl harrell,11240738,2022,C,28,CHO,71,3,23.1,5.0,7.8,0.645,0.1,0.2,0.235,5.0,7.6,0.658,0.649,3.0,4.2,0.716,2.1,4.0,6.1,2.0,0.4,0.6,1.0,1.9,13.1,2022-23,11240738,12644301.509632
serge ibaka,11240738,2022,C-PF,32,MIL,54,12,16.2,2.7,5.5,0.5,0.7,1.8,0.374,2.1,3.6,0.563,0.563,0.6,0.8,0.727,1.1,3.5,4.6,0.9,0.2,0.6,0.8,1.9,6.8,2022-23,11240738,12644301.509632
derrick favors,11240738,2022,C,30,OKC,39,18,16.7,2.4,4.7,0.516,0.1,0.4,0.125,2.4,4.3,0.554,0.522,0.4,0.6,0.64,1.5,3.2,4.7,0.6,0.4,0.3,0.2,1.6,5.3,2022-23,11240738,12644301.509632
jae crowder,11240738,2022,PF,31,PHO,67,67,28.1,3.2,8.1,0.399,1.9,5.4,0.348,1.3,2.7,0.503,0.516,1.1,1.3,0.789,0.4,4.8,5.3,1.9,1.4,0.4,0.8,2.6,9.4,2022-23,11240738,12644301.509632
ja morant,11104821,2022,PG,22,MEM,57,57,33.1,10.2,20.6,0.493,1.5,4.5,0.344,8.6,16.2,0.534,0.53,5.5,7.3,0.761,1.4,4.4,5.7,6.7,1.2,0.4,3.4,1.5,27.4,2022-23,11104821,12491413.369344002
reggie bullock,11026930,2022,SF,30,DAL,68,37,28.0,3.0,7.4,0.401,2.1,5.8,0.36,0.9,1.6,0.55,0.542,0.6,0.7,0.833,0.5,3.1,3.5,1.2,0.6,0.2,0.6,1.6,8.6,2022-23,11026930,12403796.587520001
alec burks,11026930,2022,SG,30,NYK,81,44,28.6,3.5,9.0,0.391,1.9,4.8,0.404,1.6,4.2,0.378,0.499,2.7,3.3,0.822,0.6,4.3,4.9,3.0,1.0,0.3,1.1,2.7,11.7,2022-23,11026930,12403796.587520001
talen horton-tucker,10985301,2022,SG,21,LAL,60,19,25.2,3.7,9.0,0.416,0.8,3.0,0.269,2.9,5.9,0.492,0.462,1.7,2.1,0.8,0.6,2.6,3.2,2.7,1.0,0.5,1.4,2.5,10.0,2022-23,10985301,12356969.624064
mason plumlee,10694287,2022,C,31,CHO,73,73,24.6,2.8,4.4,0.641,0.0,0.0,0.0,2.8,4.4,0.645,0.641,0.9,2.3,0.392,2.4,5.3,7.7,3.1,0.8,0.7,1.4,3.1,6.5,2022-23,10694287,12029618.451968001
jalen green,10397969,2022,SG,19,HOU,67,67,31.9,6.1,14.2,0.426,2.3,6.8,0.343,3.7,7.4,0.502,0.508,2.8,3.5,0.797,0.5,2.9,3.4,2.6,0.7,0.3,2.0,1.5,17.3,2022-23,10397969,11696301.001216002
de'anthony melton,10182768,2022,SG,23,MEM,73,15,22.7,3.8,9.5,0.404,1.9,5.1,0.374,1.9,4.4,0.44,0.504,1.2,1.6,0.75,0.9,3.6,4.5,2.7,1.4,0.5,1.5,1.8,10.8,2022-23,10182768,11454229.143552002
nerlens noel,10175858,2022,C,27,NYK,25,11,22.5,1.3,2.4,0.533,0.0,0.1,0.0,1.3,2.3,0.561,0.533,0.8,1.2,0.7,1.9,3.7,5.6,0.9,1.2,1.2,0.8,2.7,3.4,2022-23,10175858,11446456.333312001
royce o'neale,10175858,2022,SF,28,UTA,77,77,31.2,2.6,5.8,0.457,1.5,4.0,0.389,1.1,1.8,0.609,0.591,0.6,0.7,0.804,0.8,3.9,4.8,2.5,1.1,0.4,1.0,2.4,7.4,2022-23,10175858,11446456.333312001
maxi kleber,10118040,2022,PF,30,DAL,59,21,24.6,2.4,6.0,0.398,1.4,4.3,0.325,1.0,1.7,0.586,0.516,0.8,1.1,0.708,1.2,4.7,5.9,1.2,0.5,1.0,0.8,2.3,7.0,2022-23,10118040,11381418.946560001
jakob poeltl,10118040,2022,C,26,SAS,68,67,29.0,6.0,9.8,0.618,0.0,0.0,1.0,6.0,9.7,0.618,0.619,1.4,2.8,0.495,3.9,5.5,9.3,2.8,0.7,1.7,1.6,3.1,13.5,2022-23,10118040,11381418.946560001
thomas bryant,10021679,2022,C,24,WAS,27,9,16.3,2.9,5.5,0.52,0.4,1.6,0.286,2.4,3.9,0.613,0.561,1.3,1.5,0.875,1.0,3.0,4.0,0.9,0.2,0.8,0.7,1.6,7.4,2022-23,10021679,11273025.926656
rj barrett,9972248,2022,SF,21,NYK,70,70,34.5,7.0,17.1,0.408,2.0,5.8,0.342,5.0,11.3,0.442,0.466,4.1,5.8,0.714,0.9,4.9,5.8,3.0,0.6,0.2,2.2,2.0,20.0,2022-23,9972248,11217422.774272
alex caruso,9944588,2022,SG,27,CHI,41,18,28.0,2.5,6.2,0.398,1.0,3.1,0.333,1.5,3.2,0.462,0.48,1.4,1.8,0.795,0.8,2.8,3.6,4.0,1.7,0.4,1.4,2.6,7.4,2022-23,9944588,11186309.036032
delon wright,9859384,2022,SG,29,ATL,77,8,18.9,1.6,3.5,0.454,0.6,1.5,0.379,1.0,2.0,0.51,0.535,0.7,0.8,0.857,0.6,2.2,2.9,2.4,1.2,0.2,0.6,0.7,4.4,2022-23,9859384,11090466.123776
monte morris,9770065,2022,PG,26,DEN,75,74,29.9,5.0,10.3,0.484,1.7,4.2,0.395,3.3,6.1,0.545,0.564,1.0,1.1,0.869,0.4,2.7,3.0,4.4,0.7,0.2,1.0,1.2,12.6,2022-23,9770065,10989994.396160001
tyus jones,9685897,2022,PG,25,MEM,73,23,21.2,3.4,7.6,0.451,1.1,2.8,0.39,2.3,4.8,0.487,0.524,0.7,0.9,0.818,0.2,2.2,2.4,4.4,0.9,0.0,0.6,0.4,8.7,2022-23,9685897,10895316.843008
trae young,9628294,2022,PG,23,ATL,76,76,34.9,9.4,20.3,0.46,3.1,8.0,0.382,6.3,12.3,0.512,0.536,6.6,7.3,0.904,0.7,3.1,3.7,9.7,0.9,0.1,4.0,1.7,28.4,2022-23,9628294,10830521.302016001
daniel theis,9574963,2022,C,29,BOS,47,27,20.8,3.2,6.2,0.519,0.7,2.3,0.308,2.5,3.9,0.641,0.576,1.0,1.5,0.681,1.3,3.6,4.9,0.9,0.4,0.7,1.0,2.4,8.2,2022-23,9574963,10770531.180032
lamelo ball,9518775,2022,PG,20,CHO,75,75,32.3,7.2,16.7,0.429,2.9,7.5,0.389,4.2,9.2,0.462,0.517,2.8,3.2,0.872,1.4,5.2,6.7,7.6,1.6,0.4,3.3,3.2,20.1,2022-23,9518775,10707327.321600001
seth curry,9490743,2022,SG,31,BRK,64,64,33.4,5.6,11.5,0.487,2.5,5.8,0.422,3.2,5.7,0.553,0.594,1.3,1.5,0.872,0.3,2.8,3.1,3.6,0.8,0.2,1.7,2.3,15.0,2022-23,9490743,10675795.133952001
jamychal green,9482049,2022,PF,31,DEN,67,8,16.2,2.4,4.9,0.486,0.5,1.9,0.266,1.9,3.0,0.621,0.537,1.2,1.4,0.871,1.2,3.0,4.2,0.9,0.6,0.4,0.9,2.4,6.4,2022-23,9482049,10666015.566336
cedi osman,9404960,2022,SF,26,CLE,66,3,22.2,3.7,8.7,0.432,1.9,5.4,0.357,1.8,3.2,0.559,0.544,1.3,2.0,0.664,0.4,1.8,2.2,2.0,0.8,0.2,1.0,1.9,10.7,2022-23,9404960,10579300.92544
evan mobley,9337691,2022,PF,20,CLE,69,69,33.8,6.1,12.0,0.508,0.3,1.3,0.25,5.8,10.7,0.541,0.522,2.4,3.7,0.663,2.1,6.2,8.3,2.5,0.8,1.7,1.9,2.1,15.0,2022-23,9337691,10503632.449024001
de'andre hunter,8991064,2022,SF,24,ATL,53,52,29.8,4.8,10.8,0.442,1.4,3.7,0.379,3.4,7.2,0.474,0.506,2.4,3.1,0.765,0.5,2.8,3.3,1.3,0.7,0.4,1.3,2.9,13.4,2022-23,8991064,10113724.215296
mo bamba,8752097,2022,C,23,ORL,71,69,25.7,4.2,8.7,0.48,1.5,4.0,0.381,2.7,4.7,0.563,0.566,0.8,1.0,0.781,2.1,6.0,8.1,1.2,0.5,1.7,1.1,2.6,10.6,2022-23,8752097,9844918.839808
ivica zubac,8694019,2022,C,24,LAC,76,76,24.4,4.1,6.5,0.626,0.0,0.0,,4.1,6.5,0.626,0.626,2.2,3.0,0.727,2.9,5.6,8.5,1.6,0.5,1.0,1.5,2.7,10.3,2022-23,8694019,9779588.988416001
rajon rondo,8672605,2022,PG,35,CLE,39,1,17.9,1.7,4.5,0.386,0.8,2.3,0.352,0.9,2.3,0.42,0.474,0.5,0.7,0.731,0.4,2.4,2.8,4.4,0.8,0.2,1.7,1.4,4.8,2022-23,8672605,9755501.15072
patrick williams,8582411,2022,PF,20,CHI,17,9,24.8,3.2,6.0,0.529,0.9,1.7,0.517,2.3,4.3,0.534,0.603,1.8,2.4,0.732,1.0,3.1,4.1,0.9,0.5,0.5,0.9,1.6,9.0,2022-23,8582411,9654045.167104
cory joseph,8452900,2022,PG,30,DET,65,39,24.6,2.7,6.2,0.445,1.0,2.4,0.414,1.7,3.7,0.465,0.526,1.5,1.7,0.885,0.4,2.2,2.7,3.6,0.6,0.3,1.3,2.3,8.0,2022-23,8452900,9508362.9056
scottie barnes,8418672,2022,PF,20,TOR,74,74,35.4,6.2,12.6,0.492,0.8,2.6,0.301,5.4,10.0,0.543,0.524,2.1,2.9,0.735,2.6,4.9,7.5,3.5,1.1,0.7,1.8,2.6,15.3,2022-23,8418672,9469861.060608001
darius garland,8141704,2022,PG,22,CLE,68,68,35.7,8.0,17.3,0.462,2.6,6.7,0.383,5.4,10.6,0.512,0.536,3.2,3.5,0.892,0.6,2.7,3.3,8.6,1.3,0.1,3.6,1.7,21.7,2022-23,8141704,9158309.728256
chris boucher,8117559,2022,PF,29,TOR,80,9,21.1,3.4,7.2,0.464,0.9,2.9,0.297,2.5,4.4,0.575,0.523,1.9,2.4,0.777,2.2,3.9,6.2,0.3,0.6,0.9,0.5,2.2,9.4,2022-23,8117559,9131149.886976
zach collins,8094432,2022,PF,24,SAS,28,4,17.9,2.7,5.5,0.49,0.5,1.5,0.341,2.2,4.1,0.544,0.535,1.9,2.3,0.8,1.6,3.8,5.5,2.2,0.5,0.8,1.6,2.4,7.8,2022-23,8094432,9105135.157248002
isaac okoro,7771488,2022,SF,21,CLE,67,61,29.6,3.1,6.4,0.48,0.8,2.3,0.35,2.3,4.1,0.555,0.544,1.8,2.3,0.768,1.1,1.9,3.0,1.8,0.8,0.3,0.9,2.4,8.8,2022-23,7771488,8741867.077632
jalen suggs,7623706,2022,PG,20,ORL,48,45,27.2,4.1,11.4,0.361,0.9,4.1,0.214,3.3,7.3,0.443,0.4,2.6,3.4,0.773,0.5,3.0,3.6,4.4,1.2,0.4,3.0,3.0,11.8,2022-23,7623706,8575632.425984
cameron payne,7516258,2022,PG,27,PHO,58,12,22.0,4.1,10.1,0.409,1.2,3.6,0.336,2.9,6.5,0.449,0.469,1.3,1.5,0.843,0.4,2.6,3.0,4.9,0.7,0.3,1.8,2.1,10.8,2022-23,7516258,8454768.038912
jarrett culver,7395027,2022,SG,22,MEM,37,0,9.1,1.4,3.6,0.378,0.3,1.3,0.255,1.1,2.4,0.443,0.422,0.4,0.9,0.471,0.4,0.9,1.3,0.9,0.5,0.1,0.5,1.1,3.5,2022-23,7395027,8318399.651328
khem birch,7342806,2022,C,29,TOR,55,28,18.0,1.8,3.6,0.485,0.0,0.3,0.0,1.8,3.4,0.522,0.485,1.0,1.3,0.746,2.2,2.1,4.3,1.0,0.5,0.5,0.5,1.9,4.5,2022-23,7342806,8259658.128384001
collin sexton,7342426,2022,SG,23,CLE,11,11,28.7,6.2,13.7,0.45,1.0,4.1,0.244,5.2,9.6,0.538,0.487,2.6,3.5,0.744,1.2,2.1,3.3,2.1,0.9,0.0,2.8,2.3,16.0,2022-23,7342426,8259230.680064
onyeka okongwu,7058669,2022,C,21,ATL,48,6,20.7,3.3,4.7,0.69,0.0,0.0,,3.3,4.7,0.69,0.69,1.7,2.3,0.727,2.4,3.5,5.9,1.1,0.6,1.3,0.9,3.1,8.2,2022-23,7058669,7940042.646016001
justin holiday,6945508,2022,SF-SG,32,SAC,74,65,27.8,3.5,8.9,0.394,2.4,6.5,0.367,1.1,2.4,0.467,0.528,0.7,0.8,0.806,0.4,2.2,2.6,1.7,0.8,0.4,0.9,2.1,10.1,2022-23,6945508,7812751.910912001
josh giddey,6924209,2022,SG,19,OKC,54,54,31.5,5.2,12.4,0.419,1.0,3.9,0.263,4.2,8.5,0.492,0.461,1.0,1.5,0.709,1.8,6.0,7.8,6.4,0.9,0.4,3.2,1.6,12.5,2022-23,6924209,7788793.432576001
rudy gay,6810886,2022,PF,35,UTA,55,1,18.9,2.9,6.9,0.414,1.3,3.7,0.345,1.6,3.2,0.494,0.507,1.1,1.4,0.785,1.0,3.4,4.4,1.0,0.5,0.3,0.9,1.7,8.1,2022-23,6810886,7661320.469504001
kevin knox,6759982,2022,SF,22,ATL,30,0,7.4,1.0,2.8,0.365,0.5,1.8,0.278,0.5,1.0,0.516,0.453,0.5,0.7,0.727,0.5,1.0,1.5,0.3,0.1,0.1,0.2,0.6,3.1,2022-23,6759982,7604060.392448001
coby white,6750479,2022,PG,21,CHI,61,17,27.5,4.6,10.6,0.433,2.2,5.8,0.385,2.3,4.8,0.491,0.539,1.3,1.5,0.857,0.3,2.7,3.0,2.9,0.5,0.2,1.1,2.2,12.7,2022-23,6750479,7593370.809856
killian hayes,6443954,2022,PG,20,DET,66,40,25.0,2.7,7.0,0.383,0.7,2.5,0.263,2.0,4.4,0.452,0.431,0.9,1.1,0.77,0.5,2.6,3.2,4.2,1.2,0.5,1.7,2.8,6.9,2022-23,6443954,7248571.8722560005
mikal bridges,6426661,2022,SF,25,PHO,82,82,34.8,5.6,10.5,0.534,1.4,3.8,0.369,4.2,6.7,0.628,0.601,1.6,1.9,0.834,0.9,3.3,4.2,2.3,1.2,0.4,0.8,1.8,14.2,2022-23,6426661,7229119.599104
shai gilgeous-alexander,6354744,2022,PG,23,OKC,56,56,34.7,8.5,18.8,0.453,1.6,5.3,0.3,6.9,13.5,0.514,0.496,5.9,7.2,0.81,0.7,4.3,5.0,5.9,1.3,0.8,2.8,2.5,24.5,2022-23,6354744,7148222.754816
jonathan kuminga,6321011,2022,SF,19,GSW,70,12,16.9,3.4,6.6,0.513,0.7,2.1,0.336,2.7,4.4,0.598,0.567,1.9,2.7,0.684,0.8,2.6,3.3,0.9,0.4,0.3,1.1,2.1,9.3,2022-23,6321011,7110277.717504
miles bridges,6269130,2022,PF,23,CHO,80,80,35.5,7.5,15.2,0.491,1.9,5.8,0.331,5.5,9.4,0.59,0.554,3.3,4.2,0.802,1.1,5.9,7.0,3.8,0.9,0.8,1.9,2.4,20.2,2022-23,6269130,7051918.648320001
jaxson hayes,6184470,2022,C,21,NOP,70,28,20.0,3.5,5.7,0.616,0.3,0.8,0.351,3.2,4.9,0.66,0.641,2.1,2.7,0.766,1.6,2.9,4.5,0.6,0.5,0.8,0.8,2.2,9.3,2022-23,6184470,6956687.66208
pat connaughton,6167187,2022,SG,29,MIL,65,19,26.0,3.5,7.6,0.458,2.2,5.7,0.395,1.2,1.9,0.643,0.605,0.7,0.8,0.833,0.7,3.5,4.2,1.3,0.9,0.2,0.5,1.3,9.9,2022-23,6167187,6937246.637568001
kris dunn,6148796,2022,PG,27,POR,14,3,24.0,3.1,7.3,0.431,0.1,0.8,0.091,3.1,6.5,0.473,0.436,1.2,1.3,0.944,0.6,2.9,3.5,5.6,1.6,0.2,2.3,2.7,7.6,2022-23,6148796,6916559.263744
george hill,6100300,2022,SG,35,MIL,54,17,23.2,2.2,5.1,0.429,0.8,2.5,0.306,1.4,2.6,0.546,0.504,1.1,1.1,0.919,0.7,2.2,2.9,2.2,0.8,0.1,0.8,1.3,6.2,2022-23,6100300,6862007.859200001
dewayne dedmon,6078118,2022,C,32,MIA,67,15,15.9,2.4,4.3,0.566,0.3,0.7,0.404,2.2,3.6,0.597,0.598,1.1,1.5,0.75,1.6,4.2,5.8,0.7,0.4,0.6,1.0,2.6,6.3,2022-23,6078118,6837056.125952001
hamidou diallo,6013007,2022,SG,23,DET,58,29,21.9,4.5,9.1,0.496,0.4,1.6,0.247,4.1,7.5,0.55,0.518,1.6,2.4,0.65,1.2,3.6,4.8,1.3,1.2,0.3,1.0,2.5,11.0,2022-23,6013007,6763815.106048001
kevon looney,5988228,2022,C,25,GSW,82,80,21.1,2.5,4.4,0.571,0.0,0.0,0.0,2.5,4.4,0.573,0.571,0.9,1.5,0.6,2.5,4.7,7.3,2.0,0.6,0.6,0.8,2.6,6.0,2022-23,5988228,6735942.100992001
obi toppin,5903339,2022,PF,23,NYK,72,10,17.1,3.5,6.6,0.531,0.7,2.3,0.308,2.8,4.2,0.655,0.586,1.3,1.7,0.758,1.0,2.8,3.7,1.1,0.3,0.5,0.8,1.4,9.0,2022-23,5903339,6640453.520896001
franz wagner,5790803,2022,SF,20,ORL,79,79,30.7,5.8,12.3,0.468,1.2,3.4,0.354,4.6,8.9,0.511,0.517,2.4,2.8,0.863,1.1,3.4,4.5,2.9,0.9,0.4,1.5,2.1,15.2,2022-23,5790803,6513865.825792001
josh jackson,5787924,2022,SF,24,SAC,51,3,16.3,2.4,5.9,0.4,0.6,2.5,0.254,1.7,3.3,0.512,0.455,1.1,1.5,0.714,0.4,2.4,2.8,1.1,0.5,0.4,0.9,1.7,6.4,2022-23,5787924,6510627.342336001
robin lopez,5781737,2022,C,33,ORL,36,9,17.0,3.1,5.5,0.553,0.1,0.2,0.333,3.0,5.4,0.56,0.558,0.9,1.5,0.593,1.9,1.6,3.5,1.5,0.1,0.5,1.2,1.9,7.1,2022-23,5781737,6503667.808768
javale mcgee,5781737,2022,C,34,PHO,74,17,15.8,3.9,6.2,0.629,0.0,0.1,0.222,3.9,6.1,0.637,0.631,1.4,2.0,0.699,2.2,4.5,6.7,0.6,0.3,1.1,1.3,2.4,9.2,2022-23,5781737,6503667.808768
rui hachimura,5684789,2022,PF,23,WAS,42,13,22.5,4.5,9.1,0.491,1.3,2.9,0.447,3.1,6.1,0.512,0.563,1.1,1.6,0.697,0.6,3.2,3.8,1.1,0.5,0.2,0.8,1.3,11.3,2022-23,5684789,6394614.493696
garrett temple,5677666,2022,SG,35,NOP,59,16,18.6,1.9,5.0,0.376,1.0,3.1,0.319,0.9,1.9,0.473,0.476,0.5,0.7,0.683,0.5,1.9,2.4,1.3,0.7,0.4,0.7,1.4,5.2,2022-23,5677666,6386602.087424001
taj gibson,5677666,2022,C,36,NYK,52,4,18.2,1.7,3.2,0.518,0.3,0.7,0.395,1.4,2.5,0.555,0.563,0.8,1.0,0.808,1.7,2.7,4.4,0.6,0.4,0.8,0.5,2.6,4.4,2022-23,5677666,6386602.087424001
torrey craig,5640719,2022,SF,31,PHO,78,16,20.5,2.6,5.7,0.454,1.0,3.0,0.329,1.6,2.7,0.594,0.541,0.5,0.7,0.75,1.1,2.9,4.0,1.2,0.6,0.5,0.9,1.9,6.6,2022-23,5640719,6345041.737216
bruce brown,5476579,2022,SF,25,BRK,72,45,24.6,3.6,7.0,0.506,0.5,1.3,0.404,3.0,5.7,0.529,0.543,1.3,1.8,0.758,1.4,3.4,4.8,2.1,1.1,0.7,0.8,2.4,9.0,2022-23,5476579,6160406.560256001
donte divincenzo,5406884,2022,SG,25,SAC,42,1,24.0,2.8,8.0,0.351,1.8,5.2,0.339,1.0,2.8,0.373,0.461,1.7,2.0,0.843,1.0,3.1,4.0,2.8,1.1,0.2,1.7,1.6,9.0,2022-23,5406884,6082009.163776
cam reddish,5400328,2022,SF,22,NYK,49,7,20.7,3.4,8.3,0.404,1.3,3.8,0.359,2.0,4.6,0.442,0.485,2.1,2.3,0.902,0.5,1.6,2.1,1.0,1.0,0.3,1.2,1.2,10.1,2022-23,5400328,6074634.555392001
david nwaba,5377016,2022,SF,29,HOU,46,4,13.2,1.8,3.8,0.483,0.3,1.1,0.306,1.5,2.8,0.551,0.526,1.0,1.5,0.716,0.9,2.4,3.3,0.8,0.6,0.4,0.5,1.2,5.1,2022-23,5377016,6048411.725824
furkan korkmaz,5353461,2022,SG,24,PHI,67,19,21.1,2.7,7.0,0.387,1.1,4.0,0.289,1.6,3.0,0.515,0.469,1.0,1.3,0.81,0.3,2.3,2.6,1.9,0.5,0.1,0.7,0.9,7.6,2022-23,5353461,6021915.554304001
davion mitchell,5322898,2022,PG,23,SAC,75,19,27.7,4.7,11.2,0.418,1.3,4.3,0.316,3.3,7.0,0.48,0.477,0.7,1.1,0.659,0.4,1.8,2.2,4.2,0.7,0.3,1.5,1.9,11.5,2022-23,5322898,5987536.335872
bryn forbes,5203563,2022,SG,28,DEN,75,2,17.1,3.1,7.2,0.429,1.6,3.9,0.414,1.5,3.3,0.447,0.542,1.1,1.2,0.908,0.1,1.1,1.2,1.0,0.3,0.1,0.7,1.3,8.8,2022-23,5203563,5853300.690432001
jeff green,5203563,2022,C,35,DEN,75,63,24.7,3.7,7.1,0.524,0.7,2.2,0.315,3.0,4.8,0.62,0.574,2.2,2.6,0.833,0.5,2.5,3.1,1.3,0.4,0.4,0.9,2.0,10.3,2022-23,5203563,5853300.690432001
jalen smith,5154997,2022,PF,21,IND,51,8,18.1,3.5,6.9,0.503,0.8,2.4,0.328,2.7,4.5,0.596,0.56,1.5,2.0,0.765,2.0,4.0,6.0,0.5,0.3,0.8,0.8,1.9,9.2,2022-23,5154997,5798670.545408
cameron johnson,5130714,2022,PF,25,PHO,66,16,26.2,4.2,9.2,0.46,2.5,5.9,0.425,1.7,3.3,0.523,0.596,1.5,1.7,0.86,0.6,3.5,4.1,1.5,0.9,0.2,0.7,1.7,12.5,2022-23,5130714,5771355.472896
ziaire williams,5056754,2022,SF,20,MEM,62,31,21.7,3.1,6.8,0.45,1.2,3.9,0.314,1.9,2.9,0.632,0.54,0.7,0.9,0.782,0.4,1.7,2.1,1.0,0.6,0.2,0.7,1.8,8.1,2022-23,5056754,5688160.531456
bobby portis,5027336,2022,C,26,MIL,72,59,28.2,5.8,12.1,0.479,1.8,4.7,0.393,3.9,7.4,0.533,0.555,1.2,1.6,0.752,2.5,6.6,9.1,1.2,0.7,0.7,1.3,2.4,14.6,2022-23,5027336,5655069.282304
kevin huerter,4918358,2022,SG,23,ATL,74,60,29.6,4.7,10.3,0.454,2.2,5.6,0.389,2.5,4.7,0.53,0.559,0.6,0.7,0.808,0.4,3.0,3.4,2.7,0.7,0.4,1.2,2.5,12.1,2022-23,4918358,5532483.853312001
devin vassell,4897316,2022,SF,21,SAS,71,32,27.3,4.6,10.8,0.427,1.9,5.4,0.361,2.7,5.4,0.492,0.516,1.2,1.4,0.838,0.6,3.7,4.3,1.9,1.1,0.6,0.8,2.0,12.3,2022-23,4897316,5508814.465024
chandler hutchison,4884626,2022,SF,25,PHO,6,0,3.7,0.2,0.3,0.5,0.0,0.0,,0.2,0.3,0.5,0.5,0.3,0.3,1.0,0.0,0.8,0.8,0.3,0.0,0.0,0.7,0.2,0.7,2022-23,4884626,5494539.9408640005
willie cauley-stein,4879881,2022,C,28,PHI,20,2,9.2,0.8,1.8,0.457,0.1,0.1,0.5,0.8,1.7,0.455,0.471,0.1,0.1,0.5,0.7,1.4,2.0,0.5,0.3,0.2,0.4,1.0,1.7,2022-23,4879881,5489202.461184001
james bouknight,4803930,2022,SG,21,CHO,31,0,9.8,1.6,4.5,0.348,0.5,1.6,0.347,1.0,3.0,0.348,0.408,0.9,1.0,0.871,0.7,1.0,1.7,0.8,0.2,0.0,0.5,0.9,4.6,2022-23,4803930,5403767.91552
jevon carter,4749291,2022,PG,26,MIL,66,3,13.7,1.5,3.8,0.387,1.0,2.6,0.388,0.5,1.3,0.386,0.518,0.2,0.3,0.833,0.2,1.5,1.7,1.5,0.4,0.2,0.5,1.0,4.2,2022-23,4749291,5342306.471424
josh okogie,4727037,2022,SG,23,MIN,49,6,10.5,0.9,2.1,0.404,0.3,1.0,0.298,0.6,1.2,0.491,0.471,0.7,1.0,0.686,0.6,0.8,1.4,0.5,0.5,0.2,0.5,1.1,2.7,2022-23,4727037,5317273.747968
grayson allen,4688636,2022,SG,26,MIL,66,61,27.3,3.9,8.6,0.448,2.4,5.9,0.409,1.5,2.7,0.533,0.588,1.0,1.1,0.865,0.5,2.9,3.4,1.5,0.7,0.3,0.7,1.5,11.1,2022-23,4688636,5274077.845504001
jarred vanderbilt,4683207,2022,PF,22,MIN,74,67,25.4,2.9,4.9,0.587,0.0,0.2,0.143,2.8,4.7,0.605,0.59,1.2,1.8,0.656,2.9,5.5,8.4,1.3,1.3,0.6,1.0,2.4,6.9,2022-23,4683207,5267970.9588480005
tyrese haliburton,4652679,2022,SG-PG,21,IND,77,77,35.0,5.6,11.8,0.473,2.1,5.1,0.414,3.5,6.8,0.517,0.562,2.1,2.5,0.842,0.8,3.2,4.0,8.2,1.7,0.6,2.6,1.6,15.3,2022-23,4652679,5233631.110656001
tyler herro,4630339,2022,SG,22,MIA,66,10,32.6,7.6,17.0,0.447,2.7,6.7,0.399,4.9,10.3,0.477,0.525,2.9,3.3,0.868,0.5,4.5,5.0,4.0,0.7,0.1,2.6,1.4,20.7,2022-23,4630339,5208501.648896
gorgui dieng,4625390,2022,C,32,ATL,44,3,8.4,1.2,2.5,0.473,0.7,1.5,0.426,0.5,1.0,0.545,0.603,0.4,0.6,0.731,0.7,2.0,2.8,0.8,0.3,0.3,0.5,1.2,3.5,2022-23,4625390,5202934.69696
dorian finney-smith,4625390,2022,PF,28,DAL,80,80,33.1,4.1,8.7,0.471,2.2,5.4,0.395,1.9,3.2,0.599,0.595,0.7,1.0,0.675,1.5,3.2,4.7,1.9,1.1,0.5,1.0,2.3,11.0,2022-23,4625390,5202934.69696
terence davis,4625390,2022,SG,24,SAC,30,11,17.9,3.8,8.9,0.423,1.6,5.0,0.329,2.1,3.9,0.542,0.515,1.2,1.5,0.818,0.4,2.8,3.1,1.3,0.8,0.4,1.1,2.3,10.4,2022-23,4625390,5202934.69696
aaron holiday,4602900,2022,PG,25,PHO,63,15,16.2,2.4,5.4,0.447,0.6,1.6,0.379,1.8,3.7,0.477,0.504,0.9,1.1,0.868,0.4,1.6,1.9,2.4,0.7,0.1,1.1,1.5,6.3,2022-23,4602900,5177636.505600001
jake layman,4556222,2022,SF,27,MIN,34,1,6.8,0.9,2.1,0.411,0.2,1.0,0.229,0.6,1.1,0.579,0.466,0.4,0.5,0.722,0.2,0.9,1.1,0.3,0.2,0.1,0.3,0.4,2.4,2022-23,4556222,5125130.103808001
anfernee simons,4554642,2022,SG,22,POR,57,30,29.5,6.2,14.0,0.443,3.1,7.8,0.405,3.1,6.2,0.49,0.555,1.8,2.0,0.888,0.5,2.2,2.6,3.9,0.5,0.1,2.0,1.9,17.3,2022-23,4554642,5123352.818688001
justise winslow,4512575,2022,SF,25,POR,48,11,16.1,2.3,5.4,0.428,0.3,1.4,0.227,2.0,4.0,0.497,0.457,0.8,1.4,0.591,1.0,3.2,4.2,1.8,0.7,0.5,1.0,1.4,5.7,2022-23,4512575,5076033.1648
romeo langford,4399162,2022,SG,22,SAS,48,5,16.1,1.7,4.0,0.435,0.6,1.8,0.341,1.1,2.2,0.509,0.51,0.5,0.9,0.548,0.6,1.6,2.3,0.4,0.5,0.3,0.3,1.0,4.5,2022-23,4399162,4948458.963968
sekou doumbouya,4393114,2022,PF,21,LAL,2,0,8.0,2.5,4.0,0.625,0.5,1.0,0.5,2.0,3.0,0.667,0.688,1.5,2.0,0.75,1.0,2.0,3.0,0.0,1.5,1.0,1.0,0.5,7.0,2022-23,4393114,4941655.786496
landry shamet,4357512,2022,SG,24,PHO,69,14,20.8,2.8,7.0,0.394,1.8,4.8,0.368,1.0,2.2,0.45,0.521,1.0,1.2,0.84,0.2,1.6,1.8,1.6,0.4,0.1,0.6,1.3,8.3,2022-23,4357512,4901608.3783680005
chris duarte,4335609,2022,SG,24,IND,55,39,28.0,4.9,11.3,0.432,1.7,4.6,0.369,3.2,6.7,0.475,0.507,1.6,2.0,0.804,0.7,3.4,4.1,2.1,1.0,0.2,1.6,1.7,13.1,2022-23,4335609,4876970.482176
alex len,4315489,2022,C,28,SAC,39,10,15.9,2.4,4.5,0.534,0.2,0.5,0.286,2.3,4.0,0.568,0.551,1.1,1.6,0.651,1.3,2.8,4.1,1.2,0.3,0.6,1.1,2.6,6.0,2022-23,4315489,4854338.218496
robert williams,4234516,2022,C,24,BOS,61,61,29.6,4.4,6.0,0.736,0.0,0.0,0.0,4.4,6.0,0.738,0.736,1.1,1.5,0.722,3.9,5.7,9.6,2.0,0.9,2.2,1.0,2.2,10.0,2022-23,4234516,4763254.605824
aaron nesmith,4198929,2022,SF,22,BOS,52,3,11.0,1.4,3.5,0.396,0.6,2.2,0.27,0.8,1.3,0.612,0.481,0.4,0.5,0.808,0.3,1.4,1.7,0.4,0.4,0.1,0.6,1.3,3.8,2022-23,4198929,4723224.070656001
moses moody,4119141,2022,SG,19,GSW,52,11,11.7,1.5,3.5,0.437,0.8,2.1,0.364,0.8,1.4,0.548,0.546,0.5,0.7,0.778,0.3,1.2,1.5,0.4,0.1,0.2,0.3,0.8,4.4,2022-23,4119141,4633473.421824001
boban marjanovic,4047216,2022,C,33,DAL,23,0,5.6,1.8,3.0,0.6,0.0,0.2,0.25,1.8,2.9,0.621,0.607,0.6,1.0,0.591,0.3,1.3,1.7,0.1,0.0,0.1,0.7,1.0,4.3,2022-23,4047216,4552567.578624001
mike muscala,4047216,2022,C,30,OKC,43,0,13.8,2.6,5.8,0.456,1.6,3.8,0.429,1.0,2.0,0.506,0.597,1.1,1.3,0.842,0.5,2.5,3.0,0.5,0.4,0.6,0.3,1.3,8.0,2022-23,4047216,4552567.578624001
cole anthony,3988705,2022,PG,21,ORL,65,65,31.7,5.5,14.0,0.391,2.0,6.0,0.338,3.5,8.0,0.432,0.464,3.3,3.9,0.854,0.5,4.9,5.4,5.7,0.7,0.3,2.6,2.6,16.3,2022-23,3988705,4486750.66112
corey kispert,3912663,2022,SF,22,WAS,77,36,23.4,3.0,6.7,0.455,1.5,4.2,0.35,1.6,2.5,0.629,0.564,0.7,0.8,0.871,0.7,2.0,2.7,1.1,0.5,0.3,0.6,1.2,8.2,2022-23,3912663,4401213.752832
georges niang,3815946,2022,PF,28,PHI,76,7,22.8,3.2,7.4,0.437,2.1,5.1,0.403,1.2,2.3,0.511,0.575,0.7,0.8,0.881,0.3,2.3,2.7,1.3,0.4,0.2,0.8,2.5,9.2,2022-23,3815946,4292420.281344
isaiah stewart,3789443,2022,C,20,DET,71,71,25.6,3.5,6.9,0.51,0.2,0.6,0.326,3.3,6.3,0.529,0.526,1.0,1.5,0.718,3.2,5.5,8.7,1.2,0.3,1.1,1.2,3.0,8.3,2022-23,3789443,4262608.010752
chuma okeke,3789443,2022,PF,23,ORL,70,20,25.0,3.1,8.2,0.376,1.7,5.3,0.318,1.4,2.9,0.48,0.478,0.8,0.9,0.846,0.7,4.3,5.0,1.7,1.4,0.6,0.8,1.4,8.6,2022-23,3789443,4262608.010752
nickeil alexander-walker,3771404,2022,SG,23,UTA,65,21,22.6,3.9,10.5,0.372,1.6,5.2,0.311,2.3,5.3,0.433,0.449,1.2,1.7,0.743,0.6,2.3,2.9,2.4,0.7,0.4,1.4,1.6,10.6,2022-23,3771404,4242316.589056
alperen sengun,3717287,2022,C,19,HOU,72,13,20.7,3.5,7.3,0.474,0.4,1.6,0.248,3.1,5.7,0.539,0.502,2.3,3.2,0.711,1.9,3.5,5.5,2.6,0.8,0.9,2.0,3.0,9.6,2022-23,3717287,4181442.3239680002
trey burke,3642494,2022,PG,29,DAL,42,0,10.5,2.0,5.1,0.391,0.6,2.0,0.317,1.4,3.2,0.436,0.451,0.5,0.5,0.87,0.1,0.7,0.8,1.4,0.3,0.0,0.6,0.9,5.1,2022-23,3642494,4097310.3708160003
aleksej pokusevski,3599894,2022,PF,20,OKC,61,12,20.2,3.0,7.5,0.408,0.9,3.2,0.289,2.1,4.2,0.498,0.47,0.6,0.8,0.7,1.2,4.0,5.2,2.1,0.6,0.6,1.5,1.4,7.6,2022-23,3599894,4049391.1644160002
facundo campazzo,3584677,2022,PG,30,DEN,65,4,18.2,1.6,4.6,0.361,0.9,3.0,0.301,0.8,1.6,0.476,0.459,0.9,1.2,0.769,0.4,1.4,1.8,3.4,1.0,0.4,1.0,1.9,5.1,2022-23,3584677,4032274.108928
goga bitadze,3582827,2022,C,22,IND,50,16,14.6,2.6,5.0,0.52,0.5,1.6,0.288,2.2,3.4,0.628,0.565,1.3,1.9,0.681,1.6,2.0,3.5,1.1,0.4,0.8,0.9,2.1,7.0,2022-23,3582827,4030193.110528
sterling brown,3469042,2022,SG,26,DAL,49,3,12.8,1.2,3.2,0.381,0.6,1.9,0.304,0.6,1.3,0.492,0.471,0.3,0.3,0.933,0.5,2.5,3.0,0.7,0.3,0.1,0.5,1.1,3.3,2022-23,3469042,3902200.4602880003
frank jackson,3469042,2022,PG,23,DET,53,7,22.0,3.7,9.1,0.402,1.6,5.3,0.308,2.0,3.8,0.529,0.491,1.6,2.0,0.827,0.4,1.3,1.6,1.0,0.5,0.2,0.7,1.7,10.6,2022-23,3469042,3902200.4602880003
josh green,3419920,2022,SG,21,DAL,67,3,15.5,1.9,3.8,0.508,0.4,1.2,0.359,1.5,2.7,0.573,0.563,0.5,0.7,0.689,0.8,1.6,2.4,1.2,0.7,0.2,0.7,1.7,4.8,2022-23,3419920,3846944.8908800003
tre mann,3354841,2022,PG,20,OKC,60,26,22.8,3.9,9.8,0.393,1.6,4.5,0.36,2.2,5.3,0.421,0.476,1.1,1.4,0.793,0.4,2.4,2.9,1.5,0.8,0.2,1.2,1.7,10.4,2022-23,3354841,3773739.8666240005
matisse thybulle,3284212,2022,SG,24,PHI,66,50,25.5,2.3,4.5,0.5,0.7,2.2,0.313,1.6,2.4,0.673,0.575,0.5,0.7,0.791,0.6,1.7,2.3,1.1,1.7,1.1,0.6,2.4,5.7,2022-23,3284212,3694291.8471680004
saddiq bey,3265895,2022,SF,22,DET,82,82,33.0,5.5,13.9,0.396,2.6,7.4,0.346,2.9,6.4,0.454,0.489,2.6,3.1,0.827,1.3,4.1,5.4,2.8,0.9,0.2,1.2,1.6,16.1,2022-23,3265895,3673687.7132800003
kai jones,3203730,2022,C,21,CHO,21,0,3.0,0.4,0.7,0.643,0.0,0.1,0.5,0.4,0.6,0.667,0.679,0.1,0.4,0.375,0.1,0.4,0.5,0.2,0.0,0.1,0.3,0.4,1.0,2022-23,3203730,3603760.5427200003
brandon clarke,3153220,2022,PF,25,MEM,64,1,19.5,4.5,7.0,0.644,0.1,0.3,0.227,4.4,6.6,0.666,0.65,1.3,2.0,0.654,2.1,3.2,5.3,1.3,0.6,1.1,0.5,1.9,10.4,2022-23,3153220,3546943.66208
precious achiuwa,3135181,2022,C,22,TOR,73,28,23.6,3.6,8.3,0.439,0.8,2.1,0.359,2.9,6.1,0.468,0.486,1.1,1.8,0.595,2.0,4.5,6.5,1.1,0.5,0.6,1.2,2.1,9.1,2022-23,3135181,3526652.2403840004
jalen johnson,3075514,2022,PF,20,ATL,22,0,5.5,1.0,1.9,0.537,0.1,0.6,0.231,0.9,1.3,0.679,0.573,0.2,0.3,0.714,0.1,1.1,1.2,0.1,0.1,0.1,0.4,0.4,2.4,2022-23,3075514,3459534.9800960002
lamarcus aldridge,3054712,2022,C,36,BRK,47,12,22.3,5.4,9.7,0.55,0.3,1.0,0.304,5.1,8.8,0.578,0.566,1.9,2.2,0.873,1.6,3.9,5.5,0.9,0.3,1.0,0.9,1.7,12.9,2022-23,3054712,3436135.5591680002
james johnson,3054712,2022,PF,34,BRK,62,10,19.2,2.3,5.0,0.469,0.4,1.4,0.271,2.0,3.6,0.545,0.507,0.5,0.9,0.527,0.8,2.6,3.5,2.1,0.5,0.5,0.8,2.6,5.5,2022-23,3054712,3436135.5591680002
ed davis,3054712,2022,C,32,CLE,31,3,6.5,0.4,0.5,0.688,0.0,0.0,,0.4,0.5,0.688,0.688,0.2,0.5,0.429,0.5,1.6,2.1,0.2,0.1,0.3,0.2,1.1,0.9,2022-23,3054712,3436135.5591680002
andre iguodala,3054712,2022,SF,38,GSW,31,0,19.5,1.5,3.9,0.38,0.5,2.4,0.23,0.9,1.5,0.617,0.45,0.5,0.6,0.75,0.7,2.5,3.2,3.7,0.9,0.7,0.9,1.1,4.0,2022-23,3054712,3436135.5591680002
avery bradley,3054712,2022,SG,31,LAL,62,45,22.7,2.4,5.6,0.423,1.3,3.4,0.39,1.1,2.3,0.471,0.54,0.3,0.3,0.889,0.5,1.7,2.2,0.8,0.9,0.1,0.6,1.9,6.4,2022-23,3054712,3436135.5591680002
carmelo anthony,3054712,2022,PF,37,LAL,69,3,26.0,4.6,10.5,0.441,2.2,5.8,0.375,2.5,4.7,0.521,0.544,1.9,2.3,0.83,0.9,3.3,4.2,1.0,0.7,0.8,0.9,2.4,13.3,2022-23,3054712,3436135.5591680002
wayne ellington,3054712,2022,SG,34,LAL,43,9,18.8,2.3,5.5,0.414,1.9,4.9,0.389,0.4,0.6,0.615,0.586,0.2,0.3,0.818,0.2,1.6,1.8,0.7,0.5,0.1,0.4,1.0,6.7,2022-23,3054712,3436135.5591680002
trevor ariza,3054712,2022,SF,36,LAL,24,11,19.3,1.4,4.1,0.333,0.8,3.1,0.27,0.5,1.0,0.52,0.434,0.4,0.8,0.556,0.4,3.0,3.4,1.1,0.5,0.3,0.5,0.8,4.0,2022-23,3054712,3436135.5591680002
dwight howard,3054712,2022,C,36,LAL,60,27,16.2,2.2,3.7,0.612,0.1,0.3,0.533,2.1,3.4,0.618,0.63,1.6,2.4,0.658,2.0,4.0,5.9,0.6,0.6,0.6,0.8,1.9,6.2,2022-23,3054712,3436135.5591680002
udonis haslem,3054712,2022,C,41,MIA,13,0,6.4,1.1,2.4,0.452,0.1,0.3,0.25,1.0,2.1,0.481,0.468,0.2,0.2,1.0,0.3,1.6,1.9,0.3,0.1,0.1,0.4,1.2,2.5,2022-23,3054712,3436135.5591680002
markieff morris,3054712,2022,PF,32,MIA,17,1,17.5,3.2,6.7,0.474,0.8,2.3,0.333,2.4,4.4,0.547,0.531,0.5,0.5,0.889,1.0,1.6,2.6,1.4,0.4,0.1,1.2,1.9,7.6,2022-23,3054712,3436135.5591680002
paul millsap,3054712,2022,PF,36,PHI,33,1,11.4,1.4,3.5,0.391,0.2,1.1,0.229,1.1,2.4,0.463,0.426,0.5,0.7,0.708,1.2,2.2,3.5,0.9,0.3,0.4,0.6,2.0,3.5,2022-23,3054712,3436135.5591680002
grant williams,3027086,2022,PF,23,BOS,77,21,24.4,2.7,5.6,0.475,1.4,3.4,0.411,1.3,2.3,0.569,0.597,1.1,1.2,0.905,0.8,2.7,3.6,1.0,0.5,0.7,0.8,2.4,7.8,2022-23,3027086,3405060.066304
tyrese maxey,3009880,2022,PG,21,PHI,75,74,35.3,6.4,13.3,0.485,1.8,4.1,0.427,4.7,9.1,0.512,0.552,2.8,3.3,0.866,0.3,2.9,3.2,4.3,0.7,0.4,1.2,2.1,17.5,2022-23,3009880,3385705.65632
keon johnson,2952432,2022,SG,19,POR,37,12,18.8,2.6,7.4,0.353,0.9,2.7,0.34,1.7,4.6,0.36,0.415,1.1,1.4,0.804,0.6,1.5,2.2,2.1,0.8,0.3,1.2,1.9,7.2,2022-23,2952432,3321084.469248
darius bazley,2905947,2022,PF,21,OKC,69,53,27.9,4.0,9.4,0.422,1.2,3.9,0.297,2.8,5.5,0.511,0.484,1.7,2.5,0.688,1.0,5.3,6.3,1.4,0.8,1.0,1.3,1.0,10.8,2022-23,2905947,3268795.1662080004
trey lyles,2890868,2022,PF,26,SAC,75,23,20.5,3.5,7.5,0.466,0.9,2.8,0.321,2.6,4.7,0.552,0.526,2.6,3.2,0.802,1.2,3.9,5.1,1.2,0.4,0.4,1.0,1.6,10.5,2022-23,2890868,3251833.3419520003
zeke nnaji,2889434,2022,PF,21,DEN,41,1,17.0,2.3,4.5,0.516,0.9,2.0,0.463,1.4,2.6,0.557,0.616,1.0,1.6,0.631,1.4,2.2,3.6,0.4,0.4,0.3,0.6,1.9,6.6,2022-23,2889434,3250220.2869760003
isaiah jackson,2834485,2022,PF,20,IND,36,15,15.0,3.2,5.7,0.563,0.1,0.4,0.313,3.1,5.3,0.584,0.575,1.7,2.4,0.682,1.7,2.5,4.1,0.3,0.7,1.4,1.1,2.6,8.3,2022-23,2834485,3188410.13504
ty jerome,2790081,2022,SG,24,OKC,48,4,16.7,2.6,6.8,0.378,1.1,3.9,0.29,1.5,3.0,0.493,0.46,0.8,1.0,0.809,0.4,1.2,1.6,2.3,0.6,0.1,0.8,1.5,7.1,2022-23,2790081,3138461.6739840005
andre drummond,2777011,2022,C,28,BRK,73,36,19.7,3.4,5.9,0.57,0.0,0.0,0.0,3.4,5.9,0.574,0.57,1.2,2.2,0.524,3.1,6.2,9.3,1.8,1.1,0.9,1.6,2.6,7.9,2022-23,2777011,3123759.7015040005
austin rivers,2777011,2022,SG,29,DEN,67,18,22.1,2.2,5.2,0.417,1.2,3.4,0.342,1.0,1.8,0.563,0.53,0.5,0.7,0.727,0.3,1.4,1.7,1.3,0.8,0.1,0.8,1.8,6.0,2022-23,2777011,3123759.7015040005
kent bazemore,2777011,2022,SF,32,LAL,39,14,14.0,1.2,3.6,0.324,0.7,2.1,0.363,0.4,1.5,0.271,0.428,0.3,0.4,0.765,0.3,1.4,1.8,0.9,0.6,0.2,0.5,1.8,3.4,2022-23,2777011,3123759.7015040005
hassan whiteside,2777011,2022,C,32,UTA,65,8,17.9,3.3,5.1,0.652,0.0,0.0,,3.3,5.1,0.652,0.652,1.6,2.6,0.623,2.6,5.0,7.6,0.4,0.3,1.6,0.8,2.8,8.2,2022-23,2777011,3123759.7015040005
victor oladipo,2763255,2022,SG,29,MIA,8,1,21.6,4.4,9.1,0.479,1.9,4.5,0.417,2.5,4.6,0.541,0.582,1.8,2.4,0.737,0.4,2.5,2.9,3.5,0.6,0.1,2.0,1.6,12.4,2022-23,2763255,3108286.0723200003
tony snell,2763255,2022,SG,30,NOP,53,12,15.5,1.3,3.2,0.404,0.8,2.4,0.352,0.5,0.8,0.558,0.535,0.1,0.1,1.0,0.3,1.6,1.9,0.5,0.3,0.2,0.4,1.3,3.5,2022-23,2763255,3108286.0723200003
solomon hill,2763255,2022,PF,30,ATL,13,1,10.7,0.2,1.5,0.15,0.2,1.0,0.154,0.1,0.5,0.143,0.2,0.0,0.0,,0.5,1.3,1.8,0.9,0.3,0.2,0.1,1.2,0.6,2022-23,2763255,3108286.0723200003
ben mclemore,2763255,2022,SG,28,POR,64,6,20.1,3.4,8.4,0.401,2.4,6.5,0.362,1.0,1.9,0.533,0.541,1.1,1.4,0.818,0.2,1.4,1.6,0.9,0.6,0.2,0.9,1.6,10.2,2022-23,2763255,3108286.0723200003
cody zeller,2763255,2022,C,29,POR,27,0,13.1,1.9,3.3,0.567,0.0,0.1,0.0,1.9,3.2,0.593,0.567,1.4,1.8,0.776,1.9,2.8,4.6,0.8,0.3,0.2,0.7,2.1,5.2,2022-23,2763255,3108286.0723200003
usman garuba,2721255,2022,PF,19,HOU,24,2,10.0,0.8,1.8,0.432,0.2,0.8,0.25,0.6,1.0,0.583,0.489,0.2,0.3,0.714,0.9,2.6,3.5,0.7,0.4,0.5,0.3,1.2,2.0,2022-23,2721255,3061041.78432
leandro bolmaro,2721255,2022,SF,21,MIN,35,2,6.9,0.5,1.5,0.315,0.1,0.5,0.278,0.3,1.0,0.333,0.361,0.3,0.4,0.846,0.5,0.8,1.2,0.6,0.2,0.0,0.4,0.7,1.4,2022-23,2721255,3061041.78432
willy hernangomez,2691075,2022,C,27,NOP,50,8,16.8,3.4,6.5,0.52,0.1,0.2,0.333,3.3,6.3,0.527,0.526,2.2,2.8,0.773,2.9,3.9,6.8,1.3,0.4,0.4,1.0,1.9,9.1,2022-23,2691075,3027093.3888000003
nassir little,2678378,2022,SF,21,POR,42,23,25.9,3.5,7.5,0.46,1.2,3.7,0.331,2.2,3.8,0.584,0.541,1.6,2.2,0.734,1.4,4.2,5.6,1.3,0.6,0.9,1.0,2.0,9.8,2022-23,2678378,3012810.990592
josh christopher,2612466,2022,SG,20,HOU,74,2,18.0,3.0,6.8,0.448,0.8,2.6,0.296,2.3,4.2,0.54,0.504,1.1,1.5,0.735,0.7,1.8,2.5,2.0,0.9,0.2,1.5,1.3,7.9,2022-23,2612466,2938668.954624
drew eubanks,2590009,2022,C,24,POR,71,31,17.5,3.1,5.2,0.596,0.1,0.3,0.217,3.0,4.9,0.621,0.602,1.4,1.8,0.762,1.8,3.5,5.4,1.2,0.4,0.6,1.1,1.7,7.7,2022-23,2590009,2913407.8837760002
rodney hood,2589691,2022,SF-SG,29,LAC,52,0,13.6,1.1,3.0,0.369,0.6,1.8,0.33,0.5,1.3,0.424,0.465,0.3,0.4,0.895,0.3,1.2,1.5,0.7,0.3,0.1,0.2,0.6,3.1,2022-23,2589691,2913050.1770240003
elfrid payton,2589691,2022,PG,27,PHO,50,1,11.0,1.3,3.5,0.383,0.1,0.4,0.222,1.3,3.1,0.401,0.394,0.2,0.6,0.375,0.4,1.3,1.8,2.0,0.5,0.1,0.9,0.8,3.0,2022-23,2589691,2913050.1770240003
dylan windler,2589293,2022,SF,25,CLE,50,0,9.2,0.7,2.0,0.378,0.4,1.4,0.3,0.3,0.6,0.571,0.485,0.3,0.4,0.833,0.4,1.4,1.8,0.7,0.3,0.1,0.3,0.9,2.2,2022-23,2589293,2912602.4811520004
immanuel quickley,2556268,2022,PG,22,NYK,78,3,23.1,3.6,9.3,0.392,1.8,5.1,0.346,1.9,4.2,0.448,0.487,2.3,2.6,0.881,0.4,2.8,3.2,3.5,0.7,0.0,1.3,2.1,11.3,2022-23,2556268,2875453.847552
john konchar,2543964,2022,SG,25,MEM,72,7,17.9,1.9,3.6,0.515,0.7,1.8,0.413,1.2,1.9,0.61,0.615,0.4,0.7,0.551,1.2,3.4,4.6,1.5,0.6,0.3,0.4,1.3,4.8,2022-23,2543964,2861613.5208960003
quentin grimes,2507701,2022,SG,21,NYK,46,6,17.1,2.1,5.1,0.404,1.6,4.1,0.381,0.5,1.0,0.5,0.557,0.3,0.4,0.684,0.5,1.5,2.0,1.0,0.7,0.2,0.6,1.6,6.0,2022-23,2507701,2820822.5776640004
jordan poole,2499375,2022,SG,22,GSW,76,51,30.0,6.2,13.9,0.448,2.8,7.6,0.364,3.5,6.3,0.55,0.548,3.2,3.5,0.925,0.4,3.0,3.4,4.0,0.8,0.3,2.5,2.7,18.5,2022-23,2499375,2811456.9600000004
bol bol,2499042,2022,PF,22,DEN,14,0,5.8,1.1,1.9,0.556,0.1,0.3,0.25,1.0,1.6,0.609,0.574,0.1,0.4,0.4,0.3,1.1,1.4,0.4,0.1,0.1,0.3,0.3,2.4,2022-23,2499042,2811082.380288
keldon johnson,2481198,2022,SF,22,SAS,75,74,31.9,6.3,13.5,0.466,2.1,5.3,0.398,4.2,8.2,0.51,0.545,2.4,3.1,0.756,1.1,5.0,6.1,2.1,0.8,0.2,1.2,2.0,17.0,2022-23,2481198,2791010.307072
payton pritchard,2471623,2022,SG,24,BOS,71,2,14.1,2.3,5.3,0.429,1.4,3.5,0.412,0.8,1.8,0.461,0.564,0.3,0.3,1.0,0.5,1.4,1.9,2.0,0.4,0.1,0.6,0.9,6.2,2022-23,2471623,2780239.7342720004
bones hyland,2424722,2022,PG,21,DEN,69,4,19.0,3.3,8.3,0.403,1.9,5.2,0.366,1.4,3.1,0.465,0.518,1.6,1.8,0.856,0.2,2.5,2.7,2.8,0.6,0.3,1.2,2.2,10.1,2022-23,2424722,2727482.4878080003
nemanja bjelica,2416128,2022,C,33,GSW,71,0,16.1,2.3,4.8,0.468,0.8,2.1,0.362,1.5,2.7,0.549,0.547,0.8,1.1,0.728,0.9,3.3,4.1,2.2,0.6,0.4,1.2,1.8,6.1,2022-23,2416128,2717815.4065920003
frank kaminsky,2416128,2022,C,28,PHO,9,0,20.1,4.0,7.3,0.545,0.6,1.7,0.333,3.4,5.7,0.608,0.583,2.0,2.2,0.9,1.2,3.3,4.6,1.4,0.9,0.8,0.6,1.6,10.6,2022-23,2416128,2717815.4065920003
raul neto,2416128,2022,PG,29,WAS,70,19,19.6,2.9,6.3,0.463,0.5,1.7,0.292,2.4,4.6,0.526,0.502,1.2,1.5,0.769,0.2,1.7,1.9,3.1,0.8,0.0,1.1,1.5,7.5,2022-23,2416128,2717815.4065920003
jaden mcdaniels,2385868,2022,PF,21,MIN,70,31,25.8,3.6,7.9,0.46,1.1,3.6,0.317,2.5,4.3,0.579,0.532,0.8,1.0,0.803,1.1,3.1,4.2,1.1,0.7,0.8,1.1,3.2,9.2,2022-23,2385868,2683777.021952
malachi flynn,2368246,2022,PG,23,TOR,44,5,12.2,1.6,4.2,0.393,0.7,2.0,0.333,1.0,2.1,0.452,0.475,0.3,0.5,0.625,0.2,1.2,1.4,1.6,0.5,0.1,0.3,1.0,4.3,2022-23,2368246,2663954.668544
demarcus cousins,2357725,2022,C,31,DEN,48,7,15.0,3.1,6.8,0.46,0.8,2.5,0.303,2.3,4.2,0.554,0.517,2.0,2.6,0.76,1.5,4.1,5.6,1.5,0.7,0.4,1.8,2.9,9.0,2022-23,2357725,2652119.9744
cam thomas,2354647,2022,SG,20,BRK,67,2,17.6,3.3,7.5,0.433,0.7,2.6,0.27,2.6,4.9,0.52,0.48,1.3,1.6,0.829,0.2,2.2,2.4,1.2,0.5,0.1,0.8,1.0,8.5,2022-23,2354647,2648657.643008
desmond bane,2351039,2022,SF,23,MEM,76,76,29.8,6.7,14.5,0.461,3.0,6.9,0.436,3.7,7.6,0.484,0.565,1.8,2.0,0.903,0.6,3.8,4.4,2.7,1.2,0.4,1.5,2.6,18.2,2022-23,2351039,2644599.133696
jaden springer,2340077,2022,SG,19,PHI,2,0,3.0,0.5,0.5,1.0,0.0,0.0,,0.5,0.5,1.0,1.0,0.0,0.0,,0.5,0.5,1.0,0.0,0.0,1.0,0.5,0.0,1.0,2022-23,2340077,2632268.374528
day'ron sharpe,2323287,2022,PF,20,BRK,32,8,12.2,2.7,4.7,0.577,0.1,0.2,0.286,2.6,4.4,0.592,0.584,0.8,1.3,0.585,2.5,2.5,5.0,0.5,0.3,0.5,0.9,1.9,6.2,2022-23,2323287,2613381.907968
garrison mathews,2312695,2022,SG,25,HOU,65,33,26.3,2.8,7.1,0.399,2.1,5.9,0.36,0.7,1.2,0.6,0.55,2.2,2.8,0.794,0.5,2.4,2.9,1.0,0.9,0.4,0.6,2.6,10.0,2022-23,2312695,2601467.34848
jordan mclaughlin,2312695,2022,PG,25,MIN,62,3,14.5,1.4,3.2,0.44,0.4,1.4,0.318,1.0,1.9,0.53,0.508,0.5,0.6,0.75,0.4,1.2,1.5,2.9,0.9,0.2,0.6,0.9,3.8,2022-23,2312695,2601467.34848
jeremiah robinson-earl,2312695,2022,C,21,OKC,49,36,22.2,2.7,6.6,0.414,1.2,3.4,0.352,1.6,3.2,0.478,0.503,0.8,1.1,0.741,1.5,4.1,5.6,1.0,0.6,0.3,0.8,1.5,7.5,2022-23,2312695,2601467.34848
theo maledon,2312695,2022,PG,20,OKC,51,7,17.8,2.3,6.2,0.375,0.9,2.9,0.293,1.5,3.3,0.449,0.445,1.5,2.0,0.79,0.4,2.2,2.6,2.2,0.6,0.2,1.3,1.3,7.1,2022-23,2312695,2601467.34848
kenrich williams,2312695,2022,SF,27,OKC,49,0,21.9,3.0,6.5,0.461,0.8,2.5,0.339,2.1,4.0,0.536,0.525,0.6,1.1,0.545,1.5,3.0,4.5,2.2,0.9,0.2,0.9,1.7,7.4,2022-23,2312695,2601467.34848
abdel nader,2312695,2022,SF,28,PHO,14,0,10.4,0.9,2.5,0.343,0.3,1.0,0.286,0.6,1.5,0.381,0.4,0.4,0.7,0.6,0.3,1.6,1.9,0.5,0.6,0.3,0.8,1.4,2.4,2022-23,2312695,2601467.34848
damian jones,2286111,2022,C,26,SAC,56,15,18.2,3.1,4.8,0.658,0.2,0.5,0.345,2.9,4.2,0.696,0.677,1.7,2.3,0.718,1.3,3.1,4.4,1.2,0.5,0.8,1.1,2.3,8.1,2022-23,2286111,2571563.9639040004
wesley matthews,2264700,2022,SG,35,MIL,49,14,20.4,1.8,4.5,0.395,1.1,3.2,0.338,0.7,1.3,0.54,0.516,0.4,0.6,0.786,0.6,1.3,1.9,0.7,0.5,0.2,0.4,1.8,5.1,2022-23,2264700,2547479.5008
rodney mcgruder,2242562,2022,SG,30,DET,51,2,14.8,1.9,4.4,0.436,1.1,2.9,0.397,0.8,1.5,0.506,0.564,0.4,0.5,0.731,0.6,1.6,2.2,0.9,0.4,0.1,0.5,1.1,5.4,2022-23,2242562,2522577.261568
moses brown,2236270,2022,C,22,CLE,40,6,8.6,1.6,2.7,0.593,0.0,0.0,,1.6,2.7,0.593,0.593,1.1,1.8,0.597,1.0,2.4,3.4,0.0,0.2,0.4,0.5,1.3,4.3,2022-23,2236270,2515499.6172800004
jose alvarado,2226438,2022,PG,23,NOP,54,1,15.4,2.4,5.4,0.446,0.6,2.0,0.291,1.8,3.4,0.538,0.5,0.7,1.0,0.679,0.5,1.4,1.9,2.8,1.3,0.1,0.7,1.4,6.1,2022-23,2226438,2504439.9544320004
damion lee,2209618,2022,SG,29,GSW,63,5,19.9,2.7,6.1,0.441,1.0,3.0,0.337,1.7,3.1,0.541,0.523,1.0,1.2,0.88,0.4,2.8,3.2,1.0,0.6,0.1,0.6,1.5,7.4,2022-23,2209618,2485519.741952
pj dozier,2209618,2022,SG,25,DEN,18,0,18.9,2.0,5.5,0.364,0.8,2.7,0.313,1.2,2.8,0.412,0.439,0.6,0.7,0.769,0.8,2.7,3.5,1.6,0.6,0.3,0.7,1.8,5.4,2022-23,2209618,2485519.741952
killian tillie,2198939,2022,C,23,MEM,36,3,12.8,1.2,3.5,0.339,0.8,2.4,0.314,0.4,1.1,0.39,0.445,0.1,0.2,0.625,0.6,1.1,1.7,0.6,0.6,0.4,0.4,1.6,3.3,2022-23,2198939,2473507.319296
tyrell terry,2161719,2022,PG,21,MEM,2,0,1.5,0.5,0.5,1.0,0.0,0.0,,0.5,0.5,1.0,1.0,0.0,0.0,,0.0,0.0,0.0,0.0,0.0,0.0,0.0,0.5,1.0,2022-23,2161719,2431639.8812160003
carsen edwards,2150071,2022,SG,23,DET,4,0,19.8,2.3,7.5,0.3,1.0,4.0,0.25,1.3,3.5,0.357,0.367,0.3,0.3,1.0,0.5,1.0,1.5,3.5,0.5,0.0,1.3,1.0,5.8,2022-23,2150071,2418537.465344
shake milton,2135470,2022,PG,25,PHI,55,6,21.4,3.1,7.3,0.429,0.8,2.4,0.323,2.4,4.9,0.481,0.483,1.1,1.3,0.836,0.5,2.0,2.6,2.5,0.5,0.3,0.8,1.8,8.2,2022-23,2135470,2402113.32608
jalen brunson,2083804,2022,PG,25,DAL,79,61,31.9,6.4,12.8,0.502,1.2,3.2,0.373,5.2,9.6,0.545,0.549,2.3,2.7,0.84,0.5,3.4,3.9,4.8,0.8,0.0,1.6,1.9,16.3,2022-23,2083804,2343996.1026560003
mitchell robinson,2083804,2022,C,23,NYK,72,62,25.7,3.6,4.8,0.761,0.0,0.0,,3.6,4.8,0.761,0.761,1.2,2.5,0.486,4.1,4.5,8.6,0.5,0.8,1.8,0.8,2.7,8.5,2022-23,2083804,2343996.1026560003
tony bradley,2069001,2022,C,24,CHI,55,7,10.0,1.3,2.2,0.585,0.0,0.0,,1.3,2.2,0.585,0.585,0.3,0.5,0.655,1.2,2.2,3.4,0.5,0.2,0.6,0.6,1.1,3.0,2022-23,2069001,2327344.7408640003
frank ntilikina,2069001,2022,PG,23,DAL,58,5,11.8,1.5,3.8,0.399,0.7,1.9,0.342,0.9,1.9,0.455,0.484,0.4,0.4,0.96,0.2,1.2,1.4,1.2,0.5,0.1,0.5,1.1,4.1,2022-23,2069001,2327344.7408640003
semi ojeleye,2069001,2022,PF,27,LAC,30,0,13.5,1.0,3.3,0.303,0.5,1.7,0.3,0.5,1.6,0.306,0.379,0.8,1.0,0.793,0.9,1.6,2.5,0.3,0.2,0.2,0.3,1.0,3.3,2022-23,2069001,2327344.7408640003
malik monk,2069001,2022,SG,23,LAL,76,37,28.1,5.1,10.9,0.473,2.3,5.8,0.391,2.9,5.1,0.568,0.578,1.2,1.5,0.795,0.5,2.9,3.4,2.9,0.8,0.4,1.6,1.8,13.8,2022-23,2069001,2327344.7408640003
didi louzada,2066251,2022,SG-SF,22,POR,9,1,14.3,1.3,3.7,0.364,1.0,2.6,0.391,0.3,1.1,0.3,0.5,0.2,0.2,1.0,0.6,1.3,1.9,0.6,0.2,0.2,0.6,1.4,3.9,2022-23,2066251,2324251.364864
jalen mcdaniels,2061329,2022,SF,24,CHO,55,2,16.3,2.2,4.6,0.484,0.7,2.0,0.38,1.5,2.7,0.562,0.565,1.0,1.3,0.736,0.7,2.4,3.1,1.1,0.5,0.4,0.7,1.7,6.2,2022-23,2061329,2318714.784256
cody martin,2061329,2022,SF,26,CHO,71,11,26.3,2.9,6.0,0.482,0.9,2.2,0.384,2.0,3.7,0.542,0.554,1.1,1.5,0.701,1.2,2.9,4.0,2.5,1.2,0.5,0.9,1.6,7.7,2022-23,2061329,2318714.784256
dean wade,2061329,2022,PF,25,CLE,51,28,19.2,1.9,4.3,0.456,1.0,2.8,0.359,0.9,1.5,0.64,0.574,0.4,0.6,0.667,0.6,2.3,2.9,1.0,0.6,0.1,0.3,1.7,5.3,2022-23,2061329,2318714.784256
vlatko cancar,2061329,2022,PF,24,DEN,15,1,11.7,1.5,2.7,0.561,0.5,0.8,0.583,1.1,1.9,0.552,0.646,0.6,0.9,0.643,0.5,1.5,2.1,1.1,0.1,0.2,0.6,1.2,4.1,2022-23,2061329,2318714.784256
bruno fernando,2061329,2022,C,23,HOU,30,0,5.1,1.2,1.8,0.655,0.0,0.1,0.5,1.2,1.8,0.66,0.664,0.5,0.8,0.625,0.6,1.2,1.8,0.2,0.0,0.4,0.5,0.8,2.9,2022-23,2061329,2318714.784256
terance mann,2061329,2022,SF,25,LAC,81,33,28.6,4.1,8.5,0.484,0.9,2.6,0.365,3.2,6.0,0.535,0.539,1.6,2.0,0.78,1.3,4.0,5.2,2.6,0.7,0.3,1.0,2.2,10.8,2022-23,2061329,2318714.784256
jaylen nowell,2061329,2022,SG,22,MIN,62,1,15.7,3.2,6.7,0.475,1.0,2.6,0.394,2.1,4.1,0.526,0.551,1.2,1.5,0.783,0.4,1.6,2.0,2.1,0.4,0.2,0.6,1.2,8.5,2022-23,2061329,2318714.784256
naz reid,2061329,2022,C,22,MIN,77,6,15.8,3.0,6.2,0.489,0.7,2.2,0.343,2.3,4.0,0.568,0.549,1.5,1.9,0.765,1.3,2.6,3.9,0.9,0.5,0.9,1.1,2.2,8.3,2022-23,2061329,2318714.784256
kz okpala,2061329,2022,PF,22,MIA,21,0,11.6,1.4,3.3,0.435,0.4,1.2,0.346,1.0,2.0,0.488,0.5,0.4,0.5,0.727,0.5,1.4,2.0,0.7,0.2,0.3,0.2,1.2,3.7,2022-23,2061329,2318714.784256
isaiah roby,2061329,2022,PF,23,OKC,45,28,21.1,3.7,7.2,0.514,1.0,2.2,0.444,2.7,5.0,0.545,0.582,1.7,2.6,0.672,1.7,3.2,4.8,1.6,0.8,0.8,1.0,2.4,10.1,2022-23,2061329,2318714.784256
luguentz dort,2061329,2022,SF,22,OKC,51,51,32.6,5.7,14.2,0.404,2.5,7.7,0.332,3.2,6.6,0.487,0.493,3.2,3.7,0.843,0.7,3.4,4.2,1.7,0.9,0.4,1.7,2.9,17.2,2022-23,2061329,2318714.784256
eric paschall,2061329,2022,PF,25,UTA,58,3,12.7,2.0,4.1,0.485,0.7,1.9,0.37,1.3,2.2,0.583,0.57,1.1,1.5,0.767,0.5,1.3,1.8,0.6,0.2,0.1,0.5,0.9,5.8,2022-23,2061329,2318714.784256
daniel gafford,2061329,2022,C,23,WAS,72,53,20.1,4.0,5.7,0.693,0.0,0.0,0.0,4.0,5.7,0.695,0.693,1.5,2.1,0.699,2.2,3.5,5.7,0.9,0.4,1.4,0.9,2.4,9.4,2022-23,2061329,2318714.784256
chimezie metu,2038404,2022,C,24,SAC,60,20,21.3,3.4,7.5,0.452,1.0,3.1,0.306,2.4,4.4,0.555,0.516,1.2,1.5,0.78,0.6,5.0,5.6,1.0,0.9,0.5,1.0,1.6,8.9,2022-23,2038404,2292927.277056
yuta watanabe,2038404,2022,SF,27,TOR,38,4,11.7,1.5,3.6,0.406,0.7,2.1,0.342,0.8,1.6,0.492,0.504,0.6,1.1,0.6,0.5,1.9,2.4,0.6,0.3,0.4,0.5,1.0,4.3,2022-23,2038404,2292927.277056
armoni brooks,2010962,2022,SG-PG,23,TOR,54,11,15.6,1.8,5.4,0.339,1.4,4.6,0.297,0.4,0.7,0.6,0.467,0.3,0.4,0.857,0.4,1.5,1.9,1.1,0.5,0.2,0.5,1.4,5.3,2022-23,2010962,2262058.759168
isaiah hartenstein,1999575,2022,C,23,LAC,68,0,17.9,3.4,5.4,0.626,0.2,0.4,0.467,3.2,4.9,0.64,0.645,1.3,1.9,0.689,1.7,3.2,4.9,2.4,0.7,1.1,1.2,2.5,8.3,2022-23,1999575,2249249.9328
thanasis antetokounmpo,1999575,2022,SF,29,MIL,48,6,9.9,1.5,2.7,0.547,0.0,0.3,0.143,1.4,2.4,0.596,0.555,0.6,1.0,0.63,0.8,1.3,2.1,0.5,0.3,0.3,0.5,1.4,3.6,2022-23,1999575,2249249.9328
moritz wagner,1999575,2022,C,24,ORL,63,3,15.2,3.1,6.3,0.497,1.0,3.2,0.328,2.1,3.1,0.672,0.581,1.7,2.0,0.806,0.7,3.0,3.7,1.4,0.3,0.2,0.9,2.0,9.0,2022-23,1999575,2249249.9328
keita bates-diop,1999575,2022,SF,26,SAS,59,14,16.2,2.3,4.5,0.517,0.3,0.9,0.309,2.0,3.5,0.572,0.549,0.8,1.0,0.754,1.1,2.9,3.9,0.7,0.5,0.2,0.8,1.0,5.7,2022-23,1999575,2249249.9328
isaac bonga,1999575,2022,SF,22,TOR,15,0,4.6,0.2,0.9,0.231,0.1,0.3,0.25,0.1,0.6,0.222,0.269,0.3,0.5,0.625,0.3,0.2,0.5,0.3,0.5,0.1,0.1,0.7,0.8,2022-23,1999575,2249249.9328
juan toscano-anderson,1967632,2022,SF,28,GSW,73,6,13.6,1.6,3.2,0.489,0.4,1.2,0.322,1.2,2.0,0.588,0.549,0.5,1.0,0.571,0.4,2.0,2.4,1.7,0.7,0.2,0.9,1.6,4.1,2022-23,1967632,2213318.402048
oshae brissett,1967632,2022,SF,23,IND,67,25,23.3,3.1,7.6,0.411,1.2,3.5,0.35,1.9,4.0,0.465,0.493,1.7,2.4,0.695,1.6,3.7,5.3,1.1,0.7,0.4,0.8,1.7,9.1,2022-23,1967632,2213318.402048
gabriel deck,1954813,2022,PF,26,OKC,7,0,8.0,1.1,2.0,0.571,0.3,0.6,0.5,0.9,1.4,0.6,0.643,0.0,0.0,,0.1,0.7,0.9,0.7,0.1,0.0,0.3,0.3,2.6,2022-23,1954813,2198898.770432
matt thomas,1930149,2022,SG,27,CHI,40,0,11.5,1.4,3.4,0.41,0.9,2.3,0.385,0.5,1.1,0.465,0.541,0.4,0.5,0.8,0.1,1.2,1.3,0.5,0.2,0.1,0.2,0.5,4.0,2022-23,1930149,2171155.1247360003
javonte green,1930149,2022,SF,28,CHI,65,45,23.4,2.7,5.0,0.542,0.6,1.6,0.356,2.2,3.4,0.625,0.597,1.2,1.5,0.833,1.4,2.8,4.2,0.9,1.0,0.5,0.5,2.0,7.2,2022-23,1930149,2171155.1247360003
gary payton ii,1930149,2022,PG,29,GSW,71,16,17.6,3.0,4.8,0.616,0.6,1.7,0.358,2.4,3.2,0.754,0.679,0.5,0.8,0.603,1.0,2.5,3.5,0.9,1.4,0.3,0.6,1.8,7.1,2022-23,1930149,2171155.1247360003
max strus,1930149,2022,SF,25,MIA,68,16,23.3,3.7,8.3,0.441,2.7,6.5,0.41,1.0,1.8,0.557,0.602,0.6,0.8,0.792,0.4,2.6,3.0,1.4,0.4,0.2,0.8,1.7,10.6,2022-23,1930149,2171155.1247360003
gabe vincent,1930149,2022,PG,25,MIA,68,27,23.4,3.1,7.5,0.417,1.8,4.8,0.368,1.4,2.8,0.5,0.533,0.6,0.8,0.815,0.3,1.5,1.9,3.1,0.9,0.2,1.4,2.3,8.7,2022-23,1930149,2171155.1247360003
lance stephenson,1867297,2022,SG-SF,31,IND,46,1,17.7,3.2,7.0,0.455,0.6,2.0,0.3,2.6,5.1,0.515,0.497,1.4,1.7,0.788,0.3,2.5,2.8,3.6,0.5,0.1,1.6,2.1,8.3,2022-23,1867297,2100455.172608
deividas sirvydis,1854271,2022,SG,21,DET,3,0,9.0,0.3,3.3,0.1,0.3,2.3,0.143,0.0,1.0,0.0,0.15,0.0,0.0,,0.0,2.0,2.0,0.3,1.0,0.3,0.0,1.3,1.0,2022-23,1854271,2085802.694144
daniel oturu,1854270,2022,C,22,TOR,3,0,9.0,1.0,2.0,0.5,0.0,0.3,0.0,1.0,1.7,0.6,0.5,1.0,1.7,0.6,0.3,1.3,1.7,0.0,0.0,0.7,0.0,0.3,3.0,2022-23,1854270,2085801.5692800002
kevin pangos,1814515,2022,PG,29,CLE,24,3,6.9,0.6,1.9,0.326,0.3,1.1,0.231,0.4,0.8,0.45,0.391,0.1,0.2,0.75,0.1,0.4,0.5,1.3,0.1,0.0,0.3,0.5,1.6,2022-23,1814515,2041082.6009600002
bismack biyombo,1755581,2022,C,29,PHO,36,3,14.1,2.4,4.0,0.593,0.0,0.0,,2.4,4.0,0.593,0.593,1.1,2.0,0.535,1.8,2.9,4.6,0.6,0.3,0.7,0.7,1.9,5.8,2022-23,1755581,1974789.8659840003
nick richards,1755313,2022,C,24,CHO,50,5,7.3,1.2,1.8,0.667,0.0,0.0,,1.2,1.8,0.667,0.667,0.6,0.9,0.698,0.7,1.0,1.7,0.3,0.2,0.4,0.5,1.0,3.0,2022-23,1755313,1974488.4024320003
lamar stevens,1755313,2022,PF,24,CLE,63,13,16.1,2.5,5.1,0.489,0.3,1.0,0.277,2.2,4.0,0.543,0.517,0.8,1.2,0.707,0.7,1.9,2.6,0.7,0.5,0.3,0.7,1.7,6.1,2022-23,1755313,1974488.4024320003
jae'sean tate,1755313,2022,SF,26,HOU,78,77,26.4,4.7,9.3,0.498,0.8,2.6,0.312,3.8,6.8,0.569,0.541,1.7,2.4,0.707,1.7,3.7,5.4,2.8,0.9,0.5,1.8,3.7,11.8,2022-23,1755313,1974488.4024320003
sam merrill,1755313,2022,SG,25,MEM,6,0,9.7,1.3,4.0,0.333,1.2,3.8,0.304,0.2,0.2,1.0,0.479,0.3,0.7,0.5,0.2,1.0,1.2,0.7,0.0,0.0,0.3,0.5,4.2,2022-23,1755313,1974488.4024320003
jordan nwora,1755313,2022,SF,23,MIL,62,13,19.1,3.0,7.5,0.403,1.3,3.7,0.348,1.7,3.8,0.455,0.488,0.6,0.7,0.837,0.6,3.0,3.6,1.0,0.4,0.3,0.9,1.3,7.9,2022-23,1755313,1974488.4024320003
naji marshall,1755313,2022,SF,24,NOP,55,4,13.4,2.0,4.9,0.405,0.4,1.9,0.2,1.6,3.0,0.537,0.444,1.3,1.7,0.796,0.7,1.9,2.6,1.1,0.6,0.1,0.8,1.3,5.7,2022-23,1755313,1974488.4024320003
paul reed,1755313,2022,C,22,PHI,38,2,7.9,1.4,2.5,0.563,0.1,0.2,0.25,1.4,2.3,0.591,0.573,0.2,0.4,0.429,1.2,1.3,2.4,0.4,0.9,0.4,0.3,1.5,3.1,2022-23,1755313,1974488.4024320003
isaiah joe,1755313,2022,SG,22,PHI,55,1,11.1,1.1,3.2,0.35,0.8,2.5,0.333,0.3,0.8,0.405,0.477,0.5,0.6,0.935,0.1,0.9,1.0,0.6,0.3,0.1,0.3,0.9,3.6,2022-23,1755313,1974488.4024320003
elijah hughes,1755313,2022,SG-SF,23,POR,36,4,12.1,1.3,4.0,0.326,0.7,2.6,0.263,0.6,1.4,0.449,0.413,0.2,0.3,0.778,0.2,1.4,1.6,0.6,0.4,0.2,0.5,1.1,3.5,2022-23,1755313,1974488.4024320003
cj elleby,1755313,2022,SF,21,POR,58,28,20.2,2.1,5.3,0.393,0.6,2.2,0.294,1.4,3.1,0.462,0.453,1.0,1.4,0.714,1.1,2.8,3.9,1.5,0.6,0.3,1.0,2.0,5.8,2022-23,1755313,1974488.4024320003
jahmi'us ramsey,1755313,2022,SG,20,SAC,19,0,7.1,1.3,3.1,0.414,0.3,0.9,0.278,1.0,2.1,0.475,0.457,0.4,0.7,0.5,0.2,0.5,0.7,0.4,0.1,0.1,0.3,0.5,3.2,2022-23,1755313,1974488.4024320003
tre jones,1755313,2022,PG,22,SAS,69,11,16.6,2.4,4.9,0.49,0.1,0.7,0.196,2.3,4.2,0.542,0.504,1.0,1.3,0.78,0.4,1.8,2.2,3.4,0.6,0.1,0.7,1.1,6.0,2022-23,1755313,1974488.4024320003
anthony gill,1755313,2022,PF,29,WAS,44,0,10.5,1.4,2.5,0.569,0.3,0.6,0.538,1.1,1.9,0.578,0.633,1.0,1.2,0.808,0.8,1.2,1.9,0.6,0.1,0.3,0.4,1.3,4.1,2022-23,1755313,1974488.4024320003
isaiah todd,1734521,2022,PF,20,WAS,12,0,6.2,0.6,2.2,0.269,0.3,1.3,0.25,0.3,0.8,0.3,0.346,0.2,0.5,0.333,0.3,0.8,1.0,0.3,0.3,0.2,0.3,0.3,1.7,2022-23,1734521,1951100.2301440001
saben lee,1721876,2022,PG,22,DET,37,0,16.3,1.9,4.8,0.39,0.4,1.6,0.233,1.5,3.2,0.47,0.429,1.5,1.9,0.789,0.5,1.9,2.4,2.9,1.0,0.3,1.0,1.2,5.6,2022-23,1721876,1936876.324864
omer yurtseven,1721876,2022,C,23,MIA,56,12,12.6,2.3,4.4,0.526,0.0,0.2,0.091,2.3,4.2,0.547,0.528,0.7,1.1,0.623,1.5,3.7,5.3,0.9,0.3,0.4,0.7,1.5,5.3,2022-23,1721876,1936876.324864
stanley johnson,1583036,2022,PF,25,LAL,48,27,22.8,2.4,5.2,0.466,0.7,2.2,0.314,1.8,3.0,0.575,0.532,1.1,1.5,0.716,0.7,2.5,3.2,1.7,0.9,0.3,0.7,2.3,6.7,2022-23,1583036,1780700.207104
aaron wiggins,1509913,2022,SG,23,OKC,50,35,24.2,3.1,6.7,0.463,0.8,2.8,0.304,2.3,4.0,0.573,0.525,1.2,1.7,0.729,1.0,2.5,3.6,1.4,0.6,0.2,1.1,1.9,8.3,2022-23,1509913,1698446.7768320001
marquese chriss,1495041,2022,PF,24,DAL,34,0,10.2,1.8,3.9,0.463,0.2,0.7,0.32,1.6,3.2,0.495,0.493,0.6,1.0,0.667,1.0,2.1,3.0,0.5,0.4,0.4,0.5,1.9,4.5,2022-23,1495041,1681717.799424
jt thor,1445434,2022,PF,19,CHO,33,0,7.9,0.7,1.7,0.436,0.2,0.8,0.259,0.5,0.8,0.607,0.5,0.4,0.6,0.6,0.3,1.0,1.3,0.6,0.2,0.3,0.3,0.8,2.0,2022-23,1445434,1625916.6709760001
jabari parker,1350944,2022,PF,26,BOS,12,0,9.3,1.5,3.2,0.474,0.7,1.3,0.5,0.8,1.8,0.455,0.579,0.8,0.8,1.0,0.4,1.9,2.3,0.5,0.3,0.1,0.7,1.1,4.4,2022-23,1350944,1519628.2716160002
alfonzo mckinnie,1260426,2022,SF,29,CHI,17,3,12.1,1.4,3.6,0.393,0.5,1.6,0.333,0.9,2.0,0.441,0.467,0.1,0.5,0.25,0.8,1.2,1.9,0.3,0.1,0.2,0.4,1.5,3.5,2022-23,1260426,1417807.8320640002
isaiah livers,1222559,2022,SF,23,DET,19,5,20.2,2.2,4.7,0.456,1.4,3.4,0.422,0.7,1.4,0.538,0.606,0.6,0.7,0.857,0.8,2.2,3.0,1.1,0.7,0.4,0.8,1.9,6.4,2022-23,1222559,1375212.6069760001
denzel valentine,1162860,2022,SG,28,UTA,24,0,9.3,1.0,2.8,0.379,0.8,2.0,0.404,0.3,0.8,0.316,0.523,0.0,0.0,,0.4,1.4,1.8,0.5,0.3,0.0,0.5,0.8,2.9,2022-23,1162860,1308059.35104
alize johnson,1160670,2022,PF,25,NOP,23,0,7.3,0.7,1.7,0.436,0.0,0.2,0.0,0.7,1.5,0.486,0.436,0.3,0.5,0.583,1.2,1.4,2.7,0.4,0.2,0.0,0.5,0.8,1.8,2022-23,1160670,1305595.89888
kelan martin,1149131,2022,SF,26,BOS,30,1,15.0,2.3,5.7,0.409,0.7,2.5,0.293,1.6,3.2,0.5,0.474,0.3,0.4,0.692,0.6,1.3,1.8,0.7,0.4,0.3,0.5,1.2,5.7,2022-23,1149131,1292616.093184
miye oni,1094206,2022,SG,24,UTA,16,0,2.8,0.1,0.6,0.222,0.1,0.5,0.125,0.1,0.1,1.0,0.278,0.0,0.1,0.0,0.1,0.4,0.4,0.3,0.0,0.0,0.1,0.4,0.3,2022-23,1094206,1230832.9379840002
ayo dosunmu,1069919,2022,SG,22,CHI,77,40,27.4,3.6,6.9,0.52,0.9,2.4,0.376,2.7,4.5,0.596,0.585,0.7,1.0,0.679,0.4,2.4,2.8,3.3,0.8,0.4,1.4,2.4,8.8,2022-23,1069919,1203513.366016
marko simonovic,1069919,2022,C,22,CHI,9,0,3.9,0.4,1.7,0.267,0.1,0.6,0.2,0.3,1.1,0.3,0.3,0.9,1.2,0.727,0.6,0.6,1.1,0.0,0.1,0.1,0.2,0.7,1.9,2022-23,1069919,1203513.366016
luka garza,1069919,2022,C,23,DET,32,5,12.2,2.1,4.6,0.449,0.5,1.5,0.327,1.6,3.1,0.51,0.503,1.2,1.9,0.623,1.8,1.3,3.1,0.6,0.3,0.2,0.6,1.7,5.8,2022-23,1069919,1203513.366016
austin reaves,1069919,2022,SG,23,LAL,61,19,23.2,2.4,5.2,0.459,0.9,2.7,0.317,1.5,2.5,0.616,0.542,1.6,1.9,0.839,0.7,2.4,3.2,1.8,0.5,0.3,0.7,1.4,7.3,2022-23,1069919,1203513.366016
miles mcbride,1069919,2022,PG,21,NYK,40,2,9.3,0.8,2.7,0.296,0.4,1.7,0.25,0.4,1.0,0.375,0.375,0.2,0.3,0.667,0.1,1.0,1.1,1.0,0.4,0.0,0.1,1.1,2.2,2022-23,1069919,1203513.366016
vit krejci,1069919,2022,SG,21,OKC,30,8,23.0,2.3,5.6,0.407,1.1,3.3,0.327,1.2,2.3,0.522,0.503,0.6,0.7,0.864,0.6,2.8,3.4,1.9,0.6,0.3,1.0,2.2,6.2,2022-23,1069919,1203513.366016
charles bassey,1069919,2022,PF,21,PHI,23,0,7.3,1.3,2.0,0.638,0.0,0.2,0.0,1.3,1.9,0.698,0.638,0.4,0.5,0.75,1.0,1.7,2.7,0.3,0.2,0.7,0.3,1.4,3.0,2022-23,1069919,1203513.366016
jock landale,1069919,2022,C,26,SAS,54,1,10.9,1.9,3.8,0.495,0.5,1.6,0.326,1.3,2.1,0.626,0.566,0.6,0.8,0.829,1.2,1.4,2.6,0.8,0.2,0.3,0.6,1.0,4.9,2022-23,1069919,1203513.366016
dalano banton,1069919,2022,SF,22,TOR,64,1,10.9,1.3,3.2,0.411,0.2,0.8,0.255,1.1,2.4,0.464,0.443,0.4,0.7,0.591,0.6,1.3,1.9,1.5,0.4,0.2,0.8,1.1,3.2,2022-23,1069919,1203513.366016
jared butler,1069919,2022,SG,21,UTA,42,1,8.6,1.5,3.6,0.404,0.7,2.1,0.318,0.8,1.5,0.524,0.497,0.3,0.4,0.688,0.1,1.0,1.1,1.5,0.4,0.2,0.8,1.1,3.8,2022-23,1069919,1203513.366016
daishen nix,1067398,2022,SG,19,HOU,24,0,10.9,1.1,2.8,0.403,0.3,1.1,0.269,0.8,1.7,0.488,0.455,0.7,1.3,0.533,0.3,1.1,1.4,1.7,0.6,0.0,1.1,0.9,3.2,2022-23,1067398,1200677.583872
isaiah thomas,1053345,2022,PG,32,CHO,22,1,15.1,3.0,7.6,0.401,1.3,3.8,0.337,1.8,3.8,0.464,0.485,1.0,1.2,0.846,0.2,1.1,1.3,1.5,0.3,0.2,0.7,1.5,8.4,2022-23,1053345,1184869.87008
terry taylor,1035075,2022,SG,22,IND,33,7,21.6,4.1,6.7,0.614,0.4,1.2,0.316,3.7,5.5,0.676,0.641,1.1,1.5,0.706,2.9,2.3,5.2,1.2,0.4,0.2,0.7,1.8,9.6,2022-23,1035075,1164318.6048
mamadi diakite,1004956,2022,PF,25,OKC,13,3,14.5,1.9,3.6,0.532,0.0,0.4,0.0,1.9,3.2,0.595,0.532,0.5,0.8,0.545,1.3,3.2,4.5,0.2,0.4,0.7,0.5,2.5,4.3,2022-23,1004956,1130438.825984
caleb martin,975970,2022,SF,26,MIA,60,12,22.9,3.5,6.8,0.507,1.1,2.6,0.413,2.4,4.3,0.565,0.585,1.2,1.6,0.763,1.2,2.7,3.8,1.1,1.0,0.5,0.9,1.7,9.2,2022-23,975970,1097833.51808
brad wanamaker,942327,2022,PG,32,WAS,23,2,13.9,1.2,3.3,0.364,0.2,0.7,0.235,1.0,2.6,0.4,0.39,1.0,1.1,0.92,0.3,1.4,1.7,2.4,0.3,0.3,1.0,2.0,3.6,2022-23,942327,1059989.7185280002
luke kornet,939374,2022,C,26,BOS,15,0,6.9,0.9,1.8,0.481,0.0,0.3,0.0,0.9,1.5,0.591,0.481,0.3,0.4,0.667,0.9,1.1,1.9,0.6,0.2,0.2,0.0,0.6,2.0,2022-23,939374,1056667.995136
wayne selden,939373,2022,SG,27,NYK,3,0,6.3,0.3,1.3,0.25,0.3,0.7,0.5,0.0,0.7,0.0,0.375,0.7,1.3,0.5,0.0,0.3,0.3,0.3,0.0,0.0,0.0,0.3,1.7,2022-23,939373,1056666.870272
gary clark,938044,2022,PF,27,NOP,38,1,9.9,0.9,2.3,0.375,0.7,1.8,0.4,0.1,0.5,0.278,0.534,0.2,0.3,0.7,0.6,1.8,2.4,0.5,0.3,0.2,0.3,0.5,2.7,2022-23,938044,1055171.926016
trendon watford,889034,2022,SF,21,POR,48,10,18.1,3.0,5.6,0.532,0.2,0.8,0.237,2.8,4.8,0.581,0.549,1.5,2.0,0.755,1.2,3.0,4.1,1.7,0.5,0.6,0.9,2.4,7.6,2022-23,889034,1000042.3413760001
devontae cacok,839656,2022,PF,25,SAS,15,0,8.1,1.4,2.1,0.677,0.0,0.0,,1.4,2.1,0.677,0.677,0.3,0.5,0.571,0.5,2.3,2.8,0.4,0.5,0.5,0.2,1.1,3.1,2022-23,839656,944498.806784
admiral schofield,836895,2022,SF,24,ORL,38,1,12.3,1.4,3.4,0.419,0.7,2.1,0.329,0.7,1.3,0.56,0.519,0.3,0.4,0.8,0.4,1.9,2.3,0.7,0.1,0.1,0.6,1.5,3.8,2022-23,836895,941393.0572800001
malik fitts,729508,2022,PF,24,BOS,15,0,4.2,0.5,1.3,0.421,0.3,0.7,0.5,0.2,0.6,0.333,0.553,0.0,0.0,,0.1,1.0,1.1,0.3,0.0,0.0,0.1,0.3,1.4,2022-23,729508,820597.286912
sam hauser,716354,2022,SF,24,BOS,26,0,6.1,0.9,1.9,0.46,0.7,1.7,0.432,0.2,0.2,0.667,0.65,0.0,0.0,,0.2,0.9,1.1,0.4,0.0,0.1,0.1,0.3,2.5,2022-23,716354,805800.8258560001
greg monroe,708612,2022,C,31,UTA,14,0,13.9,2.3,4.1,0.561,0.0,0.0,,2.3,4.1,0.561,0.561,0.9,1.6,0.522,2.1,2.4,4.6,1.6,0.6,0.7,0.9,1.7,5.4,2022-23,708612,797092.128768
amir coffey,663253,2022,SG,24,LAC,69,30,22.7,3.1,6.8,0.453,1.4,3.7,0.378,1.7,3.1,0.542,0.556,1.5,1.7,0.863,0.4,2.5,2.9,1.8,0.6,0.2,0.7,1.3,9.0,2022-23,663253,746069.4225920001
joe wieskamp,651790,2022,SG,22,SAS,29,0,7.1,0.7,1.9,0.357,0.5,1.5,0.326,0.2,0.4,0.462,0.482,0.2,0.4,0.538,0.1,0.3,0.5,0.3,0.1,0.1,0.1,0.5,2.1,2022-23,651790,733175.1065600001
keifer sykes,645640,2022,PG,28,IND,32,11,17.7,2.2,5.9,0.363,0.8,2.8,0.3,1.3,3.1,0.42,0.434,0.5,0.5,0.882,0.3,1.2,1.4,1.9,0.4,0.1,1.0,1.6,5.6,2022-23,645640,726257.19296
haywood highsmith,633332,2022,SF,25,MIA,19,1,8.6,0.8,2.4,0.348,0.5,1.5,0.321,0.4,0.9,0.389,0.446,0.1,0.3,0.4,0.5,0.8,1.4,0.3,0.1,0.2,0.2,0.7,2.3,2022-23,633332,712412.3668480001
nik stauskas,618637,2022,SG,28,BOS,8,0,4.9,0.6,1.8,0.357,0.5,1.3,0.4,0.1,0.5,0.25,0.5,0.5,0.8,0.667,0.1,0.3,0.4,0.3,0.0,0.0,0.1,0.1,2.3,2022-23,618637,695882.490368
davon reed,615637,2022,SG,26,DEN,48,5,13.9,1.7,3.4,0.503,0.8,1.8,0.43,0.9,1.6,0.587,0.618,0.2,0.3,0.667,0.3,2.0,2.3,1.1,0.5,0.2,0.3,1.3,4.4,2022-23,615637,692507.898368
wenyen gabriel,603628,2022,PF,24,LAL,26,5,13.8,2.1,4.2,0.491,0.3,1.1,0.286,1.8,3.2,0.561,0.527,1.0,1.6,0.595,1.5,2.2,3.7,0.5,0.2,0.4,0.6,2.6,5.4,2022-23,603628,678999.406592
skylar mays,590786,2022,SG,24,ATL,28,5,7.9,1.1,2.3,0.5,0.3,0.9,0.32,0.9,1.4,0.615,0.563,0.3,0.3,0.889,0.2,0.7,0.9,0.6,0.3,0.0,0.4,0.3,2.9,2022-23,590786,664553.903104
georgios kalaitzakis,578001,2022,SF,23,OKC,13,4,16.5,2.4,5.2,0.463,0.8,2.0,0.385,1.6,3.2,0.512,0.537,1.1,2.3,0.467,0.5,1.2,1.6,0.9,0.8,0.2,1.5,1.5,6.6,2022-23,578001,650172.516864
chris silva,554641,2022,PF,25,MIA,10,0,9.1,0.8,1.5,0.533,0.0,0.0,,0.8,1.5,0.533,0.533,1.0,1.2,0.833,1.3,2.3,3.6,0.7,0.0,0.1,0.8,2.0,2.6,2022-23,554641,623895.6938240001
kessler edwards,535632,2022,SF,21,BRK,48,23,20.6,2.3,5.6,0.412,1.0,2.8,0.353,1.3,2.7,0.473,0.502,0.3,0.4,0.842,0.9,2.7,3.6,0.6,0.6,0.5,0.9,1.8,5.9,2022-23,535632,602513.154048
trent forrest,535632,2022,PG,23,UTA,60,6,12.8,1.3,2.6,0.49,0.1,0.5,0.185,1.2,2.1,0.555,0.506,0.6,0.8,0.792,0.4,1.3,1.7,1.8,0.5,0.1,0.8,0.7,3.3,2022-23,535632,602513.154048
sharife cooper,534959,2022,PG,20,ATL,13,0,3.0,0.2,1.1,0.214,0.1,0.5,0.167,0.2,0.6,0.25,0.25,0.0,0.0,,0.0,0.4,0.4,0.4,0.0,0.0,0.4,0.1,0.5,2022-23,534959,601756.1205760001
brodric thomas,534959,2022,SG,25,BOS,12,0,5.0,0.7,1.5,0.444,0.2,0.8,0.222,0.5,0.8,0.667,0.5,0.3,0.4,0.6,0.2,0.7,0.8,0.9,0.1,0.1,0.5,0.6,1.8,2022-23,534959,601756.1205760001
scottie lewis,534959,2022,SG,21,CHO,2,0,3.5,0.0,0.0,,0.0,0.0,,0.0,0.0,,,0.5,1.0,0.5,0.0,0.0,0.0,0.5,0.5,0.0,0.0,0.0,0.5,2022-23,534959,601756.1205760001
arnoldas kulboka,534959,2022,SF,24,CHO,2,0,2.5,0.0,0.5,0.0,0.0,0.5,0.0,0.0,0.0,,0.0,0.0,0.0,,0.0,0.0,0.0,0.0,0.0,0.0,0.0,0.5,0.0,2022-23,534959,601756.1205760001
tyler cook,534959,2022,PF,24,CHI,20,2,10.0,1.2,1.9,0.605,0.0,0.0,,1.2,1.9,0.605,0.605,1.1,1.6,0.656,0.8,1.9,2.7,0.2,0.2,0.2,0.4,1.4,3.4,2022-23,534959,601756.1205760001
markus howard,534959,2022,SG,22,DEN,31,0,5.7,1.3,3.3,0.386,0.9,2.3,0.4,0.4,1.0,0.355,0.525,0.6,0.7,0.87,0.1,0.3,0.4,0.2,0.3,0.0,0.2,0.5,4.1,2022-23,534959,601756.1205760001
jamorko pickett,534959,2022,PF,24,DET,13,0,13.5,1.4,3.8,0.36,1.0,3.0,0.333,0.4,0.8,0.455,0.49,0.1,0.2,0.5,0.5,2.0,2.5,0.5,0.0,0.5,0.4,0.9,3.8,2022-23,534959,601756.1205760001
chris chiozza,534959,2022,PG,26,GSW,34,1,10.9,0.7,2.4,0.296,0.5,1.6,0.321,0.2,0.8,0.25,0.401,0.1,0.1,0.667,0.3,0.8,1.1,1.9,0.4,0.0,0.9,0.9,2.0,2022-23,534959,601756.1205760001
jay scrubb,534959,2022,SG,21,LAC,18,0,6.7,1.0,2.6,0.391,0.3,1.2,0.286,0.7,1.4,0.48,0.457,0.4,0.6,0.7,0.1,0.8,0.9,0.4,0.2,0.2,0.4,0.5,2.7,2022-23,534959,601756.1205760001
yves pons,534959,2022,SF,22,MEM,12,0,5.9,0.4,1.3,0.313,0.3,0.8,0.333,0.2,0.6,0.286,0.406,0.0,0.2,0.0,0.4,0.6,1.0,0.1,0.1,0.3,0.1,0.5,1.1,2022-23,534959,601756.1205760001
sandro mamukelashvili,534959,2022,PF,22,MIL,41,3,9.9,1.4,2.8,0.496,0.5,1.3,0.423,0.9,1.5,0.556,0.591,0.4,0.5,0.818,0.9,1.1,2.0,0.5,0.2,0.2,0.4,0.7,3.8,2022-23,534959,601756.1205760001
nathan knight,534959,2022,PF,24,MIN,37,2,7.2,1.2,2.4,0.511,0.1,0.4,0.308,1.1,2.0,0.547,0.534,1.2,1.6,0.733,0.9,1.4,2.3,0.6,0.2,0.2,0.5,1.1,3.7,2022-23,534959,601756.1205760001
jericho sims,534959,2022,PF,23,NYK,41,5,13.5,1.0,1.3,0.722,0.0,0.0,,1.0,1.3,0.722,0.722,0.3,0.7,0.414,1.5,2.6,4.1,0.5,0.3,0.5,0.5,1.6,2.2,2022-23,534959,601756.1205760001
ignas brazdeikis,534959,2022,SF,23,ORL,42,1,12.8,1.9,4.5,0.431,0.6,2.1,0.31,1.3,2.4,0.535,0.503,0.5,0.8,0.656,0.5,1.2,1.7,0.9,0.2,0.1,0.4,1.1,5.0,2022-23,534959,601756.1205760001
keljin blevins,534959,2022,SF,26,POR,31,1,11.3,1.1,3.6,0.306,0.7,2.3,0.292,0.4,1.3,0.333,0.401,0.2,0.4,0.545,0.5,0.9,1.5,0.6,0.4,0.0,0.5,0.9,3.1,2022-23,534959,601756.1205760001
neemias queta,534959,2022,C,22,SAC,14,0,8.6,1.2,2.7,0.447,0.0,0.0,,1.2,2.7,0.447,0.447,0.8,1.2,0.647,1.0,1.2,2.2,0.4,0.1,0.6,0.4,1.3,3.2,2022-23,534959,601756.1205760001
david johnson,534959,2022,SG,20,TOR,2,0,1.0,0.0,0.5,0.0,0.0,0.5,0.0,0.0,0.0,,0.0,0.0,0.0,,0.0,0.0,0.0,0.0,0.0,0.0,0.0,0.0,0.0,2022-23,534959,601756.1205760001
justin champagnie,534959,2022,SF,20,TOR,36,0,7.8,0.9,1.9,0.463,0.3,0.8,0.357,0.6,1.1,0.538,0.537,0.3,0.3,1.0,1.0,1.0,2.0,0.3,0.2,0.1,0.2,0.9,2.3,2022-23,534959,601756.1205760001
cassius winston,534959,2022,PG,23,WAS,7,0,5.6,0.6,1.6,0.364,0.3,0.9,0.333,0.3,0.7,0.4,0.455,0.6,0.6,1.0,0.0,0.1,0.1,1.0,0.0,0.0,0.4,1.3,2.0,2022-23,534959,601756.1205760001
justin anderson,515532,2022,SF,28,IND,16,6,19.8,2.3,5.9,0.379,0.9,3.7,0.254,1.3,2.3,0.583,0.458,0.9,1.2,0.789,0.3,2.6,2.9,2.1,0.5,0.4,0.5,1.4,6.4,2022-23,515532,579903.387648
theo pinson,509613,2022,SF,26,DAL,19,0,7.8,0.7,2.1,0.359,0.5,1.6,0.333,0.2,0.5,0.444,0.487,0.5,0.5,1.0,0.1,1.0,1.1,0.9,0.3,0.1,0.3,0.6,2.5,2022-23,509613,573245.3176320001
langston galloway,446496,2022,SG,30,MIL,7,0,15.3,0.9,3.7,0.231,0.3,2.3,0.125,0.6,1.4,0.4,0.269,0.0,0.0,,0.4,2.1,2.6,1.7,0.1,0.0,0.9,1.0,2.0,2022-23,446496,502247.276544
tim frazier,446496,2022,PG,31,CLE,12,3,17.3,1.2,3.8,0.311,0.5,1.4,0.353,0.7,2.3,0.286,0.378,0.4,0.8,0.556,0.4,1.2,1.6,2.8,0.3,0.1,1.3,2.3,3.3,2022-23,446496,502247.276544
kyle guy,442972,2022,SG,24,MIA,19,0,9.8,1.4,3.4,0.4,0.7,2.1,0.35,0.6,1.3,0.48,0.508,0.4,0.6,0.667,0.2,0.7,0.9,0.9,0.4,0.1,0.7,0.6,3.9,2022-23,442972,498283.25580800005
sam dekker,404721,2022,PF,27,TOR,1,0,1.0,0.0,0.0,,0.0,0.0,,0.0,0.0,,,0.0,0.0,,0.0,0.0,0.0,0.0,0.0,0.0,0.0,0.0,0.0,2022-23,404721,455256.082944
quinndary weatherspoon,400664,2022,SG,25,GSW,11,0,6.6,1.1,1.9,0.571,0.1,0.5,0.2,1.0,1.5,0.688,0.595,0.5,0.5,1.0,0.2,1.1,1.3,0.5,0.1,0.1,0.3,1.4,2.7,2022-23,400664,450692.509696
brandon goodwin,397769,2022,PG,26,CLE,36,5,13.9,1.8,4.3,0.416,0.5,1.5,0.345,1.3,2.8,0.455,0.477,0.7,1.1,0.632,0.4,1.5,1.9,2.5,0.7,0.0,1.0,1.1,4.8,2022-23,397769,447436.028416
malcolm hill,375086,2022,SF-SG,26,CHI,19,0,11.2,1.3,2.7,0.462,0.7,1.9,0.361,0.6,0.8,0.688,0.587,0.6,0.7,0.786,0.6,1.3,1.8,0.4,0.4,0.2,0.2,1.3,3.8,2022-23,375086,421920.73830400006
louis king,365863,2022,SF,22,SAC,10,0,10.4,1.5,4.7,0.319,0.8,2.7,0.296,0.7,2.0,0.35,0.404,0.7,1.0,0.7,0.0,1.2,1.2,0.9,0.2,0.1,0.0,1.4,4.5,2022-23,365863,411546.117632
justin jackson,356724,2022,SF,26,PHO,7,0,5.3,0.7,2.1,0.333,0.4,1.3,0.333,0.3,0.9,0.333,0.433,0.3,0.3,1.0,0.1,0.9,1.0,0.3,0.0,0.0,0.1,0.4,2.1,2022-23,356724,401265.98553600005
shaquille harrison,356724,2022,SG,28,BRK,2,0,11.5,1.0,3.0,0.333,0.0,1.0,0.0,1.0,2.0,0.5,0.333,0.0,0.0,,0.5,1.5,2.0,1.5,0.5,0.5,1.0,1.5,2.0,2022-23,356724,401265.98553600005
jeff dowtin,353564,2022,PG,24,ORL,9,0,12.0,0.9,2.9,0.308,0.1,1.0,0.111,0.8,1.9,0.412,0.327,0.2,0.2,1.0,0.9,1.1,2.0,1.1,0.6,0.1,0.6,0.6,2.1,2022-23,353564,397711.415296
trevelin queen,350491,2022,SG,24,HOU,10,0,7.4,1.5,3.3,0.455,0.9,2.4,0.375,0.6,0.9,0.667,0.591,0.4,0.4,1.0,0.7,0.9,1.6,0.4,0.5,0.1,0.7,0.6,4.3,2022-23,350491,394254.708224
paul watson,350491,2022,SF,27,OKC,9,3,17.3,1.3,3.9,0.343,0.7,2.9,0.231,0.7,1.0,0.667,0.429,0.1,0.2,0.5,0.3,2.7,3.0,0.9,0.3,0.3,0.4,1.1,3.4,2022-23,350491,394254.708224
myles powell,347416,2022,PG,24,PHI,11,0,4.7,0.5,1.5,0.294,0.1,0.5,0.167,0.4,1.0,0.364,0.324,0.2,0.2,1.0,0.1,0.5,0.5,0.3,0.1,0.0,0.3,0.7,1.2,2022-23,347416,390795.751424
mason jones,341267,2022,SG,23,LAL,4,0,12.8,1.8,3.8,0.467,0.3,1.0,0.25,1.5,2.8,0.545,0.5,3.0,3.8,0.8,0.3,2.3,2.5,1.0,0.5,0.0,0.3,2.0,6.8,2022-23,341267,383878.96268800006
eugene omoruyi,325894,2022,SF,24,DAL,4,0,4.5,0.5,1.3,0.4,0.3,0.5,0.5,0.3,0.8,0.333,0.5,0.5,1.0,0.5,0.5,1.3,1.8,0.5,0.0,0.0,0.0,0.5,1.8,2022-23,325894,366586.42841600004
brandon knight,317616,2022,PG,30,DAL,5,0,13.0,2.0,5.0,0.4,0.8,3.4,0.235,1.2,1.6,0.75,0.48,1.6,1.6,1.0,0.0,1.6,1.6,1.6,0.2,0.0,0.8,1.0,6.4,2022-23,317616,357274.804224
justin robinson,307533,2022,PG,24,DET,25,0,12.2,1.1,3.7,0.301,0.7,2.4,0.295,0.4,1.3,0.313,0.398,0.2,0.3,0.5,0.2,0.7,0.8,1.3,0.4,0.0,0.7,1.1,3.1,2022-23,307533,345932.80051200005
mychal mulder,298223,2022,PG,27,MIA,17,3,14.1,1.4,4.5,0.312,1.0,3.2,0.315,0.4,1.4,0.304,0.422,0.2,0.2,1.0,0.1,1.3,1.4,0.3,0.2,0.1,0.5,0.8,4.1,2022-23,298223,335460.31667200004
tyler johnson,297664,2022,PG,29,SAS,6,0,15.2,1.0,3.3,0.3,0.8,2.2,0.385,0.2,1.2,0.143,0.425,0.0,0.0,,0.5,1.5,2.0,1.2,0.5,0.5,0.3,1.2,2.8,2022-23,297664,334831.51769600005
cassius stanley,296873,2022,SG,22,DET,9,1,17.2,2.1,5.1,0.413,0.4,1.9,0.235,1.7,3.2,0.517,0.457,1.1,1.1,1.0,0.6,1.6,2.1,0.4,0.6,0.2,0.7,1.9,5.8,2022-23,296873,333941.75027200003
zylan cheatham,296871,2022,SF,26,UTA,1,0,5.0,0.0,3.0,0.0,0.0,2.0,0.0,0.0,1.0,0.0,0.0,0.0,0.0,,0.0,0.0,0.0,0.0,0.0,0.0,0.0,0.0,0.0,2022-23,296871,333939.500544
devon dotson,276703,2022,PG,22,CHI,11,0,7.7,1.0,2.1,0.478,0.2,0.8,0.222,0.8,1.3,0.643,0.522,0.5,0.8,0.556,0.1,0.7,0.8,1.4,0.1,0.0,0.5,1.0,2.6,2022-23,276703,311253.24339200003
marcus garrett,273628,2022,SG,23,MIA,12,0,10.7,0.4,1.8,0.238,0.1,0.3,0.25,0.3,1.4,0.235,0.262,0.2,0.4,0.4,0.8,1.2,1.9,0.6,0.4,0.3,0.2,1.3,1.1,2022-23,273628,307794.28659200005
lindell wigginton,270554,2022,PG,23,MIL,19,0,10.5,1.4,3.2,0.426,0.5,1.4,0.346,0.9,1.8,0.486,0.5,1.0,1.8,0.543,0.2,1.2,1.3,1.2,0.3,0.1,0.6,0.9,4.2,2022-23,270554,304336.454656
jay huff,261331,2022,C,23,LAL,4,0,5.0,0.0,0.8,0.0,0.0,0.5,0.0,0.0,0.3,0.0,0.0,0.0,0.0,,0.3,0.8,1.0,0.3,0.3,0.3,0.3,0.3,0.0,2022-23,261331,293961.833984
olivier sarr,258257,2022,C,22,OKC,22,2,19.1,2.6,4.6,0.574,0.6,1.3,0.448,2.0,3.3,0.625,0.639,1.1,1.3,0.828,1.5,2.7,4.2,0.9,0.3,0.7,1.0,2.4,7.0,2022-23,258257,290504.002048
aaron henry,258256,2022,SF,22,PHI,6,0,2.8,0.2,0.8,0.2,0.0,0.2,0.0,0.2,0.7,0.25,0.2,0.0,0.0,,0.0,0.2,0.2,0.0,0.0,0.3,0.3,0.3,0.3,2022-23,258256,290502.87718400004
freddie gillespie,255732,2022,PF,24,ORL,9,2,13.2,1.0,2.4,0.409,0.0,0.1,0.0,1.0,2.3,0.429,0.409,0.3,0.8,0.429,1.4,2.6,4.0,0.6,0.3,1.0,0.6,2.0,2.3,2022-23,255732,287663.720448
jaquori mclaughlin,255181,2022,PG,24,DAL,4,0,2.8,0.0,0.5,0.0,0.0,0.3,0.0,0.0,0.3,0.0,0.0,0.0,0.0,,0.0,0.0,0.0,0.5,0.0,0.0,0.0,0.3,0.0,2022-23,255181,287043.920384
rayjon tucker,255134,2022,SG,24,MIL,5,0,14.2,1.2,1.8,0.667,0.8,1.0,0.8,0.4,0.8,0.5,0.889,1.0,1.4,0.714,0.6,1.0,1.6,2.0,0.8,0.0,0.2,1.0,4.2,2022-23,255134,286991.051776
tacko fall,252108,2022,C,26,CLE,11,1,5.4,0.5,1.1,0.417,0.0,0.0,,0.5,1.1,0.417,0.417,0.2,0.6,0.286,0.6,1.5,2.1,0.2,0.0,0.5,0.3,0.3,1.1,2022-23,252108,283587.21331200004
petr cornelie,252108,2022,PF,26,DEN,13,0,2.9,0.4,1.2,0.333,0.1,0.6,0.125,0.3,0.5,0.571,0.367,0.2,0.3,0.75,0.5,0.5,1.1,0.2,0.1,0.1,0.3,0.5,1.1,2022-23,252108,283587.21331200004
juwan morgan,244042,2022,PF,24,BOS,2,0,15.5,1.0,1.5,0.667,0.5,1.0,0.5,0.5,0.5,1.0,0.833,0.0,0.0,,1.0,1.0,2.0,0.5,0.0,0.0,0.0,1.5,2.5,2022-23,244042,274514.06028800004
damyean dotson,237816,2022,SG,27,NYK,2,0,10.5,1.0,2.0,0.5,0.0,0.5,0.0,1.0,1.5,0.667,0.5,0.0,0.0,,0.0,1.0,1.0,0.5,0.0,0.0,0.0,0.0,2.0,2022-23,237816,267510.657024
xavier moon,233661,2022,SG,27,LAC,10,0,13.7,2.5,5.1,0.49,0.5,1.4,0.357,2.0,3.7,0.541,0.539,0.3,0.5,0.6,0.2,1.2,1.4,2.4,0.7,0.3,0.6,0.9,5.8,2022-23,233661,262836.84710400004
tyrone wallace,229835,2022,SG,27,NOP,6,0,12.5,1.2,3.3,0.35,0.3,1.3,0.25,0.8,2.0,0.417,0.4,0.2,0.8,0.2,0.0,1.3,1.3,0.2,0.5,0.2,0.3,1.2,2.8,2022-23,229835,258533.11744000003
norvel pelle,221856,2022,C,28,UTA,3,0,6.3,1.0,1.7,0.6,0.0,0.0,,1.0,1.7,0.6,0.6,0.0,0.0,,1.0,1.0,2.0,0.0,0.0,0.3,0.7,0.3,2.0,2022-23,221856,249557.827584
jaylen hoard,221856,2022,SF,22,OKC,7,5,34.3,6.3,12.9,0.489,1.3,3.6,0.36,5.0,9.3,0.538,0.539,0.9,2.0,0.429,4.3,7.7,12.0,2.4,0.9,0.7,1.1,2.0,14.7,2022-23,221856,249557.827584
tremont waters,221856,2022,PG,24,WAS,3,0,16.7,1.3,4.7,0.286,0.7,3.0,0.222,0.7,1.7,0.4,0.357,0.0,0.0,,0.0,1.3,1.3,2.3,1.7,0.0,1.3,1.3,3.3,2022-23,221856,249557.827584
reggie perry,217706,2022,PF,21,IND,10,1,18.7,4.0,7.9,0.506,0.3,1.6,0.188,3.7,6.3,0.587,0.525,0.9,1.5,0.6,1.5,3.2,4.7,1.2,0.9,0.6,1.1,3.3,9.2,2022-23,217706,244889.64198400002
devin cannady,214592,2022,PG,25,ORL,5,0,29.0,3.0,8.8,0.341,3.0,7.4,0.405,0.0,1.4,0.0,0.511,1.0,1.4,0.714,0.2,1.0,1.2,2.0,1.0,0.6,1.0,1.8,10.0,2022-23,214592,241386.81548800002
brandon williams,209065,2022,PG,22,POR,24,16,26.7,4.4,11.8,0.372,1.3,4.4,0.292,3.1,7.3,0.42,0.427,2.8,4.0,0.701,0.8,2.3,3.1,3.9,1.0,0.4,2.4,2.2,12.9,2022-23,209065,235169.69216
moses wright,199840,2022,PF,23,DAL,4,0,3.5,0.3,1.0,0.25,0.0,0.3,0.0,0.3,0.8,0.333,0.25,0.8,0.8,1.0,0.3,0.5,0.8,0.5,0.0,0.3,0.0,0.0,1.3,2022-23,199840,224792.82176000002
dejon jarreau,199840,2022,SG,24,IND,1,0,1.0,0.0,0.0,,0.0,0.0,,0.0,0.0,,,0.0,0.0,,0.0,0.0,0.0,0.0,0.0,0.0,0.0,0.0,0.0,2022-23,199840,224792.82176000002
dakota mathias,197915,2022,SG,26,MEM,6,0,2.7,0.3,1.0,0.333,0.3,1.0,0.333,0.0,0.0,,0.5,0.0,0.0,,0.0,0.3,0.3,0.2,0.2,0.0,0.0,0.2,1.0,2022-23,197915,222627.45856000003
matt mooney,197915,2022,SG,24,NYK,1,0,2.0,0.0,1.0,0.0,0.0,1.0,0.0,0.0,0.0,,0.0,0.0,0.0,,0.0,0.0,0.0,0.0,1.0,0.0,1.0,0.0,0.0,2022-23,197915,222627.45856000003
lindy waters iii,184468,2022,SG,24,OKC,25,1,18.6,2.8,7.0,0.406,2.1,5.8,0.363,0.7,1.2,0.621,0.557,0.2,0.2,0.8,0.2,2.7,2.9,1.0,0.8,0.3,0.4,1.2,8.0,2022-23,184468,207501.412352
joe johnson,175557,2022,SG,40,BOS,1,0,2.0,1.0,1.0,1.0,0.0,0.0,,1.0,1.0,1.0,1.0,0.0,0.0,,0.0,0.0,0.0,0.0,0.0,0.0,0.0,0.0,2.0,2022-23,175557,197477.749248
darren collison,175557,2022,PG,34,LAL,3,0,12.3,0.7,2.3,0.286,0.0,1.0,0.0,0.7,1.3,0.5,0.286,0.0,0.0,,0.0,1.3,1.3,0.7,0.3,0.0,0.3,1.7,1.3,2022-23,175557,197477.749248
xavier sneed,169096,2022,SF,24,UTA,9,0,4.3,0.2,1.1,0.2,0.1,0.9,0.125,0.1,0.2,0.5,0.25,0.0,0.0,,0.2,0.4,0.7,0.1,0.0,0.0,0.0,0.2,0.6,2022-23,169096,190210.002944
anthony lamb,157372,2022,SF,24,SAS,2,0,4.0,0.0,1.0,0.0,0.0,1.0,0.0,0.0,0.0,,0.0,0.0,0.0,,0.0,0.5,0.5,1.0,0.0,0.0,0.0,0.0,0.0,2022-23,157372,177022.097408
braxton key,147574,2022,SF,24,DET,11,0,17.9,3.0,6.5,0.458,0.5,1.9,0.286,2.5,4.6,0.529,0.5,0.6,1.2,0.538,1.2,3.4,4.5,1.0,0.9,1.0,1.0,2.4,7.2,2022-23,147574,166000.679936
feron hunt,135276,2022,SF,22,NYK,2,0,4.0,0.0,1.0,0.0,0.0,0.0,,0.0,1.0,0.0,0.0,0.0,0.0,,0.5,0.0,0.5,0.5,0.5,0.0,0.5,0.5,0.0,2022-23,135276,152167.10246400003
mac mcclung,129128,2022,SG-PG,23,LAL,2,0,12.5,1.5,3.0,0.5,0.5,1.5,0.333,1.0,1.5,0.667,0.583,0.5,0.5,1.0,0.0,1.5,1.5,0.5,0.5,0.5,1.5,2.5,4.0,2022-23,129128,145251.43859200002
matt ryan,129128,2022,SF,24,BOS,1,0,5.0,1.0,5.0,0.2,1.0,5.0,0.2,0.0,0.0,,0.3,0.0,0.0,,0.0,0.0,0.0,0.0,1.0,0.0,0.0,0.0,3.0,2022-23,129128,145251.43859200002
emmanuel mudiay,128883,2022,PG,25,SAC,2,0,5.5,0.0,1.0,0.0,0.0,0.0,,0.0,1.0,0.0,0.0,1.5,2.0,0.75,0.0,0.0,0.0,2.0,0.5,0.0,0.5,0.5,1.5,2022-23,128883,144975.846912
carlik jones,122978,2022,PG,24,DEN,5,0,4.6,0.2,1.8,0.111,0.0,0.2,0.0,0.2,1.6,0.125,0.111,0.4,0.4,1.0,0.2,0.4,0.6,1.0,0.2,0.0,0.6,0.0,0.8,2022-23,122978,138333.52499200002
hassani gravett,122979,2022,PG,25,ORL,8,3,21.4,2.3,4.8,0.474,1.4,3.3,0.423,0.9,1.5,0.583,0.618,0.4,0.5,0.75,0.1,2.5,2.6,2.5,0.6,0.1,1.1,1.6,6.3,2022-23,122979,138334.649856
paris bass,122979,2022,SF,26,PHO,2,0,3.5,1.0,3.0,0.333,0.0,1.0,0.0,1.0,2.0,0.5,0.333,1.0,1.0,1.0,1.0,1.0,2.0,0.0,0.5,0.0,1.0,1.0,3.0,2022-23,122979,138334.649856
jordan bell,118908,2022,C,27,CHI,1,0,2.0,0.0,0.0,,0.0,0.0,,0.0,0.0,,,0.0,0.0,,1.0,0.0,1.0,0.0,1.0,0.0,0.0,2.0,0.0,2022-23,118908,133755.328512
cheick diallo,118908,2022,C,25,DET,3,0,10.3,1.0,2.7,0.375,0.0,0.0,,1.0,2.7,0.375,0.375,1.7,2.0,0.833,1.3,2.7,4.0,0.0,0.3,0.0,0.3,2.0,3.7,2022-23,118908,133755.328512
nate hinton,111255,2022,SG,22,IND,2,0,1.0,0.0,0.5,0.0,0.0,0.0,,0.0,0.5,0.0,0.0,0.0,0.0,,0.0,0.0,0.0,0.0,0.0,0.0,0.5,0.0,0.0,2022-23,111255,125146.74432000001
derrick walton,110928,2022,PG,26,DET,3,3,36.0,2.0,8.7,0.231,1.0,4.3,0.231,1.0,4.3,0.231,0.288,1.3,1.3,1.0,0.7,2.7,3.3,7.0,2.3,1.3,3.7,2.7,6.3,2022-23,110928,124778.913792
daquan jeffries,110928,2022,SG,24,MEM,3,0,3.0,0.3,0.7,0.5,0.0,0.3,0.0,0.3,0.3,1.0,0.5,0.0,0.0,,0.0,0.7,0.7,0.3,0.0,0.0,0.0,0.3,0.7,2022-23,110928,124778.913792
scotty hopson,110928,2022,SG,32,OKC,1,0,18.0,2.0,4.0,0.5,0.0,1.0,0.0,2.0,3.0,0.667,0.5,0.0,0.0,,0.0,1.0,1.0,1.0,0.0,0.0,2.0,1.0,4.0,2022-23,110928,124778.913792
jaylen morris,110928,2022,SG,26,SAS,3,0,5.3,0.0,2.0,0.0,0.0,0.7,0.0,0.0,1.3,0.0,0.0,0.7,1.3,0.5,0.0,0.7,0.7,0.7,0.0,0.0,0.3,0.7,0.7,2022-23,110928,124778.913792
cameron oliver,98957,2022,SF,25,ATL,2,0,21.5,5.0,7.5,0.667,0.5,1.5,0.333,4.5,6.0,0.75,0.7,1.0,1.5,0.667,1.0,2.0,3.0,1.5,0.5,0.5,0.0,2.5,11.5,2022-23,98957,111313.16684800001
malik newman,98957,2022,PG,24,CLE,1,0,8.0,3.0,5.0,0.6,0.0,1.0,0.0,3.0,4.0,0.75,0.6,2.0,2.0,1.0,0.0,1.0,1.0,1.0,0.0,0.0,1.0,0.0,8.0,2022-23,98957,111313.16684800001
george king,98957,2022,SF,28,DAL,4,0,4.8,0.0,1.3,0.0,0.0,1.0,0.0,0.0,0.3,0.0,0.0,0.3,0.5,0.5,0.0,1.3,1.3,0.0,0.0,0.0,0.3,1.0,0.3,2022-23,98957,111313.16684800001
jemerrio jones,98957,2022,SF,26,LAL,2,0,7.5,1.0,1.5,0.667,0.0,0.0,,1.0,1.5,0.667,0.667,0.0,0.0,,1.0,0.5,1.5,0.0,0.5,0.0,0.0,1.0,2.0,2022-23,98957,111313.16684800001
emanuel terry,98957,2022,PF,25,PHO,3,0,6.0,0.0,1.7,0.0,0.0,0.0,,0.0,1.7,0.0,0.0,0.0,0.0,,2.7,2.3,5.0,0.7,0.3,0.0,1.7,1.3,0.0,2022-23,98957,111313.16684800001
jared harper,98383,2022,PG,24,NOP,5,0,8.6,2.8,5.2,0.538,1.0,2.4,0.417,1.8,2.8,0.643,0.635,0.8,0.8,1.0,0.4,0.0,0.4,2.8,0.8,0.2,0.4,1.0,7.4,2022-23,98383,110667.49491200001
gabriel lundberg,92234,2022,SG,27,PHO,4,0,11.0,1.3,4.8,0.263,0.8,2.0,0.375,0.5,2.8,0.182,0.342,0.0,0.0,,0.5,1.3,1.8,2.8,0.8,0.0,0.8,1.8,3.3,2022-23,92234,103750.706176
tre scott,61489,2022,SF,25,CLE,2,0,5.5,1.5,3.0,0.5,0.0,0.5,0.0,1.5,2.5,0.6,0.5,0.0,0.0,,0.5,0.5,1.0,0.0,0.5,0.5,0.0,1.0,3.0,2022-23,61489,69166.76249600001
trayvon palmer,61489,2022,SG,27,DET,1,0,17.0,0.0,1.0,0.0,0.0,0.0,,0.0,1.0,0.0,0.0,0.0,0.0,,0.0,2.0,2.0,0.0,0.0,0.0,1.0,2.0,0.0,2022-23,61489,69166.76249600001
micah potter,61489,2022,C,23,DET,3,0,10.3,1.7,3.7,0.455,0.0,0.7,0.0,1.7,3.0,0.556,0.455,0.7,0.7,1.0,1.3,1.7,3.0,0.0,0.3,0.3,0.3,1.3,4.0,2022-23,61489,69166.76249600001
jaysean paige,61489,2022,PG,27,DET,1,0,7.0,0.0,3.0,0.0,0.0,2.0,0.0,0.0,1.0,0.0,0.0,0.0,0.0,,0.0,1.0,1.0,1.0,0.0,0.0,1.0,2.0,0.0,2022-23,61489,69166.76249600001
ahmad caver,61489,2022,PG,25,IND,1,0,1.0,1.0,1.0,1.0,0.0,0.0,,1.0,1.0,1.0,1.0,0.0,0.0,,0.0,0.0,0.0,0.0,0.0,0.0,0.0,0.0,2.0,2022-23,61489,69166.76249600001
shaq buchanan,61489,2022,PG,25,MEM,2,0,5.0,0.5,2.0,0.25,0.0,1.0,0.0,0.5,1.0,0.5,0.25,0.0,0.0,,0.5,0.5,1.0,1.0,0.5,0.0,1.0,0.5,1.0,2022-23,61489,69166.76249600001
jon teske,61489,2022,C,24,MEM,3,0,2.7,0.0,0.3,0.0,0.0,0.0,,0.0,0.3,0.0,0.0,0.0,0.7,0.0,0.0,0.7,0.7,0.3,0.3,0.0,0.0,0.3,0.0,2022-23,61489,69166.76249600001
javin delaurier,61489,2022,C,23,MIL,1,0,3.0,0.0,0.0,,0.0,0.0,,0.0,0.0,,,0.0,0.0,,0.0,1.0,1.0,0.0,1.0,0.0,0.0,1.0,0.0,2022-23,61489,69166.76249600001
tyler hall,61489,2022,SG,24,NYK,1,0,2.0,0.0,0.0,,0.0,0.0,,0.0,0.0,,,0.0,0.0,,0.0,0.0,0.0,0.0,0.0,0.0,0.0,0.0,0.0,2022-23,61489,69166.76249600001
rob edwards,61489,2022,SG,25,OKC,2,0,5.5,0.5,2.0,0.25,0.5,2.0,0.25,0.0,0.0,,0.375,0.0,0.0,,0.0,1.5,1.5,0.0,0.0,0.0,0.5,0.0,1.5,2022-23,61489,69166.76249600001
aleem ford,61489,2022,SF,24,ORL,5,0,14.8,1.2,4.0,0.3,0.4,3.0,0.133,0.8,1.0,0.8,0.35,0.0,0.0,,0.4,2.6,3.0,0.4,0.2,0.0,0.8,1.4,2.8,2022-23,61489,69166.76249600001
cameron mcgriff,61489,2022,SF,24,POR,3,0,15.3,1.7,4.7,0.357,0.7,2.0,0.333,1.0,2.7,0.375,0.429,0.7,0.7,1.0,2.0,3.0,5.0,1.0,0.0,0.3,0.0,2.3,4.7,2022-23,61489,69166.76249600001
jarron cumberland,61489,2022,SG,24,POR,3,0,4.0,0.3,0.7,0.5,0.0,0.3,0.0,0.3,0.3,1.0,0.5,0.0,0.0,,0.3,0.7,1.0,0.3,0.0,0.0,0.0,0.7,0.7,2022-23,61489,69166.76249600001
ade murkey,61489,2022,SG,24,SAC,1,0,1.0,0.0,0.0,,0.0,0.0,,0.0,0.0,,,0.0,0.0,,0.0,0.0,0.0,0.0,0.0,0.0,0.0,0.0,0.0,2022-23,61489,69166.76249600001
jordan schakel,61489,2022,SG,23,WAS,4,0,7.5,0.3,2.8,0.091,0.3,1.5,0.167,0.0,1.3,0.0,0.136,0.5,0.5,1.0,0.5,1.5,2.0,0.0,0.3,0.0,0.3,0.0,1.3,2022-23,61489,69166.76249600001
jordan goodwin,61489,2022,SG,23,WAS,2,0,3.0,0.0,1.5,0.0,0.0,0.5,0.0,0.0,1.0,0.0,0.0,0.0,0.0,,0.0,0.5,0.5,0.0,0.0,0.0,0.0,0.5,0.0,2022-23,61489,69166.76249600001
craig sword,61489,2022,SG,28,WAS,3,0,6.3,1.0,1.3,0.75,0.0,0.3,0.0,1.0,1.0,1.0,0.75,0.0,0.0,,0.0,0.0,0.0,0.3,1.3,0.0,0.3,2.3,2.0,2022-23,61489,69166.76249600001
jaime echenique,61489,2022,C,24,WAS,1,0,3.0,0.0,0.0,,0.0,0.0,,0.0,0.0,,,0.0,0.0,,0.0,0.0,0.0,0.0,0.0,0.0,0.0,0.0,0.0,2022-23,61489,69166.76249600001
zavier simpson,43042,2022,PG,24,OKC,4,4,43.5,4.8,13.0,0.365,0.3,2.0,0.125,4.5,11.0,0.409,0.375,1.3,1.3,1.0,0.5,4.8,5.3,7.5,1.3,1.0,2.5,3.8,11.0,2022-23,43042,48416.396288
melvin frazier,15372,2022,SG,25,OKC,3,0,40.0,4.3,16.0,0.271,0.3,7.0,0.048,4.0,9.0,0.444,0.281,1.7,2.3,0.714,1.7,2.7,4.3,0.3,0.3,0.0,1.0,2.7,10.7,2022-23,15372,17291.409408
stephen curry,50968059,2023,PG,34,GSW,56,56,34.7,10.0,20.2,0.493,4.9,11.4,0.427,5.1,8.8,0.579,0.614,4.6,5.0,0.915,0.7,5.4,6.1,6.3,0.9,0.4,3.2,2.1,29.4,2023-24,50968059,55127052.61440001
john wall,50200141,2023,PG,32,LAC,34,3,22.2,4.1,9.9,0.408,1.0,3.2,0.303,3.1,6.7,0.459,0.457,2.3,3.3,0.681,0.4,2.3,2.7,5.2,0.8,0.4,2.4,1.7,11.4,2023-24,50200141,54296472.505600005
russell westbrook,49918548,2023,PG,34,LAC,73,24,29.1,5.9,13.6,0.436,1.2,3.9,0.311,4.7,9.7,0.487,0.481,2.8,4.3,0.656,1.2,4.6,5.8,7.5,1.0,0.5,3.5,2.2,15.9,2023-24,49918548,53991901.51680001
lebron james,47156296,2023,PF,38,LAL,55,54,35.5,11.1,22.2,0.5,2.2,6.9,0.321,8.9,15.3,0.58,0.549,4.6,5.9,0.768,1.2,7.1,8.3,6.8,0.9,0.6,3.2,1.6,28.9,2023-24,47156296,51004249.75360001
kevin durant,46779742,2023,PF-SF,34,PHO,47,47,35.6,10.3,18.3,0.56,2.0,4.9,0.404,8.3,13.4,0.617,0.614,6.5,7.1,0.919,0.4,6.3,6.7,5.0,0.7,1.4,3.3,2.1,29.1,2023-24,46779742,50596968.94720001
bradley beal,45888469,2023,SG,29,WAS,50,50,33.5,8.9,17.6,0.506,1.6,4.4,0.365,7.3,13.2,0.552,0.551,3.8,4.6,0.842,0.8,3.1,3.9,5.4,0.9,0.7,2.9,2.1,23.2,2023-24,45888469,49632968.07040001
kawhi leonard,45054279,2023,SF,31,LAC,52,50,33.6,8.6,16.8,0.512,2.0,4.8,0.416,6.6,11.9,0.551,0.572,4.7,5.4,0.871,1.1,5.4,6.5,3.9,1.4,0.5,1.7,1.6,23.8,2023-24,45054279,48730708.16640001
paul george,45054279,2023,SG,32,LAC,56,56,34.6,8.2,17.9,0.457,2.8,7.6,0.371,5.4,10.3,0.521,0.536,4.6,5.3,0.871,0.8,5.3,6.1,5.1,1.5,0.4,3.1,2.8,23.8,2023-24,45054279,48730708.16640001
giannis antetokounmpo,45054279,2023,PF,28,MIL,63,63,32.1,11.2,20.3,0.553,0.7,2.7,0.275,10.5,17.6,0.596,0.572,7.9,12.3,0.645,2.2,9.6,11.8,5.7,0.8,0.8,3.9,3.1,31.1,2023-24,45054279,48730708.16640001
damian lillard,45054279,2023,PG,32,POR,58,58,36.3,9.6,20.7,0.463,4.2,11.3,0.371,5.4,9.4,0.574,0.564,8.8,9.6,0.914,0.8,4.0,4.8,7.3,0.9,0.3,3.3,1.9,32.2,2023-24,45054279,48730708.16640001
klay thompson,43047777,2023,SG,32,GSW,69,69,33.0,7.9,18.1,0.436,4.4,10.6,0.412,3.6,7.6,0.47,0.556,1.7,1.9,0.879,0.6,3.6,4.1,2.4,0.7,0.4,1.8,1.9,21.9,2023-24,43047777,46560475.6032
kyrie irving,41263288,2023,PG,30,DAL,60,60,37.4,9.9,20.1,0.494,3.1,8.3,0.379,6.8,11.8,0.574,0.572,4.1,4.6,0.905,1.0,4.1,5.1,5.5,1.1,0.8,2.1,2.8,27.1,2023-24,41263288,44630372.3008
rudy gobert,40473752,2023,C,30,MIN,70,70,30.7,5.1,7.8,0.659,0.0,0.0,0.0,5.1,7.8,0.663,0.659,3.1,4.9,0.644,3.3,8.3,11.6,1.2,0.8,1.4,1.7,3.0,13.4,2023-24,40473752,43776410.163200006
khris middleton,40274272,2023,SF,31,MIL,33,19,24.3,5.4,12.3,0.436,1.5,4.9,0.315,3.8,7.4,0.516,0.499,2.8,3.1,0.902,0.8,3.4,4.2,4.9,0.7,0.2,2.2,2.1,15.1,2023-24,40274272,43560652.5952
anthony davis,40270501,2023,C,29,LAL,56,54,34.0,9.7,17.2,0.563,0.3,1.3,0.257,9.3,15.9,0.589,0.573,6.2,7.9,0.784,3.5,9.1,12.5,2.6,1.1,2.0,2.2,2.6,25.9,2023-24,40270501,43556573.88160001
jimmy butler,39923342,2023,SF,33,MIA,64,64,33.4,7.5,13.9,0.539,0.6,1.6,0.35,6.9,12.3,0.564,0.56,7.4,8.7,0.85,2.2,3.7,5.9,5.3,1.8,0.3,1.6,1.3,22.9,2023-24,39923342,43181086.707200006
tobias harris,39901871,2023,PF,30,PHI,74,74,32.9,5.7,11.4,0.501,1.7,4.4,0.389,4.0,7.0,0.57,0.575,1.5,1.7,0.876,0.9,4.8,5.7,2.5,0.9,0.5,1.2,2.0,14.7,2023-24,39901871,43157863.6736
kemba walker,39528872,2023,PG,32,DAL,9,1,16.0,2.7,6.3,0.421,0.8,3.1,0.25,1.9,3.2,0.586,0.482,1.9,2.3,0.81,0.3,1.4,1.8,2.1,0.2,0.2,0.4,1.2,8.0,2023-24,39528872,42754427.9552
trae young,39332974,2023,PG,24,ATL,73,73,34.8,8.2,19.0,0.429,2.1,6.3,0.335,6.1,12.7,0.476,0.485,7.8,8.8,0.886,0.8,2.2,3.0,10.2,1.1,0.1,4.1,1.4,26.2,2023-24,39332974,42542544.6784
zach lavine,39332974,2023,SG,27,CHI,77,77,35.9,8.7,18.0,0.485,2.6,7.1,0.375,6.1,11.0,0.556,0.558,4.7,5.6,0.848,0.5,3.9,4.5,4.2,0.9,0.2,2.5,2.1,24.8,2023-24,39332974,42542544.6784
ben simmons,37585801,2023,PG,26,BRK,42,33,26.3,3.2,5.6,0.566,0.0,0.0,0.0,3.2,5.5,0.571,0.566,0.6,1.4,0.439,1.0,5.3,6.3,6.1,1.3,0.6,2.3,3.3,6.9,2023-24,37585801,40652802.361600004
pascal siakam,37585801,2023,C,28,TOR,71,71,37.4,8.9,18.5,0.48,1.3,4.0,0.324,7.6,14.5,0.523,0.515,5.2,6.7,0.774,1.8,6.0,7.8,5.8,0.9,0.5,2.4,3.2,24.2,2023-24,37585801,40652802.361600004
myles turner,37212398,2023,C,26,IND,62,62,29.4,6.5,11.8,0.548,1.5,4.0,0.373,5.0,7.8,0.638,0.612,3.5,4.5,0.783,1.4,6.1,7.5,1.4,0.6,2.3,1.7,3.5,18.0,2023-24,37212398,40248929.676800005
jrue holiday,36388575,2023,PG,32,MIL,67,65,32.6,7.3,15.3,0.479,2.4,6.1,0.384,5.0,9.1,0.542,0.556,2.3,2.6,0.859,1.2,3.9,5.1,7.4,1.2,0.4,2.9,1.7,19.3,2023-24,36388575,39357882.720000006
karl-anthony towns,35873148,2023,PF,27,MIN,29,29,33.0,7.3,14.8,0.495,2.1,5.7,0.366,5.2,9.1,0.576,0.565,4.1,4.7,0.874,1.7,6.5,8.1,4.8,0.7,0.6,3.0,3.8,20.8,2023-24,35873148,38800396.8768
devin booker,35873148,2023,SG,26,PHO,53,53,34.6,9.9,20.1,0.494,2.1,6.0,0.351,7.8,14.2,0.554,0.546,5.8,6.8,0.855,0.9,3.7,4.5,5.5,1.0,0.3,2.7,3.0,27.8,2023-24,35873148,38800396.8768
andrew wiggins,35643458,2023,SF,27,GSW,37,37,32.2,6.8,14.3,0.473,2.4,6.1,0.396,4.4,8.2,0.53,0.557,1.2,1.9,0.611,1.6,3.4,5.0,2.3,1.2,0.8,1.3,2.9,17.1,2023-24,35643458,38551964.172800004
joel embiid,35643458,2023,C,28,PHI,66,66,34.6,11.0,20.1,0.548,1.0,3.0,0.33,10.0,17.1,0.587,0.573,10.0,11.7,0.857,1.7,8.4,10.2,4.2,1.0,1.7,3.4,3.1,33.1,2023-24,35643458,38551964.172800004
cj mccollum,35342933,2023,SG,31,NOP,75,75,35.3,7.8,17.9,0.437,2.8,7.2,0.389,5.0,10.7,0.469,0.515,2.4,3.2,0.769,0.7,3.6,4.4,5.7,0.9,0.5,2.4,2.0,20.9,2023-24,35342933,38226916.3328
james harden,34989504,2023,PG,33,PHI,58,58,36.8,6.4,14.5,0.441,2.8,7.2,0.385,3.6,7.3,0.495,0.536,5.4,6.2,0.867,0.7,5.4,6.1,10.7,1.2,0.5,3.4,1.9,21.0,2023-24,34989504,37844647.52640001
jamal murray,33558751,2023,PG,25,DEN,65,65,32.8,7.3,16.0,0.454,2.6,6.6,0.398,4.6,9.4,0.494,0.537,2.8,3.3,0.833,0.7,3.2,4.0,6.2,1.0,0.2,2.2,1.6,20.0,2023-24,33558751,36297145.0816
brandon ingram,33558751,2023,SF,25,NOP,45,45,34.2,9.0,18.6,0.484,1.4,3.6,0.39,7.6,14.9,0.507,0.522,5.3,6.0,0.882,0.5,5.0,5.5,5.8,0.7,0.4,3.3,2.6,24.7,2023-24,33558751,36297145.0816
d'angelo russell,33269452,2023,PG,26,LAL,71,71,32.5,6.3,13.4,0.469,2.7,6.9,0.396,3.5,6.5,0.548,0.572,2.5,3.0,0.829,0.5,2.5,3.0,6.2,1.0,0.4,2.6,2.0,17.8,2023-24,33269452,35984239.2832
donovan mitchell,32777478,2023,SG,26,CLE,68,68,35.8,10.0,20.6,0.484,3.6,9.3,0.386,6.4,11.3,0.566,0.572,4.7,5.4,0.867,0.9,3.3,4.3,4.4,1.5,0.4,2.6,2.5,28.3,2023-24,32777478,35452120.2048
shai gilgeous-alexander,32777478,2023,PG,24,OKC,68,68,35.5,10.4,20.3,0.51,0.9,2.5,0.345,9.5,17.8,0.533,0.531,9.8,10.9,0.905,0.9,4.0,4.8,5.5,1.6,1.0,2.8,2.8,31.4,2023-24,32777478,35452120.2048
deandre ayton,32777478,2023,C,24,PHO,67,67,30.4,7.8,13.2,0.589,0.1,0.4,0.292,7.7,12.9,0.597,0.592,2.3,3.0,0.76,2.6,7.4,10.0,1.7,0.6,0.8,1.8,2.8,18.0,2023-24,32777478,35452120.2048
kevin love,32399186,2023,PF,34,MIA,62,20,20.0,2.7,6.8,0.389,1.6,4.8,0.334,1.1,2.1,0.516,0.506,1.3,1.5,0.879,1.0,5.5,6.4,1.9,0.3,0.2,1.1,1.6,8.2,2023-24,32399186,35042959.5776
jayson tatum,32181628,2023,PF,24,BOS,74,74,36.9,9.8,21.1,0.466,3.2,9.3,0.35,6.6,11.8,0.558,0.543,7.2,8.4,0.854,1.1,7.7,8.8,4.6,1.1,0.7,2.9,2.2,30.1,2023-24,32181628,34807648.8448
bam adebayo,32181628,2023,C,25,MIA,75,75,34.6,8.0,14.9,0.54,0.0,0.2,0.083,8.0,14.7,0.545,0.541,4.3,5.4,0.806,2.5,6.7,9.2,3.2,1.2,0.8,2.5,2.8,20.4,2023-24,32181628,34807648.8448
de'aaron fox,32181628,2023,PG,25,SAC,73,73,33.4,9.3,18.2,0.512,1.6,5.0,0.324,7.7,13.2,0.584,0.557,4.7,6.0,0.78,0.5,3.6,4.2,6.1,1.1,0.3,2.5,2.4,25.0,2023-24,32181628,34807648.8448
gordon hayward,31888161,2023,SF,32,CHO,50,50,31.5,5.5,11.6,0.475,1.0,3.2,0.325,4.5,8.4,0.532,0.52,2.6,3.2,0.811,0.7,3.6,4.3,4.1,0.8,0.2,2.0,1.4,14.7,2023-24,31888161,34490234.9376
jaylen brown,31571968,2023,SF,26,BOS,67,67,35.9,10.1,20.6,0.491,2.4,7.3,0.335,7.7,13.4,0.576,0.55,3.9,5.1,0.765,1.2,5.7,6.9,3.5,1.1,0.4,2.9,2.6,26.6,2023-24,31571968,34148240.588800006
chris paul,30112179,2023,PG,37,PHO,59,59,32.0,5.0,11.3,0.44,1.7,4.4,0.375,3.3,6.9,0.482,0.513,2.3,2.7,0.831,0.5,3.8,4.3,8.9,1.5,0.4,1.9,2.1,13.9,2023-24,30112179,32569332.806400005
kyle lowry,30041494,2023,PG,36,MIA,55,44,31.2,3.6,8.8,0.404,1.9,5.6,0.345,1.6,3.2,0.509,0.514,2.1,2.5,0.859,0.8,3.3,4.1,5.1,1.0,0.4,1.9,2.6,11.2,2023-24,30041494,32492879.910400003
jalen brunson,29405319,2023,PG,26,NYK,68,68,35.0,8.6,17.6,0.491,2.0,4.7,0.416,6.7,12.8,0.519,0.547,4.8,5.8,0.829,0.6,3.0,3.5,6.2,0.9,0.2,2.1,2.2,24.0,2023-24,29405319,31804793.030400004
demar derozan,28945862,2023,SF,33,CHI,74,74,36.2,8.9,17.6,0.504,0.6,1.9,0.324,8.3,15.7,0.526,0.522,6.2,7.1,0.872,0.5,4.2,4.6,5.1,1.1,0.5,2.1,2.5,24.5,2023-24,28945862,31307844.339200005
al horford,28097632,2023,C,36,BOS,63,63,30.5,3.6,7.6,0.476,2.3,5.2,0.446,1.3,2.4,0.539,0.627,0.2,0.3,0.714,1.2,5.0,6.2,3.0,0.5,1.0,0.6,1.9,9.8,2023-24,28097632,30390398.771200005
draymond green,27362288,2023,PF,32,GSW,73,73,31.5,3.4,6.5,0.527,0.5,1.8,0.305,2.9,4.7,0.612,0.57,1.1,1.5,0.713,0.9,6.3,7.2,6.8,1.0,0.8,2.8,3.1,8.5,2023-24,27362288,29595050.7008
julius randle,25192443,2023,PF,28,NYK,77,77,35.5,8.5,18.6,0.459,2.8,8.3,0.343,5.7,10.3,0.553,0.536,5.2,6.9,0.757,1.8,8.1,10.0,4.1,0.6,0.3,2.8,3.0,25.1,2023-24,25192443,27248146.348800004
john collins,24916768,2023,PF,25,ATL,71,71,30.0,5.1,10.0,0.508,1.0,3.4,0.292,4.1,6.6,0.619,0.557,2.0,2.5,0.803,1.1,5.4,6.5,1.2,0.6,1.0,1.1,3.1,13.1,2023-24,24916768,26949976.2688
mike conley,24047332,2023,PG,35,MIN,67,66,30.3,3.9,9.1,0.428,2.0,5.2,0.385,1.9,3.9,0.486,0.539,2.1,2.5,0.834,0.5,2.2,2.7,6.7,1.1,0.2,1.5,2.1,11.9,2023-24,24047332,26009594.291200005
malcolm brogdon,23962508,2023,PG,30,BOS,67,0,26.0,5.3,10.9,0.484,2.0,4.4,0.444,3.3,6.5,0.51,0.574,2.4,2.7,0.87,0.6,3.6,4.2,3.7,0.7,0.3,1.5,1.6,14.9,2023-24,23962508,25917848.6528
anfernee simons,23667143,2023,SG,23,POR,62,62,35.0,7.5,16.9,0.447,3.4,9.1,0.377,4.1,7.8,0.528,0.548,2.6,2.9,0.894,0.3,2.3,2.6,4.1,0.7,0.2,2.1,2.3,21.1,2023-24,23667143,25598381.868800003
terry rozier,22781683,2023,SG,28,CHO,63,63,35.3,7.8,18.9,0.415,2.6,8.0,0.327,5.2,10.8,0.48,0.484,2.8,3.5,0.809,0.8,3.3,4.1,5.1,1.2,0.3,2.1,1.9,21.1,2023-24,22781683,24640668.3328
fred vanvleet,22531120,2023,PG,28,TOR,69,69,36.7,6.3,16.1,0.393,3.0,8.8,0.342,3.3,7.3,0.455,0.486,3.7,4.1,0.898,0.4,3.6,4.1,7.2,1.8,0.6,2.0,2.8,19.3,2023-24,22531120,24369659.392
buddy hield,22454514,2023,SF,30,IND,80,73,31.0,5.9,13.0,0.458,3.6,8.5,0.425,2.3,4.5,0.518,0.596,1.3,1.6,0.822,0.8,4.2,5.0,2.8,1.2,0.3,1.7,2.0,16.8,2023-24,22454514,24286802.342400003
domantas sabonis,22372076,2023,C,26,SAC,79,79,34.6,7.3,11.9,0.615,0.4,1.1,0.373,6.9,10.8,0.639,0.632,4.1,5.5,0.742,3.2,9.1,12.3,7.3,0.8,0.5,2.9,3.5,19.1,2023-24,22372076,24197637.401600003
jerami grant,22218335,2023,PF,28,POR,63,63,35.7,6.9,14.5,0.475,2.3,5.7,0.401,4.6,8.8,0.523,0.554,4.4,5.4,0.813,0.8,3.7,4.5,2.4,0.8,0.8,1.8,2.4,20.5,2023-24,22218335,24031351.136000004
aaron gordon,21938322,2023,PF,27,DEN,68,68,30.2,6.3,11.2,0.564,0.9,2.5,0.347,5.4,8.6,0.628,0.603,2.8,4.6,0.608,2.4,4.1,6.6,3.0,0.8,0.8,1.4,1.9,16.3,2023-24,21938322,23728489.075200003
mikal bridges,21311788,2023,SF,26,BRK,83,83,35.7,7.1,15.3,0.468,2.0,5.3,0.382,5.1,9.9,0.514,0.535,3.8,4.3,0.895,1.0,3.4,4.4,3.3,1.1,0.7,1.5,1.9,20.1,2023-24,21311788,23050829.9008
jarrett allen,21205760,2023,C,24,CLE,68,68,32.6,5.9,9.2,0.644,0.0,0.1,0.1,5.9,9.1,0.653,0.645,2.4,3.3,0.733,3.3,6.5,9.8,1.7,0.8,1.2,1.4,2.3,14.3,2023-24,21205760,22936150.016000003
nicolas batum,20888011,2023,PF,34,LAC,78,19,21.9,2.1,4.9,0.42,1.6,4.1,0.391,0.5,0.8,0.563,0.583,0.4,0.6,0.708,0.8,3.0,3.8,1.6,0.7,0.6,0.6,1.9,6.1,2023-24,20888011,22592472.697600003
eric gordon,20748097,2023,SG,34,LAC,69,58,28.5,4.2,9.5,0.446,1.9,5.2,0.371,2.3,4.3,0.535,0.547,2.1,2.5,0.821,0.2,1.7,1.9,2.7,0.6,0.4,1.5,1.1,12.4,2023-24,20748097,22441141.715200003
spencer dinwiddie,20675616,2023,PG,29,BRK,79,79,34.5,5.8,13.3,0.438,2.3,6.2,0.369,3.5,7.1,0.498,0.524,3.4,4.2,0.812,0.4,3.1,3.4,6.5,0.8,0.3,1.8,2.4,17.3,2023-24,20675616,22362746.265600003
caris levert,19929487,2023,SG,28,CLE,74,30,30.2,4.3,10.0,0.431,1.7,4.4,0.392,2.6,5.6,0.462,0.517,1.8,2.4,0.722,0.7,3.1,3.8,3.9,1.0,0.3,1.6,2.3,12.1,2023-24,19929487,21555733.139200002
joe harris,19766797,2023,SG,31,BRK,74,33,20.6,2.7,5.9,0.457,1.9,4.5,0.426,0.8,1.4,0.551,0.618,0.2,0.4,0.643,0.3,1.9,2.2,1.4,0.5,0.2,0.6,1.9,7.6,2023-24,19766797,21379767.6352
harrison barnes,19458694,2023,PF,30,SAC,82,82,32.5,4.6,9.6,0.473,1.6,4.3,0.374,3.0,5.3,0.553,0.556,4.3,5.0,0.847,1.1,3.4,4.5,1.6,0.7,0.1,1.0,1.3,15.0,2023-24,19458694,21046523.430400003
clint capela,19304553,2023,C,28,ATL,65,63,26.6,5.4,8.2,0.653,0.0,0.0,0.0,5.4,8.2,0.654,0.653,1.2,2.0,0.603,4.0,7.1,11.0,0.9,0.7,1.2,0.8,2.1,12.0,2023-24,19304553,20879804.524800003
evan fournier,19085184,2023,SG,30,NYK,27,7,17.0,2.1,6.1,0.337,1.3,4.2,0.307,0.8,1.9,0.404,0.443,0.7,0.8,0.857,0.1,1.7,1.8,1.3,0.6,0.1,0.8,1.7,6.1,2023-24,19085184,20642535.0144
steven adams,19007601,2023,C,29,MEM,42,42,27.0,3.7,6.3,0.597,0.0,0.0,0.0,3.7,6.2,0.599,0.597,1.1,3.1,0.364,5.1,6.5,11.5,2.3,0.9,1.1,1.9,2.3,8.6,2023-24,19007601,20558621.241600003
jonathan isaac,18449011,2023,PF,25,ORL,11,0,11.3,2.0,4.8,0.415,0.5,1.4,0.4,1.5,3.5,0.421,0.472,0.5,0.8,0.556,1.4,2.6,4.0,0.5,1.3,0.4,0.4,0.5,5.0,2023-24,18449011,19954450.2976
og anunoby,18403570,2023,SF,25,TOR,67,67,35.6,6.3,13.2,0.476,2.1,5.5,0.387,4.2,7.7,0.539,0.556,2.1,2.5,0.838,1.4,3.5,5.0,2.0,1.9,0.7,2.0,3.0,16.8,2023-24,18403570,19905301.312000003
marcus smart,18244526,2023,PG,28,BOS,61,61,32.1,4.1,9.9,0.415,1.9,5.6,0.336,2.2,4.3,0.519,0.511,1.4,1.9,0.746,0.8,2.4,3.1,6.3,1.5,0.4,2.3,2.8,11.5,2023-24,18244526,19733279.3216
derrick white,18176365,2023,SG,28,BOS,82,70,28.3,4.3,9.2,0.462,1.8,4.8,0.381,2.5,4.5,0.548,0.56,2.0,2.3,0.875,0.6,2.9,3.6,3.9,0.7,0.9,1.2,2.2,12.4,2023-24,18176365,19659556.384000003
dejounte murray,18100303,2023,SG,26,ATL,74,74,36.4,8.3,17.8,0.464,1.8,5.2,0.344,6.5,12.6,0.514,0.514,2.1,2.6,0.832,0.7,4.5,5.3,6.1,1.5,0.3,2.2,1.4,20.5,2023-24,18100303,19577287.7248
mitchell robinson,18073090,2023,C,24,NYK,59,58,27.0,3.2,4.7,0.671,0.0,0.0,0.0,3.2,4.7,0.671,0.671,1.0,2.1,0.484,4.5,4.9,9.4,0.9,0.9,1.8,0.7,2.7,7.4,2023-24,18073090,19547854.144
duncan robinson,17920987,2023,SF,28,MIA,42,1,16.5,2.1,5.6,0.371,1.5,4.6,0.328,0.6,1.1,0.556,0.504,0.7,0.8,0.906,0.2,1.5,1.6,1.1,0.3,0.0,0.7,1.8,6.4,2023-24,17920987,19383339.5392
norman powell,17768964,2023,SG,29,LAC,60,8,26.1,5.7,11.8,0.479,1.9,4.8,0.397,3.8,7.1,0.534,0.559,3.8,4.6,0.812,0.4,2.5,2.9,1.8,0.8,0.3,1.7,2.1,17.0,2023-24,17768964,19218911.4624
collin sexton,17706809,2023,SG,24,UTA,48,15,23.9,4.9,9.8,0.506,1.0,2.5,0.393,3.9,7.2,0.546,0.558,3.4,4.1,0.819,0.8,1.4,2.2,2.9,0.6,0.1,1.8,2.3,14.3,2023-24,17706809,19151684.614400003
markelle fultz,17494752,2023,PG,24,ORL,60,60,29.6,5.8,11.3,0.514,0.5,1.5,0.31,5.4,9.9,0.544,0.534,1.9,2.4,0.783,1.2,2.8,3.9,5.7,1.5,0.4,2.3,2.2,14.0,2023-24,17494752,18922323.763200004
lauri markkanen,17468726,2023,SF,25,UTA,66,66,34.4,8.7,17.3,0.499,3.0,7.7,0.391,5.6,9.6,0.585,0.586,5.3,6.0,0.875,2.0,6.7,8.6,1.9,0.6,0.6,1.9,2.1,25.6,2023-24,17468726,18894174.041600004
marcus morris,17359133,2023,PF,33,LAC,65,65,28.1,4.2,9.9,0.426,1.7,4.7,0.364,2.5,5.2,0.484,0.513,1.0,1.3,0.782,0.4,3.5,4.0,1.8,0.6,0.3,0.9,2.1,11.2,2023-24,17359133,18775638.252800003
malik beasley,16495997,2023,SG,26,LAL,81,27,25.8,4.6,11.6,0.395,2.9,8.1,0.357,1.7,3.4,0.484,0.52,0.6,0.8,0.769,0.4,3.1,3.5,1.5,0.8,0.1,1.1,1.3,12.7,2023-24,16495997,17842070.3552
luguentz dort,16198844,2023,SG,23,OKC,74,73,30.7,4.6,11.8,0.388,1.8,5.5,0.33,2.8,6.3,0.44,0.466,2.7,3.5,0.772,1.7,2.9,4.6,2.1,1.0,0.3,1.2,3.3,13.7,2023-24,16198844,17520669.6704
will barton,15967631,2023,SG,32,TOR,56,2,17.7,2.5,6.5,0.379,1.2,3.2,0.367,1.3,3.3,0.391,0.47,0.7,0.8,0.787,0.3,2.2,2.4,2.0,0.5,0.2,0.9,1.0,6.8,2023-24,15967631,17270589.689600002
tyus jones,15904320,2023,PG,26,MEM,80,22,24.3,3.9,8.9,0.438,1.5,4.1,0.371,2.4,4.8,0.495,0.523,1.0,1.3,0.8,0.4,2.2,2.5,5.2,1.0,0.1,0.9,0.4,10.3,2023-24,15904320,17202112.512000002
derrick rose,15396155,2023,PG,34,NYK,27,0,12.5,2.3,5.9,0.384,0.7,2.3,0.302,1.6,3.6,0.438,0.443,0.4,0.4,0.917,0.3,1.2,1.5,1.7,0.3,0.2,0.8,0.7,5.6,2023-24,15396155,16652481.248000002
kevin huerter,15383643,2023,SG,24,SAC,75,75,29.4,5.6,11.5,0.485,2.7,6.8,0.402,2.9,4.7,0.604,0.603,1.3,1.7,0.725,0.6,2.8,3.3,2.9,1.1,0.3,1.3,2.4,15.2,2023-24,15383643,16638948.268800002
christian wood,15180630,2023,C,27,DAL,67,17,25.9,5.9,11.5,0.515,1.6,4.2,0.376,4.3,7.3,0.594,0.583,3.2,4.2,0.772,1.3,6.0,7.3,1.8,0.4,1.1,1.8,2.5,16.6,2023-24,15180630,16419369.408000002
kentavious caldwell-pope,14849018,2023,SG,29,DEN,76,76,31.3,3.8,8.3,0.462,1.8,4.2,0.423,2.1,4.1,0.502,0.569,1.4,1.6,0.824,0.5,2.3,2.7,2.4,1.5,0.5,1.1,1.9,10.8,2023-24,14849018,16060697.868800001
brook lopez,14745399,2023,C,34,MIL,78,78,30.4,6.1,11.5,0.531,1.7,4.7,0.374,4.4,6.9,0.637,0.606,1.9,2.4,0.784,2.0,4.7,6.7,1.3,0.5,2.5,1.4,2.6,15.9,2023-24,14745399,15948623.558400001
patrick beverley,14633685,2023,PG,34,CHI,67,67,27.1,2.1,5.4,0.4,1.2,3.6,0.335,1.0,1.8,0.529,0.511,0.7,1.0,0.723,0.7,3.0,3.7,2.9,0.9,0.6,0.9,2.8,6.2,2023-24,14633685,15827793.696000002
doug mcdermott,14578960,2023,SF,31,SAS,64,0,20.5,3.7,8.2,0.457,1.9,4.7,0.413,1.8,3.5,0.516,0.575,0.8,1.1,0.757,0.4,1.8,2.2,1.4,0.2,0.1,0.9,1.8,10.2,2023-24,14578960,15768603.136000002
luke kennard,14574141,2023,SG,26,MEM,59,14,22.3,3.2,6.5,0.492,2.3,4.6,0.494,0.9,1.9,0.487,0.666,0.6,0.7,0.949,0.3,2.4,2.7,1.5,0.5,0.1,0.8,1.4,9.3,2023-24,14574141,15763390.905600002
zion williamson,14350804,2023,PF,22,NOP,29,29,33.0,9.8,16.2,0.608,0.2,0.7,0.368,9.6,15.5,0.618,0.615,6.1,8.6,0.714,2.0,5.0,7.0,4.6,1.1,0.6,3.4,2.2,26.0,2023-24,14350804,15521829.606400002
jordan clarkson,14144242,2023,SG,30,UTA,61,61,32.6,7.5,16.9,0.444,2.5,7.5,0.338,5.0,9.4,0.53,0.519,3.3,4.0,0.816,1.2,2.9,4.0,4.4,0.5,0.2,3.0,2.0,20.8,2023-24,14144242,15298412.147200001
gary harris,13783744,2023,SG,28,ORL,48,42,24.7,2.9,6.4,0.45,2.0,4.5,0.431,0.9,1.9,0.494,0.603,0.6,0.6,0.9,0.4,1.6,2.0,1.2,0.9,0.3,0.6,1.9,8.3,2023-24,13783744,14908497.510400001
kyle kuzma,13783744,2023,PF,27,WAS,64,64,35.0,8.0,17.8,0.448,2.5,7.5,0.333,5.5,10.3,0.533,0.518,2.7,3.7,0.73,0.9,6.4,7.2,3.7,0.6,0.5,3.0,2.3,21.2,2023-24,13783744,14908497.510400001
josh hart,13741332,2023,SF-SG,27,NYK,76,52,32.3,3.6,6.8,0.529,0.8,2.2,0.372,2.8,4.7,0.601,0.588,1.7,2.3,0.75,1.9,5.9,7.8,3.8,1.2,0.3,1.5,2.6,9.8,2023-24,13741332,14862624.691200001
dorian finney-smith,13719965,2023,PF,29,BRK,66,66,30.4,3.0,7.6,0.391,1.7,5.1,0.337,1.2,2.5,0.503,0.505,0.7,0.9,0.763,1.7,3.1,4.8,1.5,0.8,0.5,0.9,2.2,8.3,2023-24,13719965,14839514.144000001
kelly olynyk,13576858,2023,C,31,UTA,68,68,28.6,4.1,8.2,0.499,1.4,3.5,0.394,2.7,4.7,0.576,0.583,2.9,3.4,0.853,1.2,5.0,6.2,3.7,0.9,0.5,2.5,3.4,12.5,2023-24,13576858,14684729.612800002
chris boucher,13455054,2023,PF,30,TOR,76,0,20.0,3.4,7.0,0.493,0.8,2.5,0.328,2.6,4.5,0.585,0.552,1.7,2.2,0.762,2.1,3.5,5.5,0.4,0.6,0.8,0.5,1.9,9.4,2023-24,13455054,14552986.4064
robert covington,13049698,2023,PF,32,LAC,48,0,16.2,2.1,4.8,0.445,1.1,2.8,0.397,1.0,1.9,0.516,0.563,0.6,0.8,0.75,0.6,2.8,3.5,1.2,0.8,0.7,0.7,1.8,6.0,2023-24,13049698,14114553.356800001
josh richardson,12931372,2023,SG,29,NOP,65,10,23.5,3.7,8.5,0.431,1.6,4.5,0.365,2.0,4.0,0.506,0.528,1.1,1.2,0.852,0.6,2.1,2.7,2.7,1.1,0.3,1.3,1.8,10.1,2023-24,12931372,13986571.955200002
ja morant,12850096,2023,PG,23,MEM,61,59,31.9,9.3,19.9,0.466,1.5,4.9,0.307,7.8,15.0,0.519,0.504,6.1,8.1,0.748,1.0,4.9,5.9,8.1,1.1,0.3,3.4,1.6,26.2,2023-24,12850096,13898663.833600001
danny green,12416532,2023,SG,35,CLE,11,0,12.5,2.0,4.5,0.449,1.5,3.4,0.432,0.5,1.1,0.5,0.612,0.1,0.1,1.0,0.3,1.0,1.3,0.5,0.5,0.3,0.9,1.5,5.5,2023-24,12416532,13429721.011200001
terrence ross,12193311,2023,SG,31,PHO,63,9,21.1,3.2,7.4,0.43,1.5,4.1,0.368,1.7,3.3,0.507,0.532,0.4,0.5,0.794,0.3,2.1,2.4,1.5,0.6,0.2,0.7,1.5,8.3,2023-24,12193311,13188285.177600002
reggie jackson,12147949,2023,PG,32,DEN,68,40,24.4,3.9,9.4,0.411,1.4,4.2,0.333,2.5,5.2,0.474,0.486,1.0,1.1,0.91,0.4,1.8,2.1,3.4,0.7,0.1,1.7,1.7,10.2,2023-24,12147949,13139221.638400001
dillon brooks,12087283,2023,SF,27,MEM,73,73,30.3,5.4,13.6,0.396,2.0,6.0,0.326,3.4,7.6,0.451,0.468,1.6,2.1,0.779,0.6,2.7,3.3,2.6,0.9,0.2,1.4,3.3,14.3,2023-24,12087283,13073605.292800002
richaun holmes,11891405,2023,C,29,SAC,42,1,8.3,1.3,2.1,0.618,0.1,0.2,0.625,1.2,1.9,0.617,0.646,0.4,0.5,0.789,0.7,1.2,1.9,0.2,0.1,0.3,0.3,1.2,3.1,2023-24,11891405,12861743.648000002
dwight powell,11748123,2023,C,31,DAL,76,64,19.2,2.6,3.5,0.732,0.0,0.1,0.0,2.6,3.5,0.746,0.732,1.5,2.2,0.667,2.0,2.2,4.1,0.9,0.6,0.3,0.9,2.8,6.7,2023-24,11748123,12706769.836800002
paolo banchero,11721611,2023,PF,20,ORL,72,72,33.8,6.7,15.6,0.427,1.2,4.0,0.298,5.5,11.6,0.471,0.465,5.5,7.4,0.738,1.2,5.7,6.9,3.7,0.8,0.5,2.8,2.2,20.0,2023-24,11721611,12678094.457600001
rj barrett,11557811,2023,SG,22,NYK,73,73,33.9,7.0,16.1,0.434,1.7,5.3,0.31,5.3,10.8,0.495,0.485,4.0,5.4,0.74,0.8,4.2,5.0,2.8,0.4,0.2,2.2,2.5,19.6,2023-24,11557811,12500928.377600001
bobby portis,11497073,2023,PF,27,MIL,70,22,26.0,5.7,11.5,0.496,1.4,3.7,0.37,4.3,7.8,0.555,0.555,1.4,1.8,0.768,2.2,7.4,9.6,1.5,0.4,0.2,1.2,1.6,14.1,2023-24,11497073,12435234.156800002
deandre jordan,11380873,2023,C,34,DEN,39,8,15.0,2.3,2.9,0.765,0.0,0.0,1.0,2.2,2.9,0.763,0.77,0.6,1.2,0.458,1.3,3.8,5.2,0.9,0.3,0.6,1.2,1.8,5.1,2023-24,11380873,12309552.236800002
anthony edwards,11380495,2023,SG,21,MIN,79,79,36.0,8.9,19.5,0.459,2.7,7.3,0.369,6.3,12.2,0.513,0.528,4.0,5.3,0.756,0.6,5.2,5.8,4.4,1.6,0.7,3.3,2.4,24.6,2023-24,11380495,12309143.392
robert williams,11360230,2023,C,25,BOS,35,20,23.5,3.6,4.9,0.747,0.0,0.0,0.0,3.6,4.8,0.751,0.747,0.7,1.2,0.61,3.0,5.4,8.3,1.4,0.6,1.4,1.0,1.9,8.0,2023-24,11360230,12287224.768000001
cade cunningham,11189007,2023,PG,21,DET,12,12,33.3,7.8,18.7,0.415,1.4,5.1,0.279,6.3,13.6,0.466,0.453,3.0,3.6,0.837,1.0,5.2,6.2,6.0,0.8,0.6,3.3,2.8,19.9,2023-24,11189007,12102029.9712
mo bamba,10920966,2023,C,24,LAL,49,7,15.7,2.4,4.9,0.485,1.0,2.5,0.387,1.4,2.4,0.59,0.585,0.8,1.3,0.661,1.2,3.4,4.6,0.9,0.3,0.9,0.6,2.1,6.6,2023-24,10920966,11812116.825600002
talen horton-tucker,10878554,2023,SG,22,UTA,65,20,20.2,4.0,9.4,0.419,0.9,3.1,0.286,3.1,6.3,0.485,0.467,1.9,2.6,0.75,0.6,2.6,3.2,3.8,0.6,0.4,1.9,1.7,10.7,2023-24,10878554,11766244.006400002
jae crowder,10797761,2023,SF,32,MIL,18,3,18.9,2.5,5.2,0.479,1.3,3.1,0.436,1.2,2.2,0.538,0.606,0.6,0.7,0.833,0.9,2.9,3.8,1.5,0.7,0.3,0.4,1.5,6.9,2023-24,10797761,11678858.297600001
ivica zubac,10733780,2023,C,25,LAC,76,76,28.6,4.3,6.8,0.634,0.0,0.0,0.0,4.3,6.7,0.637,0.634,2.2,3.1,0.697,3.1,6.8,9.9,1.0,0.4,1.3,1.5,2.9,10.8,2023-24,10733780,11609656.448
reggie bullock,10616451,2023,SF,31,DAL,78,55,30.3,2.5,6.0,0.409,1.9,5.1,0.38,0.5,0.9,0.562,0.569,0.3,0.5,0.703,0.4,3.2,3.6,1.4,0.7,0.2,0.5,2.1,7.2,2023-24,10616451,11482753.401600001
alec burks,10616451,2023,SG,31,DET,51,8,22.0,3.9,9.0,0.436,1.9,4.7,0.414,2.0,4.3,0.459,0.544,3.0,3.7,0.814,0.4,2.7,3.1,2.2,0.7,0.2,1.1,1.9,12.8,2023-24,10616451,11482753.401600001
de'andre hunter,10428866,2023,SF,25,ATL,67,67,31.7,5.7,12.3,0.461,1.5,4.3,0.35,4.2,8.0,0.521,0.522,2.6,3.1,0.826,0.7,3.6,4.2,1.4,0.5,0.3,1.2,3.0,15.4,2023-24,10428866,11279861.4656
james wiseman,10182327,2023,C,21,DET,45,22,19.3,4.2,7.5,0.558,0.1,0.4,0.2,4.1,7.1,0.58,0.563,1.5,2.2,0.701,1.6,4.3,5.9,0.7,0.2,0.6,1.1,2.4,10.0,2023-24,10182327,11013204.883200001
landry shamet,10072736,2023,SG,25,PHO,40,9,20.2,2.8,7.5,0.377,1.9,5.0,0.377,1.0,2.5,0.376,0.502,1.1,1.3,0.882,0.3,1.4,1.7,2.3,0.7,0.1,0.9,1.5,8.7,2023-24,10072736,10894671.257600002
malik monk,10043280,2023,SG,24,SAC,77,0,22.3,4.6,10.3,0.448,1.9,5.2,0.359,2.8,5.2,0.538,0.538,2.4,2.7,0.889,0.4,2.2,2.6,3.9,0.6,0.3,1.9,1.6,13.5,2023-24,10043280,10862811.648000002
jalen green,10011069,2023,SG,20,HOU,76,76,34.2,7.4,17.9,0.416,2.5,7.3,0.338,5.0,10.6,0.471,0.485,4.8,6.1,0.786,0.6,3.2,3.7,3.7,0.8,0.2,2.6,1.7,22.1,2023-24,10011069,10827972.230400002
jakob poeltl,9964743,2023,C,27,TOR,72,71,26.5,5.4,8.6,0.629,0.0,0.0,0.0,5.4,8.6,0.63,0.629,1.7,2.8,0.592,3.3,5.8,9.1,2.7,0.9,1.2,1.7,2.7,12.5,2023-24,9964743,10777866.028800001
nerlens noel,9957237,2023,C,28,BRK,17,4,11.5,0.8,2.1,0.361,0.1,0.1,0.5,0.7,2.0,0.353,0.375,0.5,0.7,0.667,0.6,2.1,2.7,0.6,0.9,0.6,0.8,1.9,2.1,2023-24,9957237,10769747.5392
royce o'neale,9754649,2023,SF,29,BRK,76,53,31.7,3.0,7.8,0.386,2.1,5.5,0.389,0.9,2.3,0.379,0.524,0.7,0.9,0.725,0.7,4.3,5.1,3.7,0.9,0.6,1.5,3.1,8.8,2023-24,9754649,10550628.3584
monte morris,9675128,2023,PG,27,WAS,62,61,27.3,4.0,8.3,0.48,1.3,3.3,0.382,2.7,5.0,0.543,0.555,1.0,1.2,0.831,0.4,3.0,3.4,5.3,0.7,0.2,1.0,1.2,10.3,2023-24,9675128,10464618.4448
mason plumlee,9627857,2023,C,32,LAC,79,60,26.0,4.2,6.1,0.68,0.0,0.0,0.0,4.2,6.1,0.68,0.68,2.5,4.0,0.636,2.9,6.0,8.9,3.1,0.6,0.6,1.5,2.7,10.8,2023-24,9627857,10413490.1312
alex caruso,9574400,2023,PG,28,CHI,67,36,23.5,1.9,4.3,0.455,0.8,2.3,0.364,1.1,2.0,0.556,0.551,0.9,1.1,0.808,0.6,2.3,2.9,2.9,1.5,0.7,1.1,2.4,5.6,2023-24,9574400,10355671.040000001
maxi kleber,9542592,2023,C,31,DAL,37,5,25.1,2.1,4.6,0.456,1.1,3.0,0.348,1.0,1.5,0.667,0.571,0.7,1.0,0.711,0.8,2.8,3.6,1.4,0.3,0.8,0.7,2.3,5.9,2023-24,9542592,10321267.5072
grayson allen,9463070,2023,SG,27,MIL,72,70,27.4,3.4,7.7,0.44,2.0,5.1,0.399,1.4,2.7,0.518,0.571,1.6,1.8,0.905,0.8,2.4,3.3,2.3,0.9,0.2,1.0,1.6,10.4,2023-24,9463070,10235256.512000002
darius garland,9458610,2023,PG,23,CLE,69,69,35.5,7.6,16.4,0.462,2.4,6.0,0.41,5.1,10.4,0.492,0.537,4.0,4.7,0.863,0.4,2.3,2.7,7.8,1.2,0.1,2.9,2.1,21.6,2023-24,9458610,10230432.576000001
isaiah hartenstein,9388722,2023,C,24,NYK,82,8,19.8,2.1,4.0,0.535,0.1,0.5,0.216,2.0,3.5,0.576,0.547,0.6,0.9,0.676,2.5,4.0,6.5,1.2,0.6,0.8,0.8,2.6,5.0,2023-24,9388722,10154841.715200001
kyle anderson,9309846,2023,PF,29,MIN,69,46,28.4,3.7,7.2,0.509,0.6,1.5,0.41,3.0,5.7,0.536,0.553,1.4,2.0,0.735,1.0,4.4,5.3,4.9,1.1,0.9,1.5,2.1,9.4,2023-24,9309846,10069529.433600001
victor oladipo,9277520,2023,SG,30,MIA,42,2,26.3,3.8,9.6,0.397,1.7,5.0,0.33,2.1,4.5,0.471,0.484,1.4,1.9,0.747,0.4,2.7,3.0,3.5,1.4,0.3,2.1,2.4,10.7,2023-24,9277520,10034565.632000001
daniel theis,9218535,2023,C,30,IND,7,1,15.6,3.0,6.3,0.477,0.3,1.6,0.182,2.7,4.7,0.576,0.5,0.7,1.7,0.417,1.0,2.1,3.1,1.3,0.3,0.9,0.4,1.0,7.0,2023-24,9218535,9970767.456
lamelo ball,9143838,2023,PG,21,CHO,36,36,35.2,8.2,20.0,0.411,4.0,10.6,0.376,4.2,9.4,0.45,0.51,2.8,3.4,0.836,1.2,5.3,6.4,8.4,1.3,0.3,3.6,3.3,23.3,2023-24,9143838,9889975.1808
seth curry,9008899,2023,SG,32,BRK,61,7,19.9,3.4,7.4,0.463,1.5,3.8,0.405,1.9,3.6,0.525,0.568,0.8,0.9,0.927,0.2,1.4,1.6,1.6,0.6,0.1,0.8,1.6,9.2,2023-24,9008899,9744025.158400001
evan mobley,8989885,2023,PF,21,CLE,79,79,34.4,6.6,12.0,0.554,0.3,1.3,0.216,6.4,10.7,0.595,0.566,2.6,3.8,0.674,2.4,6.6,9.0,2.8,0.8,1.5,1.8,2.8,16.2,2023-24,8989885,9723459.616
gary payton ii,8800390,2023,PG,30,GSW,22,1,16.7,1.9,3.1,0.594,0.6,1.2,0.5,1.3,2.0,0.651,0.688,0.3,0.3,0.857,1.1,2.0,3.1,1.4,1.0,0.2,0.7,2.0,4.6,2023-24,8800390,9518501.824000001
dewayne dedmon,8783094,2023,C,33,PHI,38,1,11.2,2.0,4.0,0.51,0.3,1.0,0.308,1.7,2.9,0.58,0.55,0.9,1.3,0.673,0.9,2.6,3.5,0.7,0.2,0.5,0.7,2.0,5.2,2023-24,8783094,9499794.470400002
de'anthony melton,8747376,2023,PG,24,PHI,77,58,27.9,3.6,8.5,0.425,2.0,5.2,0.39,1.6,3.2,0.484,0.546,0.9,1.1,0.793,0.9,3.2,4.1,2.6,1.6,0.5,1.3,2.5,10.1,2023-24,8747376,9461161.881600002
jamychal green,8694360,2023,PF,32,GSW,57,1,14.0,2.4,4.4,0.54,0.7,1.9,0.378,1.6,2.5,0.667,0.623,0.9,1.2,0.776,1.3,2.3,3.6,0.9,0.4,0.4,0.9,1.8,6.4,2023-24,8694360,9403819.776
keegan murray,8491252,2023,SF,22,SAC,80,78,29.8,4.4,9.8,0.453,2.6,6.3,0.411,1.9,3.5,0.527,0.584,0.8,1.0,0.765,1.1,3.5,4.6,1.2,0.8,0.5,0.8,2.0,12.2,2023-24,8491252,9184138.1632
kevon looney,8482304,2023,C,26,GSW,82,70,23.9,3.0,4.7,0.63,0.0,0.0,0.0,3.0,4.7,0.632,0.63,1.1,1.9,0.606,3.3,5.9,9.3,2.5,0.6,0.6,0.5,2.7,7.0,2023-24,8482304,9174460.0064
thaddeus young,8482304,2023,PF,34,TOR,54,9,14.7,2.0,3.7,0.545,0.1,0.6,0.176,1.9,3.0,0.622,0.561,0.3,0.5,0.692,1.3,1.8,3.1,1.4,1.0,0.1,0.8,1.6,4.4,2023-24,8482304,9174460.0064
delon wright,8275418,2023,PG,30,WAS,50,14,24.4,2.8,5.8,0.474,0.8,2.4,0.345,1.9,3.4,0.564,0.545,1.0,1.2,0.867,1.2,2.4,3.6,3.9,1.8,0.3,0.9,1.2,7.4,2023-24,8275418,8950692.108800001
patrick williams,8244163,2023,PF,21,CHI,82,65,28.3,3.8,8.3,0.464,1.4,3.4,0.415,2.4,4.9,0.498,0.549,1.1,1.3,0.857,1.0,3.0,4.0,1.2,0.9,0.9,1.2,1.8,10.2,2023-24,8244163,8916886.700800002
scottie barnes,8105477,2023,PF,21,TOR,77,76,34.8,6.0,13.2,0.456,0.8,2.9,0.281,5.2,10.3,0.505,0.487,2.5,3.2,0.772,2.3,4.3,6.6,4.8,1.1,0.8,2.0,2.2,15.3,2023-24,8105477,8766883.9232
cedi osman,7873792,2023,SF,27,CLE,77,2,20.1,3.1,6.9,0.451,1.5,4.1,0.372,1.6,2.8,0.564,0.56,1.0,1.4,0.694,0.3,2.0,2.3,1.5,0.5,0.1,0.7,1.6,8.7,2023-24,7873792,8516293.4272
coby white,7860927,2023,SG,22,CHI,74,2,23.4,3.6,8.0,0.443,1.7,4.6,0.372,1.8,3.4,0.54,0.551,0.8,0.9,0.871,0.2,2.6,2.9,2.8,0.7,0.1,1.0,1.6,9.7,2023-24,7860927,8502378.6432
zach collins,7793116,2023,C,25,SAS,63,26,22.9,4.5,8.7,0.518,0.9,2.3,0.374,3.6,6.4,0.571,0.568,1.7,2.3,0.761,1.8,4.5,6.4,2.9,0.6,0.8,2.0,3.2,11.6,2023-24,7793116,8429034.265600001
jaden ivey,7689420,2023,SG,20,DET,74,73,31.1,5.5,13.3,0.416,1.6,4.7,0.343,3.9,8.6,0.457,0.477,3.6,4.8,0.747,1.0,2.9,3.9,5.2,0.8,0.2,3.2,3.3,16.3,2023-24,7689420,8316876.672000001
taurean prince,7528044,2023,SF,28,MIN,54,4,22.1,3.3,7.0,0.467,1.4,3.6,0.381,1.9,3.4,0.557,0.565,1.2,1.4,0.844,0.3,2.2,2.4,1.6,0.5,0.3,1.3,2.3,9.1,2023-24,7528044,8142332.390400001
jae'sean tate,7491164,2023,SF,27,HOU,31,7,21.8,3.5,7.4,0.48,0.4,1.5,0.283,3.1,5.9,0.53,0.509,1.6,2.2,0.725,1.3,2.5,3.8,2.7,0.7,0.2,1.5,3.4,9.1,2023-24,7491164,8102442.982400001
isaac okoro,7465360,2023,SF,22,CLE,76,46,21.7,2.3,4.7,0.494,0.8,2.3,0.363,1.5,2.4,0.617,0.582,1.0,1.4,0.757,0.7,1.8,2.5,1.1,0.7,0.4,0.6,2.1,6.4,2023-24,7465360,8074533.376000001
cody martin,7422016,2023,SF,27,CHO,7,0,19.1,2.0,5.1,0.389,0.4,2.0,0.214,1.6,3.1,0.5,0.431,0.6,1.0,0.571,1.1,2.3,3.4,1.6,0.6,0.1,0.3,1.9,5.0,2023-24,7422016,8027652.505600001
jalen suggs,7339652,2023,PG,21,ORL,53,19,23.5,3.5,8.4,0.419,1.2,3.8,0.327,2.3,4.6,0.496,0.493,1.6,2.2,0.723,1.0,2.0,3.0,2.9,1.3,0.5,1.8,2.3,9.9,2023-24,7339652,7938567.603200001
jaxson hayes,7213152,2023,C,22,NOP,47,2,13.0,1.8,3.3,0.551,0.1,0.6,0.103,1.8,2.7,0.654,0.561,1.2,1.8,0.699,0.8,2.0,2.8,0.7,0.4,0.4,0.7,1.4,5.0,2023-24,7213152,7801745.203200001
khem birch,7069470,2023,C,30,TOR,20,0,8.1,1.0,1.6,0.594,0.1,0.1,0.5,0.9,1.5,0.6,0.609,0.2,0.3,0.8,0.4,0.9,1.3,0.4,0.3,0.3,0.4,1.2,2.2,2023-24,7069470,7646338.752000001
bennedict mathurin,6983905,2023,SF,20,IND,78,17,28.5,5.3,12.2,0.434,1.3,4.0,0.323,4.0,8.2,0.488,0.487,4.8,5.8,0.828,1.1,3.0,4.1,1.5,0.6,0.2,1.9,2.1,16.7,2023-24,6983905,7553791.648000001
bruce brown,6869606,2023,SG,26,DEN,80,31,28.5,4.5,9.3,0.483,1.1,3.2,0.358,3.3,6.1,0.548,0.545,1.5,1.9,0.758,0.8,3.3,4.1,3.4,1.1,0.6,1.5,2.4,11.5,2023-24,6869606,7430165.849600001
caleb martin,6869606,2023,PF,27,MIA,71,49,29.3,3.6,7.7,0.464,1.2,3.3,0.356,2.4,4.4,0.545,0.54,1.3,1.6,0.805,1.2,3.6,4.8,1.6,1.0,0.4,1.1,2.0,9.6,2023-24,6869606,7430165.849600001
joe ingles,6869606,2023,SF,35,MIL,46,0,22.7,2.3,5.4,0.435,1.8,4.4,0.409,0.5,1.0,0.556,0.603,0.4,0.5,0.857,0.3,2.5,2.8,3.3,0.7,0.1,1.2,1.6,6.9,2023-24,6869606,7430165.849600001
onyeka okongwu,6780711,2023,C,22,ATL,80,18,23.1,4.0,6.2,0.638,0.1,0.2,0.308,3.9,6.1,0.647,0.642,1.9,2.5,0.781,2.7,4.5,7.2,1.0,0.7,1.3,1.0,3.1,9.9,2023-24,6780711,7334017.017600001
josh giddey,6666454,2023,SG,20,OKC,76,76,31.1,7.1,14.7,0.482,1.0,3.1,0.325,6.1,11.6,0.524,0.516,1.4,1.9,0.731,1.9,5.9,7.9,6.2,0.8,0.4,2.8,1.9,16.6,2023-24,6666454,7210436.646400001
rui hachimura,6640783,2023,PF,24,LAL,63,9,23.3,4.5,9.3,0.486,0.8,2.5,0.319,3.7,6.7,0.55,0.53,1.4,1.9,0.739,0.8,3.7,4.5,0.9,0.3,0.4,0.8,1.1,11.2,2023-24,6640783,7182670.8928000005
rudy gay,6557351,2023,PF,36,UTA,56,0,14.6,1.9,5.1,0.38,0.6,2.3,0.254,1.4,2.8,0.484,0.437,0.8,0.9,0.857,0.6,2.3,2.9,1.0,0.3,0.3,0.7,1.2,5.2,2023-24,6557351,7092430.841600001
jevon carter,6388234,2023,PG,27,MIL,81,39,22.3,3.0,7.0,0.423,1.8,4.2,0.421,1.2,2.8,0.425,0.549,0.4,0.5,0.816,0.4,2.1,2.5,2.4,0.8,0.4,1.0,2.0,8.0,2023-24,6388234,6909513.894400001
shaedon sharpe,6375469,2023,SG,19,POR,80,15,22.2,3.8,8.1,0.472,1.3,3.5,0.36,2.6,4.6,0.559,0.551,0.9,1.3,0.714,0.8,2.2,3.0,1.2,0.5,0.3,1.0,1.7,9.9,2023-24,6375469,6895707.270400001
cameron payne,6361728,2023,PG,28,PHO,48,15,20.2,3.9,9.4,0.415,1.4,3.9,0.368,2.5,5.6,0.448,0.49,1.0,1.3,0.766,0.3,2.0,2.2,4.5,0.7,0.2,1.7,1.8,10.3,2023-24,6361728,6880845.004800001
justin holiday,6348977,2023,SG,33,DAL,46,2,15.3,1.7,4.4,0.377,1.0,3.1,0.322,0.7,1.3,0.508,0.49,0.1,0.2,0.625,0.1,1.1,1.2,0.9,0.4,0.4,0.5,1.5,4.5,2023-24,6348977,6867053.523200001
cam reddish,6313436,2023,SF,23,POR,40,20,24.8,3.5,7.8,0.446,1.1,3.6,0.313,2.4,4.2,0.56,0.518,1.6,1.9,0.853,0.5,1.8,2.2,1.4,1.0,0.4,1.2,1.8,9.7,2023-24,6313436,6828612.377600001
cameron johnson,6242868,2023,PF,26,BRK,42,41,28.5,5.3,11.3,0.47,2.5,6.1,0.404,2.9,5.2,0.548,0.579,2.4,2.9,0.842,0.8,3.6,4.4,1.9,1.2,0.3,0.9,2.0,15.5,2023-24,6242868,6752286.0288
ricky rubio,6206564,2023,PG,32,CLE,33,2,17.2,1.8,5.4,0.343,0.6,2.5,0.256,1.2,2.9,0.417,0.402,0.8,1.1,0.8,0.3,1.8,2.1,3.5,0.8,0.2,0.9,1.5,5.2,2023-24,6206564,6713019.622400001
killian hayes,6189706,2023,PG,21,DET,76,56,28.3,4.0,10.7,0.377,1.1,3.8,0.28,3.0,7.0,0.429,0.426,1.2,1.5,0.821,0.4,2.5,2.9,6.2,1.4,0.4,2.3,2.9,10.3,2023-24,6189706,6694786.0096
jonathan kuminga,6085883,2023,PF,20,GSW,67,16,20.8,3.9,7.4,0.525,0.8,2.2,0.37,3.1,5.2,0.59,0.579,1.3,2.1,0.652,1.0,2.4,3.4,1.9,0.6,0.5,1.4,2.3,9.9,2023-24,6085883,6582491.052800001
pat connaughton,6073746,2023,SG,30,MIL,61,33,23.7,2.7,6.9,0.392,1.8,5.3,0.339,0.9,1.6,0.566,0.521,0.4,0.7,0.659,0.8,3.8,4.6,1.3,0.6,0.2,0.5,1.1,7.6,2023-24,6073746,6569363.6736
tyler herro,6067090,2023,SG,23,MIA,67,67,34.9,7.3,16.6,0.439,3.0,8.0,0.378,4.2,8.5,0.497,0.531,2.5,2.7,0.934,0.4,5.0,5.4,4.2,0.8,0.2,2.4,1.5,20.1,2023-24,6067090,6562164.544000001
romeo langford,5973935,2023,SG,23,SAS,43,21,19.6,2.8,6.0,0.467,0.4,1.4,0.262,2.4,4.6,0.53,0.498,0.9,1.3,0.696,1.3,1.3,2.7,1.2,0.6,0.3,0.7,1.6,6.9,2023-24,5973935,6461408.096000001
dyson daniels,5840702,2023,PG,19,NOP,59,11,17.7,1.5,3.5,0.418,0.5,1.5,0.314,1.0,2.1,0.492,0.483,0.4,0.7,0.65,0.6,2.6,3.2,2.3,0.7,0.2,1.0,1.7,3.8,2023-24,5840702,6317303.2832
javale mcgee,5790465,2023,C,35,DAL,42,7,8.5,1.9,3.0,0.64,0.0,0.1,0.4,1.9,2.9,0.65,0.648,0.6,1.0,0.585,0.7,1.8,2.5,0.3,0.1,0.6,0.9,1.3,4.4,2023-24,5790465,6262966.944000001
goga bitadze,5701719,2023,C,23,ORL,38,1,12.0,1.8,3.3,0.552,0.2,0.7,0.231,1.7,2.6,0.636,0.576,0.6,1.1,0.548,1.6,2.0,3.6,1.0,0.4,0.7,0.6,1.7,4.4,2023-24,5701719,6166979.270400001
obi toppin,5670717,2023,PF,24,NYK,67,5,15.7,2.8,6.3,0.446,1.3,3.7,0.344,1.5,2.6,0.593,0.548,0.6,0.7,0.809,0.4,2.4,2.8,1.0,0.3,0.2,0.6,1.0,7.4,2023-24,5670717,6133447.507200001
franz wagner,5575291,2023,SF,21,ORL,80,80,32.6,6.8,14.0,0.485,1.6,4.5,0.361,5.2,9.5,0.544,0.543,3.4,4.0,0.842,0.9,3.2,4.1,3.5,1.0,0.2,2.1,2.3,18.6,2023-24,5575291,6030234.745600001
kendrick nunn,5566512,2023,SG-PG,27,WAS,70,2,13.8,2.7,6.4,0.424,1.1,3.2,0.354,1.6,3.2,0.493,0.512,0.5,0.6,0.854,0.2,1.3,1.6,1.3,0.4,0.1,0.9,0.9,7.1,2023-24,5566512,6020739.3792
hamidou diallo,5513497,2023,SG,24,DET,56,0,17.8,3.8,6.7,0.573,0.1,0.4,0.238,3.8,6.3,0.593,0.58,1.6,2.6,0.588,1.0,2.4,3.5,1.0,0.9,0.3,1.3,2.2,9.3,2023-24,5513497,5963398.355200001
cory joseph,5466314,2023,PG,31,DET,62,2,19.8,2.4,5.7,0.427,1.1,2.9,0.389,1.3,2.8,0.468,0.527,0.9,1.2,0.792,0.3,1.4,1.7,3.5,0.5,0.1,0.9,1.4,6.9,2023-24,5466314,5912365.2224
garrett temple,5466314,2023,SG,36,NOP,25,0,6.5,0.7,1.8,0.4,0.4,1.0,0.423,0.3,0.8,0.368,0.522,0.1,0.2,0.75,0.2,0.5,0.7,0.5,0.4,0.1,0.2,0.6,2.0,2023-24,5466314,5912365.2224
torrey craig,5430743,2023,SF,32,PHO,79,60,24.7,2.9,6.3,0.456,1.3,3.2,0.395,1.6,3.1,0.518,0.556,0.4,0.6,0.711,1.8,3.6,5.4,1.5,0.6,0.8,0.9,2.3,7.4,2023-24,5430743,5873891.628800001
jeremy sochan,5368789,2023,PF,19,SAS,56,53,26.0,4.5,9.9,0.453,0.6,2.4,0.246,3.9,7.5,0.519,0.483,1.4,2.1,0.698,1.7,3.6,5.3,2.5,0.8,0.4,1.7,2.5,11.0,2023-24,5368789,5806882.1824
nickeil alexander-walker,5311653,2023,SG,24,MIN,59,3,15.0,2.2,5.0,0.444,1.0,2.7,0.384,1.2,2.3,0.515,0.547,0.7,1.0,0.667,0.3,1.5,1.7,1.8,0.5,0.4,0.9,1.5,6.2,2023-24,5311653,5745083.884800001
furkan korkmaz,5301440,2023,SG,25,PHI,37,0,9.5,1.3,3.0,0.432,0.5,1.2,0.391,0.8,1.8,0.462,0.514,0.7,1.0,0.722,0.2,1.0,1.1,0.6,0.3,0.1,0.6,0.5,3.8,2023-24,5301440,5734037.504000001
deni avdija,5212545,2023,SF,22,WAS,76,40,26.6,3.3,7.6,0.437,0.9,3.1,0.297,2.4,4.6,0.53,0.497,1.6,2.2,0.739,1.0,5.4,6.4,2.8,0.9,0.4,1.6,2.8,9.2,2023-24,5212545,5637888.672
davion mitchell,5125008,2023,PG,24,SAC,80,9,18.1,2.3,5.0,0.454,0.8,2.5,0.32,1.5,2.5,0.584,0.533,0.3,0.4,0.806,0.2,1.1,1.3,2.3,0.6,0.2,0.8,1.4,5.6,2023-24,5125008,5543208.6528
johnny davis,5100324,2023,SG,20,WAS,28,5,15.1,2.4,6.1,0.386,0.6,2.5,0.243,1.8,3.6,0.485,0.436,0.5,1.0,0.519,0.4,2.0,2.3,1.0,0.4,0.3,0.6,1.7,5.8,2023-24,5100324,5516510.4384
ty jerome,5014046,2023,SG,25,GSW,45,2,18.1,2.6,5.4,0.488,0.8,2.0,0.389,1.8,3.4,0.546,0.56,0.8,0.9,0.927,0.2,1.6,1.7,3.0,0.5,0.1,0.7,1.4,6.9,2023-24,5014046,5423192.153600001
jalen smith,4951714,2023,PF,22,IND,68,31,18.8,3.6,7.5,0.476,0.8,2.8,0.283,2.8,4.7,0.593,0.53,1.5,2.0,0.759,1.9,3.9,5.8,1.0,0.3,0.9,1.1,2.3,9.4,2023-24,4951714,5355773.862400001
ziaire williams,4868503,2023,SF,21,MEM,37,4,15.2,2.3,5.3,0.429,0.7,2.6,0.258,1.6,2.7,0.596,0.492,0.5,0.6,0.773,0.4,1.7,2.1,0.9,0.4,0.2,1.0,1.6,5.7,2023-24,4868503,5265772.844800001
ousmane dieng,4845346,2023,SF,19,OKC,39,1,14.6,1.9,4.6,0.42,0.7,2.5,0.265,1.3,2.1,0.602,0.492,0.4,0.6,0.652,0.5,2.2,2.7,1.2,0.4,0.2,0.7,1.1,4.9,2023-24,4845346,5240726.233600001
jeff green,4771296,2023,PF,36,DEN,56,4,19.5,2.9,5.9,0.488,0.5,1.9,0.288,2.3,4.0,0.58,0.534,1.6,2.1,0.744,0.7,1.9,2.6,1.2,0.3,0.3,0.8,1.8,7.8,2023-24,4771296,5160633.7536
donte divincenzo,4771296,2023,SG,26,GSW,72,36,26.3,3.3,7.5,0.435,2.1,5.3,0.397,1.2,2.3,0.525,0.574,0.8,1.0,0.817,1.1,3.4,4.5,3.5,1.3,0.1,1.6,1.8,9.4,2023-24,4771296,5160633.7536
devin vassell,4704497,2023,SG,22,SAS,38,32,31.0,6.9,15.7,0.439,2.7,7.0,0.387,4.2,8.7,0.48,0.525,2.1,2.6,0.78,0.2,3.7,3.9,3.6,1.1,0.4,1.5,1.5,18.5,2023-24,4704497,5088383.955200001
matisse thybulle,4643558,2023,SG,25,POR,71,28,16.9,1.5,3.6,0.435,0.8,2.1,0.365,0.8,1.5,0.533,0.542,0.3,0.4,0.679,0.6,1.4,2.0,0.7,1.2,0.5,0.3,1.6,4.1,2023-24,4643558,5022472.332800001
jarred vanderbilt,4637699,2023,PF,23,LAL,78,65,24.1,3.2,5.8,0.548,0.4,1.2,0.322,2.8,4.6,0.604,0.58,1.2,1.8,0.691,2.2,5.3,7.5,2.4,1.1,0.3,1.2,2.4,7.9,2023-24,4637699,5016135.2384
james bouknight,4625230,2023,SG,22,CHO,34,0,15.1,2.0,5.7,0.358,1.0,3.2,0.303,1.1,2.5,0.429,0.443,0.6,0.9,0.667,0.2,1.9,2.1,1.2,0.4,0.1,0.9,1.4,5.6,2023-24,4625230,5002648.768
brandon clarke,4605805,2023,PF,26,MEM,56,8,19.5,4.1,6.2,0.656,0.0,0.1,0.167,4.1,6.1,0.665,0.658,1.8,2.4,0.723,1.6,3.9,5.5,1.3,0.6,0.7,1.0,2.3,10.0,2023-24,4605805,4981638.688
jalen williams,4603219,2023,SG,21,OKC,75,62,30.3,5.5,10.6,0.521,1.0,2.7,0.356,4.5,7.9,0.579,0.567,2.1,2.5,0.812,1.1,3.4,4.5,3.3,1.4,0.5,1.6,2.5,14.1,2023-24,4603219,4978841.6704
grant williams,4565898,2023,PF,24,BOS,79,23,25.9,2.7,6.0,0.454,1.5,3.7,0.395,1.3,2.3,0.546,0.575,1.2,1.5,0.77,1.1,3.5,4.6,1.7,0.5,0.4,1.0,2.4,8.1,2023-24,4565898,4938475.2768
darius bazley,4521733,2023,PF,22,PHO,43,1,14.3,1.9,4.3,0.454,0.5,1.2,0.377,1.5,3.0,0.485,0.508,0.9,1.6,0.543,0.8,2.4,3.2,0.9,0.5,0.8,0.6,1.0,5.2,2023-24,4521733,4890706.412800001
tyrese haliburton,4469241,2023,PG,22,IND,56,56,33.6,7.4,15.0,0.49,2.9,7.2,0.4,4.5,7.8,0.572,0.586,3.1,3.6,0.871,0.6,3.1,3.7,10.4,1.6,0.4,2.5,1.2,20.7,2023-24,4469241,4833931.0656
nassir little,4423042,2023,SF,22,POR,54,4,18.1,2.5,5.6,0.442,1.1,2.9,0.367,1.4,2.7,0.524,0.538,0.6,0.9,0.717,0.5,2.1,2.6,0.9,0.4,0.4,0.7,1.2,6.6,2023-24,4423042,4783962.227200001
jalen duren,4372924,2023,C,19,DET,67,31,24.9,3.9,5.9,0.648,0.0,0.0,0.0,3.9,5.9,0.652,0.648,1.4,2.3,0.611,3.4,5.5,8.9,1.1,0.7,0.9,1.4,2.7,9.1,2023-24,4372924,4729754.5984000005
gorgui dieng,4352732,2023,C,33,SAS,31,1,11.5,1.5,3.8,0.385,0.7,2.4,0.28,0.8,1.4,0.571,0.474,0.3,0.4,0.769,0.9,2.6,3.5,1.7,0.1,0.5,1.0,1.8,3.9,2023-24,4352732,4707914.9312
justise winslow,4344594,2023,SF,26,POR,29,11,26.8,2.8,6.8,0.409,0.5,1.6,0.311,2.3,5.3,0.438,0.444,0.7,1.0,0.714,1.7,3.3,5.0,3.4,1.0,0.4,1.5,3.1,6.8,2023-24,4344594,4699112.8704
dylan windler,4280676,2023,SF,26,CLE,3,0,3.3,0.7,1.0,0.667,0.3,0.7,0.5,0.3,0.3,1.0,0.833,0.0,0.0,0.0,0.0,0.0,0.0,0.3,0.3,0.0,0.3,0.0,1.7,2023-24,4280676,4629979.1616
stanley johnson,4264651,2023,SF,26,SAS,30,0,15.6,2.2,4.1,0.533,0.6,1.3,0.45,1.6,2.7,0.573,0.607,0.9,1.3,0.667,0.7,2.4,3.2,2.2,0.5,0.2,1.1,1.6,5.8,2023-24,4264651,4612646.521600001
george hill,4241152,2023,PG,36,IND,46,1,18.1,1.7,3.6,0.47,0.7,2.1,0.358,1.0,1.5,0.62,0.572,0.9,1.2,0.764,0.3,1.5,1.8,2.4,0.6,0.1,0.7,1.2,5.0,2023-24,4241152,4587230.0032
terence davis,4241152,2023,SG,25,SAC,64,5,13.1,2.4,5.7,0.423,1.4,3.8,0.366,1.0,1.9,0.537,0.545,0.5,0.7,0.791,0.3,1.9,2.2,1.0,0.7,0.2,0.8,1.6,6.7,2023-24,4241152,4587230.0032
chris duarte,4174311,2023,SF,25,IND,46,12,19.5,2.7,7.2,0.369,1.2,3.8,0.316,1.5,3.5,0.428,0.452,1.3,1.6,0.847,0.4,2.1,2.5,1.4,0.5,0.2,0.9,1.4,7.9,2023-24,4174311,4514934.777600001
alex len,4154844,2023,C,29,SAC,26,2,6.2,0.6,1.2,0.533,0.0,0.1,0.0,0.6,1.1,0.571,0.533,0.4,0.6,0.688,0.9,1.4,2.3,0.5,0.2,0.4,0.6,1.1,1.7,2023-24,4154844,4493879.270400001
ochai agbaji,4154590,2023,SG,22,UTA,59,22,20.5,2.8,6.5,0.427,1.4,3.9,0.355,1.4,2.7,0.532,0.532,0.9,1.2,0.812,0.7,1.3,2.1,1.1,0.3,0.3,0.7,1.7,7.9,2023-24,4154590,4493604.544000001
jordan poole,4136606,2023,PG,23,GSW,82,43,30.0,6.7,15.6,0.43,2.6,7.8,0.336,4.1,7.8,0.524,0.514,4.4,5.1,0.87,0.4,2.4,2.7,4.5,0.8,0.3,3.1,2.6,20.4,2023-24,4136606,4474153.0496000005
keldon johnson,4106520,2023,SF,23,SAS,63,63,32.7,8.0,17.7,0.452,2.1,6.5,0.329,5.9,11.2,0.523,0.512,3.9,5.2,0.749,0.9,4.2,5.0,2.9,0.7,0.2,2.1,2.0,22.0,2023-24,4106520,4441612.032000001
james johnson,4072637,2023,PF,35,IND,18,1,9.0,1.2,2.7,0.449,0.2,0.8,0.2,1.1,1.9,0.559,0.48,0.2,0.4,0.5,0.2,1.4,1.7,0.8,0.4,0.3,0.4,1.8,2.8,2023-24,4072637,4404964.1792
aaron nesmith,4033717,2023,SF,23,IND,73,60,24.9,3.5,8.1,0.427,1.6,4.3,0.366,1.9,3.8,0.496,0.525,1.6,1.9,0.838,0.8,2.9,3.8,1.3,0.8,0.5,1.0,3.2,10.1,2023-24,4033717,4362868.307200001
moses moody,3965646,2023,SG,20,GSW,63,3,13.0,1.7,3.6,0.476,0.8,2.1,0.363,0.9,1.5,0.641,0.584,0.6,0.8,0.698,0.4,1.2,1.7,0.8,0.3,0.1,0.5,0.9,4.8,2023-24,3965646,4289242.7136
mark williams,3946434,2023,C,21,CHO,43,17,19.3,3.7,5.8,0.637,0.0,0.0,0.0,3.7,5.8,0.637,0.637,1.6,2.3,0.691,2.2,4.9,7.1,0.4,0.7,1.0,0.9,2.2,9.0,2023-24,3946434,4268463.014400001
cole anthony,3831541,2023,PG,22,ORL,60,4,25.9,4.6,10.2,0.454,1.3,3.4,0.364,3.4,6.7,0.5,0.516,2.5,2.8,0.894,0.8,4.0,4.8,3.9,0.6,0.5,1.5,2.6,13.0,2023-24,3831541,4144194.7456000005
corey kispert,3767033,2023,SF,23,WAS,74,45,28.3,3.9,7.9,0.497,2.2,5.2,0.424,1.7,2.7,0.637,0.637,1.0,1.2,0.852,0.4,2.4,2.8,1.2,0.4,0.1,0.7,1.3,11.1,2023-24,3767033,4074422.8928000005
aj griffin,3749348,2023,SF,19,ATL,72,12,19.5,3.4,7.4,0.465,1.4,3.6,0.39,2.0,3.8,0.536,0.56,0.6,0.7,0.894,0.5,1.6,2.1,1.0,0.6,0.2,0.6,1.2,8.9,2023-24,3749348,4055294.7968000006
mike muscala,3711008,2023,C,31,BOS,63,9,15.0,2.1,4.6,0.449,1.3,3.3,0.391,0.8,1.3,0.588,0.587,0.6,0.8,0.769,0.6,2.6,3.2,0.8,0.2,0.4,0.4,1.6,6.1,2023-24,3711008,4013826.2528000004
georges niang,3673897,2023,PF,29,PHI,78,1,19.4,2.8,6.4,0.442,2.0,4.9,0.401,0.9,1.5,0.576,0.596,0.5,0.6,0.867,0.2,2.1,2.4,1.0,0.4,0.2,0.7,1.9,8.2,2023-24,3673897,3973686.9952000002
isaiah stewart,3640308,2023,C,21,DET,50,47,28.3,3.9,8.8,0.442,1.3,4.1,0.327,2.6,4.7,0.542,0.518,2.2,3.0,0.738,2.3,5.8,8.1,1.4,0.4,0.7,1.4,2.7,11.3,2023-24,3640308,3937357.1328000003
chuma okeke,3640308,2023,SF,24,ORL,27,8,19.2,1.6,4.5,0.352,1.0,3.2,0.302,0.6,1.3,0.472,0.459,0.6,0.8,0.762,1.0,2.6,3.6,1.4,0.7,0.4,0.6,1.5,4.7,2023-24,3640308,3937357.1328000003
amir coffey,3599743,2023,SG,25,LAC,50,9,12.5,1.1,2.9,0.386,0.2,0.8,0.275,0.9,2.1,0.429,0.424,1.0,1.3,0.778,0.3,0.7,1.1,1.1,0.1,0.1,0.4,1.0,3.4,2023-24,3599743,3893482.0288000004
tari eason,3561677,2023,PF,21,HOU,82,5,21.5,3.6,8.0,0.448,0.7,2.1,0.343,2.9,6.0,0.486,0.493,1.3,1.8,0.752,2.4,3.7,6.0,1.1,1.2,0.6,1.2,2.3,9.3,2023-24,3561677,3852309.8432000005
aleksej pokusevski,3458108,2023,PF,21,OKC,34,25,20.6,3.2,7.3,0.434,1.1,3.1,0.365,2.1,4.3,0.483,0.51,0.6,1.0,0.629,1.3,3.4,4.7,1.9,0.6,1.3,1.3,1.7,8.1,2023-24,3458108,3740289.6128000002
simone fontecchio,3398358,2023,SF,27,UTA,52,6,14.7,2.2,6.0,0.369,1.2,3.7,0.33,1.0,2.3,0.43,0.47,0.7,0.8,0.795,0.6,1.1,1.7,0.8,0.3,0.2,0.8,1.2,6.3,2023-24,3398358,3675664.0128000006
andre drummond,3392921,2023,C,29,CHI,67,0,12.7,2.5,4.1,0.606,0.0,0.0,0.0,2.5,4.0,0.613,0.606,1.0,1.9,0.536,2.1,4.6,6.6,0.5,0.7,0.4,1.1,1.7,6.0,2023-24,3392921,3669783.3536000005
dalen terry,3383803,2023,SG,20,CHI,38,0,5.6,0.8,1.9,0.444,0.2,0.7,0.259,0.7,1.2,0.556,0.493,0.4,0.6,0.667,0.3,0.7,1.0,0.6,0.3,0.1,0.2,0.6,2.2,2023-24,3383803,3659921.3248000005
sterling brown,3310857,2023,SG,27,LAL,4,0,6.0,0.0,1.0,0.0,0.0,0.5,0.0,0.0,0.5,0.0,0.0,0.0,0.0,0.0,0.8,1.3,2.0,0.5,0.8,0.0,0.0,1.0,0.0,2023-24,3310857,3581022.9312000005
josh green,3285196,2023,SG,22,DAL,60,21,25.7,3.4,6.4,0.537,1.1,2.8,0.402,2.3,3.6,0.643,0.626,1.1,1.6,0.723,0.9,2.1,3.0,1.7,0.7,0.1,1.2,2.6,9.1,2023-24,3285196,3553267.9936
jake laravia,3231376,2023,PF,21,MEM,35,0,11.8,1.1,2.7,0.389,0.7,2.0,0.338,0.4,0.7,0.542,0.516,0.2,0.3,0.778,0.5,1.3,1.8,0.6,0.3,0.1,0.5,1.4,3.0,2023-24,3231376,3495056.2816000003
tre mann,3229849,2023,PG,21,OKC,67,5,17.7,2.9,7.5,0.393,1.2,3.8,0.315,1.7,3.6,0.475,0.474,0.6,0.8,0.764,0.4,1.9,2.3,1.8,0.6,0.2,0.9,1.5,7.7,2023-24,3229849,3493404.6784000006
kevin knox,3180864,2023,PF-SF,23,POR,63,5,15.1,2.4,5.3,0.458,1.0,3.0,0.349,1.4,2.3,0.596,0.556,0.7,1.0,0.767,0.5,2.3,2.8,0.5,0.4,0.2,0.8,1.5,6.6,2023-24,3180864,3440422.5024000006
saddiq bey,3137477,2023,SF,23,ATL,77,37,27.6,4.6,10.9,0.422,2.0,5.4,0.361,2.6,5.4,0.483,0.513,2.7,3.1,0.861,1.3,3.4,4.7,1.5,0.9,0.2,0.9,1.6,13.8,2023-24,3137477,3393495.1232000003
malaki branham,3101978,2023,SF,19,SAS,66,32,23.5,4.1,9.3,0.44,1.2,3.9,0.302,2.9,5.4,0.539,0.503,0.9,1.1,0.829,0.4,2.3,2.7,1.9,0.5,0.1,1.2,1.7,10.2,2023-24,3101978,3355099.4048
joe wieskamp,3084654,2023,SF,23,TOR,9,0,5.6,0.3,1.6,0.214,0.3,1.3,0.25,0.0,0.2,0.0,0.321,0.0,0.0,0.0,0.0,0.4,0.4,0.3,0.0,0.0,0.1,0.3,1.0,2023-24,3084654,3336361.7664000005
kai jones,3084420,2023,C,22,CHO,46,0,12.0,1.5,2.6,0.558,0.1,0.4,0.211,1.4,2.2,0.624,0.575,0.4,0.6,0.731,0.8,1.9,2.7,0.3,0.4,0.7,0.7,1.4,3.4,2023-24,3084420,3336108.6720000003
blake griffin,3081038,2023,C,33,BOS,41,16,13.9,1.5,3.2,0.485,0.6,1.6,0.348,1.0,1.6,0.625,0.573,0.5,0.8,0.656,1.1,2.6,3.8,1.5,0.3,0.2,0.5,1.8,4.1,2023-24,3081038,3332450.7008
robin lopez,3081038,2023,C,34,CLE,37,2,8.1,1.3,2.0,0.64,0.1,0.1,0.5,1.2,1.9,0.648,0.653,0.4,0.5,0.778,0.6,0.8,1.4,0.5,0.1,0.2,0.7,1.2,3.0,2023-24,3081038,3332450.7008
markieff morris,3081038,2023,PF,33,DAL,35,2,10.1,1.3,3.3,0.409,0.8,2.0,0.394,0.5,1.3,0.432,0.53,0.3,0.3,1.0,0.4,1.7,2.0,0.9,0.3,0.1,0.5,1.4,3.8,2023-24,3081038,3332450.7008
andre iguodala,3081038,2023,SF,39,GSW,8,0,14.1,0.9,1.9,0.467,0.1,1.1,0.111,0.8,0.8,1.0,0.5,0.3,0.4,0.667,0.4,1.8,2.1,2.4,0.5,0.4,1.1,1.4,2.1,2023-24,3081038,3332450.7008
serge ibaka,3081038,2023,C,33,MIL,16,0,11.6,1.6,3.4,0.481,0.4,1.1,0.333,1.3,2.3,0.556,0.537,0.5,0.8,0.615,0.9,1.8,2.8,0.3,0.1,0.4,0.7,1.4,4.1,2023-24,3081038,3332450.7008
udonis haslem,3081038,2023,C,42,MIA,7,1,10.1,1.4,4.1,0.345,0.4,1.3,0.333,1.0,2.9,0.35,0.397,0.6,0.7,0.8,0.6,1.0,1.6,0.0,0.1,0.3,0.1,1.6,3.9,2023-24,3081038,3332450.7008
wesley matthews,3081038,2023,SG,36,MIL,52,0,15.8,1.1,3.1,0.363,0.8,2.4,0.315,0.4,0.7,0.528,0.484,0.5,0.5,0.857,0.7,1.5,2.2,0.7,0.4,0.3,0.3,1.4,3.4,2023-24,3081038,3332450.7008
austin rivers,3081038,2023,SG,30,MIN,52,10,19.5,1.8,4.0,0.435,0.8,2.4,0.35,0.9,1.7,0.558,0.538,0.6,0.8,0.769,0.1,1.5,1.6,1.4,0.5,0.1,0.4,1.5,4.9,2023-24,3081038,3332450.7008
bismack biyombo,3081038,2023,C,30,PHO,61,14,14.3,2.0,3.4,0.578,0.0,0.0,0.0,2.0,3.4,0.578,0.578,0.4,1.1,0.357,1.5,2.8,4.3,0.9,0.3,1.4,0.8,1.9,4.3,2023-24,3081038,3332450.7008
taj gibson,3081038,2023,C,37,WAS,49,2,9.8,1.3,2.6,0.52,0.2,0.5,0.333,1.2,2.1,0.564,0.552,0.6,0.9,0.714,0.7,1.2,1.9,0.7,0.3,0.2,0.5,1.7,3.4,2023-24,3081038,3332450.7008
precious achiuwa,3011387,2023,C,23,TOR,55,12,20.7,3.6,7.3,0.485,0.5,2.0,0.269,3.0,5.4,0.564,0.521,1.6,2.3,0.702,1.8,4.1,6.0,0.9,0.6,0.5,1.1,1.9,9.2,2023-24,3011387,3257116.1792
christian braun,2977924,2023,SG,21,DEN,76,6,15.5,1.9,3.8,0.495,0.4,1.3,0.354,1.4,2.5,0.565,0.554,0.5,0.8,0.625,0.6,1.8,2.4,0.8,0.5,0.2,0.5,1.3,4.7,2023-24,2977924,3220922.5984000005
jordan nwora,2968806,2023,SF,24,IND,62,14,19.2,3.1,7.2,0.436,1.4,3.4,0.408,1.7,3.8,0.462,0.533,1.1,1.4,0.791,0.8,2.9,3.7,1.4,0.4,0.2,1.1,1.2,8.7,2023-24,2968806,3211060.5696000005
jalen johnson,2961002,2023,SF,21,ATL,70,6,14.9,2.3,4.6,0.491,0.4,1.5,0.288,1.8,3.1,0.587,0.537,0.7,1.1,0.628,0.7,3.3,4.0,1.2,0.5,0.5,0.6,1.6,5.6,2023-24,2961002,3202619.7632000004
tyrese maxey,2891278,2023,SG,22,PHI,60,41,33.6,7.3,15.2,0.481,2.7,6.2,0.434,4.7,9.1,0.513,0.568,3.0,3.6,0.845,0.4,2.6,2.9,3.5,0.8,0.1,1.3,2.2,20.3,2023-24,2891278,3127206.2848000005
bruno fernando,2881217,2023,C,24,ATL,39,4,10.4,1.5,2.9,0.527,0.0,0.1,0.0,1.5,2.8,0.546,0.527,0.9,1.3,0.7,1.4,2.1,3.5,0.8,0.2,0.9,0.6,1.9,3.9,2023-24,2881217,3116324.3072
walker kessler,2858960,2023,C,21,UTA,74,40,23.0,4.0,5.6,0.72,0.0,0.0,0.333,4.0,5.6,0.723,0.721,1.1,2.1,0.516,3.1,5.3,8.4,0.9,0.4,2.3,0.8,2.3,9.2,2023-24,2858960,3092251.1360000004
keon johnson,2842674,2023,SG,20,POR,40,0,10.4,1.7,4.5,0.376,0.7,2.0,0.346,1.0,2.4,0.402,0.455,0.7,1.0,0.659,0.3,0.8,1.1,1.5,0.5,0.2,1.1,1.1,4.7,2023-24,2842674,3074636.1984
charles bassey,2835996,2023,C,22,SAS,35,2,14.5,2.5,3.9,0.644,0.1,0.2,0.375,2.4,3.6,0.661,0.656,0.6,1.1,0.595,2.1,3.4,5.5,1.3,0.5,0.9,1.2,2.1,5.7,2023-24,2835996,3067413.2736000004
matthew dellavedova,2787069,2023,PG,32,SAC,32,0,6.7,0.5,1.6,0.34,0.3,0.8,0.333,0.3,0.7,0.348,0.43,0.1,0.2,0.571,0.0,0.4,0.4,1.3,0.2,0.0,0.3,0.6,1.5,2023-24,2787069,3014493.8304000003
trey lyles,2783256,2023,PF,27,SAC,74,0,16.9,2.5,5.5,0.458,1.2,3.2,0.363,1.4,2.3,0.595,0.565,1.4,1.7,0.815,0.9,3.1,4.1,0.9,0.4,0.4,0.9,1.3,7.6,2023-24,2783256,3010369.6896
zeke nnaji,2775621,2023,PF,22,DEN,53,5,13.7,2.1,3.7,0.561,0.3,1.2,0.262,1.8,2.5,0.71,0.605,0.8,1.2,0.645,1.2,1.4,2.6,0.3,0.3,0.4,0.6,2.0,5.2,2023-24,2775621,3002111.6736000003
david roddy,2744703,2023,PF,21,MEM,70,4,18.0,2.6,6.0,0.429,0.9,3.0,0.307,1.6,3.0,0.553,0.506,0.6,0.9,0.631,0.7,2.0,2.8,0.8,0.4,0.3,0.8,1.5,6.7,2023-24,2744703,2968670.7648000005
isaiah jackson,2728926,2023,C,21,IND,63,12,16.5,2.8,5.0,0.563,0.0,0.2,0.143,2.8,4.8,0.582,0.566,1.5,2.3,0.651,1.8,2.7,4.5,0.8,0.5,1.5,0.8,2.4,7.2,2023-24,2728926,2951606.3616000004
marjon beauchamp,2635027,2023,SF,22,MIL,52,11,13.5,1.8,4.7,0.395,0.9,2.7,0.331,0.9,1.9,0.485,0.492,0.5,0.7,0.73,0.7,1.5,2.2,0.7,0.4,0.1,0.9,1.4,5.1,2023-24,2635027,2850045.2032000003
usman garuba,2620141,2023,PF,20,HOU,75,1,12.9,1.1,2.4,0.486,0.3,0.8,0.407,0.8,1.6,0.525,0.554,0.4,0.6,0.617,1.6,2.5,4.1,0.9,0.6,0.4,0.6,1.8,3.0,2023-24,2620141,2833944.5056000003
raul neto,2612008,2023,PG,30,CLE,48,1,10.5,1.2,2.3,0.518,0.3,0.9,0.286,0.9,1.4,0.662,0.573,0.6,0.7,0.912,0.2,0.8,1.0,1.6,0.4,0.1,0.5,1.0,3.3,2023-24,2612008,2825147.8528000005
frank kaminsky,2612008,2023,C,29,HOU,36,0,6.5,0.9,1.8,0.492,0.4,0.9,0.394,0.5,0.8,0.6,0.595,0.4,0.4,0.875,0.2,1.3,1.4,0.9,0.2,0.1,0.3,0.6,2.5,2023-24,2612008,2825147.8528000005
montrezl harrell,2612008,2023,C,29,PHI,57,7,11.9,2.2,3.7,0.598,0.0,0.1,0.0,2.2,3.6,0.616,0.598,1.2,1.8,0.693,1.2,1.6,2.8,0.6,0.3,0.4,0.6,1.3,5.6,2023-24,2612008,2825147.8528000005
blake wesley,2529295,2023,SG,19,SAS,37,1,18.1,1.9,5.8,0.321,0.5,1.4,0.385,1.3,4.4,0.301,0.367,0.7,1.2,0.591,0.3,1.9,2.2,2.7,0.7,0.1,1.8,1.8,5.0,2023-24,2529295,2735685.472
josh christopher,2515172,2023,SG,21,HOU,64,2,12.3,2.4,5.1,0.465,0.3,1.4,0.236,2.1,3.8,0.55,0.497,0.7,0.9,0.75,0.3,0.8,1.1,1.1,0.5,0.2,0.9,0.9,5.8,2023-24,2515172,2720410.0352000003
isaiah roby,2471192,2023,PF,24,SAS,42,2,11.3,1.6,3.7,0.432,0.4,1.4,0.3,1.2,2.3,0.516,0.49,0.5,1.0,0.488,0.5,2.0,2.5,0.9,0.4,0.2,0.7,1.3,4.1,2023-24,2471192,2672841.2672
lindy waters iii,2456555,2023,SG,25,OKC,41,0,13.0,1.7,4.3,0.393,1.4,4.0,0.358,0.3,0.4,0.75,0.556,0.4,0.5,0.8,0.4,1.4,1.8,0.7,0.3,0.3,0.2,1.0,5.2,2023-24,2456555,2657009.8880000003
immanuel quickley,2455881,2023,PG,23,NYK,81,21,28.9,5.2,11.6,0.448,2.1,5.6,0.37,3.1,6.0,0.521,0.537,2.5,3.1,0.819,0.7,3.4,4.2,3.4,1.0,0.2,1.2,2.0,14.9,2023-24,2455881,2656280.8896000003
john konchar,2438662,2023,SG,26,MEM,72,23,20.8,1.9,4.4,0.431,0.8,2.5,0.339,1.1,2.0,0.545,0.525,0.4,0.5,0.778,0.9,3.4,4.3,1.4,1.1,0.3,0.5,1.6,5.1,2023-24,2438662,2637656.8192000003
rodney mcgruder,2436950,2023,SG,31,DET,32,12,16.4,1.9,4.8,0.408,1.3,3.0,0.423,0.7,1.7,0.382,0.543,0.6,0.7,0.818,0.6,1.7,2.3,0.9,0.5,0.0,0.3,1.2,5.7,2023-24,2436950,2635805.12
bryn forbes,2436950,2023,SG,29,MIN,25,0,10.7,1.2,3.3,0.361,0.6,1.8,0.304,0.6,1.5,0.432,0.446,0.6,0.6,1.0,0.2,0.4,0.6,0.7,0.3,0.1,0.5,0.9,3.6,2023-24,2436950,2635805.12
damian jones,2436950,2023,C,27,UTA,41,1,11.6,1.3,2.1,0.64,0.2,0.4,0.588,1.1,1.7,0.652,0.698,0.5,0.7,0.759,1.0,2.0,3.0,0.4,0.2,0.5,0.6,1.3,3.5,2023-24,2436950,2635805.12
quentin grimes,2414275,2023,SG,22,NYK,71,66,29.9,4.0,8.5,0.468,2.2,5.7,0.386,1.8,2.7,0.641,0.599,1.1,1.4,0.796,0.7,2.5,3.2,2.1,0.7,0.4,1.0,2.5,11.3,2023-24,2414275,2611279.8400000003
saben lee,2403289,2023,PG,23,PHO,25,1,14.9,2.0,4.8,0.405,0.4,1.2,0.367,1.5,3.6,0.418,0.45,1.7,2.3,0.737,0.5,1.3,1.8,2.7,0.8,0.0,1.0,1.3,6.0,2023-24,2403289,2599397.3824000005
andrew nembhard,2379403,2023,SG,23,IND,75,63,27.6,3.8,8.6,0.441,1.2,3.5,0.35,2.6,5.1,0.504,0.512,0.7,0.8,0.79,0.5,2.2,2.7,4.5,0.9,0.2,1.7,2.4,9.5,2023-24,2379403,2573562.2848000005
payton pritchard,2374196,2023,PG,25,BOS,48,3,13.4,2.1,5.1,0.412,1.2,3.2,0.364,0.9,1.9,0.495,0.527,0.3,0.3,0.75,0.5,1.3,1.8,1.3,0.3,0.0,0.8,0.8,5.6,2023-24,2374196,2567930.3936
bones hyland,2334245,2023,PG,22,LAC,56,1,19.4,4.1,10.2,0.399,2.1,5.6,0.371,2.0,4.6,0.434,0.502,1.5,1.8,0.843,0.4,2.1,2.4,3.1,0.7,0.3,1.5,1.7,11.8,2023-24,2334245,2524719.3920000005
bol bol,2332633,2023,PF,23,ORL,70,33,21.5,3.7,6.8,0.546,0.4,1.6,0.265,3.3,5.2,0.633,0.577,1.2,1.5,0.759,1.0,4.8,5.8,1.0,0.4,1.2,1.6,1.3,9.1,2023-24,2332633,2522975.8528000005
peyton watson,2326229,2023,SG,20,DEN,23,2,8.1,1.3,2.6,0.492,0.3,0.6,0.429,1.0,2.0,0.511,0.542,0.5,0.9,0.55,0.3,1.3,1.6,0.5,0.1,0.5,0.3,0.6,3.3,2023-24,2326229,2516049.2864
udoka azubuike,2305999,2023,C,23,UTA,36,4,10.0,1.6,2.0,0.819,0.0,0.0,0.0,1.6,2.0,0.819,0.819,0.2,0.6,0.35,0.9,2.4,3.3,0.3,0.2,0.4,0.5,0.9,3.5,2023-24,2305999,2494168.5184000004
jaden mcdaniels,2291748,2023,SF,22,MIN,79,79,30.6,4.7,9.1,0.517,1.4,3.4,0.398,3.3,5.7,0.588,0.591,1.3,1.8,0.736,1.2,2.7,3.9,1.9,0.9,1.0,1.4,3.4,12.1,2023-24,2291748,2478754.6368000004
jordan mclaughlin,2290222,2023,PG,26,MIN,43,0,15.8,1.4,3.4,0.421,0.6,1.8,0.308,0.9,1.6,0.552,0.503,0.3,0.4,0.833,0.3,1.1,1.4,3.4,0.7,0.1,0.8,0.7,3.7,2023-24,2290222,2477104.1152000003
malachi flynn,2275081,2023,PG,24,TOR,53,2,13.0,1.6,4.6,0.36,0.9,2.5,0.353,0.8,2.1,0.367,0.457,0.5,0.6,0.758,0.3,1.2,1.4,1.3,0.4,0.1,0.5,1.2,4.6,2023-24,2275081,2460727.6096
cam thomas,2267065,2023,SG,21,BRK,57,4,16.6,3.5,8.0,0.441,0.9,2.3,0.383,2.6,5.7,0.464,0.497,2.6,3.1,0.868,0.1,1.5,1.7,1.4,0.4,0.1,1.1,1.0,10.6,2023-24,2267065,2452057.504
luke kornet,2261889,2023,C,27,BOS,69,0,11.7,1.6,2.5,0.665,0.0,0.2,0.231,1.6,2.3,0.701,0.674,0.5,0.6,0.821,1.2,1.6,2.9,0.8,0.2,0.7,0.4,1.2,3.8,2023-24,2261889,2446459.1424000002
damion lee,2261889,2023,SG,30,PHO,74,5,20.4,2.7,6.1,0.442,1.5,3.3,0.445,1.2,2.8,0.439,0.564,1.3,1.4,0.904,0.5,2.5,3.0,1.3,0.4,0.1,1.1,1.6,8.2,2023-24,2261889,2446459.1424000002
juan toscano-anderson,2261889,2023,SF,29,UTA,52,9,13.5,1.2,2.8,0.448,0.2,0.8,0.186,1.1,1.9,0.56,0.476,0.4,0.5,0.792,0.5,1.8,2.4,1.3,0.3,0.2,0.7,1.5,3.0,2023-24,2261889,2446459.1424000002
desmond bane,2258667,2023,SG,24,MEM,58,58,31.7,7.8,16.2,0.479,2.9,7.0,0.408,4.9,9.2,0.534,0.568,3.1,3.5,0.883,0.7,4.3,5.0,4.4,1.0,0.4,2.2,2.6,21.5,2023-24,2258667,2442974.2272
jaden springer,2253324,2023,SG,20,PHI,16,2,5.6,1.1,2.2,0.486,0.1,0.3,0.4,0.9,1.9,0.5,0.514,0.4,0.5,0.75,0.4,0.5,0.9,0.5,0.4,0.2,0.2,0.9,2.6,2023-24,2253324,2437195.2384
day'ron sharpe,2236656,2023,C,21,BRK,48,3,11.5,1.9,3.6,0.544,0.1,0.2,0.545,1.8,3.3,0.544,0.561,0.7,1.1,0.636,2.1,2.1,4.2,0.8,0.3,0.7,0.9,1.9,4.7,2023-24,2236656,2419167.1296
tony bradley,2159083,2023,C,25,CHI,12,0,2.8,0.5,1.0,0.5,0.3,0.4,0.6,0.3,0.6,0.429,0.625,0.3,0.3,1.0,0.1,0.8,0.9,0.1,0.1,0.1,0.1,0.2,1.6,2023-24,2159083,2335264.1728000003
frank ntilikina,2159083,2023,PG,24,DAL,47,5,12.9,1.0,2.8,0.364,0.4,1.4,0.254,0.7,1.4,0.477,0.428,0.5,0.7,0.667,0.1,1.2,1.3,1.2,0.3,0.1,0.6,1.4,2.9,2023-24,2159083,2335264.1728000003
garrison mathews,2120576,2023,SG,26,ATL,54,0,12.7,1.4,3.7,0.363,1.2,3.3,0.35,0.2,0.4,0.476,0.52,0.9,1.0,0.906,0.2,1.1,1.4,0.5,0.4,0.1,0.4,1.1,4.8,2023-24,2120576,2293615.0016
kenrich williams,2120576,2023,PF,28,OKC,53,10,22.8,3.4,6.5,0.517,0.9,2.5,0.373,2.4,4.0,0.608,0.59,0.3,0.7,0.436,1.8,3.1,4.9,2.0,0.8,0.3,0.6,2.1,8.0,2023-24,2120576,2293615.0016
jaylin williams,2120576,2023,PF,20,OKC,49,36,18.7,2.1,4.8,0.436,0.9,2.3,0.407,1.1,2.5,0.463,0.534,0.8,1.1,0.704,0.9,4.0,4.9,1.6,0.6,0.2,0.8,2.3,5.9,2023-24,2120576,2293615.0016
jeremiah robinson-earl,2120576,2023,PF,22,OKC,43,20,18.9,2.6,5.8,0.444,0.9,2.6,0.333,1.7,3.2,0.533,0.518,0.8,1.0,0.833,1.7,2.5,4.2,1.0,0.6,0.3,0.4,1.7,6.8,2023-24,2120576,2293615.0016
caleb houstan,2120576,2023,SF,20,ORL,51,4,15.9,1.3,3.6,0.363,0.9,2.7,0.338,0.4,0.9,0.435,0.489,0.3,0.4,0.833,0.7,1.3,1.9,0.6,0.2,0.1,0.4,1.2,3.8,2023-24,2120576,2293615.0016
shake milton,2118156,2023,SG,26,PHI,76,11,20.6,3.2,6.6,0.479,0.7,1.9,0.378,2.4,4.7,0.521,0.535,1.3,1.5,0.853,0.5,2.0,2.5,3.2,0.3,0.2,1.2,1.6,8.4,2023-24,2118156,2290997.5296000005
aaron holiday,2086832,2023,PG,26,ATL,63,6,13.4,1.5,3.5,0.418,0.6,1.4,0.409,0.9,2.1,0.424,0.5,0.4,0.5,0.844,0.4,0.8,1.2,1.4,0.6,0.2,0.6,1.3,3.9,2023-24,2086832,2257117.4912
yuta watanabe,2086832,2023,SF,28,BRK,58,1,16.0,2.0,4.0,0.491,1.0,2.3,0.444,0.9,1.7,0.557,0.621,0.6,0.8,0.723,0.5,1.9,2.4,0.8,0.4,0.3,0.4,1.4,5.6,2023-24,2086832,2257117.4912
edmond sumner,2086832,2023,SG,27,BRK,53,12,13.9,2.3,5.1,0.461,0.6,1.6,0.356,1.8,3.4,0.511,0.519,1.9,2.0,0.917,0.2,1.2,1.5,1.3,0.6,0.2,0.9,1.6,7.1,2023-24,2086832,2257117.4912
theo pinson,2086832,2023,SG,27,DAL,40,1,8.1,0.8,2.2,0.356,0.6,1.6,0.355,0.2,0.6,0.36,0.483,0.3,0.3,0.846,0.3,1.3,1.6,1.2,0.2,0.0,0.3,0.9,2.4,2023-24,2086832,2257117.4912
thomas bryant,2086832,2023,C,25,DEN,59,26,18.3,3.9,6.3,0.623,0.4,1.0,0.441,3.5,5.3,0.658,0.659,1.6,2.1,0.738,1.5,4.3,5.7,0.5,0.3,0.5,0.6,1.7,9.8,2023-24,2086832,2257117.4912
josh okogie,2086832,2023,SG,24,PHO,72,26,18.8,2.3,5.8,0.391,0.9,2.7,0.335,1.3,3.0,0.442,0.471,1.9,2.7,0.724,1.5,2.0,3.5,1.5,0.8,0.5,0.9,1.6,7.3,2023-24,2086832,2257117.4912
drew eubanks,2086832,2023,C,25,POR,78,28,20.3,2.7,4.3,0.641,0.1,0.2,0.389,2.7,4.1,0.655,0.651,1.1,1.6,0.664,1.7,3.7,5.4,1.3,0.5,1.3,0.9,2.2,6.6,2023-24,2086832,2257117.4912
dean wade,2047077,2023,PF,26,CLE,44,13,20.3,1.7,4.0,0.412,1.0,2.9,0.354,0.6,1.1,0.56,0.54,0.3,0.5,0.652,0.5,3.0,3.4,0.8,0.6,0.5,0.4,2.0,4.7,2023-24,2047077,2214118.4832
terance mann,2047077,2023,SG,26,LAC,81,36,23.1,3.4,6.5,0.519,1.0,2.4,0.389,2.4,4.0,0.598,0.593,1.1,1.5,0.78,1.0,2.5,3.4,2.3,0.5,0.3,1.0,1.8,8.8,2023-24,2047077,2214118.4832
jaylen nowell,2047077,2023,SG,23,MIN,65,2,19.3,4.3,9.6,0.448,1.0,3.6,0.289,3.3,6.0,0.542,0.502,1.2,1.5,0.778,0.6,2.1,2.6,2.0,0.6,0.1,1.0,1.6,10.8,2023-24,2047077,2214118.4832
naz reid,2047077,2023,C,23,MIN,68,11,18.4,4.6,8.5,0.537,1.1,3.2,0.346,3.5,5.3,0.653,0.602,1.3,1.9,0.677,1.1,3.8,4.9,1.1,0.6,0.8,1.4,2.6,11.5,2023-24,2047077,2214118.4832
jalen mcdaniels,2047077,2023,SF,25,PHI,80,24,23.9,3.5,7.7,0.455,1.0,2.9,0.332,2.6,4.8,0.53,0.518,1.5,1.7,0.841,0.8,3.5,4.3,1.6,1.0,0.4,1.2,2.6,9.4,2023-24,2047077,2214118.4832
daniel gafford,2047077,2023,C,24,WAS,78,47,20.6,3.7,5.1,0.732,0.0,0.0,0.0,3.7,5.1,0.732,0.732,1.6,2.4,0.679,2.1,3.5,5.6,1.1,0.4,1.3,1.1,2.4,9.0,2023-24,2047077,2214118.4832
chimezie metu,2026061,2023,C,25,SAC,66,0,10.4,2.0,3.3,0.589,0.1,0.6,0.237,1.8,2.7,0.663,0.61,0.8,1.1,0.74,0.7,2.3,3.0,0.6,0.3,0.3,0.5,1.2,4.9,2023-24,2026061,2191387.5776000004
davon reed,2016808,2023,SG,27,LAL,43,1,8.0,0.7,2.0,0.333,0.4,1.1,0.37,0.3,0.9,0.289,0.435,0.4,0.6,0.667,0.2,1.1,1.4,0.5,0.3,0.1,0.5,0.9,2.1,2023-24,2016808,2181379.5328
kz okpala,2016808,2023,PF,23,SAC,35,3,7.1,0.5,1.1,0.421,0.2,0.6,0.333,0.3,0.5,0.529,0.513,0.2,0.2,0.875,0.2,0.8,1.0,0.4,0.2,0.2,0.2,1.1,1.3,2023-24,2016808,2181379.5328
wenyen gabriel,1991984,2023,PF,25,LAL,68,2,15.1,2.3,3.8,0.596,0.1,0.5,0.278,2.1,3.3,0.647,0.615,0.8,1.2,0.619,1.7,2.5,4.2,0.5,0.4,0.5,0.7,2.1,5.5,2023-24,1991984,2154529.8944
thanasis antetokounmpo,1991984,2023,SF,30,MIL,37,0,5.6,0.5,1.2,0.435,0.0,0.2,0.0,0.5,1.0,0.526,0.435,0.3,0.6,0.5,0.4,0.8,1.2,0.4,0.1,0.1,0.3,0.6,1.4,2023-24,1991984,2154529.8944
moritz wagner,1991984,2023,C,25,ORL,57,18,19.5,3.5,6.9,0.5,0.9,2.9,0.313,2.6,4.1,0.631,0.564,2.7,3.2,0.841,1.2,3.3,4.5,1.5,0.6,0.2,1.2,2.4,10.5,2023-24,1991984,2154529.8944
keita bates-diop,1991984,2023,SF,27,SAS,67,42,21.7,3.5,6.9,0.508,0.8,2.1,0.394,2.7,4.8,0.557,0.568,1.8,2.2,0.793,1.0,2.7,3.7,1.5,0.7,0.3,0.8,0.9,9.7,2023-24,1991984,2154529.8944
oshae brissett,1958074,2023,SF,24,IND,65,2,16.7,1.9,4.9,0.386,0.7,2.4,0.31,1.2,2.5,0.457,0.461,1.6,2.2,0.717,1.0,2.4,3.4,0.7,0.5,0.2,0.5,1.2,6.1,2023-24,1958074,2117852.8384000002
nathan knight,1946784,2023,PF,25,MIN,38,0,7.7,1.2,2.1,0.568,0.2,0.6,0.364,1.0,1.6,0.644,0.617,1.0,1.5,0.684,0.6,0.9,1.5,0.3,0.3,0.2,0.6,1.1,3.7,2023-24,1946784,2105641.5744000003
justin jackson,1946784,2023,SF,27,BOS,23,0,4.7,0.3,1.2,0.259,0.2,0.9,0.25,0.1,0.3,0.286,0.352,0.0,0.1,0.5,0.1,0.7,0.7,0.4,0.2,0.2,0.1,0.3,0.9,2023-24,1946784,2105641.5744000003
isaiah joe,1946784,2023,SG,23,OKC,73,10,19.1,3.1,7.0,0.441,2.2,5.4,0.409,0.9,1.6,0.553,0.599,1.1,1.4,0.82,0.4,2.0,2.4,1.2,0.7,0.1,0.5,1.4,9.5,2023-24,1946784,2105641.5744000003
ryan arcidiacono,1946784,2023,PG,28,POR,20,4,8.6,0.5,1.9,0.243,0.4,1.2,0.348,0.1,0.7,0.071,0.351,0.0,0.0,0.0,0.0,0.8,0.8,1.2,0.3,0.0,0.4,0.9,1.3,2023-24,1946784,2105641.5744000003
anthony gill,1946784,2023,PF,30,WAS,59,8,10.6,1.2,2.2,0.538,0.1,0.5,0.138,1.1,1.7,0.65,0.553,0.8,1.1,0.731,0.6,1.1,1.7,0.6,0.1,0.2,0.3,1.2,3.3,2023-24,1946784,2105641.5744000003
javonte green,1925140,2023,SG,29,CHI,32,1,15.0,1.9,3.4,0.565,0.4,1.1,0.371,1.5,2.3,0.658,0.625,0.9,1.4,0.667,0.8,1.9,2.8,0.7,0.8,0.7,0.6,1.6,5.2,2023-24,1925140,2082231.424
gabe vincent,1925140,2023,PG,26,MIA,68,34,25.9,3.4,8.3,0.402,1.7,5.1,0.334,1.6,3.2,0.512,0.505,1.0,1.1,0.872,0.4,1.7,2.1,2.5,0.9,0.1,1.4,2.3,9.4,2023-24,1925140,2082231.424
max strus,1925140,2023,SF,26,MIA,80,33,28.4,4.1,9.9,0.41,2.5,7.0,0.35,1.6,2.8,0.559,0.535,1.0,1.1,0.876,0.6,2.6,3.2,2.1,0.5,0.2,0.9,2.1,11.5,2023-24,1925140,2082231.424
nick richards,1890091,2023,C,25,CHO,65,9,18.7,3.0,4.8,0.629,0.0,0.0,1.0,3.0,4.8,0.628,0.631,2.1,2.8,0.749,2.3,4.1,6.4,0.6,0.2,1.1,0.9,2.4,8.2,2023-24,1890091,2044322.4256000002
lamar stevens,1890091,2023,PF,25,CLE,62,25,18.1,2.1,4.6,0.448,0.5,1.5,0.316,1.6,3.1,0.513,0.5,0.6,0.9,0.702,0.8,2.6,3.3,0.5,0.4,0.3,0.4,1.3,5.3,2023-24,1890091,2044322.4256000002
naji marshall,1890091,2023,SF,25,NOP,77,21,23.3,3.2,7.4,0.433,0.9,2.8,0.303,2.4,4.6,0.513,0.49,1.8,2.3,0.789,0.6,3.0,3.6,2.5,0.7,0.2,1.3,1.5,9.1,2023-24,1890091,2044322.4256000002
paul reed,1890091,2023,C,23,PHI,69,2,10.9,1.8,3.0,0.593,0.0,0.1,0.167,1.8,2.9,0.606,0.596,0.6,0.7,0.745,1.6,2.2,3.8,0.4,0.7,0.7,0.7,1.8,4.2,2023-24,1890091,2044322.4256000002
tre jones,1890091,2023,PG,23,SAS,68,65,29.2,5.0,10.9,0.459,0.7,2.3,0.285,4.4,8.6,0.506,0.489,2.2,2.5,0.86,0.8,2.8,3.6,6.6,1.3,0.1,1.6,1.4,12.9,2023-24,1890091,2044322.4256000002
haywood highsmith,1858301,2023,SF,26,MIA,54,11,17.9,1.7,4.0,0.431,0.7,2.0,0.339,1.0,2.0,0.523,0.516,0.2,0.5,0.464,1.1,2.4,3.5,0.8,0.7,0.3,0.8,1.5,4.4,2023-24,1858301,2009938.3616000002
omer yurtseven,1858301,2023,C,24,MIA,9,0,9.2,1.8,3.0,0.593,0.3,0.8,0.429,1.4,2.2,0.65,0.648,0.6,0.7,0.833,0.9,1.7,2.6,0.2,0.2,0.2,0.4,1.8,4.4,2023-24,1858301,2009938.3616000002
leandro bolmaro,1812350,2023,SG,22,UTA,14,0,4.9,0.2,1.4,0.15,0.0,0.3,0.0,0.2,1.1,0.188,0.15,0.0,0.0,0.0,0.3,0.2,0.5,0.5,0.2,0.1,0.5,0.7,0.4,2023-24,1812350,1960237.7600000002
terry taylor,1806626,2023,PF,23,CHI,31,2,8.5,1.3,2.4,0.52,0.2,0.6,0.263,1.1,1.8,0.607,0.553,0.2,0.4,0.545,0.9,0.6,1.5,0.3,0.1,0.2,0.3,0.8,2.9,2023-24,1806626,1954046.6816000002
jared butler,1775616,2023,SG,22,OKC,6,1,12.8,2.5,5.3,0.469,1.2,2.3,0.5,1.3,3.0,0.444,0.578,0.0,0.0,0.0,0.2,0.5,0.7,1.3,0.8,0.0,0.8,0.8,6.2,2023-24,1775616,1920506.2656000003
jericho sims,1738704,2023,C,24,NYK,52,16,15.6,1.6,2.1,0.776,0.0,0.0,0.0,1.6,2.0,0.783,0.776,0.2,0.3,0.75,1.9,2.8,4.7,0.5,0.3,0.5,0.5,1.8,3.4,2023-24,1738704,1880582.2464000003
sam hauser,1736715,2023,PF,25,BOS,80,8,16.1,2.3,5.0,0.455,1.8,4.2,0.418,0.5,0.8,0.656,0.631,0.2,0.2,0.706,0.4,2.1,2.6,0.9,0.4,0.3,0.4,1.2,6.4,2023-24,1736715,1878430.9440000001
kessler edwards,1736715,2023,SF,22,SAC,36,4,10.7,1.0,2.6,0.387,0.5,1.5,0.309,0.5,1.1,0.5,0.478,0.3,0.4,0.733,0.6,1.1,1.7,0.6,0.4,0.2,0.4,1.1,2.8,2023-24,1736715,1878430.9440000001
isaiah todd,1669953,2023,PF,21,WAS,6,1,10.2,0.5,3.2,0.158,0.2,1.7,0.1,0.3,1.5,0.222,0.184,0.3,0.3,1.0,0.3,1.7,2.0,0.7,0.2,0.0,0.3,0.7,1.5,2023-24,1669953,1806221.1648000001
vit krejci,1657779,2023,PG,22,ATL,29,0,5.7,0.5,1.3,0.405,0.2,0.7,0.238,0.3,0.6,0.625,0.473,0.0,0.1,0.5,0.2,0.7,0.9,0.6,0.2,0.0,0.2,0.6,1.2,2023-24,1657779,1793053.7664
jt thor,1657779,2023,PF,20,CHO,69,8,14.0,1.4,3.4,0.399,0.6,1.8,0.317,0.8,1.7,0.487,0.481,0.5,0.7,0.702,0.5,1.7,2.2,0.5,0.3,0.3,0.6,1.0,3.8,2023-24,1657779,1793053.7664
marko simonovic,1657779,2023,C,23,CHI,7,0,2.9,0.3,1.0,0.286,0.1,0.6,0.25,0.1,0.4,0.333,0.357,0.1,0.3,0.5,0.1,0.1,0.3,0.0,0.0,0.0,0.0,0.7,0.9,2023-24,1657779,1793053.7664
ayo dosunmu,1657779,2023,SG,23,CHI,80,51,26.2,3.5,7.1,0.493,0.7,2.4,0.312,2.8,4.8,0.583,0.545,0.8,1.0,0.805,0.6,2.2,2.8,2.6,0.8,0.3,1.2,2.3,8.6,2023-24,1657779,1793053.7664
isaiah livers,1657779,2023,PF,24,DET,52,22,23.1,2.3,5.5,0.417,1.4,3.9,0.365,0.9,1.6,0.541,0.545,0.6,0.8,0.821,0.5,2.2,2.8,0.8,0.5,0.5,0.6,2.0,6.7,2023-24,1657779,1793053.7664
daishen nix,1657779,2023,PG,20,HOU,57,7,16.0,1.4,4.2,0.342,0.7,2.5,0.286,0.7,1.7,0.423,0.426,0.4,0.6,0.667,0.3,1.4,1.7,2.3,0.5,0.1,1.5,1.0,4.0,2023-24,1657779,1793053.7664
jason preston,1657779,2023,PG,23,LAC,14,0,8.9,1.3,2.9,0.439,0.4,1.3,0.278,0.9,1.6,0.565,0.5,0.0,0.1,0.0,0.1,1.4,1.6,1.9,0.1,0.0,0.7,0.5,2.9,2023-24,1657779,1793053.7664
austin reaves,1657779,2023,SG,24,LAL,64,22,28.8,4.0,7.7,0.529,1.3,3.4,0.398,2.7,4.3,0.631,0.616,3.6,4.1,0.864,0.5,2.5,3.0,3.4,0.5,0.3,1.5,1.7,13.0,2023-24,1657779,1793053.7664
jose alvarado,1657779,2023,PG,24,NOP,61,10,21.5,3.3,8.0,0.411,1.4,4.0,0.336,1.9,4.0,0.488,0.496,1.1,1.3,0.813,0.5,1.9,2.3,3.0,1.1,0.2,1.3,2.0,9.0,2023-24,1657779,1793053.7664
miles mcbride,1657779,2023,PG,22,NYK,64,2,11.9,1.2,3.4,0.358,0.6,2.1,0.299,0.6,1.3,0.457,0.451,0.4,0.7,0.667,0.2,0.6,0.8,1.1,0.6,0.1,0.4,0.9,3.5,2023-24,1657779,1793053.7664
aaron wiggins,1657779,2023,SG,24,OKC,70,14,18.5,2.7,5.2,0.512,0.7,1.7,0.393,2.0,3.4,0.573,0.579,0.8,1.0,0.831,1.0,2.0,3.0,1.1,0.6,0.2,0.8,1.6,6.8,2023-24,1657779,1793053.7664
jock landale,1657779,2023,C,27,PHO,69,4,14.2,2.6,4.9,0.528,0.3,1.2,0.25,2.3,3.7,0.621,0.559,1.1,1.5,0.752,1.7,2.3,4.1,1.0,0.2,0.4,0.9,1.8,6.6,2023-24,1657779,1793053.7664
trendon watford,1657779,2023,PF,22,POR,62,12,19.1,2.9,5.2,0.56,0.4,1.0,0.391,2.5,4.2,0.602,0.599,1.2,1.6,0.72,0.7,3.2,3.8,2.1,0.5,0.2,1.1,1.9,7.4,2023-24,1657779,1793053.7664
dalano banton,1657779,2023,PG,23,TOR,31,2,9.0,1.8,4.2,0.423,0.5,1.6,0.294,1.3,2.5,0.506,0.481,0.5,0.8,0.708,0.4,1.1,1.5,1.2,0.4,0.4,0.6,1.1,4.6,2023-24,1657779,1793053.7664
christian koloko,1590432,2023,C,22,TOR,58,19,13.8,1.2,2.6,0.48,0.0,0.2,0.083,1.2,2.4,0.514,0.483,0.6,1.0,0.627,1.4,1.5,2.9,0.5,0.4,1.0,0.3,2.2,3.1,2023-24,1590432,1720211.2512000003
bryce mcgowens,1549139,2023,SG,20,CHO,46,7,17.1,1.7,4.4,0.396,0.6,1.7,0.325,1.2,2.7,0.443,0.46,1.3,1.7,0.75,0.4,1.6,2.0,1.2,0.3,0.1,0.9,1.0,5.3,2023-24,1549139,1675548.7424
jordan goodwin,1357387,2023,PG,24,WAS,62,7,17.8,2.5,5.7,0.448,0.6,1.9,0.322,1.9,3.8,0.511,0.501,0.9,1.1,0.768,0.9,2.4,3.3,2.7,0.9,0.4,0.9,1.5,6.6,2023-24,1357387,1468149.7792000002
kennedy chandler,1272345,2023,PG,20,MEM,36,0,7.8,1.0,2.3,0.422,0.1,0.4,0.133,0.9,1.9,0.485,0.434,0.2,0.4,0.462,0.3,0.8,1.1,1.6,0.3,0.1,0.5,0.4,2.2,2023-24,1272345,1376168.3520000002
noah vonleh,1230946,2023,C,27,BOS,23,1,7.4,0.5,1.0,0.458,0.0,0.2,0.25,0.4,0.9,0.5,0.479,0.1,0.1,1.0,0.8,1.3,2.1,0.3,0.1,0.3,0.5,1.5,1.1,2023-24,1230946,1331391.1936
sandro mamukelashvili,1183400,2023,C,23,SAS,43,7,15.3,2.3,5.3,0.422,0.7,2.3,0.303,1.6,3.0,0.511,0.487,0.9,1.3,0.684,1.6,2.7,4.3,1.4,0.3,0.3,0.8,1.2,6.1,2023-24,1183400,1279965.4400000002
sam merrill,1172171,2023,SG,26,CLE,5,0,11.8,1.8,4.4,0.409,1.0,3.6,0.278,0.8,0.8,1.0,0.523,0.4,0.4,1.0,0.0,1.8,1.8,1.0,0.8,0.0,0.0,0.6,5.0,2023-24,1172171,1267820.1536
tyrese martin,1079140,2023,SG,23,ATL,16,0,4.1,0.6,1.4,0.391,0.1,0.4,0.143,0.5,1.0,0.5,0.413,0.1,0.1,1.0,0.3,0.4,0.8,0.1,0.1,0.0,0.1,0.1,1.3,2023-24,1079140,1167197.824
jaden hardy,1079140,2023,SG,20,DAL,48,5,14.8,3.0,6.9,0.438,1.3,3.3,0.404,1.7,3.7,0.469,0.533,1.4,1.6,0.823,0.2,1.6,1.9,1.4,0.4,0.1,1.0,1.3,8.8,2023-24,1079140,1167197.824
ryan rollins,1079140,2023,PG,20,GSW,12,0,5.2,0.6,1.7,0.35,0.3,0.8,0.333,0.3,0.9,0.364,0.425,0.5,0.5,1.0,0.3,0.8,1.0,0.5,0.1,0.1,1.3,0.8,1.9,2023-24,1079140,1167197.824
max christie,1079140,2023,SG,19,LAL,41,3,12.5,1.1,2.6,0.415,0.6,1.5,0.419,0.4,1.1,0.409,0.538,0.3,0.4,0.875,0.2,1.7,1.8,0.5,0.2,0.2,0.3,0.8,3.1,2023-24,1079140,1167197.824
josh minott,1079140,2023,SF,20,MIN,15,0,6.4,1.2,2.4,0.5,0.1,0.4,0.333,1.1,2.0,0.533,0.528,0.5,0.5,1.0,0.3,1.3,1.7,0.3,0.3,0.4,0.2,0.7,3.1,2023-24,1079140,1167197.824
jabari walker,1079140,2023,SF,20,POR,56,0,11.1,1.5,3.5,0.419,0.3,1.0,0.286,1.2,2.5,0.472,0.46,0.6,0.8,0.756,0.9,1.5,2.3,0.6,0.2,0.2,0.5,1.2,3.9,2023-24,1079140,1167197.824
eugene omoruyi,1074197,2023,SF,25,DET,40,6,16.1,2.5,5.7,0.443,0.6,2.2,0.281,1.9,3.5,0.547,0.498,1.3,1.9,0.68,1.1,1.7,2.8,0.7,0.7,0.1,0.9,2.3,7.0,2023-24,1074197,1161851.4752000002
kris dunn,1060289,2023,PG,28,UTA,22,3,25.8,5.3,9.8,0.537,0.8,1.6,0.472,4.5,8.2,0.55,0.576,1.9,2.4,0.774,0.4,4.1,4.5,5.6,1.1,0.5,1.6,2.6,13.2,2023-24,1060289,1146808.5824000002
admiral schofield,930869,2023,PF,25,ORL,37,0,12.2,1.5,3.3,0.451,0.6,2.0,0.324,0.8,1.3,0.646,0.549,0.6,0.6,0.913,0.6,1.1,1.7,0.8,0.2,0.1,0.4,1.6,4.2,2023-24,930869,1006827.9104
justin champagnie,904680,2023,SF,21,BOS,5,0,6.8,1.0,3.0,0.333,0.2,1.0,0.2,0.8,2.0,0.4,0.367,0.0,0.0,0.0,0.6,1.0,1.6,0.8,0.2,0.0,0.0,0.4,2.2,2023-24,904680,978501.8880000002
trevelin queen,889466,2023,SG,25,IND,7,0,10.0,1.0,4.1,0.241,0.3,2.1,0.133,0.7,2.0,0.357,0.276,0.7,0.7,1.0,1.1,1.3,2.4,0.9,0.3,0.7,1.0,0.6,3.0,2023-24,889466,962046.4256000001
moses brown,873720,2023,C,23,BRK,36,1,8.2,1.7,2.7,0.635,0.0,0.0,0.0,1.7,2.7,0.635,0.635,0.9,2.0,0.458,1.6,2.3,3.9,0.1,0.1,0.4,0.4,1.1,4.3,2023-24,873720,945015.5520000001
matt ryan,854694,2023,SF,25,MIN,34,0,9.1,1.2,3.2,0.37,0.9,2.5,0.381,0.2,0.7,0.333,0.519,0.3,0.4,0.833,0.1,0.6,0.8,0.5,0.1,0.0,0.2,0.8,3.6,2023-24,854694,924437.0304
pj dozier,831959,2023,SG,26,SAC,16,0,4.9,0.6,2.1,0.303,0.1,1.0,0.125,0.5,1.1,0.471,0.333,0.0,0.0,0.0,0.1,0.8,0.9,0.6,0.4,0.1,0.3,0.4,1.4,2023-24,831959,899846.8544000001
cody zeller,788771,2023,C,30,MIA,15,2,14.5,2.5,3.9,0.627,0.0,0.1,0.0,2.5,3.8,0.649,0.627,1.6,2.3,0.686,1.7,2.6,4.3,0.7,0.2,0.3,0.9,2.2,6.5,2023-24,788771,853134.7136000001
meyers leonard,756576,2023,C,30,MIL,9,2,12.7,1.6,3.2,0.483,0.8,2.0,0.389,0.8,1.2,0.636,0.603,0.9,1.0,0.889,1.3,2.4,3.8,0.1,0.2,0.0,0.7,1.8,4.8,2023-24,756576,818312.6016
anthony lamb,736770,2023,SF,25,GSW,62,4,19.3,2.4,5.1,0.471,1.2,3.2,0.367,1.2,1.9,0.652,0.588,0.7,1.0,0.767,0.9,2.6,3.5,1.5,0.5,0.3,0.9,2.2,6.7,2023-24,736770,796890.432
michael carter-williams,692186,2023,PG,31,ORL,4,0,11.0,1.5,3.5,0.429,0.3,0.8,0.333,1.3,2.8,0.455,0.464,1.0,1.8,0.571,0.3,1.0,1.3,1.8,0.3,0.3,1.0,1.3,4.3,2023-24,692186,748668.3776000001
carlik jones,649068,2023,PG,25,CHI,7,0,8.0,0.9,2.1,0.4,0.4,0.9,0.5,0.4,1.3,0.333,0.5,0.7,1.1,0.625,0.1,0.6,0.7,0.9,0.3,0.0,0.3,0.3,2.9,2023-24,649068,702031.9488000001
trevor keels,551974,2023,SG,19,NYK,3,0,2.7,0.3,1.3,0.25,0.3,1.3,0.25,0.0,0.0,0.0,0.375,0.0,0.0,0.0,0.0,0.7,0.7,0.0,0.0,0.0,0.0,0.0,1.0,2023-24,551974,597015.0784000001
dereon seabron,542672,2023,SG,22,NOP,5,0,2.4,0.4,1.0,0.4,0.0,0.0,0.0,0.4,1.0,0.4,0.4,0.0,0.0,0.0,0.2,0.0,0.2,0.0,0.0,0.0,0.0,0.2,0.8,2023-24,542672,586954.0352
trent forrest,539571,2023,PG,24,ATL,23,3,12.0,1.1,2.6,0.417,0.0,0.1,0.0,1.1,2.5,0.431,0.417,0.1,0.1,0.667,0.2,1.4,1.6,1.7,0.3,0.1,0.7,0.7,2.3,2023-24,539571,583599.9936
mfiondu kabengele,539571,2023,PF,25,BOS,4,0,9.0,0.5,1.8,0.286,0.0,0.8,0.0,0.5,1.0,0.5,0.286,0.5,0.5,1.0,1.3,1.3,2.5,0.0,0.5,0.0,0.3,0.8,1.5,2023-24,539571,583599.9936
jd davison,539571,2023,PG,20,BOS,12,0,5.5,0.7,1.6,0.421,0.2,0.6,0.286,0.5,1.0,0.5,0.474,0.1,0.2,0.5,0.2,0.6,0.8,0.9,0.2,0.2,0.3,0.4,1.6,2023-24,539571,583599.9936
malcolm hill,539571,2023,SF,27,CHI,5,0,1.8,0.4,0.8,0.5,0.2,0.6,0.333,0.2,0.2,1.0,0.625,0.0,0.0,0.0,0.0,0.6,0.6,0.0,0.0,0.0,0.0,0.2,1.0,2023-24,539571,583599.9936
mamadi diakite,539571,2023,PF,26,CLE,22,2,8.0,1.1,2.3,0.48,0.3,1.0,0.333,0.8,1.3,0.586,0.55,0.1,0.1,1.0,0.4,1.0,1.4,0.4,0.2,0.4,0.5,1.2,2.6,2023-24,539571,583599.9936
isaiah mobley,539571,2023,PF,23,CLE,13,0,6.5,0.9,2.2,0.429,0.2,0.6,0.375,0.7,1.5,0.45,0.482,0.3,0.3,1.0,0.3,1.2,1.5,0.2,0.3,0.2,0.1,0.6,2.4,2023-24,539571,583599.9936
jack white,539571,2023,SF,25,DEN,17,0,3.9,0.5,1.1,0.421,0.2,0.5,0.333,0.3,0.6,0.5,0.5,0.1,0.2,0.667,0.4,0.6,1.0,0.2,0.2,0.1,0.1,0.5,1.2,2023-24,539571,583599.9936
buddy boeheim,539571,2023,PG,23,DET,10,0,9.0,0.5,2.7,0.185,0.4,2.5,0.16,0.1,0.2,0.5,0.259,0.2,0.2,1.0,0.2,0.4,0.6,0.4,0.2,0.0,0.0,0.6,1.6,2023-24,539571,583599.9936
darius days,539571,2023,PF,23,HOU,4,0,6.3,1.3,3.0,0.417,0.8,2.5,0.3,0.5,0.5,1.0,0.542,0.5,0.5,1.0,0.3,1.3,1.5,0.3,0.0,0.3,0.0,0.5,3.8,2023-24,539571,583599.9936
trevor hudgins,539571,2023,PG,23,HOU,5,0,5.6,0.4,1.8,0.222,0.4,1.6,0.25,0.0,0.2,0.0,0.333,0.6,0.6,1.0,0.0,0.0,0.0,0.6,0.0,0.0,0.2,0.2,1.8,2023-24,539571,583599.9936
kendall brown,539571,2023,SG,19,IND,6,0,6.7,0.7,1.2,0.571,0.0,0.2,0.0,0.7,1.0,0.667,0.571,0.2,0.3,0.5,0.3,0.7,1.0,0.5,0.7,0.0,0.3,1.5,1.5,2023-24,539571,583599.9936
cole swider,539571,2023,SF,23,LAL,7,0,5.9,0.4,1.3,0.333,0.4,1.1,0.375,0.0,0.1,0.0,0.5,0.0,0.0,0.0,0.1,0.9,1.0,0.6,0.0,0.0,0.0,0.4,1.3,2023-24,539571,583599.9936
jamal cain,539571,2023,SF,23,MIA,18,0,13.3,2.1,3.7,0.561,0.4,1.1,0.35,1.7,2.6,0.652,0.614,0.9,1.2,0.773,0.8,2.1,2.9,0.7,0.6,0.1,0.3,1.2,5.4,2023-24,539571,583599.9936
luka garza,539571,2023,C,24,MIN,28,0,8.7,2.3,4.1,0.543,0.5,1.4,0.359,1.8,2.8,0.636,0.603,1.5,1.9,0.788,1.2,1.1,2.3,0.6,0.1,0.1,0.5,1.5,6.5,2023-24,539571,583599.9936
kevon harris,539571,2023,SG,25,ORL,34,0,13.4,1.4,3.1,0.439,0.5,1.3,0.372,0.9,1.9,0.484,0.514,0.9,1.2,0.756,0.8,1.2,2.1,0.5,0.5,0.1,0.6,1.6,4.1,2023-24,539571,583599.9936
keon ellis,539571,2023,SG,23,SAC,16,0,4.4,0.4,1.0,0.438,0.4,0.8,0.5,0.1,0.3,0.25,0.625,0.3,0.4,0.571,0.3,0.3,0.5,0.4,0.3,0.1,0.1,0.6,1.5,2023-24,539571,583599.9936
neemias queta,539571,2023,C,23,SAC,5,0,5.8,1.2,1.8,0.667,0.0,0.0,0.0,1.2,1.8,0.667,0.667,0.0,0.4,0.0,1.0,1.2,2.2,0.2,0.0,0.4,0.2,1.4,2.4,2023-24,539571,583599.9936
julian champagnie,539571,2023,SF,21,SAS,17,3,18.8,3.5,7.6,0.454,1.9,4.8,0.402,1.5,2.8,0.542,0.581,0.8,1.0,0.824,0.6,2.9,3.5,0.6,0.4,0.3,0.6,1.5,9.7,2023-24,539571,583599.9936
dominick barlow,539571,2023,SF,19,SAS,28,0,14.6,1.6,3.1,0.535,0.0,0.1,0.0,1.6,2.9,0.561,0.535,0.6,0.9,0.72,1.6,2.0,3.6,0.9,0.4,0.7,0.5,2.0,3.9,2023-24,539571,583599.9936
jeff dowtin,539571,2023,PG,25,TOR,25,0,10.4,1.0,2.3,0.439,0.2,0.6,0.313,0.8,1.6,0.488,0.482,0.2,0.4,0.667,0.2,0.7,0.9,1.2,0.4,0.1,0.2,0.5,2.4,2023-24,539571,583599.9936
micah potter,539571,2023,PF,24,UTA,7,0,7.4,1.4,2.1,0.667,0.6,1.0,0.571,0.9,1.1,0.75,0.8,0.0,0.0,0.0,0.4,1.9,2.3,0.6,0.1,0.0,0.3,0.7,3.4,2023-24,539571,583599.9936
johnny juzang,539571,2023,SF,21,UTA,18,0,12.9,1.9,5.8,0.337,0.8,3.5,0.238,1.1,2.3,0.488,0.409,0.1,0.2,0.5,0.4,1.7,2.2,0.4,0.2,0.2,0.2,0.7,4.8,2023-24,539571,583599.9936
john butler,533368,2023,C,20,POR,19,1,11.6,0.9,2.8,0.321,0.4,1.8,0.229,0.5,0.9,0.5,0.396,0.2,0.2,0.75,0.2,0.7,0.9,0.6,0.4,0.5,0.1,1.2,2.4,2023-24,533368,576890.8288
chima moneke,530144,2023,SF,27,SAC,2,0,4.0,0.5,1.0,0.5,0.0,0.0,0.0,0.5,1.0,0.5,0.5,0.0,1.0,0.0,1.0,0.0,1.0,0.5,0.0,0.0,1.0,1.0,1.0,2023-24,530144,573403.7504
facundo campazzo,492290,2023,PG,31,DAL,8,0,6.5,0.4,1.6,0.231,0.4,1.4,0.273,0.0,0.3,0.0,0.346,0.1,0.3,0.5,0.0,0.3,0.3,1.1,0.8,0.0,0.4,0.4,1.3,2023-24,492290,532460.8640000001
orlando robinson,409328,2023,C,22,MIA,31,1,13.7,1.5,2.9,0.528,0.0,0.2,0.0,1.5,2.7,0.566,0.528,0.7,1.0,0.71,1.5,2.5,4.1,0.8,0.4,0.4,0.5,1.7,3.7,2023-24,409328,442729.1648
dru smith,396925,2023,SG,25,BRK,15,1,10.5,1.2,3.0,0.4,0.3,1.3,0.263,0.9,1.7,0.5,0.456,0.2,0.2,1.0,0.1,1.5,1.6,1.5,0.7,0.3,0.2,1.5,2.9,2023-24,396925,429314.0800000001
jared rhoden,325602,2023,SG,23,DET,14,0,14.1,1.2,3.1,0.386,0.4,1.4,0.25,0.9,1.7,0.5,0.443,0.4,0.4,1.0,0.8,1.9,2.6,0.3,0.3,0.1,0.2,1.6,3.2,2023-24,325602,352171.12320000003
louis king,325602,2023,SF,23,PHI,1,0,29.0,8.0,13.0,0.615,4.0,8.0,0.5,4.0,5.0,0.8,0.769,0.0,1.0,0.0,2.0,2.0,4.0,2.0,1.0,0.0,2.0,4.0,20.0,2023-24,325602,352171.12320000003
jarrett culver,275987,2023,SG,23,ATL,10,1,13.7,1.7,4.3,0.395,0.1,1.2,0.083,1.6,3.1,0.516,0.407,0.9,1.3,0.692,1.0,2.8,3.8,0.6,0.6,0.2,0.7,1.4,4.4,2023-24,275987,298507.53920000006
olivier sarr,272887,2023,C,23,OKC,9,1,12.7,1.7,3.3,0.5,0.1,0.9,0.125,1.6,2.4,0.636,0.517,0.6,0.8,0.714,1.3,2.1,3.4,0.4,0.1,0.6,0.4,1.9,4.0,2023-24,272887,295154.57920000004
alondes williams,269786,2023,SG,23,BRK,1,0,5.0,0.0,0.0,0.0,0.0,0.0,0.0,0.0,0.0,0.0,0.0,0.0,0.0,0.0,0.0,1.0,1.0,0.0,0.0,0.0,2.0,1.0,0.0,2023-24,269786,291800.53760000004
donovan williams,254280,2023,SG,21,ATL,2,0,2.0,1.0,2.5,0.4,0.0,1.0,0.0,1.0,1.5,0.667,0.4,0.0,0.0,0.0,0.0,1.0,1.0,0.0,0.0,0.0,0.0,0.0,2.0,2023-24,254280,275029.248
quenton jackson,232870,2023,PG,24,WAS,9,0,15.0,2.1,4.7,0.452,0.1,1.3,0.083,2.0,3.3,0.6,0.464,1.9,2.4,0.773,0.2,0.7,0.9,1.7,0.4,0.1,0.4,1.1,6.2,2023-24,232870,251872.19200000004
chris silva,223768,2023,PF,26,DAL,1,0,3.0,1.0,1.0,1.0,0.0,0.0,0.0,1.0,1.0,1.0,1.0,0.0,0.0,0.0,0.0,0.0,0.0,0.0,0.0,0.0,1.0,2.0,2.0,2023-24,223768,242027.46880000003
tyler dorsey,213968,2023,SG,26,DAL,3,0,2.7,1.3,1.7,0.8,0.3,0.7,0.5,1.0,1.0,1.0,0.9,0.0,0.0,0.0,0.3,0.3,0.7,0.0,0.0,0.0,0.0,0.0,3.0,2023-24,213968,231427.78880000004
braxton key,213968,2023,SF,25,DET,3,0,3.0,0.3,0.3,1.0,0.0,0.0,0.0,0.3,0.3,1.0,1.0,0.7,0.7,1.0,0.0,0.3,0.3,0.0,0.0,0.0,0.0,0.0,1.3,2023-24,213968,231427.78880000004
jordan hall,204663,2023,SF,21,SAS,9,0,9.2,1.0,3.1,0.321,0.3,1.7,0.2,0.7,1.4,0.462,0.375,0.8,1.0,0.778,0.3,1.0,1.3,1.2,0.1,0.0,0.8,0.7,3.1,2023-24,204663,221363.50080000004
alize johnson,203885,2023,PF,26,SAS,4,0,7.5,0.8,1.5,0.5,0.0,0.5,0.0,0.8,1.0,0.75,0.5,0.3,0.5,0.5,0.5,2.0,2.5,0.3,0.3,0.0,1.0,0.8,1.8,2023-24,203885,220522.01600000003
devon dotson,179856,2023,PG,23,WAS,6,0,8.8,0.2,1.7,0.1,0.2,0.7,0.25,0.0,1.0,0.0,0.15,0.0,0.0,0.0,1.0,0.7,1.7,1.3,0.8,0.0,0.5,1.5,0.5,2023-24,179856,194532.2496
mac mcclung,170553,2023,SG,24,PHI,2,0,20.5,4.5,10.0,0.45,2.0,5.5,0.364,2.5,4.5,0.556,0.55,1.5,2.5,0.6,1.5,3.5,5.0,4.5,0.0,0.0,1.5,1.5,12.5,2023-24,170553,184470.12480000002
xavier cooks,148847,2023,PF,27,WAS,10,1,12.6,1.7,2.8,0.607,0.0,0.1,0.0,1.7,2.7,0.63,0.607,0.4,1.0,0.4,1.6,2.2,3.8,0.6,0.6,0.4,0.8,1.3,3.8,2023-24,148847,160992.91520000002
shaquille harrison,142992,2023,SG,29,POR,5,0,24.0,3.0,7.2,0.417,0.6,2.0,0.3,2.4,5.2,0.462,0.458,2.2,3.0,0.733,0.2,4.2,4.4,6.0,2.2,0.4,1.2,2.4,8.8,2023-24,142992,154660.1472
lester quinones,137206,2023,SG,22,GSW,4,0,4.5,0.5,1.3,0.4,0.5,1.0,0.5,0.0,0.3,0.0,0.6,1.0,1.5,0.667,0.3,0.5,0.8,0.5,0.3,0.0,1.3,0.0,2.5,2023-24,137206,148402.00960000002
xavier moon,124038,2023,SG,28,LAC,4,0,5.0,0.8,2.3,0.333,0.3,0.8,0.333,0.5,1.5,0.333,0.389,0.0,0.0,0.0,0.0,0.8,0.8,1.3,0.0,0.0,0.3,0.5,1.8,2023-24,124038,134159.5008
jamaree bouyea,124038,2023,PG,23,WAS,5,0,14.2,1.2,2.8,0.429,0.4,1.2,0.333,0.8,1.6,0.5,0.5,0.2,0.4,0.5,0.2,1.0,1.2,0.8,0.8,0.4,0.8,1.2,3.0,2023-24,124038,134159.5008
jay huff,124038,2023,C,24,WAS,7,0,13.6,2.1,3.6,0.6,0.9,1.7,0.5,1.3,1.9,0.692,0.72,2.1,2.3,0.938,0.9,2.1,3.0,1.4,0.4,0.6,0.7,2.1,7.3,2023-24,124038,134159.5008
skylar mays,123602,2023,SG,25,POR,6,6,31.5,5.7,11.3,0.5,2.0,4.3,0.462,3.7,7.0,0.524,0.588,2.0,2.2,0.923,0.3,2.8,3.2,8.3,1.0,0.2,1.7,1.8,15.3,2023-24,123602,133687.92320000002
frank jackson,119933,2023,PG,24,UTA,1,0,5.0,0.0,3.0,0.0,0.0,1.0,0.0,0.0,2.0,0.0,0.0,0.0,0.0,0.0,1.0,1.0,2.0,1.0,0.0,0.0,0.0,0.0,0.0,2023-24,119933,129719.53280000002
deonte burton,111883,2023,SG,29,SAC,2,0,3.0,0.0,1.0,0.0,0.0,0.5,0.0,0.0,0.5,0.0,0.0,0.0,0.0,0.0,0.0,0.0,0.0,0.0,0.0,0.0,0.0,0.0,0.0,2023-24,111883,121012.65280000001
jarrell brantley,111883,2023,PF,26,UTA,4,0,9.8,2.0,3.5,0.571,1.0,2.3,0.444,1.0,1.3,0.8,0.714,0.5,0.5,1.0,0.3,1.3,1.5,0.8,0.0,0.5,0.5,0.8,5.5,2023-24,111883,121012.65280000001
xavier sneed,109114,2023,SF,25,CHO,4,0,12.0,1.3,2.5,0.5,0.8,1.5,0.5,0.5,1.0,0.5,0.65,1.0,1.0,1.0,0.0,1.3,1.3,1.3,0.0,0.3,0.8,1.8,4.3,2023-24,109114,118017.70240000001
lindell wigginton,105432,2023,PG,24,MIL,7,1,12.4,2.6,5.3,0.486,0.9,2.6,0.333,1.7,2.7,0.632,0.568,1.1,1.3,0.889,0.0,1.0,1.0,2.0,0.0,0.3,1.7,1.0,7.1,2023-24,105432,114035.25120000001
jordan schakel,102332,2023,SF,24,WAS,2,0,3.0,0.5,1.0,0.5,0.5,0.5,1.0,0.0,0.5,0.0,0.75,0.0,0.0,0.0,0.0,0.0,0.0,0.5,0.5,0.0,0.0,0.5,1.5,2023-24,102332,110682.2912
stanley umude,62019,2023,SG,23,DET,1,0,2.0,0.0,1.0,0.0,0.0,1.0,0.0,0.0,0.0,0.0,0.0,2.0,2.0,1.0,0.0,0.0,0.0,0.0,1.0,1.0,0.0,0.0,2.0,2023-24,62019,67079.7504
jeenathan williams,55817,2023,SG,23,POR,5,4,25.4,4.8,7.8,0.615,0.6,1.6,0.375,4.2,6.2,0.677,0.654,0.4,0.6,0.667,2.0,1.0,3.0,2.0,0.6,0.4,0.8,2.6,10.6,2023-24,55817,60371.6672
jay scrubb,52716,2023,SG,22,ORL,2,0,15.0,2.5,3.5,0.714,1.0,1.0,1.0,1.5,2.5,0.6,0.857,0.5,1.0,0.5,0.0,3.0,3.0,0.5,1.0,0.0,1.5,1.0,6.5,2023-24,52716,57017.62560000001
justin minaya,37211,2023,SF,23,POR,4,0,22.3,1.8,5.8,0.304,0.8,3.0,0.25,1.0,2.8,0.364,0.37,0.0,0.3,0.0,0.8,3.0,3.8,1.0,0.5,1.3,1.0,2.3,4.3,2023-24,37211,40247.41760000001
kobi simmons,34772,2023,PG,25,CHO,5,0,5.6,0.2,1.2,0.167,0.2,1.0,0.2,0.0,0.2,0.0,0.25,0.4,0.4,1.0,0.2,0.6,0.8,1.0,0.0,0.4,0.2,0.0,1.0,2023-24,34772,37609.395200000006
gabe york,34110,2023,SG,29,IND,3,0,18.7,2.7,7.0,0.381,2.0,6.0,0.333,0.7,1.0,0.667,0.524,0.7,0.7,1.0,0.0,2.0,2.0,1.7,0.7,0.0,0.0,1.7,8.0,2023-24,34110,36893.376000000004
raiquan gray,6201,2023,PF,23,BRK,1,0,35.0,6.0,12.0,0.5,2.0,5.0,0.4,4.0,7.0,0.571,0.583,2.0,2.0,1.0,3.0,6.0,9.0,7.0,0.0,1.0,4.0,5.0,16.0,2023-24,6201,6707.0016000000005
jacob gilyard,6201,2023,PG,24,MEM,1,0,41.0,1.0,3.0,0.333,1.0,3.0,0.333,0.0,0.0,0.0,0.5,0.0,0.0,0.0,0.0,4.0,4.0,7.0,3.0,0.0,2.0,3.0,3.0,2023-24,6201,6707.0016000000005
stephen curry,53458234,2024,PG,35,GSW,74,74,32.7,8.8,19.5,0.45,4.8,11.8,0.408,4.0,7.7,0.515,0.573,4.0,4.4,0.923,0.5,4.0,4.5,5.1,0.7,0.4,2.8,1.6,26.4,2024-25,53458234,55596563.36
kevin durant,49065286,2024,PF,35,PHO,75,75,37.2,10.0,19.1,0.523,2.2,5.4,0.413,7.8,13.7,0.567,0.581,4.8,5.6,0.856,0.5,6.1,6.6,5.0,0.9,1.2,3.3,1.8,27.1,2024-25,49065286,51027897.440000005
lebron james,49021953,2024,PF,39,LAL,71,71,35.3,9.6,17.9,0.54,2.1,5.1,0.41,7.5,12.8,0.592,0.599,4.3,5.7,0.75,0.9,6.4,7.3,8.3,1.3,0.5,3.5,1.1,25.7,2024-25,49021953,50982831.120000005
joel embiid,49021953,2024,C,29,PHI,39,39,33.6,11.5,21.8,0.529,1.4,3.6,0.388,10.2,18.3,0.556,0.561,10.2,11.6,0.883,2.4,8.6,11.0,5.6,1.2,1.7,3.8,2.9,34.7,2024-25,49021953,50982831.120000005
bradley beal,48130468,2024,SG,30,PHO,53,53,33.3,7.1,13.9,0.513,1.9,4.4,0.43,5.2,9.4,0.552,0.582,2.1,2.5,0.813,1.0,3.4,4.4,5.0,1.0,0.5,2.5,2.4,18.2,2024-25,48130468,50055686.72
paul george,46996232,2024,PF,33,LAC,74,74,33.8,7.9,16.7,0.471,3.3,7.9,0.413,4.6,8.8,0.523,0.569,3.6,3.9,0.907,0.5,4.7,5.2,3.5,1.5,0.5,2.1,2.7,22.6,2024-25,46996232,48876081.28
kawhi leonard,46996232,2024,SF,32,LAC,68,68,34.3,9.0,17.1,0.525,2.1,4.9,0.417,6.9,12.1,0.569,0.585,3.7,4.2,0.885,1.2,4.9,6.1,3.6,1.6,0.9,1.8,1.4,23.7,2024-25,46996232,48876081.28
giannis antetokounmpo,46996232,2024,PF,29,MIL,73,73,35.2,11.5,18.8,0.611,0.5,1.7,0.274,11.0,17.1,0.645,0.624,7.0,10.7,0.657,2.7,8.8,11.5,6.5,1.2,1.1,3.4,2.9,30.4,2024-25,46996232,48876081.28
damian lillard,46996232,2024,PG,33,MIL,73,73,35.3,7.4,17.5,0.424,3.0,8.5,0.354,4.4,9.0,0.49,0.51,6.5,7.0,0.92,0.5,3.9,4.4,7.0,1.0,0.2,2.6,1.8,24.3,2024-25,46996232,48876081.28
jimmy butler,46526554,2024,PF,34,MIA,60,60,34.0,6.6,13.2,0.499,1.0,2.4,0.414,5.6,10.8,0.519,0.537,6.6,7.7,0.858,1.8,3.6,5.3,5.0,1.3,0.3,1.7,1.1,20.8,2024-25,46526554,48387616.160000004
klay thompson,44503661,2024,SF,33,GSW,77,63,29.7,6.4,14.7,0.432,3.5,9.0,0.387,2.9,5.7,0.503,0.551,1.6,1.8,0.927,0.5,2.8,3.3,2.3,0.6,0.5,1.5,1.6,17.9,2024-25,44503661,46283807.440000005
rudy gobert,42218272,2024,C,31,MIN,76,76,34.1,5.3,8.1,0.661,0.0,0.0,0.0,5.3,8.0,0.664,0.661,3.3,5.1,0.638,3.8,9.2,12.9,1.3,0.7,2.1,1.6,3.1,14.0,2024-25,42218272,43907002.88
fred vanvleet,42018817,2024,PG,29,HOU,73,73,36.8,5.8,13.9,0.416,3.1,8.0,0.387,2.7,5.9,0.454,0.527,2.7,3.1,0.86,0.5,3.4,3.8,8.1,1.4,0.8,1.7,2.5,17.4,2024-25,42018817,43699569.68
anthony davis,41806469,2024,C,30,LAL,76,76,35.5,9.4,16.9,0.556,0.4,1.4,0.271,9.0,15.5,0.582,0.567,5.5,6.8,0.816,3.1,9.5,12.6,3.5,1.2,2.3,2.1,2.3,24.7,2024-25,41806469,43478727.76
trae young,41254687,2024,PG,25,ATL,54,54,36.0,8.0,18.7,0.43,3.2,8.7,0.373,4.8,10.0,0.479,0.516,6.4,7.5,0.855,0.4,2.3,2.8,10.8,1.3,0.2,4.4,2.0,25.7,2024-25,41254687,42904874.480000004
zach lavine,41254687,2024,SG,28,CHI,25,23,34.9,6.8,15.0,0.452,2.4,6.8,0.349,4.4,8.3,0.536,0.531,3.5,4.1,0.854,0.3,4.8,5.2,3.9,0.8,0.3,2.1,2.3,19.5,2024-25,41254687,42904874.480000004
tobias harris,40437022,2024,PF,31,PHI,70,70,33.8,6.6,13.6,0.487,1.3,3.7,0.353,5.3,9.9,0.537,0.535,2.7,3.0,0.878,1.1,5.3,6.5,3.1,1.0,0.7,1.3,1.6,17.2,2024-25,40437022,42054502.88
kyrie irving,39167268,2024,SG,31,DAL,58,58,35.0,9.7,19.5,0.497,3.0,7.3,0.411,6.7,12.2,0.548,0.573,3.3,3.6,0.905,0.8,4.2,5.0,5.2,1.3,0.5,1.8,1.9,25.6,2024-25,39167268,40733958.72
ben simmons,39019371,2024,PG,27,BRK,15,12,23.9,2.9,4.9,0.581,0.0,0.0,0.0,2.9,4.9,0.581,0.581,0.4,1.0,0.4,2.1,5.9,7.9,5.7,0.8,0.6,1.8,2.4,6.1,2024-25,39019371,40580145.84
pascal siakam,39019371,2024,PF,29,IND,80,80,33.2,8.5,15.9,0.536,1.1,3.1,0.346,7.5,12.8,0.581,0.569,3.6,5.0,0.732,1.7,5.3,7.1,4.3,0.8,0.3,1.8,2.4,21.7,2024-25,39019371,40580145.84
jrue holiday,38738196,2024,PG,33,BOS,69,69,32.8,4.8,10.0,0.48,2.0,4.7,0.429,2.8,5.3,0.526,0.581,0.9,1.0,0.833,1.2,4.2,5.4,4.8,0.9,0.8,1.8,1.6,12.5,2024-25,38738196,40287723.84
karl-anthony towns,37086384,2024,PF,28,MIN,62,62,32.7,7.7,15.3,0.504,2.2,5.3,0.416,5.5,10.1,0.55,0.575,4.1,4.7,0.873,1.5,6.8,8.3,3.0,0.7,0.7,2.9,3.3,21.8,2024-25,37086384,38569839.36
devin booker,37086384,2024,PG,27,PHO,68,68,36.0,9.4,19.2,0.492,2.2,6.1,0.364,7.2,13.0,0.552,0.55,6.0,6.7,0.886,0.8,3.7,4.5,6.9,0.9,0.4,2.6,3.0,27.1,2024-25,37086384,38569839.36
cj mccollum,36866302,2024,PG,32,NOP,66,66,32.7,7.3,16.0,0.459,3.6,8.4,0.429,3.7,7.5,0.492,0.572,1.7,2.1,0.827,0.6,3.7,4.3,4.6,0.9,0.6,1.7,1.9,20.0,2024-25,36866302,38340954.08
james harden,36740807,2024,PG,34,LAC,72,72,34.3,4.9,11.4,0.428,2.6,6.8,0.381,2.3,4.6,0.497,0.541,4.2,4.8,0.878,0.5,4.7,5.1,8.5,1.1,0.8,2.6,1.8,16.6,2024-25,36740807,38210439.28
darius garland,35015681,2024,PG,24,CLE,57,57,33.4,6.6,14.8,0.446,2.3,6.2,0.371,4.3,8.5,0.501,0.524,2.6,3.1,0.834,0.5,2.1,2.7,6.5,1.3,0.1,3.1,1.7,18.0,2024-25,35015681,36416308.24
ja morant,35015681,2024,PG,24,MEM,9,9,35.3,8.9,18.9,0.471,1.6,5.7,0.275,7.3,13.2,0.555,0.512,5.8,7.1,0.813,0.7,4.9,5.6,8.1,0.8,0.6,3.0,2.1,25.1,2024-25,35015681,36416308.24
zion williamson,35015681,2024,PF,23,NOP,70,70,31.5,8.9,15.6,0.57,0.1,0.3,0.333,8.8,15.4,0.574,0.573,5.0,7.1,0.702,1.7,4.1,5.8,5.0,1.1,0.7,2.8,2.3,22.9,2024-25,35015681,36416308.24
jamal murray,34838724,2024,PG,26,DEN,59,59,31.5,8.0,16.7,0.481,2.5,5.8,0.425,5.6,10.9,0.51,0.554,2.7,3.1,0.853,0.7,3.4,4.1,6.5,1.0,0.7,2.1,1.8,21.2,2024-25,34838724,36232272.96
brandon ingram,34838724,2024,SF,26,NOP,64,64,32.9,7.8,15.9,0.492,1.3,3.8,0.355,6.5,12.1,0.534,0.534,3.8,4.8,0.801,0.7,4.4,5.1,5.7,0.8,0.6,2.5,2.3,20.8,2024-25,34838724,36232272.96
shai gilgeous-alexander,34378905,2024,PG,25,OKC,75,75,34.0,10.6,19.8,0.535,1.3,3.6,0.353,9.3,16.2,0.576,0.567,7.6,8.7,0.874,0.9,4.7,5.5,6.2,2.0,0.9,2.2,2.5,30.1,2024-25,34378905,35754061.2
gordon hayward,34309448,2024,SF,33,OKC,51,28,24.4,3.7,7.9,0.464,0.7,1.8,0.411,2.9,6.1,0.479,0.51,1.7,2.4,0.742,0.7,2.8,3.5,3.1,0.8,0.3,1.3,1.3,9.8,2024-25,34309448,35681825.92
donovan mitchell,34147405,2024,SG,27,CLE,55,55,35.3,9.1,19.8,0.462,3.3,9.0,0.368,5.8,10.8,0.539,0.545,5.0,5.8,0.865,0.8,4.3,5.1,6.1,1.8,0.5,2.8,2.1,26.6,2024-25,34147405,35513301.2
jayson tatum,33568737,2024,PF,25,BOS,74,74,35.7,9.1,19.3,0.471,3.1,8.2,0.376,6.0,11.0,0.542,0.552,5.6,6.7,0.833,0.9,7.2,8.1,4.9,1.0,0.6,2.5,2.0,26.9,2024-25,33568737,34911486.480000004
bam adebayo,33568737,2024,C,26,MIA,71,71,34.0,7.5,14.3,0.521,0.2,0.6,0.357,7.3,13.7,0.528,0.529,4.1,5.5,0.755,2.2,8.1,10.4,3.9,1.1,0.9,2.3,2.2,19.3,2024-25,33568737,34911486.480000004
de'aaron fox,33568737,2024,PG,26,SAC,74,74,35.9,9.7,20.9,0.465,2.9,7.8,0.369,6.8,13.1,0.522,0.534,4.2,5.7,0.738,0.9,3.7,4.6,5.6,2.0,0.4,2.6,2.6,26.6,2024-25,33568737,34911486.480000004
deandre ayton,33423936,2024,C,25,POR,55,55,32.4,7.8,13.6,0.57,0.0,0.2,0.1,7.7,13.4,0.576,0.571,1.2,1.4,0.823,3.2,7.9,11.1,1.6,1.0,0.8,1.8,2.0,16.7,2024-25,33423936,34760893.44
jaylen brown,32776163,2024,SF,27,BOS,70,70,33.5,9.0,17.9,0.499,2.1,5.9,0.354,6.9,12.1,0.57,0.557,3.0,4.3,0.703,1.2,4.3,5.5,3.6,1.2,0.5,2.4,2.6,23.0,2024-25,32776163,34087209.52
chris paul,31715190,2024,PG,38,GSW,58,18,26.4,3.6,8.1,0.441,1.3,3.6,0.371,2.2,4.4,0.498,0.525,0.7,0.9,0.827,0.3,3.6,3.9,6.8,1.2,0.1,1.3,1.9,9.2,2024-25,31715190,32983797.6
kyle lowry,30564525,2024,PG,37,PHI,60,55,28.2,2.7,6.3,0.432,1.6,4.2,0.392,1.1,2.1,0.512,0.562,1.1,1.3,0.84,0.6,2.7,3.2,4.2,1.0,0.4,1.4,2.4,8.1,2024-25,30564525,31787106.0
khris middleton,30192230,2024,SF,32,MIL,55,55,27.0,5.8,11.7,0.493,1.7,4.5,0.381,4.1,7.2,0.563,0.566,1.8,2.2,0.833,0.7,3.9,4.7,5.3,0.9,0.3,2.3,2.6,15.1,2024-25,30192230,31399919.2
domantas sabonis,30170619,2024,C,27,SAC,82,82,35.7,7.7,13.0,0.594,0.4,1.1,0.379,7.3,12.0,0.613,0.609,3.6,5.1,0.704,3.6,10.1,13.7,8.2,0.9,0.6,3.3,3.0,19.4,2024-25,30170619,31377443.76
demar derozan,29449819,2024,SF,34,CHI,79,79,37.8,8.2,17.2,0.48,0.9,2.8,0.333,7.3,14.3,0.509,0.507,6.6,7.7,0.853,0.5,3.8,4.3,5.3,1.1,0.6,1.7,2.0,24.0,2024-25,29449819,30627811.76
jordan poole,28786021,2024,SG,24,WAS,78,66,30.1,6.3,15.2,0.413,2.4,7.2,0.326,3.9,8.0,0.492,0.491,2.5,2.8,0.877,0.4,2.3,2.7,4.4,1.1,0.3,2.4,3.1,17.4,2024-25,28786021,29937461.84
jerami grant,28405902,2024,PF,29,POR,54,54,33.9,7.1,15.7,0.451,2.1,5.1,0.402,5.0,10.6,0.474,0.516,4.7,5.8,0.817,0.7,2.9,3.5,2.8,0.8,0.6,2.1,2.2,21.0,2024-25,28405902,29542138.080000002
tyler herro,27802277,2024,SG,24,MIA,42,40,33.5,7.7,17.5,0.441,3.1,7.9,0.396,4.6,9.6,0.478,0.531,2.3,2.6,0.856,0.5,4.8,5.3,4.5,0.7,0.1,2.2,1.5,20.8,2024-25,27802277,28914368.080000002
julius randle,27744448,2024,PF,29,NYK,46,46,35.4,8.6,18.2,0.472,1.7,5.3,0.311,6.9,12.9,0.539,0.518,5.1,6.6,0.781,2.2,7.0,9.2,5.0,0.5,0.3,3.5,2.7,24.0,2024-25,27744448,28854225.92
jalen brunson,27129530,2024,PG,27,NYK,77,77,35.4,10.3,21.4,0.479,2.7,6.8,0.401,7.5,14.6,0.516,0.543,5.5,6.5,0.847,0.6,3.1,3.6,6.7,0.9,0.2,2.4,1.9,28.7,2024-25,27129530,28214711.2
cameron johnson,26442383,2024,PF,27,BRK,58,47,27.6,4.8,10.7,0.446,2.4,6.1,0.391,2.4,4.6,0.519,0.557,1.5,1.9,0.789,0.9,3.4,4.3,2.4,0.8,0.3,1.0,1.8,13.4,2024-25,26442383,27500078.32
kyle kuzma,26327914,2024,PF,28,WAS,70,70,32.6,8.7,18.8,0.463,2.2,6.4,0.336,6.5,12.3,0.53,0.521,2.7,3.4,0.775,0.9,5.7,6.6,4.2,0.5,0.7,2.7,2.2,22.2,2024-25,26327914,27381030.560000002
john collins,26092952,2024,PF,26,UTA,68,66,28.0,5.8,11.0,0.532,1.3,3.4,0.371,4.6,7.6,0.605,0.59,2.2,2.7,0.795,2.3,6.1,8.5,1.1,0.6,0.9,1.4,2.8,15.1,2024-25,26092952,27136670.080000002
brook lopez,25742849,2024,C,35,MIL,79,79,30.5,4.6,9.6,0.485,1.9,5.1,0.366,2.8,4.4,0.621,0.583,1.4,1.7,0.821,1.5,3.7,5.2,1.6,0.5,2.4,1.0,2.4,12.5,2024-25,25742849,26772562.96
mike conley,25083832,2024,PG,36,MIN,76,76,28.9,3.9,8.5,0.457,2.4,5.3,0.442,1.5,3.1,0.481,0.595,1.3,1.5,0.911,0.5,2.4,2.9,5.9,1.2,0.2,1.3,1.7,11.4,2024-25,25083832,26087185.28
andrew wiggins,25053308,2024,SF,28,GSW,71,59,27.0,5.0,11.0,0.453,1.3,3.6,0.358,3.7,7.4,0.498,0.511,2.0,2.7,0.751,1.5,3.0,4.5,1.7,0.6,0.6,1.2,2.1,13.2,2024-25,25053308,26055440.32
anfernee simons,24823461,2024,SG,24,POR,46,46,34.4,7.8,18.2,0.43,3.4,8.8,0.385,4.4,9.4,0.472,0.523,3.5,3.9,0.916,0.5,3.2,3.6,5.5,0.5,0.1,2.7,2.1,22.6,2024-25,24823461,25816399.44
rj barrett,24593615,2024,SG,23,TOR,58,58,31.7,7.5,15.2,0.495,1.6,4.3,0.36,6.0,10.9,0.549,0.547,3.6,5.0,0.715,0.9,4.5,5.4,3.3,0.5,0.4,2.2,2.2,20.2,2024-25,24593615,25577359.6
jordan clarkson,24185539,2024,SG,31,UTA,55,19,30.6,6.1,14.8,0.413,1.7,5.6,0.294,4.5,9.2,0.485,0.469,3.2,3.7,0.881,0.9,2.5,3.4,5.0,0.6,0.1,2.7,1.5,17.1,2024-25,24185539,25152960.560000002
terry rozier,23894740,2024,PG-SG,29,MIA,61,60,33.4,7.2,16.4,0.443,2.4,6.7,0.363,4.8,9.6,0.498,0.518,2.8,3.2,0.869,0.6,3.5,4.0,5.6,1.0,0.3,1.7,1.7,19.8,2024-25,23894740,24850529.6
dillon brooks,23300028,2024,SF,28,HOU,72,72,30.9,4.6,10.7,0.428,1.8,5.1,0.359,2.7,5.5,0.492,0.515,1.7,2.0,0.844,0.7,2.7,3.4,1.7,0.9,0.1,1.2,3.3,12.7,2024-25,23300028,24232029.12
malcolm brogdon,23168564,2024,PG,31,POR,39,25,28.7,5.6,12.7,0.44,2.1,5.1,0.412,3.5,7.6,0.458,0.522,2.4,3.0,0.819,0.7,3.1,3.8,5.5,0.7,0.2,1.5,1.5,15.7,2024-25,23168564,24095306.560000002
draymond green,22984687,2024,PF,33,GSW,55,52,27.1,3.4,6.8,0.497,0.9,2.3,0.395,2.4,4.4,0.551,0.566,1.0,1.3,0.73,1.4,5.9,7.2,6.0,1.0,0.9,2.5,3.0,8.6,2024-25,22984687,23904074.48
bruce brown,22653707,2024,PG-SG,27,TOR,67,44,27.9,4.1,8.7,0.478,0.8,2.4,0.323,3.4,6.2,0.538,0.523,1.7,2.1,0.824,0.8,3.4,4.2,2.9,0.9,0.3,1.3,2.2,10.8,2024-25,22653707,23559855.28
mikal bridges,22344793,2024,SF,27,BRK,82,82,34.8,6.9,15.8,0.436,2.7,7.2,0.372,4.2,8.6,0.49,0.521,3.1,3.9,0.814,0.8,3.7,4.5,3.6,1.0,0.4,2.0,1.4,19.6,2024-25,22344793,23238584.720000003
aaron gordon,21898084,2024,PF,28,DEN,73,73,31.5,5.5,9.8,0.556,0.5,1.9,0.29,4.9,7.9,0.619,0.584,2.4,3.7,0.658,2.4,4.1,6.5,3.5,0.8,0.6,1.4,1.9,13.9,2024-25,21898084,22774007.36
myles turner,21598250,2024,C,27,IND,77,77,27.0,6.2,11.8,0.524,1.5,4.2,0.358,4.7,7.6,0.615,0.587,3.2,4.1,0.773,1.5,5.5,6.9,1.3,0.5,1.9,1.4,3.0,17.1,2024-25,21598250,22462180.0
clint capela,21228583,2024,C,29,ATL,73,73,25.8,4.8,8.5,0.571,0.0,0.0,0.0,4.8,8.5,0.572,0.571,1.8,2.8,0.631,4.6,6.0,10.6,1.2,0.6,1.5,1.0,2.2,11.5,2024-25,21228583,22077726.32
spencer dinwiddie,21018311,2024,PG,30,LAL,76,52,28.3,3.3,8.4,0.392,1.6,4.8,0.337,1.7,3.6,0.467,0.489,2.2,2.8,0.805,0.4,2.3,2.7,4.7,0.7,0.3,1.2,1.8,10.5,2024-25,21018311,21859043.44
de'andre hunter,20686218,2024,SF,26,ATL,57,37,29.5,5.3,11.6,0.459,2.1,5.3,0.385,3.3,6.3,0.521,0.547,2.9,3.4,0.847,0.5,3.4,3.9,1.5,0.7,0.3,1.5,2.6,15.6,2024-25,20686218,21513666.720000003
jarrett allen,20594279,2024,C,25,CLE,77,77,31.7,6.7,10.6,0.634,0.0,0.1,0.0,6.7,10.6,0.638,0.634,3.0,4.1,0.742,3.2,7.4,10.5,2.7,0.7,1.1,1.6,1.9,16.5,2024-25,20594279,21418050.16
keldon johnson,20594279,2024,SF,24,SAS,69,27,29.5,5.7,12.5,0.454,1.8,5.3,0.346,3.8,7.2,0.533,0.527,2.5,3.2,0.792,1.4,4.1,5.5,2.8,0.7,0.3,1.4,2.2,15.7,2024-25,20594279,21418050.16
joe harris,20520727,2024,SG,32,DET,16,0,10.6,0.9,2.4,0.359,0.6,1.9,0.333,0.3,0.6,0.444,0.487,0.1,0.1,0.5,0.2,0.6,0.8,0.6,0.2,0.1,0.3,1.2,2.4,2024-25,20520727,21341556.080000002
jakob poeltl,20079422,2024,C,28,TOR,50,50,26.4,5.0,7.6,0.656,0.0,0.0,0.0,5.0,7.6,0.656,0.656,1.2,2.1,0.551,2.9,5.7,8.6,2.5,0.7,1.5,1.5,3.0,11.1,2024-25,20079422,20882598.88
buddy hield,19895988,2024,SF-SG,31,PHI,84,42,25.7,4.4,10.1,0.436,2.6,6.8,0.386,1.8,3.4,0.539,0.565,0.6,0.7,0.881,0.7,2.5,3.2,2.8,0.8,0.5,1.2,2.0,12.1,2024-25,19895988,20691827.52
derrick white,19417463,2024,SG,29,BOS,73,73,32.6,5.3,11.5,0.461,2.7,6.8,0.396,2.6,4.7,0.555,0.578,1.9,2.1,0.901,0.7,3.5,4.2,5.2,1.0,1.2,1.5,2.1,15.2,2024-25,19417463,20194161.52
evan fournier,19417463,2024,SG,31,DET,32,0,18.1,2.5,6.9,0.357,1.0,4.1,0.254,1.4,2.8,0.505,0.432,0.9,1.1,0.806,0.2,1.7,1.8,1.5,0.9,0.2,0.7,1.5,6.9,2024-25,19417463,20194161.52
og anunoby,19196810,2024,SF,26,NYK,50,50,34.0,5.6,11.5,0.489,2.0,5.3,0.382,3.6,6.2,0.581,0.577,1.3,1.8,0.753,0.9,3.2,4.2,2.1,1.4,0.7,1.6,2.4,14.7,2024-25,19196810,19964682.400000002
marcus smart,19135908,2024,PG,29,MEM,20,20,30.3,5.1,11.9,0.43,2.1,6.7,0.313,3.0,5.2,0.583,0.519,2.2,2.8,0.768,0.3,2.4,2.7,4.3,2.1,0.3,3.1,2.7,14.5,2024-25,19135908,19901344.32
dejounte murray,18755210,2024,SG,27,ATL,78,78,35.7,8.6,18.8,0.459,2.6,7.1,0.363,6.0,11.7,0.518,0.528,2.7,3.4,0.794,0.8,4.5,5.3,6.4,1.4,0.3,2.6,1.8,22.5,2024-25,18755210,19505418.400000002
duncan robinson,18693427,2024,SF,29,MIA,68,36,28.0,4.5,9.9,0.45,2.8,7.0,0.395,1.7,3.0,0.579,0.589,1.2,1.3,0.889,0.2,2.3,2.5,2.8,0.7,0.2,1.4,2.4,12.9,2024-25,18693427,19441164.080000002
norman powell,18534851,2024,SG,30,LAC,76,3,26.2,4.9,10.1,0.486,2.2,5.1,0.435,2.7,5.1,0.536,0.594,1.9,2.3,0.831,0.2,2.4,2.6,1.1,0.6,0.3,0.9,1.8,13.9,2024-25,18534851,19276245.04
marcus morris,18135610,2024,PF,34,CLE,49,7,16.7,2.4,5.4,0.439,1.0,2.4,0.403,1.4,3.0,0.469,0.53,0.7,0.9,0.818,0.5,2.3,2.7,0.7,0.3,0.3,0.6,1.5,6.4,2024-25,18135610,18861034.400000002
collin sexton,18045737,2024,SG,25,UTA,78,51,26.6,6.5,13.3,0.487,1.6,4.2,0.394,4.8,9.1,0.53,0.549,4.1,4.7,0.859,0.9,1.7,2.6,4.9,0.8,0.2,2.1,2.0,18.7,2024-25,18045737,18767566.48
jonathan isaac,17917023,2024,PF,26,ORL,58,2,15.8,2.5,4.9,0.51,0.7,1.9,0.375,1.8,3.0,0.598,0.584,1.0,1.4,0.72,1.3,3.2,4.5,0.5,0.7,1.2,0.5,1.1,6.8,2024-25,17917023,18633703.92
d'angelo russell,17821973,2024,PG,27,LAL,76,69,32.7,6.5,14.2,0.456,3.0,7.2,0.415,3.5,7.0,0.497,0.56,2.1,2.5,0.828,0.4,2.7,3.1,6.3,0.9,0.5,2.1,2.1,18.0,2024-25,17821973,18534851.92
lauri markkanen,17772862,2024,PF,26,UTA,55,55,33.1,7.8,16.2,0.48,3.2,8.0,0.399,4.6,8.2,0.559,0.578,4.5,5.0,0.899,2.2,5.9,8.2,2.0,0.9,0.5,1.4,1.8,23.2,2024-25,17772862,18483776.48
markelle fultz,17505137,2024,PG,25,ORL,43,18,21.2,3.6,7.6,0.472,0.1,0.4,0.222,3.5,7.2,0.487,0.479,0.5,0.8,0.697,1.3,1.9,3.2,2.8,1.0,0.3,1.2,1.5,7.8,2024-25,17505137,18205342.48
harrison barnes,17505137,2024,PF,31,SAC,82,82,29.0,4.2,8.9,0.474,1.8,4.7,0.387,2.4,4.2,0.571,0.576,1.9,2.4,0.801,0.8,2.2,3.0,1.2,0.7,0.1,0.7,1.2,12.2,2024-25,17505137,18205342.48
rui hachimura,16208460,2024,PF,25,LAL,68,39,26.9,5.3,9.9,0.537,1.4,3.4,0.422,3.9,6.5,0.597,0.609,1.5,2.0,0.739,0.9,3.5,4.3,1.2,0.6,0.4,0.7,1.5,13.6,2024-25,16208460,16856798.400000002
mitchell robinson,16147787,2024,C,25,NYK,31,21,24.8,2.4,4.1,0.575,0.0,0.0,0.0,2.4,4.1,0.575,0.575,0.9,2.1,0.409,4.6,3.9,8.5,0.6,1.2,1.1,0.8,1.8,5.6,2024-25,16147787,16793698.48
kevin huerter,16135250,2024,SG,25,SAC,64,59,24.4,3.9,8.8,0.443,1.9,5.3,0.361,2.0,3.4,0.571,0.553,0.6,0.7,0.766,0.6,2.9,3.5,2.6,0.7,0.4,0.8,2.1,10.2,2024-25,16135250,16780660.0
caris levert,15841754,2024,SG,29,CLE,68,10,28.8,5.1,12.1,0.421,1.6,4.9,0.325,3.5,7.2,0.486,0.487,2.3,3.0,0.766,0.6,3.5,4.1,5.1,1.1,0.5,1.7,1.8,14.0,2024-25,15841754,16475424.16
luguentz dort,15731741,2024,SF,24,OKC,79,79,28.4,3.6,8.3,0.438,2.0,5.0,0.394,1.7,3.3,0.506,0.557,1.6,2.0,0.826,0.9,2.7,3.6,1.4,0.9,0.6,0.9,2.9,10.9,2024-25,15731741,16361010.64
luke kennard,15202322,2024,SG,27,MEM,39,22,25.6,3.6,8.1,0.448,2.7,6.1,0.45,0.9,2.0,0.442,0.617,1.0,1.2,0.889,0.3,2.6,2.9,3.5,0.5,0.1,1.4,1.0,11.0,2024-25,15202322,15810414.88
kentavious caldwell-pope,15141880,2024,SG,30,DEN,76,76,31.6,3.6,7.7,0.46,1.6,4.1,0.406,1.9,3.7,0.52,0.566,1.3,1.5,0.894,0.4,2.0,2.4,2.4,1.3,0.6,1.0,2.0,10.1,2024-25,15141880,15747555.200000001
max strus,14918170,2024,SF,27,CLE,70,70,32.0,4.3,10.4,0.418,2.4,6.8,0.351,1.9,3.6,0.546,0.533,1.1,1.4,0.794,0.9,3.9,4.8,4.0,0.9,0.4,1.6,2.4,12.2,2024-25,14918170,15514896.8
reggie bullock,14632779,2024,SF,32,HOU,44,0,9.5,0.8,1.9,0.415,0.6,1.5,0.403,0.2,0.3,0.467,0.579,0.0,0.0,1.0,0.1,1.5,1.7,0.3,0.3,0.1,0.2,0.7,2.2,2024-25,14632779,15218090.16
doug mcdermott,14415995,2024,SF,32,IND,64,0,14.1,1.9,4.4,0.433,1.5,3.6,0.41,0.5,0.9,0.527,0.599,0.2,0.3,0.579,0.2,0.8,0.9,1.1,0.3,0.0,0.4,1.0,5.5,2024-25,14415995,14992634.8
tyus jones,14415995,2024,PG,27,WAS,66,66,29.3,4.9,10.1,0.489,1.6,3.9,0.414,3.3,6.2,0.537,0.569,0.5,0.6,0.8,0.3,2.4,2.7,7.3,1.1,0.3,1.0,0.7,12.0,2024-25,14415995,14992634.8
dorian finney-smith,14345983,2024,PF,30,BRK,68,56,28.4,3.2,7.5,0.421,1.7,4.9,0.348,1.4,2.6,0.56,0.535,0.5,0.7,0.717,1.6,3.1,4.7,1.6,0.8,0.6,0.9,2.2,8.5,2024-25,14345983,14919822.32
anthony edwards,13936990,2024,SG,22,MIN,79,78,35.1,9.1,19.7,0.461,2.4,6.7,0.357,6.7,13.0,0.515,0.522,5.4,6.4,0.836,0.7,4.8,5.4,5.1,1.3,0.5,3.1,1.8,25.9,2024-25,13936990,14494469.6
gary harris,13386281,2024,SG,29,ORL,54,27,24.0,2.4,5.5,0.441,1.4,3.8,0.371,1.0,1.7,0.598,0.569,0.6,0.8,0.756,0.4,1.2,1.7,1.6,0.9,0.3,0.6,1.7,6.9,2024-25,13386281,13921732.24
josh hart,13345093,2024,SF,28,NYK,81,42,33.4,3.6,8.4,0.434,1.0,3.2,0.31,2.7,5.2,0.511,0.493,1.1,1.4,0.791,1.6,6.8,8.3,4.1,0.9,0.3,1.5,2.1,9.4,2024-25,13345093,13878896.72
naz reid,13335207,2024,C,24,MIN,81,14,24.2,5.0,10.5,0.477,2.1,5.0,0.414,2.9,5.5,0.535,0.576,1.3,1.8,0.736,0.9,4.3,5.2,1.3,0.8,0.9,1.4,2.1,13.5,2024-25,13335207,13868615.280000001
brandon clarke,12871424,2024,PF,27,MEM,6,1,22.3,5.5,9.8,0.559,0.2,1.0,0.167,5.3,8.8,0.604,0.568,0.2,1.2,0.143,2.2,3.2,5.3,1.5,0.8,1.0,0.5,1.3,11.3,2024-25,12871424,13386280.96
grant williams,12773601,2024,PF,25,CHO,76,43,28.0,3.6,8.0,0.456,1.7,4.4,0.375,2.0,3.5,0.558,0.56,1.4,1.8,0.757,1.1,3.1,4.2,2.3,0.6,0.5,1.4,3.0,10.3,2024-25,12773601,13284545.040000001
daniel gafford,12770512,2024,C-PF,25,DAL,74,66,24.5,4.7,6.5,0.725,0.0,0.0,0.0,4.7,6.5,0.725,0.725,1.6,2.4,0.674,2.6,5.0,7.6,1.6,0.9,2.1,1.0,3.1,11.0,2024-25,12770512,13281332.48
kelly olynyk,12557487,2024,C,32,TOR,78,27,22.6,3.5,6.4,0.555,0.8,2.0,0.387,2.8,4.4,0.632,0.616,1.9,2.3,0.833,1.4,3.9,5.3,4.4,0.9,0.4,1.9,2.9,9.8,2024-25,12557487,13059786.48
victor wembanyama,12521972,2024,C,20,SAS,71,71,29.7,7.8,16.7,0.465,1.8,5.5,0.325,6.0,11.2,0.534,0.519,4.1,5.2,0.796,2.3,8.4,10.6,3.9,1.2,3.6,3.7,2.2,21.4,2024-25,12521972,13022850.88
james wiseman,12479556,2024,C,22,DET,63,6,17.3,3.0,4.8,0.613,0.0,0.0,0.0,3.0,4.8,0.617,0.613,1.1,1.6,0.706,1.7,3.6,5.3,0.9,0.2,0.6,1.0,2.2,7.1,2024-25,12479556,12978738.24
richaun holmes,12403955,2024,C-PF,30,WAS,40,10,13.9,2.1,3.7,0.558,0.0,0.1,0.333,2.0,3.6,0.563,0.561,0.9,1.2,0.723,1.8,2.8,4.6,0.6,0.3,0.5,0.6,1.9,5.0,2024-25,12403955,12900113.200000001
austin reaves,12372167,2024,SG,25,LAL,82,57,32.1,5.6,11.5,0.486,1.9,5.1,0.367,3.7,6.3,0.583,0.568,2.8,3.3,0.853,0.7,3.6,4.3,5.5,0.8,0.3,2.1,1.9,15.9,2024-25,12372167,12867053.68
chris boucher,12099139,2024,PF,31,TOR,50,0,14.1,2.2,4.3,0.507,0.6,1.9,0.33,1.6,2.5,0.642,0.578,1.4,1.8,0.772,1.2,2.9,4.1,0.5,0.3,0.5,0.6,1.4,6.4,2024-25,12099139,12583104.56
bobby portis,12058792,2024,PF,28,MIL,82,4,24.5,5.7,11.2,0.508,1.2,3.0,0.407,4.5,8.2,0.545,0.562,1.2,1.5,0.79,1.7,5.7,7.4,1.3,0.8,0.4,1.1,2.3,13.8,2024-25,12058792,12541143.68
nicolas batum,12058792,2024,PF,35,PHI,60,38,25.5,1.9,4.3,0.453,1.2,3.1,0.395,0.7,1.2,0.606,0.596,0.3,0.4,0.714,1.2,3.0,4.1,2.1,0.8,0.6,0.7,1.8,5.3,2024-25,12058792,12541143.68
robert covington,12039732,2024,SF-PF,33,PHI,29,6,16.8,1.5,3.4,0.439,0.7,1.9,0.339,0.8,1.4,0.571,0.536,0.8,0.9,0.846,1.1,2.3,3.3,0.8,1.3,0.6,0.4,1.9,4.4,2024-25,12039732,12521321.280000001
paolo banchero,11953002,2024,PF,21,ORL,80,80,35.0,8.0,17.6,0.455,1.5,4.4,0.339,6.5,13.2,0.493,0.497,5.1,7.0,0.725,1.0,5.9,6.9,5.4,0.9,0.6,3.1,1.9,22.6,2024-25,11953002,12431122.08
robert williams,11915262,2024,C,26,POR,6,0,19.8,2.8,4.3,0.654,0.0,0.0,0.0,2.8,4.3,0.654,0.654,1.2,1.5,0.778,1.8,4.5,6.3,0.8,1.2,1.2,1.2,2.8,6.8,2024-25,11915262,12391872.48
coby white,11441266,2024,PG,23,CHI,79,78,36.5,6.8,15.3,0.447,2.6,7.0,0.376,4.2,8.3,0.508,0.534,2.8,3.3,0.838,0.6,4.0,4.5,5.1,0.7,0.2,2.1,2.4,19.1,2024-25,11441266,11898916.64
cade cunningham,11383858,2024,PG,22,DET,62,62,33.5,8.5,18.8,0.449,1.9,5.4,0.355,6.5,13.4,0.487,0.5,3.8,4.4,0.869,0.5,3.8,4.3,7.5,0.9,0.4,3.4,2.5,22.7,2024-25,11383858,11839212.32
talen horton-tucker,11347447,2024,PG,23,UTA,51,11,19.8,3.6,9.1,0.396,1.2,3.6,0.33,2.4,5.5,0.438,0.46,1.7,2.1,0.807,0.4,2.0,2.4,3.5,0.9,0.4,1.3,1.8,10.1,2024-25,11347447,11801344.88
maxi kleber,11326853,2024,C,32,DAL,43,7,20.3,1.5,3.4,0.432,0.7,2.1,0.348,0.7,1.3,0.574,0.541,0.8,1.1,0.702,0.7,2.6,3.3,1.6,0.4,0.7,0.7,1.8,4.4,2024-25,11326853,11779927.120000001
joe ingles,11326853,2024,SF,36,ORL,68,0,17.2,1.5,3.3,0.436,1.0,2.4,0.435,0.4,1.0,0.439,0.59,0.4,0.5,0.824,0.3,1.8,2.1,3.0,0.6,0.1,1.0,1.3,4.4,2024-25,11326853,11779927.120000001
ivica zubac,11258205,2024,C,26,LAC,68,68,26.4,5.0,7.6,0.649,0.0,0.0,0.0,5.0,7.6,0.649,0.649,1.8,2.4,0.723,2.9,6.3,9.2,1.4,0.3,1.2,1.2,2.6,11.7,2024-25,11258205,11708533.200000001
lamelo ball,11224536,2024,PG,22,CHO,22,22,32.3,8.3,19.2,0.433,3.2,9.0,0.355,5.1,10.3,0.5,0.515,4.1,4.7,0.865,1.3,3.8,5.1,8.0,1.8,0.2,3.8,3.6,23.9,2024-25,11224536,11673517.44
donte divincenzo,11223882,2024,SG,27,NYK,81,63,29.1,5.5,12.4,0.443,3.5,8.7,0.401,2.0,3.7,0.542,0.584,1.1,1.4,0.754,0.8,2.9,3.7,2.7,1.3,0.4,1.4,2.0,15.5,2024-25,11223882,11672837.280000001
brandon miller,11203662,2024,SF,21,CHO,74,68,32.2,6.4,14.6,0.44,2.5,6.7,0.373,3.9,8.0,0.495,0.524,1.9,2.3,0.827,0.8,3.4,4.3,2.4,0.9,0.6,1.8,2.5,17.3,2024-25,11203662,11651808.48
terance mann,10891205,2024,SG,27,LAC,75,71,25.0,3.4,6.6,0.515,0.9,2.7,0.348,2.4,3.9,0.633,0.587,1.1,1.3,0.832,1.2,2.2,3.4,1.6,0.6,0.2,0.6,1.9,8.8,2024-25,10891205,11326853.200000001
gabe vincent,10811996,2024,PG,27,LAL,11,0,19.8,1.4,4.5,0.306,0.3,2.5,0.107,1.1,1.9,0.571,0.337,0.1,0.2,0.5,0.4,0.5,0.8,1.9,0.8,0.0,0.5,1.7,3.1,2024-25,10811996,11244475.84
matisse thybulle,10811996,2024,SF,26,POR,65,19,22.9,1.9,4.9,0.397,1.2,3.6,0.346,0.7,1.3,0.535,0.524,0.3,0.4,0.759,0.5,1.6,2.1,1.4,1.7,0.8,0.6,1.4,5.4,2024-25,10811996,11244475.84
alec burks,10801287,2024,SG,32,NYK,66,1,18.4,3.2,8.6,0.369,1.9,5.0,0.376,1.3,3.6,0.36,0.478,2.2,2.5,0.868,0.4,1.9,2.3,1.3,0.4,0.2,0.7,1.1,10.4,2024-25,10801287,11233338.48
chet holmgren,10694609,2024,C,21,OKC,82,82,29.4,6.2,11.6,0.53,1.6,4.3,0.37,4.6,7.4,0.623,0.598,2.7,3.4,0.793,1.6,6.3,7.9,2.4,0.6,2.3,1.6,2.4,16.5,2024-25,10694609,11122393.360000001
landry shamet,10554568,2024,SG,26,WAS,46,5,15.8,2.6,6.0,0.431,1.2,3.4,0.338,1.4,2.5,0.556,0.527,0.8,1.0,0.826,0.3,1.0,1.3,1.2,0.5,0.2,0.7,1.7,7.1,2024-25,10554568,10976750.72
al horford,10297139,2024,C,37,BOS,65,33,26.8,3.3,6.4,0.511,1.7,4.0,0.419,1.6,2.5,0.658,0.64,0.4,0.5,0.867,1.3,5.1,6.4,2.6,0.6,1.0,0.7,1.4,8.6,2024-25,10297139,10709024.56
malik monk,10241360,2024,SG,25,SAC,72,0,26.0,5.5,12.4,0.443,2.1,5.9,0.35,3.4,6.5,0.528,0.526,2.4,2.8,0.829,0.4,2.6,2.9,5.1,0.6,0.5,2.1,2.2,15.4,2024-25,10241360,10651014.4
tre jones,10189877,2024,PG,24,SAS,77,48,27.8,3.9,7.8,0.505,0.8,2.5,0.335,3.1,5.3,0.584,0.558,1.3,1.5,0.856,0.8,3.0,3.8,6.2,1.0,0.1,1.5,1.2,10.0,2024-25,10189877,10597472.08
jalen green,10185395,2024,SG,21,HOU,82,82,31.7,6.9,16.2,0.423,2.5,7.4,0.332,4.4,8.9,0.498,0.498,3.5,4.3,0.804,0.5,4.7,5.2,3.5,0.8,0.3,2.3,1.4,19.6,2024-25,10185395,10592810.8
patrick williams,10128144,2024,PF,22,CHI,43,30,27.3,3.7,8.3,0.443,1.4,3.4,0.399,2.3,4.9,0.474,0.525,1.2,1.5,0.788,1.1,2.8,3.9,1.5,0.9,0.8,1.3,2.0,10.0,2024-25,10128144,10533269.76
monte morris,10092150,2024,PG,28,MIN,33,0,14.4,1.9,4.6,0.405,0.8,2.1,0.386,1.1,2.5,0.422,0.493,0.4,0.6,0.684,0.2,1.5,1.7,2.1,0.6,0.3,0.2,0.4,5.0,2024-25,10092150,10495836.0
scoot henderson,10061236,2024,PG,19,POR,62,32,28.5,5.0,12.9,0.385,1.4,4.3,0.325,3.5,8.5,0.416,0.44,2.7,3.3,0.819,0.9,2.3,3.1,5.4,0.8,0.2,3.4,3.1,14.0,2024-25,10061236,10463685.44
royce o'neale,9782282,2024,SF,30,PHO,79,14,24.7,2.7,6.8,0.397,2.0,5.3,0.37,0.7,1.5,0.496,0.542,0.3,0.4,0.686,0.8,4.0,4.8,2.8,0.7,0.6,0.9,2.2,7.7,2024-25,9782282,10173573.280000001
alex caruso,9741094,2024,SG,29,CHI,71,57,28.7,3.6,7.6,0.468,1.9,4.7,0.408,1.6,2.9,0.563,0.593,1.0,1.4,0.76,0.9,3.0,3.8,3.5,1.7,1.0,1.4,2.5,10.1,2024-25,9741094,10130737.76
pat connaughton,9703889,2024,SF,31,MIL,76,3,22.1,2.0,4.6,0.435,1.1,3.1,0.345,0.9,1.4,0.633,0.553,0.6,0.8,0.759,0.7,2.5,3.1,2.1,0.5,0.3,0.6,1.3,5.6,2024-25,9703889,10092044.56
cameron payne,9670523,2024,PG,29,PHI,78,10,16.7,2.7,6.2,0.432,1.3,3.4,0.39,1.3,2.7,0.486,0.541,0.7,0.9,0.866,0.3,1.2,1.5,2.6,0.5,0.1,0.8,1.6,7.4,2024-25,9670523,10057343.92
isaiah hartenstein,9519830,2024,C,25,NYK,75,49,25.3,3.1,4.9,0.644,0.0,0.0,0.333,3.1,4.8,0.646,0.645,1.5,2.1,0.707,3.3,5.1,8.3,2.5,1.2,1.1,1.2,2.8,7.8,2024-25,9519830,9900623.200000001
kyle anderson,9493460,2024,PF,30,MIN,79,10,22.6,2.5,5.5,0.46,0.1,0.6,0.229,2.4,4.9,0.488,0.472,1.2,1.7,0.708,0.8,2.7,3.5,4.2,0.9,0.6,1.2,1.6,6.4,2024-25,9493460,9873198.4
daniel theis,9379032,2024,C,31,LAC,60,3,16.9,2.6,4.9,0.532,0.4,1.2,0.366,2.2,3.7,0.586,0.577,0.6,0.8,0.76,1.4,2.7,4.1,1.0,0.4,0.9,0.7,2.1,6.3,2024-25,9379032,9754193.280000001
thaddeus young,9278104,2024,PF,35,PHO,33,6,13.3,2.0,3.3,0.602,0.0,0.2,0.143,1.9,3.1,0.634,0.606,0.2,0.5,0.4,1.4,1.7,3.1,1.7,0.7,0.2,0.5,1.5,4.2,2024-25,9278104,9649228.16
grayson allen,9190197,2024,SG,28,PHO,75,74,33.5,4.5,9.1,0.499,2.7,5.9,0.461,1.8,3.2,0.57,0.649,1.7,2.0,0.878,0.6,3.3,3.9,3.0,0.9,0.6,1.3,2.1,13.5,2024-25,9190197,9557804.88
isaac okoro,9185866,2024,SF,23,CLE,69,42,27.3,3.4,7.0,0.49,1.2,3.1,0.391,2.2,3.8,0.57,0.577,1.3,2.0,0.679,1.0,2.0,3.0,1.9,0.8,0.5,0.8,2.0,9.4,2024-25,9185866,9553300.64
evan mobley,9146578,2024,PF,22,CLE,50,50,30.6,6.4,11.0,0.58,0.4,1.2,0.373,6.0,9.9,0.604,0.6,2.5,3.4,0.719,2.2,7.1,9.4,3.2,0.9,1.4,1.8,2.7,15.7,2024-25,9146578,9512441.120000001
amen thompson,9071042,2024,SF,21,HOU,62,23,22.4,3.9,7.2,0.536,0.1,0.9,0.138,3.7,6.3,0.595,0.545,1.7,2.5,0.684,2.4,4.2,6.6,2.6,1.3,0.6,1.5,2.3,9.5,2024-25,9071042,9433883.68
georges niang,9061482,2024,PF,30,CLE,82,10,22.3,3.5,7.7,0.449,1.8,4.8,0.376,1.6,2.9,0.572,0.567,0.6,0.7,0.85,0.3,3.1,3.4,1.2,0.4,0.2,0.9,2.3,9.4,2024-25,9061482,9423941.280000001
gary payton ii,8973957,2024,SG,31,GSW,44,0,15.5,2.3,4.2,0.563,0.5,1.3,0.364,1.9,2.9,0.648,0.617,0.3,0.5,0.609,1.0,1.5,2.6,1.1,0.9,0.4,0.6,1.8,5.5,2024-25,8973957,9332915.280000001
keegan murray,8658864,2024,SF,23,SAC,77,77,33.6,5.8,12.7,0.454,2.4,6.6,0.358,3.4,6.0,0.56,0.548,1.3,1.6,0.831,1.4,4.1,5.5,1.7,1.0,0.8,0.8,2.7,15.2,2024-25,8658864,9005218.56
delon wright,8438631,2024,PG,31,MIA,47,1,15.8,1.6,4.0,0.394,0.5,1.4,0.368,1.0,2.6,0.408,0.46,0.8,1.0,0.822,0.4,1.4,1.8,2.5,1.1,0.2,0.3,0.7,4.5,2024-25,8438631,8776176.24
onyeka okongwu,8350015,2024,C,23,ATL,55,8,25.5,4.1,6.6,0.611,0.4,1.3,0.333,3.6,5.4,0.676,0.642,1.7,2.1,0.793,2.6,4.2,6.8,1.3,0.5,1.1,0.8,2.9,10.2,2024-25,8350015,8684015.6
scottie barnes,8246649,2024,SG,22,TOR,60,60,34.9,7.5,15.7,0.475,1.7,4.9,0.341,5.8,10.8,0.536,0.528,3.3,4.2,0.781,2.4,5.9,8.2,6.1,1.3,1.5,2.8,2.0,19.9,2024-25,8246649,8576514.96
jock landale,8237711,2024,C,28,HOU,56,3,13.6,1.9,3.7,0.515,0.2,0.7,0.25,1.7,3.0,0.578,0.539,0.9,1.2,0.8,1.6,1.5,3.1,1.2,0.4,0.6,0.6,1.3,4.9,2024-25,8237711,8567219.44
jeff green,8237711,2024,PF,37,HOU,78,6,16.8,2.1,4.7,0.456,0.7,2.1,0.331,1.5,2.6,0.553,0.529,1.6,1.9,0.819,0.6,1.7,2.3,0.9,0.2,0.4,0.6,1.3,6.5,2024-25,8237711,8567219.44
moritz wagner,8237711,2024,C,26,ORL,80,1,17.7,4.2,6.9,0.601,0.5,1.4,0.33,3.7,5.5,0.673,0.636,2.1,2.6,0.814,1.5,2.9,4.3,1.2,0.5,0.3,1.2,2.0,10.9,2024-25,8237711,8567219.44
de'anthony melton,8237711,2024,SG,25,PHI,38,33,26.9,3.7,9.5,0.386,2.0,5.6,0.36,1.6,3.8,0.425,0.493,1.7,2.1,0.835,0.7,3.0,3.7,3.0,1.6,0.4,1.0,2.2,11.1,2024-25,8237711,8567219.44
trey lyles,8237711,2024,PF,28,SAC,58,0,20.0,2.5,5.5,0.445,1.4,3.8,0.384,1.0,1.8,0.578,0.576,0.8,1.2,0.7,1.1,3.4,4.4,1.2,0.3,0.3,0.7,1.5,7.2,2024-25,8237711,8567219.44
ausar thompson,8214460,2024,SF,21,DET,63,38,25.1,3.7,7.6,0.483,0.3,1.8,0.186,3.3,5.8,0.575,0.505,1.1,1.9,0.597,2.0,4.3,6.4,1.9,1.1,0.9,1.3,2.8,8.8,2024-25,8214460,8543038.4
miles bridges,8156673,2024,SF,25,CHO,69,67,37.4,8.1,17.5,0.462,2.3,6.5,0.349,5.8,11.0,0.529,0.527,2.5,3.1,0.825,1.0,6.3,7.3,3.3,0.9,0.5,2.0,1.7,21.0,2024-25,8156673,8482939.92
danilo gallinari,8083317,2024,PF-SF,35,MIL,49,0,12.9,1.7,3.9,0.437,0.6,1.9,0.323,1.1,2.0,0.546,0.516,1.7,2.0,0.857,0.4,1.8,2.2,1.1,0.3,0.1,0.5,1.0,5.7,2024-25,8083317,8406649.68
paul reed,7952480,2024,C,24,PHI,82,24,19.4,3.2,5.9,0.54,0.3,0.7,0.368,2.9,5.2,0.563,0.561,0.7,1.0,0.718,2.4,3.6,6.0,1.3,0.8,1.0,0.8,2.4,7.3,2024-25,7952480,8270579.2
zach collins,7928797,2024,C,26,SAS,69,29,22.1,4.3,8.9,0.484,0.8,2.6,0.32,3.5,6.3,0.552,0.531,1.8,2.3,0.753,1.7,3.7,5.4,2.8,0.5,0.8,1.9,3.0,11.2,2024-25,7928797,8245948.88
jaden ivey,7840736,2024,SG,21,DET,77,61,28.8,5.4,12.6,0.429,1.6,4.8,0.336,3.8,7.8,0.485,0.492,2.9,3.9,0.749,1.1,2.3,3.4,3.8,0.7,0.5,2.5,2.6,15.4,2024-25,7840736,8154365.44
cody martin,7784637,2024,SF,28,CHO,28,22,26.9,2.9,7.7,0.381,1.0,3.1,0.314,2.0,4.6,0.426,0.444,0.7,1.2,0.606,0.7,3.2,3.9,3.7,1.1,0.6,1.6,1.7,7.5,2024-25,7784637,8096022.48
kevon looney,7722854,2024,C,27,GSW,74,36,16.1,1.9,3.1,0.597,0.0,0.0,0.0,1.9,3.1,0.599,0.597,0.8,1.1,0.675,1.9,3.7,5.7,1.8,0.4,0.4,0.7,2.1,4.5,2024-25,7722854,8031768.16
killian hayes,7634253,2024,PG,22,DET,42,31,24.0,2.8,6.7,0.413,0.5,1.8,0.297,2.3,5.0,0.455,0.452,0.8,1.2,0.66,0.3,2.6,2.8,4.9,0.9,0.5,1.2,1.8,6.9,2024-25,7634253,7939623.12
jalen suggs,7467568,2024,SG,22,ORL,75,75,27.0,4.5,9.5,0.471,2.0,5.1,0.397,2.4,4.4,0.556,0.578,1.6,2.1,0.756,0.6,2.4,3.1,2.7,1.4,0.6,1.8,2.7,12.6,2024-25,7467568,7766270.720000001
anthony black,7460771,2024,PG,20,ORL,69,33,16.9,1.7,3.6,0.466,0.5,1.4,0.394,1.1,2.2,0.51,0.54,0.7,1.2,0.613,0.5,1.5,2.0,1.3,0.5,0.3,0.8,1.6,4.6,2024-25,7460771,7759201.84
jae'sean tate,7207997,2024,SF,28,HOU,65,9,15.9,1.7,3.5,0.472,0.4,1.2,0.299,1.3,2.3,0.559,0.522,0.4,0.6,0.667,0.9,2.1,3.0,1.0,0.6,0.2,0.6,2.1,4.1,2024-25,7207997,7496316.88
bennedict mathurin,7121584,2024,SF,21,IND,59,19,26.1,5.0,11.2,0.446,1.4,3.6,0.374,3.7,7.6,0.481,0.507,3.1,3.8,0.821,1.0,2.9,4.0,2.0,0.6,0.2,1.6,2.0,14.5,2024-25,7121584,7406447.36
obi toppin,7005156,2024,PF,25,IND,82,28,21.1,4.0,7.1,0.573,1.2,3.1,0.403,2.8,4.0,0.706,0.661,0.9,1.2,0.77,1.0,2.9,3.9,1.6,0.6,0.5,0.8,1.7,10.3,2024-25,7005156,7285362.24
caleb martin,7005092,2024,SF,28,MIA,64,23,27.4,3.8,8.7,0.431,1.3,3.6,0.349,2.5,5.1,0.489,0.504,1.2,1.5,0.778,1.2,3.2,4.4,2.2,0.7,0.5,1.2,2.0,10.0,2024-25,7005092,7285295.680000001
cedi osman,6918485,2024,SF,28,SAS,72,3,17.6,2.6,5.3,0.479,1.2,3.1,0.389,1.4,2.3,0.601,0.591,0.5,0.7,0.673,0.3,2.2,2.5,1.7,0.5,0.2,0.7,1.5,6.8,2024-25,6918485,7195224.4
bilal coulibaly,6810791,2024,SF,19,WAS,63,15,27.2,3.0,6.9,0.435,1.0,2.9,0.346,2.0,3.9,0.502,0.509,1.5,2.1,0.702,0.9,3.2,4.1,1.7,0.9,0.8,1.4,2.2,8.4,2024-25,6810791,7083222.640000001
josh giddey,6782767,2024,SG,21,OKC,80,80,25.1,5.0,10.6,0.475,1.0,3.0,0.337,4.0,7.6,0.53,0.523,1.3,1.6,0.806,1.4,5.0,6.4,4.8,0.6,0.6,2.1,1.4,12.3,2024-25,6782767,7054077.680000001
ayo dosunmu,6674072,2024,SG,24,CHI,76,37,29.1,4.7,9.5,0.501,1.6,3.9,0.403,3.2,5.6,0.568,0.583,1.1,1.4,0.81,0.7,2.1,2.8,3.2,0.9,0.5,1.4,2.2,12.2,2024-25,6674072,6941034.88
sasha vezenkov,6529894,2024,PF,28,SAC,42,0,12.2,2.0,4.5,0.44,1.1,2.9,0.375,0.9,1.7,0.549,0.558,0.3,0.4,0.8,0.7,1.6,2.3,0.5,0.5,0.2,0.3,1.0,5.4,2024-25,6529894,6791089.76
shaedon sharpe,6501408,2024,SG,20,POR,32,25,33.1,5.5,13.6,0.406,1.9,5.6,0.333,3.6,7.9,0.457,0.475,3.1,3.7,0.824,1.3,3.7,5.0,2.9,0.9,0.4,2.3,2.8,15.9,2024-25,6501408,6761464.32
deni avdija,6449292,2024,SF,23,WAS,75,75,30.1,5.4,10.7,0.506,1.2,3.1,0.374,4.2,7.6,0.56,0.56,2.7,3.6,0.74,1.1,6.1,7.2,3.8,0.8,0.5,2.1,2.5,14.7,2024-25,6449292,6707263.680000001
nassir little,6435712,2024,SF,23,PHO,45,2,10.2,1.3,2.8,0.46,0.5,1.6,0.3,0.8,1.2,0.667,0.544,0.4,0.4,0.85,0.3,1.4,1.7,0.5,0.2,0.2,0.3,0.9,3.4,2024-25,6435712,6693140.48
bismack biyombo,6378124,2024,C,31,OKC,40,27,19.8,1.9,3.3,0.565,0.0,0.0,0.0,1.9,3.3,0.565,0.565,0.7,1.4,0.481,1.6,3.7,5.2,1.3,0.3,0.9,1.1,2.2,4.4,2024-25,6378124,6633248.96
jevon carter,6374419,2024,PG,28,CHI,72,0,13.9,1.9,5.1,0.378,1.1,3.3,0.329,0.8,1.8,0.466,0.484,0.1,0.1,0.571,0.2,0.7,0.8,1.3,0.5,0.2,0.5,1.0,5.0,2024-25,6374419,6629395.76
kenrich williams,6358483,2024,PF,29,OKC,69,1,14.9,1.9,4.1,0.468,0.8,2.0,0.397,1.1,2.0,0.54,0.568,0.1,0.2,0.5,0.9,2.1,3.0,1.3,0.6,0.1,0.5,1.5,4.7,2024-25,6358483,6612822.32
jarace walker,6239510,2024,PF,20,IND,33,0,10.3,1.4,3.3,0.409,0.7,1.7,0.4,0.7,1.7,0.418,0.509,0.2,0.3,0.889,0.4,1.5,1.9,1.2,0.5,0.3,0.5,0.9,3.6,2024-25,6239510,6489090.4
jonathan kuminga,6191505,2024,PF,21,GSW,74,46,26.3,6.2,11.6,0.529,0.7,2.2,0.321,5.4,9.4,0.578,0.56,3.0,4.0,0.746,1.2,3.6,4.8,2.2,0.7,0.5,1.6,2.3,16.1,2024-25,6191505,6439165.2
devin vassell,6062851,2024,SG,23,SAS,68,62,33.1,7.3,15.5,0.472,2.4,6.6,0.372,4.9,9.0,0.544,0.55,2.4,3.0,0.801,0.4,3.4,3.8,4.1,1.1,0.3,1.6,1.1,19.5,2024-25,6062851,6305365.04
tyrese haliburton,5981026,2024,PG,23,IND,69,68,32.2,7.2,15.2,0.477,2.8,7.8,0.364,4.4,7.4,0.595,0.57,2.8,3.3,0.855,0.5,3.4,3.9,10.9,1.2,0.7,2.3,1.1,20.1,2024-25,5981026,6220267.04
dyson daniels,5955989,2024,PG,20,NOP,61,16,22.3,2.3,5.1,0.447,0.7,2.2,0.311,1.6,2.9,0.551,0.514,0.6,0.9,0.642,1.0,2.9,3.9,2.7,1.4,0.4,1.0,1.7,5.8,2024-25,5955989,6194228.5600000005
dean wade,5879540,2024,PF,27,CLE,54,32,20.5,1.8,4.3,0.414,1.5,3.7,0.391,0.3,0.6,0.567,0.584,0.4,0.5,0.769,0.7,3.4,4.0,0.8,0.7,0.5,0.4,1.7,5.4,2024-25,5879540,6114721.600000001
aaron nesmith,5801673,2024,SF,24,IND,72,47,27.7,4.4,8.8,0.496,1.9,4.6,0.419,2.4,4.2,0.581,0.606,1.5,1.9,0.781,0.9,2.9,3.8,1.5,0.9,0.7,0.9,3.3,12.2,2024-25,5801673,6033739.92
aleksej pokusevski,5740458,2024,PF,22,CHO,28,0,14.5,1.8,4.3,0.405,0.6,2.0,0.327,1.1,2.4,0.47,0.479,1.1,1.5,0.732,0.6,2.6,3.2,1.3,0.5,0.5,0.7,0.8,5.2,2024-25,5740458,5970076.32
taylor hendricks,5735375,2024,PF,20,UTA,40,23,21.4,2.7,6.0,0.45,1.3,3.5,0.379,1.4,2.5,0.55,0.56,0.6,0.7,0.793,1.2,3.5,4.6,0.8,0.7,0.8,0.7,1.9,7.3,2024-25,5735375,5964790.0
shake milton,5717936,2024,SG,27,NYK,48,0,12.1,1.6,4.1,0.405,0.4,1.3,0.281,1.3,2.7,0.466,0.451,0.8,1.0,0.816,0.3,1.3,1.6,1.3,0.4,0.1,0.6,1.1,4.5,2024-25,5717936,5946653.44
javale mcgee,5709529,2024,C,36,SAC,46,0,7.4,1.7,2.9,0.598,0.0,0.2,0.143,1.7,2.7,0.624,0.602,0.6,1.0,0.578,0.9,1.8,2.7,0.4,0.3,0.4,0.7,1.0,4.0,2024-25,5709529,5937910.16
cole anthony,5704379,2024,PG,23,ORL,81,0,22.4,4.1,9.4,0.435,1.1,3.4,0.338,3.0,6.0,0.49,0.496,2.2,2.7,0.826,0.8,3.0,3.8,2.9,0.8,0.5,1.6,2.2,11.6,2024-25,5704379,5932554.16
franz wagner,5672405,2024,SF,22,ORL,72,72,32.5,7.3,15.2,0.482,1.3,4.6,0.281,6.0,10.6,0.57,0.525,3.8,4.4,0.85,1.0,4.3,5.3,3.7,1.1,0.4,1.9,2.3,19.7,2024-25,5672405,5899301.2
furkan korkmaz,5529945,2024,SG,26,PHI,35,0,8.6,0.9,2.2,0.395,0.4,1.1,0.35,0.5,1.0,0.444,0.487,0.4,0.6,0.7,0.1,0.7,0.9,0.7,0.4,0.1,0.3,0.5,2.5,2024-25,5529945,5751142.8
jeremy sochan,5474947,2024,PF,20,SAS,74,73,29.6,4.6,10.5,0.438,0.9,3.1,0.308,3.6,7.4,0.492,0.483,1.5,1.9,0.771,1.9,4.6,6.4,3.4,0.8,0.5,1.9,2.3,11.6,2024-25,5474947,5693944.88
cason wallace,5448579,2024,SG,20,OKC,82,13,20.6,2.6,5.4,0.491,1.2,2.9,0.419,1.5,2.5,0.572,0.602,0.4,0.5,0.784,0.6,1.6,2.3,1.5,0.9,0.5,0.5,1.6,6.8,2024-25,5448579,5666522.16
isaiah stewart,5423207,2024,PF,22,DET,46,45,30.9,4.0,8.3,0.487,1.5,3.8,0.383,2.6,4.5,0.575,0.575,1.4,1.8,0.753,1.6,5.0,6.6,1.6,0.4,0.8,1.4,2.2,10.9,2024-25,5423207,5640135.28
chuma okeke,5423206,2024,SF,25,ORL,47,8,9.2,0.9,2.4,0.357,0.5,1.7,0.28,0.4,0.6,0.567,0.46,0.1,0.1,0.571,0.4,1.3,1.7,0.4,0.2,0.1,0.3,0.4,2.3,2024-25,5423206,5640134.24
davion mitchell,5214100,2024,PG,25,SAC,72,4,15.3,2.0,4.5,0.452,0.8,2.2,0.361,1.2,2.3,0.539,0.54,0.4,0.6,0.714,0.3,1.1,1.3,1.9,0.2,0.0,0.6,1.2,5.3,2024-25,5214100,5422664.0
johnny davis,5200879,2024,SG,21,WAS,50,6,12.3,1.2,3.1,0.403,0.3,0.8,0.35,1.0,2.3,0.421,0.448,0.3,0.5,0.583,0.4,1.1,1.4,0.6,0.4,0.2,0.3,1.1,3.0,2024-25,5200879,5408914.16
jalen smith,5193643,2024,C,23,IND,61,14,17.2,3.8,6.5,0.592,1.0,2.4,0.424,2.8,4.1,0.689,0.67,1.2,1.7,0.692,1.8,3.7,5.5,1.0,0.3,0.6,0.7,2.0,9.9,2024-25,5193643,5401388.72
jett howard,5176190,2024,SF,20,ORL,18,0,3.7,0.6,1.7,0.333,0.4,1.4,0.28,0.2,0.3,0.6,0.45,0.1,0.2,0.5,0.1,0.3,0.4,0.3,0.1,0.1,0.2,0.2,1.6,2024-25,5176190,5383237.600000001
reggie jackson,5148569,2024,PG,33,DEN,82,23,22.2,4.0,9.2,0.431,1.2,3.5,0.359,2.7,5.8,0.475,0.499,1.0,1.2,0.806,0.4,1.5,1.9,3.8,0.5,0.2,1.3,1.8,10.2,2024-25,5148569,5354511.76
mason plumlee,5148569,2024,C,33,LAC,46,11,14.7,1.9,3.3,0.569,0.0,0.1,0.0,1.9,3.2,0.592,0.569,1.5,2.2,0.707,1.3,3.8,5.1,1.2,0.3,0.4,0.8,1.5,5.3,2024-25,5148569,5354511.76
ziaire williams,4953130,2024,SF,22,MEM,51,15,20.4,2.9,7.4,0.397,1.1,3.7,0.307,1.8,3.7,0.487,0.474,1.2,1.5,0.827,0.7,2.8,3.5,1.5,0.7,0.2,1.3,1.7,8.2,2024-25,4953130,5151255.2
ousmane dieng,4941020,2024,PF,20,OKC,33,0,11.1,1.5,3.5,0.422,0.6,2.1,0.3,0.8,1.4,0.609,0.513,0.4,0.5,0.875,0.3,1.2,1.5,1.1,0.2,0.2,0.6,0.7,4.0,2024-25,4941020,5138660.8
taj gibson,4918224,2024,PF,38,DET,20,1,10.2,0.8,1.9,0.405,0.1,0.5,0.2,0.7,1.4,0.481,0.432,0.1,0.1,1.0,0.6,1.3,1.9,0.6,0.2,0.4,0.3,1.6,1.7,2024-25,4918224,5114952.96
josh green,4906936,2024,SG,23,DAL,57,33,26.4,3.1,6.6,0.479,1.3,3.3,0.385,1.9,3.3,0.572,0.575,0.7,1.0,0.684,0.7,2.5,3.2,2.3,0.8,0.2,1.1,1.9,8.2,2024-25,4906936,5103213.44
nickeil alexander-walker,4826784,2024,SG,25,MIN,82,20,23.4,2.9,6.6,0.439,1.6,4.1,0.391,1.3,2.5,0.517,0.56,0.6,0.8,0.8,0.4,1.6,2.0,2.5,0.8,0.5,0.9,1.7,8.0,2024-25,4826784,5019855.36
jarred vanderbilt,4777872,2024,PF,24,LAL,29,6,20.0,2.0,3.9,0.518,0.3,0.9,0.296,1.8,3.0,0.586,0.553,0.8,1.2,0.667,1.4,3.3,4.8,1.2,1.2,0.2,1.0,1.5,5.2,2024-25,4777872,4968986.88
james bouknight,4705875,2024,SG,23,CHO,14,0,5.8,1.3,2.9,0.439,0.9,2.1,0.433,0.4,0.8,0.455,0.598,0.1,0.1,0.5,0.1,0.6,0.6,0.4,0.1,0.1,0.1,0.2,3.6,2024-25,4705875,4894110.0
jalen williams,4694136,2024,PF,22,OKC,71,71,31.3,7.5,14.0,0.54,1.5,3.4,0.427,6.1,10.6,0.576,0.592,2.5,3.1,0.814,0.5,3.5,4.0,4.5,1.1,0.6,1.7,2.5,19.1,2024-25,4694136,4881901.44
saddiq bey,4692389,2024,SF,24,ATL,63,51,32.7,4.6,11.1,0.416,1.8,5.7,0.316,2.8,5.4,0.522,0.497,2.7,3.2,0.837,2.7,3.9,6.5,1.5,0.8,0.2,0.9,1.4,13.7,2024-25,4692389,4880084.5600000005
gradey dick,4671511,2024,SG,20,TOR,60,17,21.1,3.2,7.4,0.425,1.5,4.0,0.365,1.7,3.4,0.495,0.524,0.7,0.9,0.863,0.5,1.8,2.2,1.1,0.6,0.0,0.8,1.5,8.5,2024-25,4671511,4858371.44
taurean prince,4650188,2024,PF,29,LAL,78,49,27.0,3.2,7.3,0.442,1.8,4.6,0.396,1.4,2.8,0.519,0.566,0.6,0.9,0.735,0.3,2.7,2.9,1.5,0.7,0.4,0.9,1.9,8.9,2024-25,4650188,4836195.5200000005
jalen mcdaniels,4650188,2024,SF,26,TOR,50,1,10.8,1.3,3.8,0.344,0.2,1.4,0.169,1.1,2.4,0.449,0.376,0.5,0.7,0.73,0.4,1.2,1.6,0.7,0.4,0.1,0.6,1.0,3.4,2024-25,4650188,4836195.5200000005
precious achiuwa,4509659,2024,PF-C,24,NYK,74,18,21.9,3.2,6.3,0.501,0.4,1.3,0.268,2.8,5.0,0.562,0.529,0.9,1.5,0.616,2.6,4.0,6.6,1.3,0.6,0.9,1.1,1.9,7.6,2024-25,4509659,4690045.36
tyrese maxey,4472995,2024,PG,23,PHI,70,70,37.5,9.1,20.3,0.45,3.0,8.1,0.373,6.1,12.1,0.501,0.524,4.7,5.4,0.868,0.5,3.2,3.7,6.2,1.0,0.5,1.7,2.2,25.9,2024-25,4472995,4651914.8
jalen duren,4459361,2024,C,20,DET,61,60,29.1,5.7,9.2,0.619,0.0,0.1,0.0,5.7,9.2,0.623,0.619,2.3,3.0,0.79,3.1,8.5,11.6,2.4,0.5,0.8,2.1,3.1,13.8,2024-25,4459361,4637735.44
jordan hawkins,4438269,2024,SG,21,NOP,67,10,17.3,2.6,6.8,0.382,1.6,4.4,0.366,1.0,2.4,0.411,0.501,1.0,1.2,0.838,0.4,1.8,2.2,1.0,0.3,0.1,0.6,1.1,7.8,2024-25,4438269,4615799.76
mike muscala,4436312,2024,C,32,OKC,53,6,11.3,1.1,2.9,0.359,0.5,1.8,0.292,0.5,1.1,0.467,0.449,0.3,0.5,0.68,0.7,1.6,2.4,0.7,0.2,0.2,0.4,1.0,3.0,2024-25,4436312,4613764.48
zeke nnaji,4434237,2024,PF,23,DEN,58,0,9.9,1.2,2.6,0.463,0.1,0.4,0.261,1.1,2.2,0.5,0.483,0.7,1.1,0.677,1.1,1.1,2.2,0.6,0.3,0.7,0.5,1.4,3.2,2024-25,4434237,4611606.48
immanuel quickley,4295501,2024,PG-SG,24,TOR,68,38,29.2,5.7,13.1,0.434,2.5,6.4,0.395,3.2,6.8,0.471,0.53,3.1,3.6,0.853,0.3,3.6,3.8,4.9,0.7,0.1,1.5,1.8,17.0,2024-25,4295501,4467321.04
chris duarte,4246952,2024,SF,26,SAC,59,11,12.2,1.4,3.6,0.381,0.7,2.2,0.346,0.6,1.4,0.434,0.486,0.4,0.6,0.788,0.4,1.4,1.8,0.7,0.5,0.1,0.4,1.4,3.9,2024-25,4246952,4416830.08
ochai agbaji,4236449,2024,SG,23,TOR,78,28,21.0,2.3,5.6,0.411,0.8,2.7,0.294,1.5,2.8,0.523,0.483,0.5,0.7,0.661,0.9,1.8,2.8,1.1,0.6,0.6,0.8,1.5,5.8,2024-25,4236449,4405906.96
kobe bufkin,4215900,2024,SG,20,ATL,17,0,11.5,2.0,5.4,0.37,0.5,2.4,0.225,1.5,3.1,0.481,0.418,0.2,0.5,0.5,0.4,1.6,1.9,1.6,0.4,0.3,0.6,1.2,4.8,2024-25,4215900,4384536.0
payton pritchard,4157240,2024,PG,26,BOS,82,5,22.3,3.6,7.7,0.468,1.8,4.7,0.385,1.8,3.1,0.593,0.583,0.6,0.7,0.821,0.9,2.4,3.2,3.4,0.5,0.1,0.7,1.3,9.6,2024-25,4157240,4323529.600000001
seth curry,4118855,2024,SG,33,CHO,44,4,14.0,1.8,4.6,0.392,0.9,2.5,0.352,1.0,2.2,0.438,0.485,0.6,0.7,0.903,0.4,1.1,1.5,1.0,0.5,0.1,0.5,0.9,5.1,2024-25,4118855,4283609.2
dwight powell,4118855,2024,C,32,DAL,63,9,13.3,1.1,1.7,0.679,0.0,0.0,0.333,1.1,1.6,0.689,0.684,1.0,1.4,0.708,1.5,1.9,3.4,1.3,0.4,0.3,0.5,1.8,3.3,2024-25,4118855,4283609.2
moses moody,4034913,2024,SG,21,GSW,66,9,17.5,2.9,6.4,0.462,1.1,3.0,0.36,1.8,3.3,0.555,0.548,1.1,1.4,0.785,1.0,2.0,3.0,0.9,0.6,0.4,0.7,1.4,8.1,2024-25,4034913,4196309.5200000005
mark williams,4024286,2024,C,22,CHO,19,19,26.7,5.2,7.9,0.649,0.0,0.0,0.0,5.2,7.9,0.649,0.649,2.4,3.4,0.719,4.0,5.7,9.7,1.2,0.8,1.1,0.9,2.6,12.7,2024-25,4024286,4185257.44
jaden mcdaniels,4017325,2024,SF,23,MIN,72,71,29.2,4.3,8.7,0.489,1.2,3.5,0.337,3.1,5.2,0.592,0.557,0.8,1.1,0.722,0.8,2.3,3.1,1.4,0.9,0.6,1.2,3.0,10.5,2024-25,4017325,4178018.0
keyonte george,4005356,2024,PG,20,UTA,75,44,27.0,4.3,10.9,0.391,2.0,5.9,0.334,2.3,5.0,0.459,0.482,2.5,3.0,0.848,0.2,2.6,2.8,4.4,0.5,0.1,2.5,1.2,13.0,2024-25,4005356,4165570.24
malachi flynn,3988106,2024,PG,25,DET,69,0,12.7,2.0,4.7,0.418,0.8,2.4,0.331,1.2,2.3,0.513,0.505,0.8,1.0,0.732,0.3,1.3,1.7,1.9,0.6,0.1,0.9,1.0,5.5,2024-25,3988106,4147630.24
desmond bane,3959335,2024,SG,25,MEM,42,42,34.4,8.6,18.5,0.464,3.3,8.6,0.381,5.3,9.9,0.536,0.552,3.3,3.8,0.87,0.9,3.5,4.4,5.5,1.0,0.5,2.7,2.9,23.7,2024-25,3959335,4117708.4000000004
james johnson,3953496,2024,PF,36,IND,9,0,5.2,0.3,1.1,0.3,0.0,0.2,0.0,0.3,0.9,0.375,0.3,0.2,0.2,1.0,0.1,0.3,0.4,0.9,0.6,0.1,0.6,1.0,0.9,2024-25,3953496,4111635.8400000003
russell westbrook,3949713,2024,PG,35,LAC,68,11,22.5,4.4,9.8,0.454,0.6,2.3,0.273,3.8,7.5,0.509,0.486,1.6,2.4,0.688,1.4,3.7,5.0,4.5,1.1,0.3,2.1,1.8,11.1,2024-25,3949713,4107701.52
kevin love,3949713,2024,PF,35,MIA,55,5,16.8,2.9,6.5,0.44,1.5,4.4,0.344,1.3,2.1,0.643,0.557,1.5,2.0,0.787,1.1,5.1,6.1,2.1,0.3,0.2,0.9,1.8,8.8,2024-25,3949713,4107701.52
corey kispert,3832636,2024,SF,24,WAS,80,22,25.8,4.8,9.9,0.486,2.3,6.0,0.383,2.5,3.9,0.643,0.602,1.4,2.0,0.726,0.4,2.4,2.8,2.0,0.5,0.2,1.2,1.8,13.4,2024-25,3832636,3985941.44
aj griffin,3823245,2024,SF,20,ATL,20,0,8.6,0.9,3.1,0.29,0.5,2.0,0.256,0.4,1.2,0.348,0.371,0.1,0.1,1.0,0.1,0.8,0.9,0.3,0.1,0.1,0.4,0.3,2.4,2024-25,3823245,3976174.8000000003
jalen hood-schifino,3804871,2024,SG,20,LAL,21,0,5.2,0.5,2.1,0.222,0.1,0.7,0.133,0.4,1.4,0.267,0.244,0.6,1.0,0.6,0.1,0.5,0.6,0.4,0.1,0.1,0.4,0.6,1.6,2024-25,3804871,3957065.8400000003
amir coffey,3775618,2024,SF,26,LAC,70,13,20.9,2.4,5.0,0.472,1.0,2.6,0.38,1.4,2.4,0.571,0.571,0.9,1.0,0.859,0.4,1.7,2.1,1.1,0.6,0.2,0.5,1.5,6.6,2024-25,3775618,3926642.72
alperen sengun,3641356,2024,C,21,HOU,63,63,32.5,8.4,15.6,0.537,0.5,1.8,0.297,7.8,13.8,0.567,0.553,3.9,5.6,0.693,2.9,6.4,9.3,5.0,1.2,0.7,2.6,3.3,21.1,2024-25,3641356,3787010.24
tari eason,3631965,2024,PF,22,HOU,22,0,21.8,4.0,8.6,0.466,0.8,2.3,0.36,3.2,6.3,0.504,0.513,1.0,1.5,0.636,2.1,4.9,7.0,1.2,1.4,0.9,0.9,2.3,9.8,2024-25,3631965,3777243.6
andre drummond,3459838,2024,C,30,CHI,79,10,17.1,3.4,6.1,0.556,0.0,0.0,0.0,3.4,6.0,0.56,0.556,1.6,2.8,0.592,3.4,5.6,9.0,0.5,0.9,0.6,1.0,1.8,8.4,2024-25,3459838,3598231.52
brandin podziemski,3452017,2024,SG,20,GSW,74,28,26.6,3.7,8.1,0.454,1.2,3.2,0.385,2.4,4.9,0.499,0.529,0.7,1.1,0.633,1.6,4.2,5.8,3.7,0.8,0.2,1.2,1.6,9.2,2024-25,3452017,3590097.68
dalen terry,3450324,2024,SG,21,CHI,59,2,11.5,1.2,2.7,0.439,0.3,1.3,0.23,0.9,1.4,0.627,0.494,0.4,0.7,0.581,0.5,1.4,1.9,1.4,0.5,0.3,0.5,1.4,3.1,2024-25,3450324,3588336.96
keon johnson,3442091,2024,SG,21,BRK,5,0,12.2,1.6,4.2,0.381,0.8,2.0,0.4,0.8,2.2,0.364,0.476,2.2,2.4,0.917,0.6,0.8,1.4,0.6,0.6,0.2,1.0,1.0,6.2,2024-25,3442091,3579774.64
jake laravia,3295002,2024,PF,22,MEM,35,6,23.0,3.4,8.7,0.389,1.5,4.5,0.34,1.9,4.2,0.442,0.477,2.6,3.1,0.826,1.5,2.2,3.7,1.7,0.8,0.3,1.3,2.0,10.8,2024-25,3295002,3426802.08
wesley matthews,3291427,2024,SG,37,ATL,36,3,11.5,0.9,2.7,0.351,0.7,1.9,0.348,0.3,0.8,0.357,0.474,0.5,0.7,0.75,0.3,1.2,1.5,0.6,0.4,0.3,0.2,1.2,3.1,2024-25,3291427,3423084.08
tristan thompson,3291427,2024,C,32,CLE,49,0,11.2,1.5,2.4,0.608,0.0,0.0,0.0,1.5,2.4,0.613,0.608,0.3,1.1,0.288,1.5,2.1,3.6,1.0,0.2,0.3,0.6,1.2,3.3,2024-25,3291427,3423084.08
markieff morris,3291427,2024,PF,34,DAL,26,1,8.3,0.9,2.6,0.338,0.6,1.6,0.357,0.3,1.0,0.308,0.449,0.2,0.2,0.833,0.2,1.3,1.5,0.6,0.2,0.1,0.5,0.5,2.5,2024-25,3291427,3423084.08
justin holiday,3291427,2024,SG,34,DEN,58,9,14.9,1.5,3.3,0.454,0.9,2.3,0.404,0.6,1.0,0.569,0.595,0.1,0.1,0.75,0.2,1.1,1.2,1.2,0.6,0.2,0.2,1.2,4.0,2024-25,3291427,3423084.08
deandre jordan,3291427,2024,C,35,DEN,36,2,11.0,1.6,2.6,0.624,0.0,0.0,0.0,1.6,2.6,0.624,0.624,0.7,1.5,0.491,1.5,2.9,4.4,0.7,0.2,0.4,0.6,1.6,3.9,2024-25,3291427,3423084.08
cory joseph,3291427,2024,PG,32,GSW,26,0,11.4,0.9,2.5,0.359,0.5,1.6,0.31,0.4,0.8,0.455,0.461,0.2,0.3,0.571,0.2,0.9,1.2,1.6,0.2,0.1,0.5,1.0,2.4,2024-25,3291427,3423084.08
derrick rose,3291427,2024,PG,35,MEM,24,7,16.6,3.2,6.9,0.461,0.6,1.7,0.366,2.5,5.2,0.492,0.506,1.0,1.1,0.889,0.3,1.6,1.9,3.3,0.3,0.1,1.3,0.9,8.0,2024-25,3291427,3423084.08
jae crowder,3291427,2024,PF,33,MIL,50,25,23.1,2.3,5.4,0.422,1.2,3.3,0.349,1.1,2.1,0.538,0.53,0.5,0.7,0.722,0.6,2.6,3.2,1.3,0.8,0.2,0.5,1.5,6.2,2024-25,3291427,3423084.08
patrick beverley,3291427,2024,PG,35,MIL,73,13,20.0,2.2,5.2,0.417,0.8,2.5,0.337,1.3,2.7,0.49,0.497,1.0,1.2,0.822,0.7,2.6,3.3,2.9,0.6,0.4,0.9,1.8,6.2,2024-25,3291427,3423084.08
cody zeller,3291427,2024,C,31,NOP,43,0,7.4,0.6,1.4,0.419,0.0,0.1,0.333,0.6,1.4,0.424,0.427,0.5,0.9,0.605,1.1,1.5,2.6,0.9,0.2,0.1,0.4,1.0,1.8,2024-25,3291427,3423084.08
eric gordon,3291427,2024,SG,35,PHO,68,24,27.8,4.0,9.1,0.443,2.2,5.8,0.378,1.8,3.3,0.561,0.565,0.8,0.9,0.797,0.2,1.6,1.8,2.0,1.0,0.4,1.1,1.2,11.0,2024-25,3291427,3423084.08
alex len,3291427,2024,C,30,SAC,48,0,9.3,1.0,1.7,0.617,0.0,0.1,0.0,1.0,1.6,0.641,0.617,0.4,0.7,0.588,1.0,1.7,2.7,1.0,0.2,0.7,0.6,1.4,2.5,2024-25,3291427,3423084.08
robin lopez,3291427,2024,C,35,MIL,16,2,4.1,0.4,1.2,0.368,0.1,0.5,0.25,0.3,0.7,0.455,0.421,0.1,0.1,1.0,0.2,0.1,0.3,0.3,0.1,0.2,0.1,0.4,1.1,2024-25,3291427,3423084.08
garrett temple,3291427,2024,SG,37,TOR,27,2,10.7,1.1,2.9,0.372,0.4,1.5,0.3,0.6,1.4,0.447,0.449,0.7,0.8,0.818,0.7,1.0,1.7,1.0,0.4,0.1,0.5,1.0,3.3,2024-25,3291427,3423084.08
tre mann,3286229,2024,PG,22,CHO,41,28,24.1,3.5,7.7,0.459,1.1,3.1,0.373,2.4,4.6,0.516,0.533,1.1,1.4,0.763,0.5,3.1,3.6,4.0,1.2,0.1,1.6,1.2,9.3,2024-25,3286229,3417678.16
usman garuba,3253679,2024,PF,21,GSW,6,0,3.0,0.2,1.0,0.167,0.0,0.2,0.0,0.2,0.8,0.2,0.167,0.2,0.3,0.5,0.5,0.7,1.2,0.2,0.2,0.5,0.3,0.3,0.5,2024-25,3253679,3383826.16
noah clowney,3181260,2024,PF,19,BRK,23,4,16.1,2.2,4.0,0.538,0.5,1.4,0.364,1.7,2.6,0.633,0.602,0.9,1.3,0.7,1.1,2.4,3.5,0.8,0.3,0.7,0.7,1.1,5.8,2024-25,3181260,3308510.4
malaki branham,3163157,2024,PG,20,SAS,75,29,21.3,3.6,8.4,0.432,1.2,3.6,0.347,2.4,4.8,0.494,0.506,0.7,0.8,0.873,0.4,1.6,2.0,2.1,0.4,0.1,1.2,1.3,9.2,2024-25,3163157,3289683.2800000003
simone fontecchio,3135347,2024,SF,28,DET,66,43,24.9,3.8,8.3,0.46,2.0,5.1,0.401,1.8,3.2,0.551,0.582,0.8,1.0,0.818,1.0,2.8,3.7,1.5,0.7,0.3,1.0,1.7,10.5,2024-25,3135347,3260760.88
dante exum,3089141,2024,PG,28,DAL,55,17,19.8,2.9,5.5,0.533,1.0,2.0,0.491,2.0,3.5,0.557,0.621,1.0,1.2,0.779,0.5,2.3,2.7,2.9,0.4,0.1,0.9,1.5,7.8,2024-25,3089141,3212706.64
julian champagnie,3089141,2024,SF,22,SAS,74,59,19.8,2.2,5.4,0.408,1.4,3.7,0.365,0.9,1.7,0.504,0.534,1.0,1.2,0.815,0.6,2.2,2.8,1.4,0.6,0.6,0.8,1.0,6.8,2024-25,3089141,3212706.64
jordan nwora,3089141,2024,SF,25,TOR,52,1,13.7,2.7,5.8,0.462,0.8,2.5,0.336,1.8,3.2,0.56,0.535,0.8,1.0,0.83,0.5,2.3,2.9,1.2,0.5,0.3,1.0,0.9,7.0,2024-25,3089141,3212706.64
dariq whitehead,3054172,2024,SF,19,BRK,2,0,12.0,0.5,2.5,0.2,0.0,1.5,0.0,0.5,1.0,0.5,0.2,0.5,1.0,0.5,0.0,2.0,2.0,1.5,0.0,0.5,0.0,0.0,1.5,2024-25,3054172,3176338.88
christian braun,3036750,2024,SG,22,DEN,82,4,20.2,2.7,5.9,0.46,0.8,2.0,0.384,1.9,3.9,0.498,0.525,1.1,1.6,0.694,1.0,2.8,3.7,1.6,0.5,0.4,0.7,1.7,7.3,2024-25,3036750,3158220.0
jalen johnson,3012284,2024,SF,22,ATL,56,52,33.7,6.4,12.5,0.511,1.3,3.6,0.355,5.1,9.0,0.574,0.562,1.9,2.6,0.728,1.3,7.4,8.7,3.6,1.2,0.8,1.8,2.4,16.0,2024-25,3012284,3132775.3600000003
josh richardson,2977383,2024,SG,30,MIA,43,6,25.7,3.6,8.1,0.444,1.5,4.4,0.347,2.0,3.7,0.561,0.539,1.2,1.3,0.944,0.4,2.4,2.8,2.4,0.6,0.3,0.8,1.8,9.9,2024-25,2977383,3096478.3200000003
kris murray,2932114,2024,SF,23,POR,62,29,21.7,2.3,5.9,0.396,0.8,3.0,0.268,1.5,3.0,0.525,0.463,0.6,0.9,0.661,1.4,2.2,3.6,1.3,0.9,0.3,0.9,1.5,6.1,2024-25,2932114,3049398.56
walker kessler,2915285,2024,C,22,UTA,64,22,23.3,3.6,5.5,0.654,0.1,0.3,0.211,3.5,5.2,0.68,0.66,0.9,1.5,0.602,2.6,4.9,7.5,0.9,0.5,2.4,1.0,2.1,8.1,2024-25,2915285,3031896.4
josh okogie,2899609,2024,SG,25,PHO,60,11,16.0,1.4,3.4,0.417,0.5,1.6,0.309,1.0,1.9,0.509,0.488,1.3,1.7,0.745,1.2,1.3,2.6,1.1,0.8,0.4,0.6,1.1,4.6,2024-25,2899609,3015593.3600000003
omer yurtseven,2883199,2024,C,25,UTA,48,12,11.4,2.1,3.8,0.538,0.1,0.5,0.208,2.0,3.3,0.588,0.552,0.4,0.6,0.679,1.5,2.8,4.3,0.6,0.2,0.4,0.8,1.1,4.6,2024-25,2883199,2998526.96
olivier-maxence prosper,2814949,2024,PF,21,DAL,40,1,8.4,1.0,2.6,0.385,0.3,1.1,0.289,0.7,1.5,0.458,0.447,0.7,1.0,0.683,0.6,1.4,2.0,0.6,0.2,0.1,0.2,0.5,3.0,2024-25,2814949,2927546.96
david roddy,2799009,2024,PF,22,PHO,65,13,18.1,2.5,6.3,0.403,0.7,2.5,0.293,1.8,3.8,0.478,0.462,0.7,1.0,0.691,0.8,2.4,3.2,1.2,0.4,0.2,0.9,1.1,6.5,2024-25,2799009,2910969.36
christian wood,2790369,2024,PF,28,LAL,50,1,17.4,2.5,5.3,0.466,0.7,2.3,0.307,1.8,3.0,0.587,0.532,1.3,1.9,0.702,0.8,4.3,5.1,1.0,0.3,0.7,1.0,1.4,6.9,2024-25,2790369,2901983.7600000002
malik beasley,2790369,2024,SG,27,MIL,79,77,29.6,4.1,9.1,0.443,2.8,6.9,0.413,1.2,2.3,0.533,0.598,0.3,0.4,0.714,0.5,3.2,3.7,1.4,0.7,0.1,0.7,2.0,11.3,2024-25,2790369,2901983.7600000002
chimezie metu,2777404,2024,C,26,DET,51,12,16.8,2.4,4.8,0.504,0.5,1.8,0.298,1.9,2.9,0.633,0.561,1.1,1.3,0.906,0.8,3.0,3.8,0.9,0.8,0.3,1.0,1.4,6.5,2024-25,2777404,2888500.16
isaiah jackson,2776397,2024,C,22,IND,59,3,13.1,2.6,3.9,0.665,0.0,0.1,0.0,2.6,3.9,0.677,0.665,1.2,1.7,0.716,1.6,2.4,4.0,0.8,0.6,1.0,0.7,2.3,6.5,2024-25,2776397,2887452.88
marcus sasser,2701998,2024,PG,23,DET,71,11,19.0,3.1,7.2,0.428,1.3,3.4,0.375,1.8,3.8,0.474,0.516,0.8,0.9,0.879,0.2,1.6,1.8,3.3,0.6,0.2,1.3,1.5,8.3,2024-25,2701998,2810077.92
marjon beauchamp,2686935,2024,SF,23,MIL,48,1,12.7,1.7,3.5,0.488,0.6,1.6,0.4,1.1,1.9,0.56,0.578,0.4,0.6,0.679,0.5,1.6,2.1,0.6,0.3,0.1,0.6,1.1,4.4,2024-25,2686935,2794412.4
charles bassey,2677256,2024,C,23,SAS,19,0,10.8,1.5,2.1,0.725,0.0,0.1,0.0,1.5,2.1,0.744,0.725,0.3,0.3,0.833,1.2,2.8,4.0,1.1,0.4,0.9,0.8,1.6,3.3,2024-25,2677256,2784346.24
damian jones,2663525,2024,C,28,CLE,39,0,6.9,1.1,1.8,0.597,0.1,0.4,0.214,1.0,1.5,0.69,0.618,0.5,0.5,0.857,0.5,1.1,1.6,0.4,0.2,0.3,0.3,0.7,2.7,2024-25,2663525,2770066.0
kris dunn,2663338,2024,PG,29,UTA,66,32,18.9,2.2,4.7,0.47,0.6,1.7,0.369,1.6,3.1,0.525,0.535,0.3,0.5,0.688,0.8,2.1,2.9,3.8,1.0,0.4,1.2,2.0,5.4,2024-25,2663338,2769871.52
bruno fernando,2658229,2024,C,25,ATL,45,2,15.2,2.4,4.2,0.583,0.0,0.1,0.0,2.4,4.1,0.596,0.583,1.4,2.1,0.667,1.3,3.0,4.3,1.0,0.6,0.6,1.0,2.4,6.3,2024-25,2658229,2764558.16
jeremiah robinson-earl,2624578,2024,PF,23,NOP,39,1,8.6,1.2,2.4,0.474,0.3,1.0,0.333,0.8,1.4,0.571,0.542,0.3,0.4,0.75,0.6,1.4,1.9,0.5,0.3,0.1,0.4,0.6,2.9,2024-25,2624578,2729561.12
ben sheppard,2612561,2024,SG,22,IND,57,1,14.3,1.6,4.0,0.393,0.9,2.7,0.314,0.7,1.3,0.562,0.5,0.4,0.5,0.885,0.3,1.3,1.6,0.9,0.6,0.0,0.3,1.5,4.4,2024-25,2612561,2717063.44
frank ntilikina,2603356,2024,PG,25,CHO,5,0,8.6,0.2,1.8,0.111,0.2,1.6,0.125,0.0,0.2,0.0,0.167,0.4,0.4,1.0,0.2,1.0,1.2,0.8,0.0,0.0,0.2,0.8,1.0,2024-25,2603356,2707490.24
torrey craig,2603356,2024,SF,33,CHI,53,14,19.8,2.0,4.7,0.43,1.1,2.9,0.392,0.9,1.8,0.49,0.55,0.5,0.7,0.75,1.3,2.8,4.1,1.1,0.6,0.4,0.6,2.1,5.7,2024-25,2603356,2707490.24
ryan arcidiacono,2603356,2024,PG,29,NYK,20,0,2.3,0.0,0.3,0.0,0.0,0.3,0.0,0.0,0.0,0.0,0.0,0.0,0.0,0.0,0.0,0.4,0.4,0.2,0.1,0.0,0.1,0.3,0.0,2024-25,2603356,2707490.24
thomas bryant,2603356,2024,C,26,MIA,38,4,11.6,2.3,3.9,0.577,0.1,0.6,0.182,2.2,3.3,0.646,0.591,1.1,1.2,0.872,1.1,2.7,3.7,0.6,0.3,0.4,0.6,1.2,5.7,2024-25,2603356,2707490.24
blake wesley,2579062,2024,SG,20,SAS,61,3,14.4,1.7,3.5,0.474,0.2,0.9,0.218,1.5,2.6,0.563,0.502,0.9,1.3,0.667,0.3,1.2,1.5,2.7,0.5,0.1,0.9,1.5,4.4,2024-25,2579062,2682224.48
lamar stevens,2566411,2024,PF,26,MEM,38,3,14.7,2.8,6.3,0.45,0.4,1.2,0.304,2.5,5.1,0.485,0.479,1.1,1.4,0.778,0.9,2.4,3.3,0.7,0.6,0.6,0.6,1.2,7.2,2024-25,2566411,2669067.44
brice sensabaugh,2521357,2024,SF,20,UTA,32,11,18.3,2.7,6.8,0.39,1.1,3.6,0.296,1.6,3.2,0.495,0.468,1.2,1.3,0.902,0.5,2.7,3.2,1.7,0.4,0.2,1.5,1.3,7.5,2024-25,2521357,2622211.2800000003
ty jerome,2511498,2024,SG,26,CLE,2,0,7.5,1.0,2.0,0.5,0.0,0.5,0.0,1.0,1.5,0.667,0.5,0.0,0.0,0.0,0.5,0.0,0.5,1.5,0.0,0.0,0.5,1.0,2.0,2024-25,2511498,2611957.92
julian strawther,2503279,2024,SF,21,DEN,50,0,10.9,1.6,4.4,0.369,0.8,2.8,0.297,0.8,1.7,0.488,0.462,0.4,0.6,0.71,0.1,1.1,1.2,0.9,0.3,0.1,0.5,1.1,4.5,2024-25,2503279,2603410.16
tristan vukcevic,2496945,2024,C,20,WAS,10,4,15.3,2.9,6.7,0.433,1.0,3.6,0.278,1.9,3.1,0.613,0.507,1.7,2.2,0.773,0.6,3.0,3.6,1.3,0.5,0.7,1.0,2.8,8.5,2024-25,2496945,2596822.8000000003
jordan mclaughlin,2491907,2024,PG,27,MIN,56,0,11.2,1.3,2.6,0.483,0.8,1.6,0.472,0.5,1.0,0.5,0.628,0.2,0.3,0.722,0.3,1.0,1.3,2.0,0.6,0.1,0.3,0.6,3.5,2024-25,2491907,2591583.2800000003
kobe brown,2485066,2024,PF,24,LAC,44,0,9.0,0.8,2.0,0.411,0.3,1.1,0.292,0.5,1.0,0.548,0.489,0.0,0.0,0.5,0.5,1.0,1.4,0.6,0.3,0.1,0.2,1.1,2.0,2024-25,2485066,2584468.64
luke kornet,2485012,2024,C,28,BOS,63,7,15.6,2.3,3.2,0.7,0.0,0.0,1.0,2.2,3.2,0.698,0.702,0.8,0.9,0.907,1.9,2.3,4.1,1.1,0.4,1.0,0.3,1.2,5.3,2024-25,2485012,2584412.48
john konchar,2471313,2024,SF,27,MEM,55,23,21.3,1.6,3.8,0.423,0.7,2.2,0.317,0.9,1.6,0.568,0.514,0.4,0.5,0.84,1.3,3.4,4.7,2.0,0.9,0.9,0.8,1.4,4.3,2024-25,2471313,2570165.52
quentin grimes,2456609,2024,SG,23,DET,51,18,20.1,2.4,6.4,0.372,1.6,4.7,0.338,0.8,1.7,0.466,0.495,0.7,0.9,0.756,0.3,1.7,2.0,1.3,0.7,0.1,0.5,1.5,7.0,2024-25,2456609,2554873.36
keita bates-diop,2416341,2024,SF,28,BRK,53,8,12.5,1.4,3.1,0.434,0.4,1.3,0.304,1.0,1.8,0.526,0.497,0.6,0.8,0.762,0.6,1.5,2.1,0.7,0.5,0.4,0.3,0.7,3.7,2024-25,2416341,2512994.64
aaron holiday,2416341,2024,PG,27,HOU,78,1,16.3,2.4,5.3,0.446,1.1,2.8,0.387,1.3,2.6,0.51,0.547,0.7,0.8,0.921,0.3,1.3,1.6,1.8,0.5,0.1,0.7,1.6,6.6,2024-25,2416341,2512994.64
yuta watanabe,2416341,2024,SF,29,MEM,34,0,13.6,1.2,3.4,0.353,0.7,2.5,0.294,0.5,0.9,0.516,0.461,0.3,0.5,0.588,0.3,1.3,1.6,0.4,0.4,0.2,0.6,1.1,3.4,2024-25,2416341,2512994.64
thanasis antetokounmpo,2416341,2024,PF,31,MIL,34,0,4.6,0.5,0.9,0.533,0.0,0.0,0.0,0.5,0.9,0.552,0.533,0.0,0.1,0.0,0.2,0.2,0.4,0.5,0.2,0.1,0.4,0.7,0.9,2024-25,2416341,2512994.64
mo bamba,2416341,2024,C,25,PHI,57,17,13.0,1.7,3.5,0.49,0.4,1.1,0.391,1.3,2.4,0.537,0.553,0.6,0.9,0.68,1.4,2.8,4.2,0.7,0.4,1.1,0.7,1.8,4.4,2024-25,2416341,2512994.64
drew eubanks,2416341,2024,C,26,PHO,75,6,15.6,2.0,3.4,0.601,0.0,0.0,1.0,2.0,3.3,0.596,0.607,1.0,1.2,0.774,1.4,2.9,4.3,0.8,0.4,0.8,0.8,1.5,5.1,2024-25,2416341,2512994.64
harry giles,2375090,2024,C,25,LAL,23,0,4.3,1.0,2.2,0.46,0.1,0.6,0.214,0.9,1.6,0.556,0.49,0.3,0.6,0.538,0.5,0.8,1.3,0.3,0.1,0.1,0.3,0.7,2.4,2024-25,2375090,2470093.6
bones hyland,2374932,2024,PG,23,LAC,37,5,14.6,2.6,6.8,0.386,1.2,3.6,0.326,1.4,3.1,0.457,0.474,0.5,0.6,0.783,0.1,1.4,1.5,2.5,0.7,0.1,1.2,1.4,6.9,2024-25,2374932,2469929.2800000003
peyton watson,2371966,2024,SF,21,DEN,80,4,18.6,2.6,5.6,0.465,0.6,1.9,0.296,2.0,3.7,0.553,0.516,0.9,1.3,0.67,0.7,2.5,3.2,1.1,0.5,1.1,0.7,1.8,6.7,2024-25,2371966,2466844.64
cam thomas,2306724,2024,SG,22,BRK,66,51,31.4,8.0,18.0,0.442,2.2,6.0,0.364,5.8,12.0,0.481,0.503,4.3,5.1,0.856,0.4,2.8,3.2,2.9,0.7,0.2,1.9,2.1,22.5,2024-25,2306724,2398992.96
jaden springer,2292390,2024,SG-PG,21,BOS,49,2,10.3,1.2,3.0,0.399,0.2,1.0,0.208,1.0,2.0,0.49,0.432,0.7,0.9,0.833,0.7,0.9,1.6,0.9,0.7,0.3,0.7,1.3,3.3,2024-25,2292390,2384085.6
day'ron sharpe,2275709,2024,C,22,BRK,61,1,15.1,2.8,4.8,0.571,0.1,0.2,0.267,2.7,4.6,0.588,0.578,1.2,2.0,0.61,2.6,3.7,6.4,1.4,0.4,0.7,1.1,2.1,6.8,2024-25,2275709,2366737.36
jordan goodwin,2273654,2024,PG,25,MEM,57,12,18.5,2.5,6.7,0.369,0.7,2.5,0.298,1.7,4.2,0.411,0.424,0.8,1.0,0.746,1.5,2.9,4.4,2.7,0.8,0.3,1.0,1.3,6.5,2024-25,2273654,2364600.16
oshae brissett,2229330,2024,SF,25,BOS,55,1,11.5,1.2,2.8,0.444,0.3,1.0,0.273,1.0,1.8,0.541,0.493,0.9,1.5,0.602,1.1,1.8,2.9,0.8,0.3,0.1,0.4,1.0,3.7,2024-25,2229330,2318503.2
cam reddish,2229330,2024,SF,24,LAL,48,26,20.5,1.9,4.9,0.389,0.8,2.3,0.336,1.1,2.6,0.435,0.468,0.9,1.1,0.759,0.6,1.5,2.1,1.0,1.0,0.3,0.6,1.3,5.4,2024-25,2229330,2318503.2
jaxson hayes,2229330,2024,C,23,LAL,70,5,12.5,1.8,2.5,0.72,0.0,0.1,0.0,1.8,2.4,0.754,0.72,0.7,1.2,0.622,1.0,2.0,3.0,0.5,0.5,0.4,0.6,1.8,4.3,2024-25,2229330,2318503.2
bol bol,2229330,2024,PF,24,PHO,43,0,10.9,2.2,3.5,0.616,0.5,1.2,0.423,1.7,2.3,0.717,0.689,0.3,0.4,0.789,0.7,2.4,3.2,0.4,0.2,0.6,0.4,1.0,5.2,2024-25,2229330,2318503.2
moses brown,2229330,2024,C,24,POR,22,5,9.1,1.5,3.0,0.508,0.0,0.0,0.0,1.5,3.0,0.508,0.508,0.4,1.4,0.29,1.7,2.2,3.9,0.3,0.2,0.3,0.5,1.2,3.4,2024-25,2229330,2318503.2
kevin knox,2208036,2024,SF,24,DET,31,11,18.1,2.8,6.0,0.462,1.0,3.0,0.33,1.8,3.0,0.598,0.546,0.6,0.7,0.909,0.6,1.8,2.4,0.7,0.4,0.2,0.7,1.6,7.2,2024-25,2208036,2296357.44
andrew nembhard,2195252,2024,PG,24,IND,68,47,25.0,3.8,7.7,0.498,0.9,2.5,0.357,2.9,5.2,0.567,0.557,0.7,0.8,0.804,0.5,1.5,2.1,4.1,0.9,0.1,1.5,2.1,9.2,2024-25,2195252,2283062.08
goga bitadze,2127991,2024,C,24,ORL,62,33,15.4,2.0,3.4,0.603,0.0,0.2,0.143,2.0,3.1,0.636,0.608,0.9,1.4,0.655,1.8,2.9,4.6,1.3,0.5,1.2,0.7,1.7,5.0,2024-25,2127991,2213110.64
matt ryan,2120986,2024,SF,26,NOP,28,1,13.9,1.8,4.0,0.434,1.5,3.3,0.451,0.3,0.8,0.364,0.615,0.5,0.5,0.929,0.2,1.2,1.4,0.6,0.2,0.0,0.7,1.1,5.4,2024-25,2120986,2205825.44
trendon watford,2079719,2024,PF,23,BRK,63,2,13.6,2.6,4.9,0.527,0.4,1.1,0.397,2.2,3.9,0.564,0.571,1.2,1.5,0.794,0.8,2.3,3.1,1.3,0.4,0.3,1.0,1.7,6.9,2024-25,2079719,2162907.7600000002
terry taylor,2079719,2024,PF,24,CHI,31,0,6.1,0.6,1.3,0.513,0.1,0.3,0.222,0.6,1.0,0.6,0.538,0.1,0.2,0.8,0.5,0.6,1.2,0.3,0.2,0.1,0.2,0.5,1.5,2024-25,2079719,2162907.7600000002
dalano banton,2079719,2024,PG,24,POR,54,9,19.4,3.7,9.3,0.404,1.1,3.7,0.296,2.6,5.6,0.475,0.463,1.7,2.2,0.783,0.8,2.5,3.3,2.4,0.6,0.4,1.4,1.2,10.3,2024-25,2079719,2162907.7600000002
colby jones,2079719,2024,SG,21,SAC,30,0,6.4,0.9,2.4,0.394,0.1,0.7,0.091,0.9,1.6,0.531,0.408,0.2,0.4,0.545,0.6,0.8,1.3,0.7,0.2,0.2,0.3,1.0,2.1,2024-25,2079719,2162907.7600000002
sandro mamukelashvili,2079719,2024,C,24,SAS,46,5,9.8,1.6,3.4,0.471,0.4,1.4,0.297,1.2,2.0,0.593,0.532,0.5,0.7,0.735,1.0,2.2,3.2,1.1,0.2,0.3,0.4,0.8,4.1,2024-25,2079719,2162907.7600000002
garrison mathews,2059427,2024,SG,27,ATL,66,5,15.0,1.6,3.4,0.456,1.3,2.9,0.44,0.3,0.5,0.545,0.644,0.5,0.6,0.81,0.3,1.1,1.4,0.6,0.3,0.1,0.3,1.7,4.9,2024-25,2059427,2141804.08
jaylin williams,2059427,2024,C,21,OKC,69,1,13.0,1.4,3.3,0.417,0.8,2.1,0.368,0.6,1.2,0.5,0.533,0.5,0.6,0.805,0.5,2.9,3.4,1.6,0.4,0.4,0.5,1.4,4.0,2024-25,2059427,2141804.08
caleb houstan,2059427,2024,SF,21,ORL,59,13,13.8,1.4,3.5,0.388,1.2,3.3,0.373,0.1,0.2,0.615,0.563,0.4,0.4,0.808,0.5,0.9,1.4,0.5,0.3,0.1,0.3,1.0,4.3,2024-25,2059427,2141804.08
sam merrill,2056583,2024,SG,27,CLE,61,1,17.5,2.6,6.4,0.402,2.3,5.8,0.404,0.2,0.6,0.385,0.584,0.4,0.5,0.929,0.4,1.6,2.0,1.8,0.3,0.1,0.3,1.2,8.0,2024-25,2056583,2138846.3200000003
isaiah joe,2056583,2024,SG,24,OKC,78,1,18.5,2.8,6.2,0.458,1.9,4.5,0.416,1.0,1.7,0.568,0.609,0.6,0.7,0.865,0.4,1.9,2.3,1.3,0.6,0.3,0.6,1.1,8.2,2024-25,2056583,2138846.3200000003
anthony gill,2056583,2024,PF,31,WAS,50,3,9.3,1.5,3.2,0.469,0.2,0.8,0.244,1.3,2.4,0.546,0.5,0.6,0.7,0.806,0.7,1.1,1.9,0.7,0.3,0.2,0.5,1.0,3.8,2024-25,2056583,2138846.3200000003
duop reath,2009198,2024,C,27,POR,68,20,17.9,3.4,7.3,0.461,1.3,3.6,0.359,2.1,3.7,0.559,0.549,1.0,1.4,0.742,1.4,2.3,3.7,1.0,0.5,0.6,0.8,2.4,9.1,2024-25,2009198,2089565.9200000002
naji marshall,1988049,2024,SF,26,NOP,66,1,19.0,2.6,5.6,0.463,0.9,2.3,0.387,1.7,3.3,0.516,0.542,1.0,1.3,0.791,0.8,2.8,3.6,1.9,0.7,0.2,1.0,1.4,7.1,2024-25,1988049,2067570.96
kj martin,1988049,2024,SF,23,PHI,60,2,12.4,1.6,3.0,0.536,0.1,0.5,0.286,1.5,2.6,0.582,0.558,0.4,0.7,0.537,0.7,1.5,2.2,0.9,0.4,0.2,0.5,1.7,3.7,2024-25,1988049,2067570.96
sam hauser,1985181,2024,SF,26,BOS,79,13,22.0,3.2,7.1,0.446,2.5,5.9,0.424,0.7,1.2,0.559,0.623,0.2,0.2,0.895,0.6,2.9,3.5,1.0,0.5,0.3,0.4,1.3,9.0,2024-25,1985181,2064588.24
jericho sims,1985181,2024,C,25,NYK,45,11,13.0,0.8,1.2,0.691,0.0,0.0,0.0,0.8,1.2,0.691,0.691,0.4,0.5,0.667,1.2,2.0,3.3,0.6,0.2,0.4,0.4,1.0,2.0,2024-25,1985181,2064588.24
kessler edwards,1985181,2024,SF,23,SAC,54,0,5.1,0.6,1.5,0.415,0.4,1.0,0.385,0.3,0.6,0.467,0.537,0.1,0.2,0.556,0.2,0.6,0.8,0.3,0.2,0.1,0.1,0.5,1.7,2024-25,1985181,2064588.24
haywood highsmith,1958657,2024,PF,27,MIA,66,26,20.7,2.3,5.0,0.465,1.2,2.9,0.396,1.2,2.1,0.562,0.581,0.3,0.5,0.639,1.0,2.2,3.2,1.1,0.8,0.5,0.5,1.8,6.1,2024-25,1958657,2037003.28
ryan rollins,1949854,2024,PG,21,MIL,13,0,6.0,1.1,2.1,0.519,0.2,0.3,0.75,0.8,1.8,0.478,0.574,1.0,1.3,0.765,0.2,0.8,1.0,1.1,0.8,0.2,0.6,0.6,3.4,2024-25,1949854,2027848.1600000001
jt thor,1890653,2024,PF,21,CHO,63,3,12.4,1.3,2.9,0.437,0.4,1.3,0.346,0.8,1.6,0.51,0.514,0.2,0.3,0.55,0.7,1.6,2.3,0.5,0.2,0.4,0.2,1.0,3.2,2024-25,1890653,1966279.12
jose alvarado,1890653,2024,PG,25,NOP,56,0,18.4,2.5,6.2,0.412,1.4,3.7,0.377,1.1,2.5,0.464,0.525,0.6,0.9,0.673,0.4,1.8,2.3,2.1,1.1,0.3,0.7,1.6,7.1,2024-25,1890653,1966279.12
miles mcbride,1890653,2024,PG,23,NYK,68,14,19.5,3.0,6.7,0.452,1.6,3.9,0.41,1.4,2.8,0.511,0.572,0.6,0.7,0.86,0.5,1.0,1.5,1.7,0.7,0.1,0.4,1.6,8.3,2024-25,1890653,1966279.12
aaron wiggins,1890653,2024,SG,25,OKC,78,4,15.7,2.7,4.8,0.562,0.8,1.6,0.492,1.9,3.2,0.598,0.645,0.7,0.9,0.789,0.8,1.6,2.4,1.1,0.7,0.2,0.7,1.2,6.9,2024-25,1890653,1966279.12
isaiah livers,1890653,2024,PF,25,DET,23,6,20.4,1.7,5.0,0.345,1.0,3.3,0.286,0.8,1.7,0.462,0.44,0.5,0.8,0.667,0.7,1.4,2.1,1.1,0.6,0.2,0.7,1.9,5.0,2024-25,1890653,1966279.12
jared butler,1863557,2024,SG,23,WAS,40,0,14.2,2.5,5.0,0.488,0.6,2.0,0.308,1.9,3.1,0.602,0.547,0.8,0.9,0.861,0.2,1.2,1.5,3.2,0.7,0.2,1.3,1.5,6.3,2024-25,1863557,1938099.28
orlando robinson,1855306,2024,C,23,MIA,36,7,8.4,1.0,2.0,0.5,0.2,0.4,0.533,0.8,1.6,0.491,0.556,0.5,0.7,0.76,0.8,1.6,2.3,0.9,0.2,0.2,0.5,1.0,2.8,2024-25,1855306,1929518.24
dru smith,1855306,2024,SG,26,MIA,9,0,14.6,1.7,3.7,0.455,0.8,1.9,0.412,0.9,1.8,0.5,0.561,0.2,0.2,1.0,0.7,0.9,1.6,1.6,1.0,0.3,0.6,1.3,4.3,2024-25,1855306,1929518.24
leonard miller,1853485,2024,SF,20,MIN,17,0,3.1,0.8,1.2,0.65,0.1,0.3,0.4,0.6,0.9,0.733,0.7,0.1,0.1,0.5,0.3,0.9,1.2,0.5,0.1,0.1,0.1,0.3,1.7,2024-25,1853485,1927624.4000000001
bryce mcgowens,1770967,2024,SG,21,CHO,59,14,14.9,1.7,3.9,0.439,0.6,1.7,0.333,1.1,2.2,0.523,0.513,1.1,1.4,0.776,0.3,1.4,1.7,0.9,0.4,0.2,0.5,1.3,5.1,2024-25,1770967,1841805.6800000002
jaden hardy,1770967,2024,SG,21,DAL,73,7,13.5,2.7,6.6,0.407,1.1,3.1,0.362,1.6,3.5,0.447,0.492,0.8,1.0,0.776,0.3,1.5,1.8,1.5,0.3,0.1,0.8,1.1,7.3,2024-25,1770967,1841805.6800000002
max christie,1770967,2024,SG,20,LAL,67,7,14.1,1.5,3.6,0.427,0.6,1.8,0.356,0.9,1.8,0.496,0.515,0.5,0.7,0.783,0.2,1.9,2.1,0.9,0.3,0.3,0.5,0.9,4.2,2024-25,1770967,1841805.6800000002
josh minott,1770967,2024,SF,21,MIN,32,0,2.8,0.5,1.1,0.472,0.1,0.3,0.4,0.4,0.8,0.5,0.528,0.4,0.4,0.857,0.1,0.4,0.5,0.3,0.2,0.2,0.1,0.3,1.6,2024-25,1770967,1841805.6800000002
jabari walker,1770967,2024,SF,21,POR,72,23,23.6,3.3,7.1,0.46,0.6,1.9,0.295,2.7,5.1,0.522,0.5,1.8,2.4,0.754,2.1,5.0,7.1,1.0,0.6,0.3,0.9,2.4,8.9,2024-25,1770967,1841805.6800000002
jalen pickett,1758898,2024,SG,24,DEN,27,0,4.5,0.6,1.3,0.429,0.3,0.9,0.36,0.2,0.4,0.6,0.557,0.1,0.1,0.75,0.0,0.5,0.5,0.8,0.1,0.0,0.3,0.5,1.6,2024-25,1758898,1829253.9200000002
julian phillips,1647542,2024,SF,20,CHI,40,0,8.1,0.8,1.9,0.416,0.3,1.0,0.316,0.5,1.0,0.513,0.494,0.3,0.5,0.684,0.3,0.6,0.9,0.3,0.2,0.2,0.3,1.0,2.2,2024-25,1647542,1713443.6800000002
eugene omoruyi,1503157,2024,SF,26,WAS,43,0,9.1,1.9,3.9,0.485,0.3,1.1,0.283,1.6,2.8,0.562,0.524,0.7,1.1,0.653,0.8,1.2,2.0,0.8,0.6,0.1,0.5,1.4,4.8,2024-25,1503157,1563283.28
daquan jeffries,1381400,2024,SG,26,NYK,17,0,2.7,0.4,1.0,0.353,0.1,0.6,0.2,0.2,0.4,0.571,0.412,0.0,0.1,0.0,0.0,0.3,0.3,0.3,0.0,0.1,0.2,0.1,0.8,2024-25,1381400,1436656.0
skylar mays,1199904,2024,PG-SG,26,LAL,38,5,11.4,1.7,4.2,0.396,0.4,1.4,0.296,1.2,2.8,0.448,0.447,0.3,0.4,0.765,0.3,0.9,1.1,2.2,0.6,0.1,0.5,0.7,4.1,2024-25,1199904,1247900.1600000001
mouhamed gueye,1152829,2024,PF,21,ATL,6,0,12.2,1.3,3.8,0.348,0.5,1.5,0.333,0.8,2.3,0.357,0.413,0.8,1.0,0.833,1.7,2.0,3.7,0.7,0.8,0.7,0.2,2.2,4.0,2024-25,1152829,1198942.1600000001
jordan walsh,1152829,2024,SF,19,BOS,9,1,9.2,0.7,1.7,0.4,0.2,1.0,0.222,0.4,0.7,0.667,0.467,0.1,0.2,0.5,0.6,1.7,2.2,0.6,0.6,0.1,0.3,1.2,1.7,2024-25,1152829,1198942.1600000001
hunter tyson,1152829,2024,PF,23,DEN,18,0,2.7,0.4,1.1,0.4,0.2,0.8,0.286,0.2,0.3,0.667,0.5,0.0,0.0,0.0,0.1,0.4,0.5,0.1,0.1,0.0,0.1,0.6,1.1,2024-25,1152829,1198942.1600000001
trayce jackson-davis,1152829,2024,PF,23,GSW,68,16,16.6,3.4,4.9,0.702,0.0,0.0,0.0,3.4,4.9,0.704,0.702,1.1,1.9,0.561,2.0,3.0,5.0,1.2,0.4,1.1,0.7,1.6,7.9,2024-25,1152829,1198942.1600000001
maxwell lewis,1152829,2024,SF,21,LAL,34,0,3.0,0.1,0.6,0.19,0.0,0.3,0.111,0.1,0.4,0.25,0.214,0.1,0.1,0.667,0.1,0.1,0.1,0.2,0.1,0.0,0.3,0.1,0.3,2024-25,1152829,1198942.1600000001
chris livingston,1152829,2024,SF,20,MIL,21,0,4.3,0.5,1.0,0.5,0.0,0.2,0.2,0.5,0.8,0.588,0.523,0.1,0.2,0.75,0.1,0.9,1.0,0.2,0.1,0.0,0.2,0.7,1.2,2024-25,1152829,1198942.1600000001
rayan rupert,1152829,2024,SG,19,POR,39,12,16.2,1.4,4.1,0.335,0.7,2.0,0.359,0.7,2.1,0.313,0.422,0.5,0.6,0.76,0.6,1.7,2.4,1.6,0.3,0.1,0.8,1.4,4.0,2024-25,1152829,1198942.1600000001
toumani camara,1152829,2024,PF,23,POR,70,49,24.8,2.8,6.3,0.45,0.8,2.5,0.337,2.0,3.8,0.523,0.516,1.1,1.4,0.758,2.0,2.9,4.9,1.2,0.9,0.5,1.2,2.5,7.5,2024-25,1152829,1198942.1600000001
sidy cissoko,1152829,2024,SF,19,SAS,12,0,11.8,1.3,2.8,0.485,0.1,1.0,0.083,1.3,1.8,0.714,0.5,1.0,1.3,0.8,0.7,1.2,1.8,0.8,0.6,0.3,0.3,1.5,3.8,2024-25,1152829,1198942.1600000001
dylan windler,1149455,2024,SF,27,ATL,17,0,6.4,0.9,1.8,0.5,0.8,1.6,0.481,0.1,0.2,0.667,0.717,0.0,0.0,0.0,0.2,0.8,0.9,0.6,0.1,0.0,0.1,0.4,2.5,2024-25,1149455,1195433.2
trent forrest,1146002,2024,SG,25,ATL,38,0,10.9,0.9,2.4,0.378,0.1,0.3,0.2,0.8,2.1,0.4,0.389,0.3,0.4,0.765,0.3,1.1,1.3,2.4,0.3,0.1,0.5,0.7,2.2,2024-25,1146002,1191842.08
lester quinones,1141537,2024,SG,23,GSW,37,0,10.6,1.5,3.8,0.397,0.9,2.4,0.364,0.6,1.4,0.453,0.511,0.5,0.8,0.69,0.6,1.4,1.9,1.0,0.2,0.1,0.5,1.2,4.4,2024-25,1141537,1187198.48
kendall brown,1132685,2024,SG,20,IND,15,0,4.2,0.5,1.0,0.533,0.0,0.1,0.0,0.5,0.9,0.615,0.533,0.3,0.5,0.625,0.2,0.1,0.3,0.3,0.0,0.0,0.1,0.6,1.4,2024-25,1132685,1177992.4000000001
stanley umude,1130875,2024,SG,24,DET,24,2,12.8,1.5,3.5,0.44,1.0,2.2,0.453,0.5,1.3,0.419,0.583,1.2,1.3,0.906,0.3,1.8,2.1,0.5,0.3,0.3,0.6,1.7,5.3,2024-25,1130875,1176110.0
gui santos,1060073,2024,PF,21,GSW,23,0,8.3,1.2,2.4,0.509,0.4,1.2,0.37,0.8,1.2,0.643,0.6,0.7,0.7,0.941,0.7,1.4,2.1,0.6,0.2,0.1,0.3,1.0,3.6,2024-25,1060073,1102475.92
dominick barlow,1045573,2024,PF,20,SAS,33,1,12.7,1.7,3.4,0.496,0.1,0.3,0.333,1.6,3.2,0.51,0.509,0.9,1.3,0.69,1.4,2.1,3.4,1.1,0.4,0.4,0.3,1.4,4.4,2024-25,1045573,1087395.92
neemias queta,917510,2024,C,24,BOS,28,0,11.9,2.4,3.7,0.644,0.0,0.0,0.0,2.4,3.7,0.644,0.644,0.7,1.0,0.714,1.9,2.5,4.4,0.7,0.5,0.8,0.5,1.8,5.5,2024-25,917510,954210.4
jalen wilson,875256,2024,PF,23,BRK,43,3,15.4,1.8,4.2,0.425,0.6,1.7,0.324,1.2,2.4,0.495,0.492,0.9,1.1,0.826,1.1,2.0,3.0,1.0,0.3,0.1,0.4,1.1,5.0,2024-25,875256,910266.24
javon freeman-liberty,874560,2024,PG,24,TOR,22,6,18.3,2.5,5.6,0.444,0.5,1.9,0.238,2.0,3.7,0.549,0.484,1.5,1.6,0.917,0.7,2.5,3.2,1.8,0.5,0.2,1.1,1.3,7.0,2024-25,874560,909542.4
lindy waters iii,788858,2024,SG,26,OKC,38,0,7.4,1.3,2.7,0.471,1.0,2.2,0.435,0.3,0.5,0.632,0.649,0.1,0.1,1.0,0.2,0.9,1.1,0.6,0.1,0.2,0.2,0.6,3.6,2024-25,788858,820412.3200000001
jacob toppin,781805,2024,SF,23,NYK,9,0,4.2,0.6,1.0,0.556,0.1,0.4,0.25,0.4,0.6,0.8,0.611,0.2,0.2,1.0,0.3,0.4,0.8,0.3,0.0,0.1,0.1,0.3,1.4,2024-25,781805,813077.2000000001
mamadi diakite,731687,2024,PF,27,NYK,6,0,4.0,0.7,1.0,0.667,0.0,0.2,0.0,0.7,0.8,0.8,0.667,0.7,1.0,0.667,0.2,0.5,0.7,0.3,0.2,0.2,0.2,0.3,2.0,2024-25,731687,760954.48
jack white,724454,2024,SF,26,MEM,4,0,16.0,0.5,4.0,0.125,0.5,2.5,0.2,0.0,1.5,0.0,0.188,0.0,0.0,0.0,1.0,2.0,3.0,0.3,1.0,0.3,0.5,0.8,1.5,2024-25,724454,753432.16
jacob gilyard,722175,2024,PG,25,BRK,41,14,17.0,1.5,3.7,0.4,1.2,3.1,0.405,0.2,0.6,0.375,0.57,0.0,0.0,1.0,0.2,0.9,1.1,3.3,0.8,0.1,0.7,1.0,4.2,2024-25,722175,751062.0
luka garza,707892,2024,C,25,MIN,25,0,4.9,1.4,3.0,0.48,0.4,1.3,0.281,1.1,1.7,0.628,0.54,0.7,1.0,0.72,0.8,0.5,1.2,0.2,0.2,0.0,0.2,1.0,4.0,2024-25,707892,736207.68
keon ellis,703737,2024,SG,24,SAC,57,21,17.2,1.9,4.1,0.461,1.2,2.9,0.417,0.6,1.1,0.578,0.612,0.5,0.6,0.743,0.6,1.6,2.2,1.5,0.9,0.5,0.6,2.0,5.4,2024-25,703737,731886.48
darius bazley,642978,2024,PF,23,UTA,9,0,16.9,2.0,3.3,0.6,0.2,0.9,0.25,1.8,2.4,0.727,0.633,1.1,1.3,0.833,0.9,2.2,3.1,0.8,0.7,0.8,0.9,0.3,5.3,2024-25,642978,668697.12
seth lundy,576415,2024,SF,23,ATL,9,0,5.8,0.4,1.9,0.235,0.3,1.4,0.231,0.1,0.4,0.25,0.324,0.3,0.4,0.75,0.1,0.7,0.8,0.0,0.0,0.0,0.1,0.7,1.6,2024-25,576415,599471.6
jd davison,576415,2024,SG,21,BOS,8,0,4.9,0.6,1.5,0.417,0.4,0.9,0.429,0.3,0.6,0.4,0.542,0.4,0.5,0.75,0.3,1.0,1.3,1.3,0.1,0.1,0.3,0.5,2.0,2024-25,576415,599471.6
amari bailey,576415,2024,PG,19,CHO,10,0,6.5,0.8,2.4,0.333,0.1,0.8,0.125,0.7,1.6,0.438,0.354,0.6,0.7,0.857,0.6,0.3,0.9,0.7,0.3,0.0,0.4,0.2,2.3,2024-25,576415,599471.6
leaky black,576415,2024,SF,24,CHO,26,3,10.9,1.0,2.0,0.481,0.3,0.8,0.45,0.6,1.2,0.5,0.567,0.4,0.6,0.667,0.3,1.5,1.8,0.9,0.3,0.4,0.2,0.7,2.7,2024-25,576415,599471.6
adama sanogo,576415,2024,PF,21,CHI,9,0,7.3,1.6,3.0,0.519,0.0,0.0,0.0,1.6,3.0,0.519,0.519,0.9,1.3,0.667,2.1,1.9,4.0,0.0,0.1,0.0,0.6,0.6,4.0,2024-25,576415,599471.6
isaiah mobley,576415,2024,PF,24,CLE,10,0,7.2,1.0,2.4,0.417,0.3,1.0,0.3,0.7,1.4,0.5,0.479,0.0,0.1,0.0,0.3,0.7,1.0,0.6,0.2,0.0,0.2,0.6,2.3,2024-25,576415,599471.6
emoni bates,576415,2024,SF,20,CLE,15,0,8.9,1.0,3.3,0.306,0.7,2.2,0.303,0.3,1.1,0.313,0.408,0.1,0.3,0.25,0.1,0.9,0.9,0.7,0.1,0.1,0.5,0.3,2.7,2024-25,576415,599471.6
collin gillespie,576415,2024,PG,24,DEN,24,0,9.4,1.3,2.9,0.464,0.6,1.6,0.395,0.7,1.3,0.548,0.572,0.3,0.5,0.667,0.0,0.8,0.9,1.1,0.5,0.0,0.6,1.0,3.6,2024-25,576415,599471.6
braxton key,576415,2024,SF,26,DEN,20,0,3.0,0.4,0.9,0.412,0.1,0.3,0.4,0.3,0.6,0.417,0.471,0.3,0.4,0.75,0.2,0.8,0.9,0.5,0.1,0.1,0.1,0.3,1.1,2024-25,576415,599471.6
jay huff,576415,2024,C,25,DEN,20,0,2.5,0.5,0.8,0.6,0.2,0.5,0.333,0.3,0.3,1.0,0.7,0.1,0.1,1.0,0.1,0.5,0.6,0.1,0.1,0.2,0.1,0.5,1.2,2024-25,576415,599471.6
jared rhoden,576415,2024,SG,24,DET,17,0,14.4,1.9,3.9,0.5,0.7,1.8,0.387,1.2,2.1,0.6,0.591,0.3,0.5,0.625,0.2,1.8,1.9,0.8,0.2,0.8,0.4,1.6,4.9,2024-25,576415,599471.6
malcolm cazalon,576415,2024,SG,22,DET,1,0,3.0,0.0,0.0,0.0,0.0,0.0,0.0,0.0,0.0,0.0,0.0,0.0,0.0,0.0,0.0,0.0,0.0,0.0,0.0,0.0,0.0,0.0,0.0,2024-25,576415,599471.6
jerome robinson,576415,2024,SG,26,GSW,22,0,3.7,0.5,1.5,0.333,0.1,0.8,0.118,0.4,0.7,0.563,0.364,0.3,0.5,0.636,0.0,0.2,0.3,0.2,0.0,0.1,0.1,0.2,1.4,2024-25,576415,599471.6
jermaine samuels,576415,2024,SF,25,HOU,14,0,4.3,0.6,1.0,0.643,0.0,0.1,0.0,0.6,0.9,0.75,0.643,0.1,0.1,1.0,0.2,0.7,0.9,0.2,0.1,0.1,0.0,0.4,1.4,2024-25,576415,599471.6
nate hinton,576415,2024,SG,24,HOU,15,0,5.0,0.7,1.7,0.423,0.5,0.9,0.5,0.3,0.8,0.333,0.558,0.3,0.3,0.8,0.5,1.0,1.5,0.7,0.2,0.1,0.2,0.7,2.2,2024-25,576415,599471.6
isaiah wong,576415,2024,SG,23,IND,1,0,4.0,1.0,3.0,0.333,0.0,1.0,0.0,1.0,2.0,0.5,0.333,0.0,0.0,0.0,0.0,0.0,0.0,0.0,0.0,0.0,0.0,0.0,2.0,2024-25,576415,599471.6
oscar tshiebwe,576415,2024,PF,24,IND,8,0,5.3,1.3,2.5,0.5,0.0,0.0,0.0,1.3,2.5,0.5,0.5,0.8,1.0,0.75,1.0,1.0,2.0,0.3,0.3,0.1,0.0,0.4,3.3,2024-25,576415,599471.6
jordan miller,576415,2024,SF,24,LAC,8,0,3.5,0.6,1.1,0.556,0.1,0.3,0.5,0.5,0.9,0.571,0.611,0.3,0.3,1.0,0.4,0.3,0.6,0.0,0.0,0.0,0.1,0.3,1.6,2024-25,576415,599471.6
colin castleton,576415,2024,C,23,LAL,16,0,3.7,0.6,1.0,0.563,0.0,0.0,0.0,0.6,1.0,0.563,0.563,0.4,0.4,1.0,0.4,0.4,0.8,0.2,0.1,0.0,0.2,0.7,1.5,2024-25,576415,599471.6
cole swider,576415,2024,SF,24,MIA,18,0,4.8,0.8,2.1,0.395,0.6,1.7,0.333,0.3,0.4,0.625,0.526,0.1,0.1,1.0,0.1,0.3,0.4,0.3,0.1,0.1,0.4,0.2,2.3,2024-25,576415,599471.6
jamal cain,576415,2024,PF,24,MIA,26,1,10.0,1.3,3.0,0.43,0.4,1.2,0.355,0.9,1.8,0.479,0.5,0.7,0.9,0.783,0.6,0.8,1.4,0.4,0.4,0.2,0.3,0.8,3.7,2024-25,576415,599471.6
daishen nix,576415,2024,PG,21,MIN,15,0,3.3,0.6,1.6,0.375,0.4,1.1,0.353,0.2,0.5,0.429,0.5,0.2,0.4,0.5,0.1,0.1,0.2,0.4,0.3,0.0,0.3,0.1,1.8,2024-25,576415,599471.6
dereon seabron,576415,2024,SG,23,NOP,6,0,9.2,0.7,2.2,0.308,0.2,0.3,0.5,0.5,1.8,0.273,0.346,0.8,1.0,0.833,0.2,1.0,1.2,0.8,0.3,0.2,0.0,0.7,2.3,2024-25,576415,599471.6
keyontae johnson,576415,2024,SF,23,OKC,9,0,7.3,0.6,1.8,0.313,0.1,0.3,0.333,0.4,1.4,0.308,0.344,0.0,0.0,0.0,0.4,0.7,1.1,0.4,0.1,0.0,0.4,0.6,1.2,2024-25,576415,599471.6
olivier sarr,576415,2024,C,24,OKC,15,0,6.5,0.7,1.3,0.579,0.1,0.4,0.333,0.6,0.9,0.692,0.632,0.7,1.0,0.667,0.7,1.7,2.4,0.1,0.0,0.5,0.2,1.2,2.3,2024-25,576415,599471.6
kevon harris,576415,2024,SG,26,ORL,2,0,3.0,1.0,1.5,0.667,0.0,0.0,0.0,1.0,1.5,0.667,0.667,0.0,0.0,0.0,0.0,1.0,1.0,0.5,0.0,0.0,0.5,1.5,2.0,2024-25,576415,599471.6
trevelin queen,576415,2024,SG,26,ORL,14,0,11.8,1.0,2.7,0.368,0.2,1.2,0.176,0.8,1.5,0.524,0.408,0.6,0.9,0.75,0.2,1.2,1.4,1.3,0.5,0.4,0.5,1.1,2.9,2024-25,576415,599471.6
admiral schofield,576415,2024,PF,26,ORL,23,0,3.7,0.4,1.1,0.385,0.3,0.7,0.375,0.2,0.4,0.4,0.5,0.0,0.1,0.0,0.1,0.6,0.7,0.3,0.0,0.0,0.2,0.4,1.1,2024-25,576415,599471.6
terquavion smith,576415,2024,PG,21,PHI,16,0,5.3,1.1,2.9,0.391,0.8,2.2,0.371,0.3,0.7,0.455,0.533,0.2,0.3,0.6,0.0,0.3,0.3,0.8,0.5,0.0,0.4,0.5,3.3,2024-25,576415,599471.6
saben lee,576415,2024,PG,24,PHO,24,0,7.7,0.8,2.3,0.364,0.1,0.7,0.125,0.8,1.6,0.462,0.382,1.2,1.6,0.744,0.4,0.9,1.3,1.3,0.3,0.1,0.3,0.5,3.0,2024-25,576415,599471.6
udoka azubuike,576415,2024,C,24,PHO,16,0,7.1,1.0,1.4,0.696,0.0,0.0,0.0,1.0,1.4,0.696,0.696,0.2,0.8,0.231,0.7,1.3,2.0,0.2,0.1,0.4,0.3,1.1,2.2,2024-25,576415,599471.6
justin minaya,576415,2024,SF,24,POR,34,1,11.2,0.6,2.2,0.297,0.4,1.4,0.245,0.3,0.7,0.4,0.378,0.1,0.3,0.556,0.9,0.8,1.6,0.6,0.3,0.3,0.3,1.0,1.8,2024-25,576415,599471.6
jalen slawson,576415,2024,SF,24,SAC,12,0,3.1,0.3,0.5,0.667,0.0,0.2,0.0,0.3,0.3,1.0,0.667,0.0,0.0,0.0,0.1,0.5,0.6,0.2,0.1,0.1,0.2,0.7,0.7,2024-25,576415,599471.6
jordan ford,576415,2024,PG,25,SAC,6,0,3.7,0.7,1.2,0.571,0.3,0.5,0.667,0.3,0.7,0.5,0.714,0.3,0.3,1.0,0.0,0.3,0.3,0.3,0.0,0.0,0.2,0.0,2.0,2024-25,576415,599471.6
markquis nowell,576415,2024,SG,24,TOR,1,0,4.0,0.0,1.0,0.0,0.0,0.0,0.0,0.0,1.0,0.0,0.0,2.0,2.0,1.0,2.0,0.0,2.0,2.0,1.0,0.0,0.0,0.0,2.0,2024-25,576415,599471.6
johnny juzang,576415,2024,SG,22,UTA,20,5,18.6,2.6,5.5,0.464,1.6,3.9,0.416,1.0,1.7,0.576,0.609,0.5,0.7,0.714,0.4,1.5,1.8,1.2,0.2,0.1,0.7,1.5,7.2,2024-25,576415,599471.6
micah potter,576415,2024,PF,25,UTA,16,0,11.6,1.2,2.5,0.475,0.6,1.3,0.429,0.6,1.2,0.526,0.588,0.4,0.5,0.75,0.6,2.1,2.7,0.4,0.3,0.4,0.3,0.9,3.3,2024-25,576415,599471.6
marques bolden,517051,2024,C,25,CHO,11,2,11.0,1.5,2.3,0.68,0.0,0.1,0.0,1.5,2.2,0.708,0.68,0.3,0.4,0.75,0.9,2.2,3.1,0.4,0.3,0.6,0.3,0.9,3.4,2024-25,517051,537733.04
onuralp bitim,514856,2024,SG,24,CHI,23,1,11.7,1.4,3.7,0.381,0.5,1.9,0.273,0.9,1.7,0.5,0.452,0.2,0.2,0.8,0.3,1.1,1.4,0.6,0.1,0.1,0.4,1.0,3.5,2024-25,514856,535450.24
xavier moon,503535,2024,SG,29,LAC,14,1,8.5,1.1,3.3,0.326,0.1,1.2,0.118,0.9,2.1,0.448,0.348,0.1,0.1,0.5,0.6,0.7,1.3,1.5,0.2,0.2,0.4,0.6,2.4,2024-25,503535,523676.4
isaiah thomas,491822,2024,PG,34,PHO,6,0,3.2,0.5,1.7,0.3,0.3,0.7,0.5,0.2,1.0,0.167,0.4,0.0,0.0,0.0,0.0,0.0,0.0,0.5,0.0,0.0,0.0,0.0,1.3,2024-25,491822,511494.88
ibou badji,480346,2024,C,21,POR,22,1,10.3,0.6,1.0,0.636,0.0,0.0,0.0,0.6,1.0,0.636,0.636,0.3,0.5,0.5,0.9,1.4,2.3,0.6,0.1,0.9,0.7,2.1,1.5,2024-25,480346,499559.84
juan toscano-anderson,461240,2024,SF,30,SAC,11,0,4.8,0.3,1.1,0.25,0.1,0.4,0.25,0.2,0.7,0.25,0.292,0.0,0.0,0.0,0.4,0.9,1.3,0.4,0.1,0.1,0.2,1.0,0.6,2024-25,461240,479689.60000000003
jules bernard,427342,2024,SG,24,WAS,19,0,7.8,1.5,3.4,0.453,0.6,1.5,0.379,0.9,1.8,0.514,0.539,0.3,0.5,0.556,0.5,0.8,1.4,0.8,0.2,0.1,0.4,0.7,3.9,2024-25,427342,444435.68
jontay porter,424030,2024,PF,24,TOR,26,5,13.8,1.5,4.0,0.385,0.8,2.3,0.333,0.8,1.7,0.455,0.481,0.6,0.7,0.833,1.0,2.2,3.2,2.3,0.8,0.8,0.8,1.3,4.4,2024-25,424030,440991.2
jaylen nowell,409990,2024,SG,24,DET,13,1,16.5,2.6,6.0,0.436,0.5,2.2,0.207,2.2,3.8,0.571,0.474,0.5,0.7,0.778,0.5,1.4,1.8,1.5,0.3,0.2,0.5,1.2,6.2,2024-25,409990,426389.60000000003
drew peterson,407466,2024,PF,24,BOS,3,0,7.7,1.3,2.0,0.667,1.0,1.7,0.6,0.3,0.3,1.0,0.917,0.0,0.0,0.0,0.0,0.3,0.3,0.3,0.7,0.0,0.3,0.3,3.7,2024-25,407466,423764.64
nathan mensah,407466,2024,C,25,CHO,25,0,12.3,0.5,1.1,0.429,0.0,0.0,0.0,0.5,1.1,0.429,0.429,0.4,0.5,0.75,1.2,1.4,2.6,0.4,0.2,0.6,0.6,2.6,1.3,2024-25,407466,423764.64
henri drell,400840,2024,SF,23,CHI,4,0,7.5,1.0,2.5,0.4,0.5,1.5,0.333,0.5,1.0,0.5,0.5,0.3,0.5,0.5,0.3,0.8,1.0,1.0,0.5,0.3,0.5,1.5,2.8,2024-25,400840,416873.60000000003
alex fudge,387588,2024,SF,20,DAL,6,0,6.7,1.0,2.5,0.4,0.2,0.8,0.2,0.8,1.7,0.5,0.433,0.3,0.3,1.0,0.7,0.2,0.8,0.0,0.5,0.0,0.3,0.3,2.5,2024-25,387588,403091.52
vit krejci,380964,2024,PG,23,ATL,22,14,24.6,2.3,4.7,0.49,1.3,3.1,0.412,1.0,1.6,0.639,0.625,0.2,0.3,0.833,0.5,1.9,2.4,2.3,0.6,0.3,0.9,2.2,6.1,2024-25,380964,396202.56
brandon williams,361087,2024,PG,24,DAL,17,0,6.6,1.2,3.2,0.37,0.2,0.9,0.2,1.0,2.3,0.436,0.398,0.6,1.0,0.647,0.2,0.5,0.8,1.0,0.1,0.1,0.4,0.2,3.2,2024-25,361087,375530.48000000004
trey jemison,351149,2024,C,24,MEM,25,14,22.9,3.0,5.4,0.551,0.0,0.0,0.0,3.0,5.4,0.551,0.551,0.8,1.0,0.84,2.6,2.8,5.4,1.1,0.5,1.1,1.4,2.8,6.8,2024-25,351149,365194.96
jason preston,324648,2024,PG,24,UTA,7,0,10.1,0.9,2.7,0.316,0.0,0.4,0.0,0.9,2.3,0.375,0.316,0.0,0.0,0.0,0.9,1.6,2.4,2.3,0.3,0.1,0.3,0.4,1.7,2024-25,324648,337633.92
tosan evbuomwan,304770,2024,SF,22,DET,17,8,21.6,2.1,4.2,0.507,0.7,1.9,0.375,1.4,2.3,0.615,0.592,1.0,1.5,0.68,1.1,2.5,3.5,0.9,0.4,0.3,0.5,1.4,5.9,2024-25,304770,316960.8
ashton hagans,278888,2024,PG,24,POR,19,1,16.6,1.5,3.7,0.408,0.4,1.3,0.32,1.1,2.4,0.457,0.465,0.7,0.9,0.824,0.7,1.6,2.4,2.8,0.6,0.5,1.6,2.1,4.2,2024-25,278888,290043.52
jeff dowtin,277237,2024,PG,26,PHI,12,0,11.8,1.7,3.0,0.556,0.8,1.6,0.474,0.9,1.4,0.647,0.681,0.3,0.3,0.75,0.3,1.4,1.7,2.3,0.6,0.1,0.4,0.1,4.3,2024-25,277237,288326.48
javonte green,269057,2024,SF,30,CHI,9,5,25.6,5.0,8.3,0.6,1.1,3.0,0.37,3.9,5.3,0.729,0.667,1.1,1.4,0.769,2.2,5.2,7.4,0.6,1.1,0.9,0.8,2.1,12.2,2024-25,269057,279819.28
justin champagnie,261971,2024,SF,22,WAS,15,1,15.7,2.1,5.2,0.41,0.9,3.0,0.289,1.3,2.2,0.576,0.494,0.8,1.0,0.8,1.3,2.3,3.5,1.3,0.7,0.6,0.7,0.9,5.9,2024-25,261971,272449.84
pete nance,251768,2024,PF,23,CLE,8,0,3.4,0.1,0.8,0.167,0.1,0.1,1.0,0.0,0.6,0.0,0.25,0.0,0.3,0.0,0.0,0.4,0.4,0.0,0.1,0.0,0.1,0.3,0.4,2024-25,251768,261838.72
lindell wigginton,251767,2024,PG,25,MIL,3,0,2.7,0.7,1.7,0.4,0.0,0.7,0.0,0.7,1.0,0.667,0.4,0.7,0.7,1.0,0.0,0.0,0.0,0.0,0.0,0.0,0.3,0.3,2.0,2024-25,251767,261837.68000000002
armoni brooks,248454,2024,PG,25,BRK,10,0,10.4,1.5,4.6,0.326,1.1,3.2,0.344,0.4,1.4,0.286,0.446,0.1,0.2,0.5,0.7,1.1,1.8,0.5,0.1,0.1,0.3,0.3,4.2,2024-25,248454,258392.16
d'moi hodge,248454,2024,SG,25,LAL,7,0,5.9,0.7,2.1,0.333,0.4,1.7,0.25,0.3,0.4,0.667,0.433,0.1,0.3,0.5,0.0,0.0,0.0,0.7,0.1,0.1,0.1,0.6,2.0,2024-25,248454,258392.16
jahmi'us ramsey,239048,2024,SG,22,TOR,7,1,17.3,2.6,5.9,0.439,0.9,3.1,0.273,1.7,2.7,0.632,0.512,0.7,0.9,0.833,0.6,2.6,3.1,1.1,1.0,0.0,1.0,1.4,6.7,2024-25,239048,248609.92
dexter dennis,218640,2024,SG,24,DAL,4,0,7.5,2.5,4.8,0.526,0.3,2.0,0.125,2.3,2.8,0.818,0.553,0.3,0.8,0.333,0.3,2.0,2.3,1.0,0.0,0.3,0.8,0.3,5.5,2024-25,218640,227385.6
alondes williams,218640,2024,SG,24,MIA,7,0,2.3,0.3,1.1,0.25,0.0,0.6,0.0,0.3,0.6,0.5,0.25,0.1,0.1,1.0,0.0,0.1,0.1,0.0,0.0,0.1,0.3,0.3,0.7,2024-25,218640,227385.6
mason jones,218640,2024,SG,25,SAC,5,0,5.6,0.4,1.6,0.25,0.4,1.4,0.286,0.0,0.2,0.0,0.375,0.2,0.4,0.5,0.2,0.8,1.0,1.0,0.2,0.0,0.4,0.6,1.4,2024-25,218640,227385.6
dejon jarreau,213253,2024,SG,26,MEM,9,0,16.7,1.9,5.6,0.34,0.4,1.4,0.308,1.4,4.1,0.351,0.38,0.6,1.2,0.455,0.9,4.0,4.9,2.9,0.7,0.2,1.0,1.6,4.8,2024-25,213253,221783.12
zavier simpson,213253,2024,PG,26,MEM,7,0,23.0,2.4,7.7,0.315,0.7,2.4,0.294,1.7,5.3,0.324,0.361,0.4,0.6,0.75,0.6,2.3,2.9,3.6,1.0,0.4,1.4,1.6,6.0,2024-25,213253,221783.12
adam flagler,212015,2024,SG,24,OKC,2,0,7.0,0.5,3.5,0.143,0.5,3.0,0.167,0.0,0.5,0.0,0.214,0.0,0.0,0.0,0.0,0.0,0.0,2.0,0.0,0.0,0.0,0.0,1.5,2024-25,212015,220495.6
danny green,208078,2024,SG,36,PHI,2,0,9.0,0.0,1.0,0.0,0.0,0.5,0.0,0.0,0.5,0.0,0.0,0.0,0.0,0.0,0.0,1.0,1.0,0.5,0.5,0.0,0.0,0.5,0.0,2024-25,208078,216401.12
mouhamadou gueye,205389,2024,PF,25,TOR,11,0,10.9,1.0,3.5,0.289,0.0,0.3,0.0,1.0,3.2,0.314,0.289,0.4,0.8,0.444,1.1,1.0,2.1,0.5,0.3,1.6,1.1,1.4,2.4,2024-25,205389,213604.56
jamaree bouyea,175876,2024,PG,24,SAS,9,0,10.6,1.1,3.1,0.357,0.1,1.0,0.111,1.0,2.1,0.474,0.375,0.0,0.0,0.0,0.3,1.8,2.1,1.2,0.1,0.0,1.0,1.1,2.3,2024-25,175876,182911.04
pat spencer,175574,2024,PG,27,GSW,6,0,4.3,0.3,0.7,0.5,0.0,0.3,0.0,0.3,0.3,1.0,0.5,0.0,0.0,0.0,0.3,0.3,0.7,0.8,0.0,0.0,0.2,0.2,0.7,2024-25,175574,182596.96
buddy boeheim,172261,2024,SF,24,DET,10,0,8.4,0.9,2.9,0.31,0.8,2.5,0.32,0.1,0.4,0.25,0.448,0.8,1.0,0.8,0.3,0.7,1.0,0.3,0.0,0.1,0.0,0.5,3.4,2024-25,172261,179151.44
andrew funk,165636,2024,SG,24,CHI,5,0,2.6,0.0,0.8,0.0,0.0,0.6,0.0,0.0,0.2,0.0,0.0,0.0,0.0,0.0,0.0,0.0,0.0,0.0,0.2,0.2,0.0,0.0,0.0,2024-25,165636,172261.44
shaquille harrison,149618,2024,SG,30,MEM,3,0,2.0,0.3,0.7,0.5,0.0,0.0,0.0,0.3,0.7,0.5,0.5,0.0,0.0,0.0,0.0,0.7,0.7,0.0,0.0,0.3,0.0,0.0,0.7,2024-25,149618,155602.72
justin jackson,149618,2024,SF,28,MIN,2,0,0.5,0.0,0.0,0.0,0.0,0.0,0.0,0.0,0.0,0.0,0.0,0.0,0.0,0.0,0.0,0.0,0.0,0.0,0.0,0.0,0.0,0.0,0.0,2024-25,149618,155602.72
raiquan gray,145760,2024,PF,24,SAS,3,0,13.0,3.3,5.7,0.588,1.0,2.3,0.429,2.3,3.3,0.7,0.676,0.0,0.0,0.0,0.7,1.7,2.3,2.0,0.3,0.3,0.3,0.0,7.7,2024-25,145760,151590.4
quenton jackson,139134,2024,PG,25,IND,3,0,3.7,0.0,0.3,0.0,0.0,0.0,0.0,0.0,0.3,0.0,0.0,0.7,0.7,1.0,0.0,1.3,1.3,0.7,0.3,0.0,0.0,0.3,0.7,2024-25,139134,144699.36000000002
hamidou diallo,138870,2024,SG,25,WAS,2,0,2.5,0.5,1.0,0.5,0.0,0.0,0.0,0.5,1.0,0.5,0.5,0.0,0.0,0.0,1.0,0.0,1.0,0.5,1.0,0.0,0.5,0.5,1.0,2024-25,138870,144424.80000000002
matthew hurt,132509,2024,PF,23,MEM,8,0,14.1,1.5,4.3,0.353,0.6,2.5,0.25,0.9,1.8,0.5,0.426,0.4,0.4,1.0,1.1,0.9,2.0,0.5,0.4,0.4,0.3,1.0,4.0,2024-25,132509,137809.36000000002
wenyen gabriel,128122,2024,PF,26,MEM,5,0,16.2,1.6,4.4,0.364,0.2,1.2,0.167,1.4,3.2,0.438,0.386,0.0,1.0,0.0,1.4,3.6,5.0,0.6,0.4,0.4,1.6,2.0,3.4,2024-25,128122,133246.88
kobi simmons,123823,2024,PG,26,TOR,4,0,16.8,2.3,5.3,0.429,0.5,2.0,0.25,1.8,3.3,0.538,0.476,0.0,0.0,0.0,0.3,1.5,1.8,3.0,1.5,0.5,0.3,1.3,5.0,2024-25,123823,128775.92
malik williams,79506,2024,C,25,TOR,7,2,15.3,1.3,4.9,0.265,0.1,0.7,0.2,1.1,4.1,0.276,0.279,0.0,0.3,0.0,2.1,3.3,5.4,0.3,0.4,0.6,0.4,2.1,2.7,2024-25,79506,82686.24
taze moore,72787,2024,SG,25,POR,4,0,10.0,2.0,4.8,0.421,0.3,1.8,0.143,1.8,3.0,0.583,0.447,0.3,0.5,0.5,1.0,1.0,2.0,1.3,0.5,0.0,0.8,1.0,4.5,2024-25,72787,75698.48
timmy allen,66254,2024,SF,24,MEM,5,0,25.0,1.2,4.6,0.261,0.0,1.4,0.0,1.2,3.2,0.375,0.261,0.2,0.4,0.5,0.8,2.6,3.4,1.0,0.8,0.0,0.4,3.6,2.6,2024-25,66254,68904.16
jalen crutcher,66254,2024,PG,24,NOP,1,0,3.0,0.0,1.0,0.0,0.0,0.0,0.0,0.0,1.0,0.0,0.0,0.0,0.0,0.0,0.0,0.0,0.0,0.0,0.0,0.0,0.0,0.0,0.0,2024-25,66254,68904.16
izaiah brockington,66254,2024,PG,24,NOP,1,0,3.0,2.0,5.0,0.4,0.0,1.0,0.0,2.0,4.0,0.5,0.4,0.0,0.0,0.0,1.0,1.0,2.0,0.0,0.0,0.0,0.0,0.0,4.0,2024-25,66254,68904.16
kaiser gates,36440,2024,SF,27,NOP,1,0,7.0,0.0,4.0,0.0,0.0,2.0,0.0,0.0,2.0,0.0,0.0,0.0,0.0,0.0,0.0,1.0,1.0,0.0,0.0,0.0,0.0,0.0,0.0,2024-25,36440,37897.6
stephen curry,55761216,2025,PG,36,GSW,70,70,32.2,8.1,18.0,0.448,4.4,11.2,0.397,3.6,6.8,0.534,0.572,4.0,4.3,0.933,0.6,3.9,4.4,6.0,1.1,0.4,2.9,1.4,24.5,2025-26,55761216,55761216.0
joel embiid,51415938,2025,C,30,PHI,19,19,30.2,7.4,16.6,0.444,1.2,4.1,0.299,6.2,12.5,0.492,0.481,7.8,8.9,0.882,1.9,6.3,8.2,4.5,0.7,0.9,3.3,2.2,23.8,2025-26,51415938,51415938.0
nikola jokic,51415938,2025,C,29,DEN,70,70,36.7,11.2,19.5,0.576,2.0,4.7,0.417,9.3,14.8,0.627,0.627,5.2,6.4,0.8,2.9,9.9,12.7,10.2,1.8,0.6,3.3,2.3,29.6,2025-26,51415938,51415938.0
kevin durant,51179021,2025,PF,36,PHO,62,62,36.5,9.5,18.1,0.527,2.6,6.0,0.43,7.0,12.1,0.574,0.598,4.9,5.8,0.839,0.4,5.7,6.0,4.2,0.8,1.2,3.1,1.7,26.6,2025-26,51179021,51179021.0
bradley beal,50203930,2025,SG,31,PHO,53,38,32.1,6.5,13.1,0.497,1.9,5.0,0.386,4.6,8.1,0.565,0.571,2.1,2.6,0.803,0.6,2.7,3.3,3.7,1.1,0.5,1.9,2.6,17.0,2025-26,50203930,50203930.0
jaylen brown,49205800,2025,SF,28,BOS,63,63,34.3,8.2,17.7,0.463,1.8,5.7,0.324,6.4,12.1,0.529,0.515,3.9,5.1,0.764,1.3,4.5,5.8,4.5,1.2,0.3,2.6,2.4,22.2,2025-26,49205800,49205800.0
devin booker,49205800,2025,SG,28,PHO,75,75,37.3,8.7,18.9,0.461,2.4,7.3,0.332,6.3,11.6,0.542,0.525,5.8,6.4,0.894,1.0,3.1,4.1,7.1,0.9,0.2,2.9,2.6,25.6,2025-26,49205800,49205800.0
karl-anthony towns,49205800,2025,C,29,NYK,72,72,35.0,8.9,16.9,0.526,2.0,4.7,0.42,6.9,12.2,0.567,0.584,4.7,5.7,0.829,2.9,9.8,12.8,3.1,1.0,0.7,2.7,3.5,24.4,2025-26,49205800,49205800.0
paul george,49205800,2025,PF,34,PHI,41,41,32.5,6.0,13.9,0.43,2.3,6.5,0.358,3.6,7.4,0.493,0.514,1.9,2.4,0.814,0.6,4.8,5.3,4.3,1.8,0.5,2.6,2.5,16.2,2025-26,49205800,49205800.0
kawhi leonard,49205800,2025,SF,33,LAC,37,37,31.9,8.4,16.8,0.498,2.1,5.1,0.411,6.3,11.7,0.536,0.56,2.6,3.3,0.81,0.9,5.0,5.9,3.1,1.6,0.5,1.9,1.5,21.5,2025-26,49205800,49205800.0
jimmy butler,48798677,2025,SF,35,GSW,55,55,31.7,5.5,10.9,0.504,0.6,1.9,0.308,4.9,9.0,0.546,0.531,6.0,7.1,0.842,2.3,3.1,5.4,5.4,1.4,0.3,1.3,0.9,17.5,2025-26,48798677,48798677.0
giannis antetokounmpo,48787676,2025,PF,30,MIL,67,67,34.2,11.8,19.7,0.601,0.2,0.9,0.222,11.6,18.7,0.62,0.607,6.5,10.6,0.617,2.2,9.7,11.9,6.5,0.9,1.2,3.1,2.3,30.4,2025-26,48787676,48787676.0
damian lillard,48787676,2025,PG,34,MIL,58,58,36.1,7.7,17.1,0.448,3.4,9.0,0.376,4.3,8.1,0.528,0.547,6.2,6.8,0.921,0.5,4.2,4.7,7.1,1.2,0.2,2.8,1.7,24.9,2025-26,48787676,48787676.0
lebron james,48728845,2025,SF,40,LAL,70,70,34.9,9.3,18.1,0.513,2.1,5.7,0.376,7.2,12.5,0.574,0.571,3.7,4.7,0.782,1.0,6.8,7.8,8.2,1.0,0.6,3.7,1.4,24.4,2025-26,48728845,48728845.0
zach lavine,44531940,2025,SF,29,SAC,74,74,35.2,8.4,16.5,0.511,3.2,7.2,0.446,5.2,9.3,0.562,0.609,3.2,3.9,0.825,0.3,4.0,4.3,4.2,0.8,0.2,2.8,1.6,23.3,2025-26,44531940,44531940.0
rudy gobert,43827586,2025,C,32,MIN,72,72,33.2,4.7,7.1,0.669,0.0,0.0,,4.7,7.1,0.669,0.669,2.6,3.8,0.674,3.7,7.2,10.9,1.8,0.8,1.4,1.2,2.5,12.0,2025-26,43827586,43827586.0
anthony davis,43219440,2025,PF,31,DAL,51,51,33.5,9.2,17.8,0.516,0.7,2.4,0.282,8.5,15.4,0.553,0.536,5.6,7.2,0.775,2.6,8.9,11.6,3.5,1.2,2.2,2.2,1.9,24.7,2025-26,43219440,43219440.0
luka doncic,43031940,2025,PG,25,LAL,50,50,35.4,9.2,20.5,0.45,3.5,9.6,0.368,5.7,10.9,0.522,0.536,6.2,7.9,0.782,0.8,7.4,8.2,7.7,1.8,0.4,3.6,2.5,28.2,2025-26,43031940,43031940.0
trae young,43031940,2025,PG,26,ATL,76,76,36.0,7.4,18.1,0.411,2.9,8.4,0.34,4.6,9.7,0.474,0.491,6.5,7.4,0.875,0.5,2.6,3.1,11.6,1.2,0.2,4.7,1.9,24.2,2025-26,43031940,43031940.0
fred vanvleet,42846615,2025,PG,30,HOU,60,60,35.2,4.8,12.7,0.378,2.7,7.7,0.345,2.1,5.0,0.43,0.483,1.9,2.3,0.81,0.5,3.2,3.7,5.6,1.6,0.4,1.5,2.3,14.1,2025-26,42846615,42846615.0
anthony edwards,42176400,2025,SG,23,MIN,79,79,36.3,9.1,20.4,0.447,4.1,10.3,0.395,5.1,10.1,0.501,0.547,5.3,6.3,0.837,0.8,4.9,5.7,4.5,1.2,0.6,3.2,1.9,27.6,2025-26,42176400,42176400.0
tyrese haliburton,42176400,2025,PG,24,IND,73,73,33.6,6.5,13.8,0.473,3.0,7.7,0.388,3.5,6.1,0.581,0.582,2.6,3.0,0.851,0.6,3.0,3.5,9.2,1.4,0.7,1.6,1.3,18.6,2025-26,42176400,42176400.0
lauri markkanen,42176400,2025,PF,27,UTA,47,47,31.4,6.3,14.9,0.423,2.9,8.5,0.346,3.4,6.4,0.525,0.521,3.4,3.9,0.876,1.5,4.4,5.9,1.5,0.7,0.4,1.4,1.7,19.0,2025-26,42176400,42176400.0
pascal siakam,42176400,2025,PF,30,IND,78,78,32.7,7.9,15.2,0.519,1.6,4.2,0.389,6.2,11.0,0.568,0.572,2.9,3.9,0.734,1.7,5.2,6.9,3.4,0.9,0.5,1.4,2.4,20.2,2025-26,42176400,42176400.0
kyrie irving,41000000,2025,SG,32,DAL,50,50,36.1,8.9,18.9,0.473,2.9,7.2,0.401,6.1,11.7,0.517,0.549,3.9,4.3,0.916,1.2,3.6,4.8,4.6,1.3,0.5,2.2,2.0,24.7,2025-26,41000000,41000000.0
domantas sabonis,40500000,2025,C,28,SAC,70,70,34.7,7.5,12.8,0.59,0.9,2.2,0.417,6.6,10.5,0.627,0.627,3.1,4.1,0.754,3.8,10.1,13.9,6.0,0.7,0.4,2.9,3.3,19.1,2025-26,40500000,40500000.0
zion williamson,36725670,2025,PF,24,NOP,30,30,28.6,9.6,16.9,0.567,0.1,0.4,0.231,9.5,16.5,0.576,0.57,5.3,8.0,0.656,2.5,4.7,7.2,5.3,1.2,0.9,3.0,2.7,24.6,2025-26,36725670,36725670.0
ja morant,36725670,2025,PG,25,MEM,50,50,30.4,8.1,17.8,0.454,1.8,5.7,0.309,6.3,12.1,0.523,0.504,5.3,6.4,0.824,0.7,3.4,4.1,7.3,1.2,0.2,3.7,2.3,23.2,2025-26,36725670,36725670.0
darius garland,36725670,2025,PG,25,CLE,75,75,30.7,7.4,15.7,0.472,2.8,7.1,0.401,4.6,8.6,0.53,0.562,3.0,3.4,0.878,0.6,2.2,2.9,6.7,1.2,0.1,2.5,1.9,20.6,2025-26,36725670,36725670.0
og anunoby,36637932,2025,PF,27,NYK,74,74,36.6,6.6,13.9,0.476,2.3,6.2,0.372,4.3,7.7,0.561,0.559,2.5,3.1,0.81,1.3,3.5,4.8,2.2,1.5,0.9,1.4,2.3,18.0,2025-26,36637932,36637932.0
jamal murray,36016200,2025,PG,27,DEN,67,67,36.1,7.9,16.7,0.474,2.3,5.9,0.393,5.6,10.8,0.518,0.543,3.3,3.7,0.886,0.7,3.2,3.9,6.0,1.4,0.5,2.1,1.9,21.4,2025-26,36016200,36016200.0
brandon ingram,36016200,2025,SF,27,NOP,18,18,33.1,8.6,18.5,0.465,2.4,6.4,0.374,6.2,12.1,0.514,0.53,2.6,3.1,0.855,0.9,4.6,5.6,5.2,0.9,0.6,3.8,2.5,22.2,2025-26,36016200,36016200.0
shai gilgeous-alexander,35859950,2025,PG,26,OKC,76,76,34.2,11.3,21.8,0.519,2.1,5.7,0.375,9.2,16.1,0.571,0.569,7.9,8.8,0.898,0.9,4.1,5.0,6.4,1.7,1.0,2.4,2.2,32.7,2025-26,35859950,35859950.0
michael porter jr.,35859950,2025,SF,26,DEN,77,77,33.7,6.9,13.6,0.504,2.5,6.4,0.395,4.4,7.3,0.599,0.596,1.9,2.5,0.768,1.8,5.2,7.0,2.1,0.6,0.5,1.4,2.0,18.2,2025-26,35859950,35859950.0
donovan mitchell,35410310,2025,SG,28,CLE,71,71,31.4,8.2,18.6,0.443,3.3,8.9,0.368,5.0,9.7,0.512,0.531,4.2,5.1,0.823,0.8,3.7,4.5,5.0,1.3,0.2,2.1,2.0,24.0,2025-26,35410310,35410310.0
tyrese maxey,35147000,2025,PG,24,PHI,52,52,37.7,9.2,21.0,0.437,3.1,9.2,0.337,6.1,11.8,0.515,0.511,4.9,5.6,0.879,0.3,3.1,3.3,6.1,1.8,0.4,2.4,2.2,26.3,2025-26,35147000,35147000.0
lamelo ball,35147000,2025,PG,23,CHO,47,47,32.0,8.6,21.3,0.405,3.8,11.2,0.339,4.8,10.1,0.478,0.494,4.1,4.9,0.843,1.0,3.9,4.9,7.4,1.1,0.3,3.6,3.3,25.2,2025-26,35147000,35147000.0
jayson tatum,34848340,2025,PF,26,BOS,72,72,36.4,9.2,20.3,0.452,3.5,10.1,0.343,5.7,10.2,0.559,0.537,5.0,6.1,0.814,0.7,8.0,8.7,6.0,1.1,0.5,2.9,2.2,26.8,2025-26,34848340,34848340.0
bam adebayo,34848340,2025,C,27,MIA,78,78,34.3,6.9,14.3,0.485,1.0,2.8,0.357,5.9,11.4,0.517,0.521,3.2,4.2,0.765,2.4,7.2,9.6,4.3,1.3,0.7,2.1,2.1,18.1,2025-26,34848340,34848340.0
de'aaron fox,34848340,2025,PG,27,SAS,62,62,36.1,8.7,18.8,0.463,1.9,6.1,0.31,6.8,12.6,0.538,0.514,4.2,5.1,0.827,0.9,3.9,4.8,6.3,1.5,0.4,2.8,2.6,23.5,2025-26,34848340,34848340.0
desmond bane,34005250,2025,SG,26,MEM,69,68,32.0,7.1,14.8,0.484,2.4,6.1,0.392,4.8,8.7,0.548,0.565,2.6,2.9,0.894,0.9,5.2,6.1,5.3,1.2,0.4,2.4,2.4,19.2,2025-26,34005250,34005250.0
deandre ayton,34005126,2025,C,26,POR,40,40,30.2,6.6,11.7,0.566,0.2,0.8,0.188,6.5,10.9,0.594,0.573,1.0,1.5,0.667,3.1,7.1,10.2,1.6,0.8,1.0,1.7,2.2,14.4,2025-26,34005126,34005126.0
james harden,33653846,2025,PG,35,LAC,79,79,35.3,6.7,16.4,0.41,3.0,8.5,0.352,3.7,7.9,0.472,0.501,6.4,7.3,0.874,0.7,5.1,5.8,8.7,1.5,0.7,4.3,2.1,22.8,2025-26,33653846,33653846.0
cj mccollum,33333333,2025,PG,33,NOP,56,56,32.7,7.9,17.9,0.444,3.1,8.2,0.373,4.9,9.7,0.505,0.53,2.2,3.1,0.717,0.8,3.0,3.8,4.1,0.8,0.4,1.9,2.2,21.1,2025-26,33333333,33333333.0
julius randle,33073920,2025,PF,30,MIN,69,69,32.3,6.6,13.6,0.485,1.6,4.6,0.344,5.0,9.1,0.555,0.542,3.9,4.9,0.806,2.1,5.0,7.1,4.7,0.7,0.2,2.8,2.5,18.7,2025-26,33073920,33073920.0
immanuel quickley,32500000,2025,PG,25,TOR,33,33,27.8,5.6,13.3,0.42,2.6,6.8,0.378,3.0,6.5,0.465,0.517,3.4,3.9,0.867,0.5,3.1,3.5,5.8,0.7,0.1,1.8,1.8,17.1,2025-26,32500000,32500000.0
khris middleton,31000000,2025,SF,33,WAS,37,21,22.8,4.3,9.1,0.475,1.3,3.6,0.361,3.0,5.5,0.549,0.546,1.9,2.3,0.857,0.4,3.4,3.7,4.1,0.9,0.2,1.5,2.0,11.9,2025-26,31000000,31000000.0
jrue holiday,30000000,2025,PG,34,BOS,62,62,30.6,4.1,9.2,0.443,1.7,4.9,0.353,2.4,4.3,0.547,0.538,1.1,1.2,0.909,1.2,3.0,4.3,3.9,1.1,0.4,1.2,1.6,11.1,2025-26,30000000,30000000.0
isaiah hartenstein,30000000,2025,C,26,OKC,57,53,27.9,4.9,8.4,0.581,0.0,0.3,0.0,4.9,8.1,0.605,0.581,1.4,2.1,0.675,2.9,7.9,10.7,3.8,0.8,1.1,1.7,3.0,11.2,2025-26,30000000,30000000.0
jerami grant,29793104,2025,PF,30,POR,47,47,32.4,4.6,12.2,0.373,2.3,6.3,0.365,2.3,5.9,0.381,0.467,3.0,3.5,0.849,0.6,2.9,3.5,2.1,0.9,1.0,1.4,2.3,14.4,2025-26,29793104,29793104.0
jordan poole,29651786,2025,SG,25,WAS,68,68,29.4,6.7,15.5,0.432,3.5,9.1,0.378,3.3,6.4,0.51,0.544,3.6,4.0,0.883,0.5,2.5,3.0,4.5,1.3,0.4,3.0,3.0,20.5,2025-26,29651786,29651786.0
dejounte murray,29517135,2025,PG,28,NOP,31,31,32.6,6.3,15.9,0.393,1.7,5.6,0.299,4.6,10.3,0.444,0.445,3.3,4.0,0.823,0.5,5.9,6.5,7.4,2.0,0.4,3.4,2.0,17.5,2025-26,29517135,29517135.0
devin vassell,29347826,2025,SG,24,SAS,64,53,31.0,6.2,13.9,0.443,2.5,6.7,0.368,3.7,7.2,0.513,0.532,1.5,1.9,0.792,0.5,3.5,4.0,2.9,1.3,0.5,1.4,1.7,16.3,2025-26,29347826,29347826.0
kristaps porzingis,29268293,2025,C,29,BOS,42,42,28.8,6.6,13.7,0.483,2.5,6.0,0.412,4.1,7.7,0.537,0.572,3.8,4.7,0.809,1.6,5.1,6.8,2.1,0.7,1.5,1.3,2.8,19.5,2025-26,29268293,29268293.0
tyler herro,29000000,2025,SG,25,MIA,77,77,35.4,8.5,17.9,0.472,3.3,8.7,0.375,5.2,9.2,0.565,0.563,3.7,4.2,0.878,0.5,4.7,5.2,5.5,0.9,0.2,2.6,1.1,23.9,2025-26,29000000,29000000.0
nic claxton,27556817,2025,C,25,BRK,70,62,26.9,4.6,8.1,0.563,0.1,0.3,0.238,4.5,7.8,0.576,0.568,1.1,2.2,0.513,2.2,5.1,7.4,2.2,0.9,1.4,1.2,2.1,10.3,2025-26,27556817,27556817.0
miles bridges,27173913,2025,PF,26,CHO,64,64,31.7,7.3,17.0,0.431,2.2,7.0,0.313,5.1,10.0,0.513,0.495,3.5,4.0,0.87,1.1,6.4,7.5,3.9,0.7,0.7,2.1,1.5,20.3,2025-26,27173913,27173913.0
john collins,26580000,2025,PF,27,UTA,40,31,30.5,7.0,13.3,0.527,1.5,3.7,0.399,5.5,9.6,0.577,0.583,3.5,4.1,0.848,2.2,6.0,8.2,2.0,1.0,1.0,2.6,2.9,19.0,2025-26,26580000,26580000.0
andrew wiggins,26276786,2025,SF,29,MIA,60,60,30.7,6.3,14.0,0.448,2.2,5.8,0.374,4.1,8.2,0.501,0.526,3.3,4.3,0.763,1.5,3.0,4.5,2.6,1.0,0.8,1.7,1.7,18.0,2025-26,26276786,26276786.0
anfernee simons,25892857,2025,SG,25,POR,70,70,32.7,6.8,16.1,0.426,3.1,8.5,0.363,3.8,7.6,0.496,0.521,2.5,2.8,0.902,0.4,2.3,2.7,4.8,0.9,0.1,2.0,1.7,19.3,2025-26,25892857,25892857.0
rj barrett,25794643,2025,SF,24,TOR,58,58,32.2,7.9,16.9,0.468,1.8,5.3,0.35,6.1,11.7,0.522,0.523,3.4,5.4,0.63,1.1,5.3,6.3,5.4,0.8,0.3,2.8,2.4,21.1,2025-26,25794643,25794643.0
tobias harris,25365854,2025,PF,32,DET,73,73,31.6,5.3,11.0,0.477,1.2,3.6,0.345,4.0,7.4,0.542,0.534,2.0,2.3,0.861,0.9,5.0,5.9,2.2,1.0,0.8,1.2,1.9,13.7,2025-26,25365854,25365854.0
jaren jackson jr.,25257798,2025,C,25,MEM,74,74,29.8,8.0,16.4,0.488,2.0,5.3,0.375,6.0,11.1,0.541,0.548,4.2,5.4,0.781,1.2,4.4,5.6,2.0,1.2,1.5,2.1,3.5,22.2,2025-26,25257798,25257798.0
jonathan isaac,25000000,2025,PF,27,ORL,71,1,15.4,1.9,4.6,0.414,0.5,2.1,0.258,1.3,2.4,0.549,0.474,1.0,1.5,0.682,1.7,2.7,4.4,0.6,0.9,1.1,0.5,1.3,5.4,2025-26,25000000,25000000.0
jalen brunson,24960001,2025,PG,28,NYK,65,65,35.4,9.0,18.5,0.488,2.3,6.1,0.383,6.7,12.4,0.539,0.551,5.7,6.9,0.821,0.4,2.5,2.9,7.3,0.9,0.1,2.5,2.1,26.0,2025-26,24960001,24960001.0
terry rozier,24924126,2025,PG,30,MIA,64,23,25.9,3.9,9.9,0.391,1.4,4.8,0.295,2.5,5.1,0.48,0.462,1.4,1.7,0.852,0.7,3.0,3.7,2.6,0.6,0.2,1.2,1.1,10.6,2025-26,24924126,24924126.0
kyle kuzma,24456061,2025,PF,29,MIL,65,62,29.8,5.7,13.0,0.436,1.5,4.8,0.307,4.2,8.2,0.512,0.493,2.0,3.1,0.634,0.8,4.9,5.7,2.3,0.6,0.3,2.2,1.8,14.8,2025-26,24456061,24456061.0
draymond green,24107143,2025,PF,34,GSW,68,66,29.2,3.2,7.5,0.424,1.2,3.6,0.325,2.0,3.9,0.517,0.503,1.5,2.2,0.687,1.1,5.0,6.1,5.6,1.5,1.0,2.6,3.2,9.0,2025-26,24107143,24107143.0
demar derozan,23400000,2025,SF,35,SAC,77,77,35.9,8.1,17.0,0.477,1.1,3.3,0.328,7.0,13.7,0.513,0.509,4.9,5.7,0.857,0.6,3.2,3.9,4.4,0.8,0.4,1.4,1.9,22.2,2025-26,23400000,23400000.0
mikal bridges,23300000,2025,SF,28,NYK,82,82,37.0,7.2,14.4,0.5,2.0,5.6,0.354,5.2,8.8,0.594,0.57,1.2,1.4,0.814,0.9,2.3,3.2,3.7,0.9,0.5,1.6,1.5,17.6,2025-26,23300000,23300000.0
jaden mcdaniels,23017242,2025,PF,24,MIN,82,82,31.9,4.9,10.2,0.477,1.2,3.7,0.33,3.6,6.5,0.561,0.537,1.3,1.6,0.813,1.6,4.2,5.7,2.0,1.3,0.9,1.2,2.7,12.2,2025-26,23017242,23017242.0
bruce brown,23000000,2025,PG,28,NOP,41,12,22.5,3.2,7.5,0.421,0.7,2.0,0.333,2.5,5.6,0.452,0.464,1.3,1.6,0.815,1.0,3.0,4.0,2.0,0.8,0.2,1.0,1.7,8.3,2025-26,23000000,23000000.0
brook lopez,23000000,2025,C,36,MIL,80,80,31.8,4.9,9.7,0.509,1.7,4.7,0.373,3.2,5.0,0.636,0.599,1.4,1.7,0.826,1.4,3.6,5.0,1.8,0.6,1.9,1.1,2.1,13.0,2025-26,23000000,23000000.0
aaron gordon,22841455,2025,PF,29,DEN,51,42,28.4,5.2,9.7,0.531,1.5,3.4,0.436,3.7,6.4,0.582,0.607,2.8,3.5,0.81,1.6,3.3,4.8,3.2,0.5,0.3,1.4,1.6,14.7,2025-26,22841455,22841455.0
kentavious caldwell-pope,22757000,2025,SG,31,ORL,77,77,29.6,3.1,7.1,0.439,1.5,4.3,0.342,1.6,2.8,0.589,0.543,1.1,1.2,0.863,0.4,1.8,2.2,1.8,1.3,0.4,0.8,1.8,8.7,2025-26,22757000,22757000.0
cameron johnson,22500000,2025,PF,28,BRK,57,57,31.6,6.2,13.1,0.475,2.8,7.2,0.39,3.4,5.9,0.578,0.582,3.5,3.9,0.893,0.9,3.4,4.3,3.4,0.9,0.4,1.7,1.8,18.8,2025-26,22500000,22500000.0
malcolm brogdon,22500000,2025,PG,32,WAS,24,13,23.5,4.3,10.0,0.433,0.7,2.3,0.286,3.7,7.7,0.478,0.467,3.4,3.8,0.88,0.9,2.9,3.8,4.1,0.5,0.2,1.6,1.3,12.7,2025-26,22500000,22500000.0
clint capela,22265280,2025,C,30,ATL,55,41,21.4,4.0,7.1,0.559,0.0,0.0,0.0,4.0,7.1,0.56,0.559,0.9,1.8,0.536,3.2,5.4,8.5,1.1,0.6,1.0,0.9,1.9,8.9,2025-26,22265280,22265280.0
dillon brooks,22255493,2025,SF,29,HOU,75,75,31.8,5.1,11.9,0.429,2.5,6.3,0.397,2.6,5.7,0.465,0.533,1.3,1.6,0.818,1.0,2.7,3.7,1.7,0.8,0.2,1.0,3.2,14.0,2025-26,22255493,22255493.0
de'andre hunter,21696429,2025,SF,27,CLE,64,9,27.2,5.6,11.9,0.47,2.5,6.1,0.405,3.1,5.8,0.537,0.573,3.4,4.0,0.846,0.7,3.3,4.0,1.4,0.8,0.2,1.3,2.4,17.0,2025-26,21696429,21696429.0
lonzo ball,21395348,2025,PG,27,CHI,35,14,22.2,2.5,6.9,0.366,1.9,5.6,0.344,0.6,1.4,0.458,0.504,0.6,0.8,0.815,0.7,2.7,3.4,3.3,1.3,0.5,1.2,1.6,7.6,2025-26,21395348,21395348.0
marcus smart,20210284,2025,PG,30,WAS,34,7,20.0,3.0,7.6,0.393,1.4,4.1,0.348,1.5,3.4,0.448,0.488,1.6,2.1,0.761,0.5,1.6,2.1,3.2,1.1,0.3,1.6,1.6,9.0,2025-26,20210284,20210284.0
derrick white,20071429,2025,SG,30,BOS,76,76,33.9,5.6,12.6,0.442,3.5,9.1,0.384,2.1,3.5,0.593,0.58,1.8,2.1,0.839,0.9,3.6,4.5,4.8,0.9,1.1,1.7,1.8,16.4,2025-26,20071429,20071429.0
jarrett allen,20000000,2025,C,26,CLE,82,82,28.0,5.5,7.8,0.706,0.0,0.1,0.0,5.5,7.7,0.712,0.706,2.4,3.4,0.718,2.6,7.1,9.7,1.9,0.9,0.9,1.2,1.5,13.5,2025-26,20000000,20000000.0
nikola vucevic,20000000,2025,C,34,CHI,73,72,31.2,7.5,14.2,0.53,1.8,4.4,0.402,5.8,9.8,0.587,0.592,1.6,2.0,0.805,2.4,7.6,10.1,3.5,0.8,0.7,1.6,2.2,18.5,2025-26,20000000,20000000.0
myles turner,19928500,2025,C,28,IND,72,72,30.2,5.4,11.3,0.481,2.2,5.5,0.396,3.3,5.8,0.561,0.577,2.6,3.3,0.773,1.3,5.3,6.5,1.5,0.8,2.0,1.7,2.5,15.6,2025-26,19928500,19928500.0
jakob poeltl,19500000,2025,C,29,TOR,57,56,29.6,6.4,10.2,0.627,0.0,0.1,0.333,6.4,10.1,0.628,0.628,1.7,2.5,0.674,3.3,6.3,9.6,2.8,1.2,1.2,1.9,3.1,14.5,2025-26,19500000,19500000.0
duncan robinson,19406000,2025,SF,30,MIA,74,37,24.1,3.9,9.0,0.437,2.6,6.5,0.393,1.4,2.4,0.556,0.581,0.6,0.7,0.887,0.2,2.0,2.3,2.4,0.5,0.1,1.2,1.8,11.0,2025-26,19406000,19406000.0
norman powell,19241379,2025,SG,31,LAC,60,60,32.6,7.6,15.8,0.484,3.0,7.1,0.418,4.6,8.6,0.538,0.578,3.6,4.4,0.804,0.4,2.8,3.2,2.1,1.2,0.2,1.8,1.9,21.8,2025-26,19241379,19241379.0
keldon johnson,19000000,2025,SF,25,SAS,77,0,23.9,4.8,10.0,0.482,1.1,3.6,0.318,3.7,6.4,0.573,0.538,1.9,2.5,0.773,1.5,3.4,4.8,1.6,0.6,0.3,1.0,1.5,12.7,2025-26,19000000,19000000.0
d'angelo russell,18692307,2025,PG,28,BRK,58,36,25.5,4.3,11.0,0.39,1.9,6.2,0.314,2.3,4.8,0.489,0.479,2.1,2.5,0.834,0.3,2.4,2.8,5.1,1.0,0.4,1.9,2.0,12.6,2025-26,18692307,18692307.0
collin sexton,18350000,2025,SG,26,UTA,63,61,27.9,6.6,13.8,0.48,1.7,4.3,0.406,4.9,9.5,0.513,0.543,3.4,4.0,0.865,1.0,1.8,2.7,4.2,0.7,0.1,2.5,2.3,18.4,2025-26,18350000,18350000.0
josh hart,18144000,2025,SG,29,NYK,77,77,37.6,5.2,10.0,0.525,1.1,3.3,0.333,4.2,6.7,0.618,0.579,2.1,2.7,0.776,2.1,7.5,9.6,5.9,1.5,0.4,2.1,2.6,13.6,2025-26,18144000,18144000.0
jusuf nurkic,18125000,2025,C,30,CHO,51,32,20.8,3.3,6.9,0.477,0.6,2.1,0.305,2.7,4.8,0.551,0.523,1.7,2.5,0.664,1.7,6.1,7.8,2.3,0.8,0.7,1.9,2.5,8.9,2025-26,18125000,18125000.0
patrick williams,18000000,2025,PF,23,CHI,63,36,25.0,3.3,8.2,0.397,1.5,4.3,0.353,1.7,3.9,0.447,0.49,1.0,1.3,0.723,0.7,3.1,3.8,2.0,0.8,0.5,1.4,1.4,9.0,2025-26,18000000,18000000.0
harrison barnes,18000000,2025,PF,32,SAS,82,82,27.2,4.2,8.3,0.508,1.9,4.4,0.433,2.3,3.9,0.591,0.622,2.0,2.4,0.809,1.2,2.6,3.8,1.7,0.5,0.2,0.6,0.9,12.3,2025-26,18000000,18000000.0
malik monk,17405203,2025,SG,26,SAC,65,45,31.6,6.3,14.4,0.439,2.1,6.6,0.325,4.2,7.9,0.534,0.513,2.4,2.7,0.865,0.5,3.3,3.8,5.6,0.9,0.6,2.4,2.4,17.2,2025-26,17405203,17405203.0
bogdan bogdanovic,17260000,2025,SG,32,LAC,54,4,25.0,3.9,9.1,0.427,1.9,5.4,0.363,1.9,3.8,0.517,0.534,1.1,1.2,0.879,0.4,2.5,2.9,2.7,0.8,0.2,1.4,2.4,10.8,2025-26,17260000,17260000.0
rui hachimura,17000000,2025,PF,26,LAL,59,57,31.7,5.0,9.8,0.509,1.7,4.2,0.413,3.2,5.6,0.581,0.597,1.5,1.9,0.77,1.3,3.7,5.0,1.4,0.8,0.4,0.8,1.8,13.1,2025-26,17000000,17000000.0
kevin huerter,16830357,2025,SG,26,CHI,69,31,24.3,3.7,8.8,0.425,1.9,5.7,0.338,1.8,3.1,0.587,0.535,0.5,0.7,0.714,0.4,2.5,3.0,2.3,1.0,0.3,1.0,1.8,9.9,2025-26,16830357,16830357.0
zach collins,16741200,2025,PF,27,CHI,64,12,15.3,2.4,4.7,0.507,0.5,1.7,0.302,1.9,3.1,0.617,0.56,1.1,1.2,0.885,1.6,2.9,4.5,1.7,0.5,0.5,0.9,2.1,6.4,2025-26,16741200,16741200.0
caris levert,16615384,2025,SG,30,ATL,64,3,24.9,4.4,9.4,0.467,1.7,4.4,0.373,2.7,4.9,0.552,0.556,1.7,2.4,0.71,0.6,2.5,3.2,3.4,0.9,0.5,1.2,1.5,12.1,2025-26,16615384,16615384.0
luguentz dort,16500000,2025,SF,25,OKC,71,71,29.2,3.6,8.4,0.435,2.4,5.8,0.412,1.2,2.5,0.489,0.578,0.5,0.6,0.717,1.3,2.9,4.1,1.6,1.1,0.5,0.7,2.9,10.1,2025-26,16500000,16500000.0
tim hardaway jr.,16193183,2025,SG,32,DET,77,77,28.0,3.6,8.8,0.406,2.2,5.9,0.368,1.4,2.9,0.484,0.529,1.6,1.9,0.855,0.2,2.1,2.4,1.6,0.5,0.1,0.6,1.2,11.0,2025-26,16193183,16193183.0
klay thompson,15873016,2025,SF,34,DAL,72,72,27.3,5.0,12.2,0.412,3.0,7.7,0.391,2.0,4.5,0.448,0.535,0.9,1.0,0.905,0.6,2.8,3.4,2.0,0.7,0.4,1.2,1.1,14.0,2025-26,15873016,15873016.0
deni avdija,15625000,2025,SF,24,POR,72,54,30.0,5.6,11.7,0.476,1.7,4.8,0.365,3.8,7.0,0.552,0.55,4.0,5.2,0.78,1.5,5.7,7.3,3.9,1.0,0.5,2.7,2.4,16.9,2025-26,15625000,15625000.0
grayson allen,15625000,2025,SG,29,PHO,64,7,24.1,3.4,7.6,0.448,2.3,5.5,0.426,1.1,2.2,0.504,0.6,1.5,1.8,0.816,0.5,2.5,3.0,2.1,0.8,0.3,1.2,1.5,10.6,2025-26,15625000,15625000.0
p.j. washington,15500000,2025,PF,26,DAL,57,56,32.2,5.3,11.7,0.453,1.6,4.2,0.381,3.7,7.5,0.493,0.521,2.5,3.5,0.722,1.4,6.3,7.8,2.3,1.1,1.1,2.1,2.3,14.7,2025-26,15500000,15500000.0
max strus,15212068,2025,SF,28,CLE,50,37,25.5,3.3,7.5,0.442,2.3,5.9,0.386,1.0,1.6,0.65,0.594,0.6,0.7,0.824,1.1,3.3,4.3,3.2,0.5,0.2,1.1,2.1,9.4,2025-26,15212068,15212068.0
isaiah stewart,15000000,2025,C,23,DET,72,4,19.9,2.4,4.4,0.559,0.2,0.7,0.321,2.2,3.6,0.607,0.586,0.9,1.2,0.759,1.8,3.7,5.5,1.7,0.4,1.4,0.9,2.5,6.0,2025-26,15000000,15000000.0
dorian finney-smith,14924167,2025,PF,31,LAL,63,40,28.9,3.1,6.9,0.448,2.0,5.0,0.411,1.0,1.9,0.545,0.597,0.5,0.7,0.667,1.3,2.7,3.9,1.4,0.9,0.4,0.9,2.2,8.7,2025-26,14924167,14924167.0
mitchell robinson,14318182,2025,C,26,NYK,17,3,17.1,2.2,3.3,0.661,0.0,0.0,,2.2,3.3,0.661,0.661,0.8,1.1,0.684,3.1,2.9,5.9,0.8,0.9,1.1,0.6,1.5,5.1,2025-26,14318182,14318182.0
jordan clarkson,14092577,2025,SG,32,UTA,37,9,26.0,5.4,13.3,0.408,2.3,6.3,0.362,3.2,7.1,0.448,0.493,3.1,3.9,0.797,0.7,2.5,3.2,3.7,0.8,0.2,2.3,1.4,16.2,2025-26,14092577,14092577.0
onyeka okongwu,14000000,2025,C,24,ATL,74,40,27.9,5.2,9.2,0.567,0.6,2.0,0.324,4.6,7.2,0.634,0.602,2.2,2.9,0.759,3.0,5.9,8.9,2.3,0.9,0.9,1.2,2.6,13.4,2025-26,14000000,14000000.0
naz reid,13986432,2025,C,25,MIN,80,17,27.5,5.3,11.5,0.462,2.2,5.8,0.379,3.1,5.8,0.544,0.556,1.4,1.8,0.776,1.2,4.9,6.0,2.3,0.7,0.9,1.4,2.4,14.2,2025-26,13986432,13986432.0
cade cunningham,13940809,2025,PG,23,DET,70,70,35.0,9.8,20.8,0.469,2.1,6.0,0.356,7.6,14.8,0.515,0.521,4.5,5.3,0.846,0.8,5.3,6.1,9.1,1.0,0.8,4.4,2.8,26.1,2025-26,13940809,13940809.0
daniel gafford,13394160,2025,C,26,DAL,57,31,21.5,5.0,7.1,0.702,0.0,0.0,,5.0,7.1,0.702,0.702,2.4,3.4,0.689,2.7,4.1,6.8,1.4,0.4,1.8,1.2,2.7,12.3,2025-26,13394160,13394160.0
grant williams,13025250,2025,PF,26,CHO,16,7,29.9,3.4,7.7,0.439,1.7,4.6,0.365,1.7,3.1,0.551,0.549,1.9,2.3,0.838,1.1,4.0,5.1,2.3,1.1,0.8,1.8,2.9,10.4,2025-26,13025250,13025250.0
dennis schroder,13025250,2025,PG,31,DET,75,49,28.1,4.5,11.0,0.406,1.7,4.9,0.342,2.8,6.1,0.458,0.483,2.4,2.9,0.838,0.4,2.3,2.6,5.4,0.9,0.2,1.9,2.4,13.1,2025-26,13025250,13025250.0
isaiah joe,12991650,2025,SG,25,OKC,74,16,21.7,3.5,7.9,0.44,2.6,6.3,0.412,0.9,1.6,0.549,0.604,0.6,0.8,0.821,0.6,2.1,2.6,1.6,0.6,0.1,0.5,1.5,10.2,2025-26,12991650,12991650.0
herbert jones,12976362,2025,SF,26,NOP,20,20,32.4,3.8,8.6,0.436,1.1,3.6,0.306,2.7,5.0,0.53,0.5,1.7,2.0,0.825,1.1,2.8,3.9,3.3,1.9,0.5,1.8,3.3,10.3,2025-26,12976362,12976362.0
austin reaves,12976362,2025,SG,26,LAL,73,73,34.9,6.5,14.2,0.46,2.7,7.3,0.377,3.8,6.9,0.547,0.556,4.4,5.0,0.877,0.8,3.7,4.5,5.8,1.1,0.3,2.4,2.1,20.2,2025-26,12976362,12976362.0
obi toppin,12975000,2025,PF,26,IND,79,4,19.6,4.0,7.6,0.529,1.4,3.8,0.365,2.6,3.8,0.695,0.621,1.1,1.4,0.781,0.7,3.3,4.0,1.6,0.6,0.4,0.9,1.4,10.5,2025-26,12975000,12975000.0
cole anthony,12900000,2025,PG,24,ORL,67,22,18.4,3.4,8.1,0.424,1.1,3.3,0.353,2.3,4.9,0.471,0.494,1.4,1.7,0.823,0.7,2.4,3.0,2.9,0.7,0.5,1.5,2.3,9.4,2025-26,12900000,12900000.0
de'anthony melton,12822000,2025,SG,26,GSW,6,2,20.2,3.7,9.0,0.407,2.2,5.8,0.371,1.5,3.2,0.474,0.528,0.8,1.3,0.625,1.0,2.3,3.3,2.8,1.2,0.3,1.7,3.0,10.3,2025-26,12822000,12822000.0
kelly olynyk,12804878,2025,C,33,NOP,44,22,20.3,3.0,6.1,0.5,0.8,1.8,0.418,2.3,4.3,0.534,0.562,1.9,2.5,0.769,1.4,3.3,4.7,2.9,0.8,0.4,1.7,2.8,8.7,2025-26,12804878,12804878.0
victor wembanyama,12768960,2025,C,21,SAS,46,46,33.2,8.9,18.6,0.476,3.1,8.8,0.352,5.8,9.9,0.586,0.559,3.4,4.1,0.836,1.8,9.2,11.0,3.7,1.1,3.8,3.2,2.3,24.3,2025-26,12768960,12768960.0
josh green,12654321,2025,SG,24,CHO,68,67,27.8,2.6,6.2,0.428,1.4,3.6,0.391,1.2,2.5,0.48,0.543,0.7,1.1,0.681,0.8,1.7,2.5,1.6,1.1,0.2,1.0,2.4,7.4,2025-26,12654321,12654321.0
richaun holmes,12648321,2025,PF,31,WAS,31,7,17.2,2.9,4.5,0.647,0.0,0.1,0.0,2.9,4.4,0.662,0.647,1.6,1.9,0.833,2.0,3.7,5.7,1.4,0.3,0.7,0.7,1.6,7.4,2025-26,12648321,12648321.0
steven adams,12600000,2025,C,31,HOU,58,3,13.7,1.6,2.9,0.545,0.0,0.0,0.0,1.6,2.8,0.552,0.545,0.7,1.6,0.462,2.9,2.8,5.6,1.1,0.4,0.5,0.9,1.0,3.9,2025-26,12600000,12600000.0
bobby portis,12578286,2025,PF,29,MIL,49,7,25.4,5.7,12.1,0.466,1.3,3.6,0.365,4.3,8.5,0.508,0.52,1.2,1.5,0.836,1.8,6.6,8.4,2.1,0.7,0.5,1.2,1.9,13.9,2025-26,12578286,12578286.0
zaccharie risacher,12569040,2025,SF,19,ATL,75,73,24.6,4.8,10.4,0.458,1.6,4.6,0.355,3.1,5.8,0.54,0.537,1.4,2.0,0.711,1.1,2.4,3.6,1.2,0.7,0.5,1.2,2.0,12.6,2025-26,12569040,12569040.0
brandon clarke,12500000,2025,PF,28,MEM,64,18,18.9,3.7,5.9,0.621,0.0,0.3,0.059,3.7,5.7,0.647,0.622,1.0,1.4,0.701,2.0,3.1,5.1,1.0,0.8,0.6,0.6,2.3,8.3,2025-26,12500000,12500000.0
marvin bagley iii,12500000,2025,PF,25,MEM,31,2,8.5,1.8,3.4,0.519,0.1,0.6,0.158,1.7,2.8,0.598,0.533,0.7,1.1,0.657,1.2,1.5,2.7,0.4,0.3,0.3,0.4,0.6,4.4,2025-26,12500000,12500000.0
jalen green,12483048,2025,SG,22,HOU,82,82,32.9,7.4,17.5,0.423,2.9,8.1,0.354,4.6,9.5,0.482,0.505,3.3,4.1,0.813,0.5,4.0,4.6,3.4,0.9,0.3,2.5,1.5,21.0,2025-26,12483048,12483048.0
robert williams,12428571,2025,C,27,POR,20,3,17.6,2.5,3.9,0.641,0.1,0.2,0.333,2.5,3.8,0.653,0.647,0.8,0.9,0.882,1.8,4.2,5.9,1.1,0.7,1.7,0.9,1.6,5.8,2025-26,12428571,12428571.0
paolo banchero,12160800,2025,PF,22,ORL,46,46,34.4,9.0,19.8,0.452,1.9,5.9,0.32,7.1,13.9,0.509,0.5,6.1,8.4,0.727,1.1,6.4,7.5,4.8,0.8,0.6,3.0,2.1,25.9,2025-26,12160800,12160800.0
coby white,12000000,2025,SG,24,CHI,74,73,33.1,6.9,15.1,0.453,2.9,7.9,0.37,3.9,7.3,0.544,0.55,3.7,4.1,0.902,0.3,3.4,3.7,4.5,0.9,0.2,2.4,2.1,20.4,2025-26,12000000,12000000.0
wendell carter jr.,11950000,2025,C,25,ORL,68,51,25.9,3.3,7.2,0.46,0.5,2.3,0.234,2.8,4.9,0.568,0.498,1.9,2.6,0.737,2.2,5.0,7.2,2.0,0.8,0.6,1.1,2.9,9.1,2025-26,11950000,11950000.0
ivica zubac,11743210,2025,C,27,LAC,80,80,32.8,7.4,11.8,0.628,0.0,0.0,,7.4,11.8,0.628,0.628,2.0,3.0,0.661,3.8,8.9,12.6,2.7,0.7,1.1,1.6,2.1,16.8,2025-26,11743210,11743210.0
donte divincenzo,11445000,2025,SG,28,MIN,62,10,25.9,4.0,9.6,0.422,2.8,7.1,0.397,1.2,2.5,0.49,0.568,0.8,1.0,0.778,0.5,3.2,3.7,3.6,1.2,0.3,1.6,1.8,11.7,2025-26,11445000,11445000.0
brandon miller,11424600,2025,SF,22,CHO,27,27,34.2,7.3,18.2,0.403,3.9,10.9,0.355,3.5,7.3,0.475,0.509,2.5,2.9,0.861,0.9,3.9,4.9,3.6,1.1,0.7,2.8,2.7,21.0,2025-26,11424600,11424600.0
terance mann,11423077,2025,SG,28,ATL,67,13,21.1,3.1,6.2,0.496,0.9,2.4,0.368,2.2,3.7,0.58,0.569,0.7,1.0,0.691,1.0,2.0,3.0,1.8,0.7,0.2,0.7,1.9,7.7,2025-26,11423077,11423077.0
alex sarr,11245680,2025,C,19,WAS,67,67,27.1,4.9,12.4,0.394,1.6,5.1,0.308,3.3,7.3,0.454,0.457,1.7,2.5,0.679,1.9,4.6,6.5,2.4,0.7,1.5,1.7,2.2,13.0,2025-26,11245680,11245680.0
evan mobley,11227657,2025,PF,23,CLE,71,71,30.5,7.1,12.8,0.557,1.2,3.2,0.37,5.9,9.5,0.621,0.604,3.1,4.3,0.725,2.3,7.0,9.3,3.2,0.9,1.6,2.0,2.0,18.5,2025-26,11227657,11227657.0
larry nance jr.,11205000,2025,PF,32,ATL,24,3,19.3,3.3,6.5,0.516,1.4,3.2,0.447,1.9,3.3,0.582,0.626,0.4,0.5,0.692,1.0,3.3,4.3,1.6,0.8,0.5,0.7,1.5,8.5,2025-26,11205000,11205000.0
matisse thybulle,11025000,2025,SG,27,POR,15,5,20.8,2.8,5.9,0.477,1.4,3.2,0.438,1.4,2.7,0.525,0.597,0.5,1.0,0.467,0.9,2.5,3.5,1.9,2.2,0.6,0.9,0.9,7.5,2025-26,11025000,11025000.0
aaron nesmith,11000000,2025,SF,25,IND,45,37,25.0,4.3,8.4,0.507,1.9,4.3,0.431,2.4,4.1,0.587,0.617,1.6,1.8,0.913,0.8,3.1,4.0,1.2,0.8,0.4,0.8,2.5,12.0,2025-26,11000000,11000000.0
gabe vincent,11000000,2025,PG,28,LAL,72,11,21.2,2.3,5.8,0.4,1.5,4.3,0.353,0.8,1.5,0.532,0.53,0.2,0.3,0.714,0.3,1.0,1.3,1.4,0.7,0.2,0.6,2.1,6.4,2025-26,11000000,11000000.0
maxi kleber,11000000,2025,PF,33,DAL,34,4,18.7,1.1,2.8,0.385,0.4,1.4,0.265,0.7,1.4,0.511,0.453,0.5,0.6,0.762,0.7,2.1,2.8,1.3,0.3,0.5,0.7,1.9,3.0,2025-26,11000000,11000000.0
moritz wagner,11000000,2025,C,27,ORL,30,1,18.8,4.7,8.3,0.562,0.9,2.5,0.36,3.8,5.8,0.649,0.616,2.6,3.7,0.718,1.3,3.6,4.9,1.4,0.8,0.4,1.6,1.8,12.9,2025-26,11000000,11000000.0
chet holmgren,10880640,2025,C,22,OKC,32,32,27.4,5.2,10.7,0.49,1.4,3.6,0.379,3.8,7.0,0.547,0.554,3.2,4.2,0.754,1.5,6.5,8.0,2.0,0.7,2.2,1.8,2.3,15.0,2025-26,10880640,10880640.0
chris boucher,10810000,2025,PF,32,TOR,50,0,17.2,3.6,7.4,0.492,1.4,3.9,0.363,2.2,3.5,0.633,0.586,1.4,1.7,0.782,1.4,3.1,4.5,0.7,0.5,0.5,0.6,1.4,10.0,2025-26,10810000,10810000.0
jarred vanderbilt,10714286,2025,PF,25,LAL,36,2,16.1,1.6,3.4,0.488,0.3,0.9,0.281,1.4,2.5,0.562,0.525,0.6,1.0,0.556,1.9,3.2,5.1,1.1,1.0,0.3,0.8,1.9,4.1,2025-26,10714286,10714286.0
aaron wiggins,10514017,2025,SG,26,OKC,76,26,22.9,4.7,9.6,0.488,1.7,4.5,0.383,3.0,5.1,0.578,0.577,1.0,1.2,0.831,1.1,2.8,3.9,1.8,0.8,0.2,0.9,1.3,12.0,2025-26,10514017,10514017.0
chris paul,10460000,2025,PG,39,SAS,82,82,28.0,3.0,7.1,0.427,1.7,4.5,0.377,1.3,2.6,0.514,0.547,1.0,1.1,0.924,0.4,3.2,3.6,7.4,1.3,0.3,1.6,1.8,8.8,2025-26,10460000,10460000.0
scoot henderson,10259160,2025,PG,20,POR,66,10,26.7,4.3,10.4,0.419,1.6,4.5,0.354,2.8,5.9,0.469,0.496,2.4,3.1,0.767,0.8,2.2,3.0,5.1,1.0,0.2,2.7,2.7,12.7,2025-26,10259160,10259160.0
isaac okoro,10185186,2025,SG,24,CLE,55,22,19.1,2.3,4.9,0.464,1.0,2.7,0.371,1.2,2.1,0.586,0.569,0.6,0.8,0.717,0.9,1.5,2.4,1.2,0.6,0.3,0.4,1.9,6.1,2025-26,10185186,10185186.0
scottie barnes,10130980,2025,PF,23,TOR,65,65,32.8,7.3,16.4,0.446,1.2,4.3,0.271,6.1,12.0,0.508,0.482,3.5,4.6,0.755,1.7,6.0,7.7,5.8,1.4,1.0,2.8,1.7,19.3,2025-26,10130980,10130980.0
reed sheppard,10098960,2025,PG,20,HOU,52,3,12.6,1.6,4.6,0.351,0.9,2.7,0.338,0.7,1.9,0.371,0.452,0.3,0.3,0.813,0.3,1.2,1.5,1.4,0.7,0.3,0.7,1.0,4.4,2025-26,10098960,10098960.0
mike conley,9975962,2025,PG,37,MIN,71,64,24.7,2.6,6.6,0.4,1.8,4.4,0.41,0.8,2.2,0.38,0.535,1.1,1.3,0.9,0.5,2.1,2.6,4.5,1.1,0.2,1.1,1.6,8.2,2025-26,9975962,9975962.0
jonas valanciunas,9900000,2025,C,32,SAC,81,21,18.8,4.3,7.7,0.55,0.1,0.5,0.216,4.2,7.3,0.571,0.557,1.8,2.0,0.879,2.3,5.4,7.7,2.0,0.5,0.6,1.5,2.2,10.4,2025-26,9900000,9900000.0
alex caruso,9890000,2025,SG,30,OKC,54,3,19.3,2.6,5.8,0.446,1.1,3.1,0.353,1.5,2.7,0.556,0.541,0.8,0.9,0.824,0.7,2.2,2.9,2.5,1.6,0.6,0.7,1.9,7.1,2025-26,9890000,9890000.0
jabari smith jr.,9770880,2025,PF,21,HOU,57,39,30.1,4.4,9.9,0.438,1.7,4.9,0.354,2.6,5.1,0.519,0.525,1.8,2.2,0.825,1.8,5.2,7.0,1.1,0.4,0.7,1.1,2.2,12.2,2025-26,9770880,9770880.0
derrick jones jr.,9523810,2025,SF,27,LAC,77,55,24.3,4.0,7.6,0.526,1.0,2.8,0.356,3.0,4.8,0.627,0.593,1.1,1.5,0.703,1.2,2.2,3.4,0.8,1.0,0.4,0.9,2.0,10.1,2025-26,9523810,9523810.0
al horford,9500000,2025,C,38,BOS,60,42,27.7,3.3,7.7,0.423,1.9,5.2,0.363,1.4,2.5,0.551,0.547,0.6,0.6,0.895,1.3,4.8,6.2,2.1,0.6,0.9,0.8,1.4,9.0,2025-26,9500000,9500000.0
pat connaughton,9423869,2025,SG,32,MIL,41,1,14.7,2.0,4.3,0.469,0.6,2.0,0.321,1.4,2.3,0.594,0.542,0.6,0.8,0.774,0.5,2.2,2.7,1.7,0.2,0.3,0.6,1.1,5.3,2025-26,9423869,9423869.0
royce o'neale,9375000,2025,SF,31,PHO,75,22,24.5,3.2,7.6,0.423,2.4,5.9,0.406,0.8,1.7,0.481,0.58,0.3,0.3,0.731,0.7,3.9,4.7,2.2,0.9,0.5,0.9,2.0,9.1,2025-26,9375000,9375000.0
t.j. mcconnell,9300000,2025,PG,32,IND,79,1,17.9,4.1,7.9,0.519,0.2,0.6,0.306,3.9,7.3,0.537,0.531,0.7,1.0,0.74,0.6,1.9,2.4,4.4,1.1,0.3,1.4,1.0,9.1,2025-26,9300000,9300000.0
luke kennard,9250000,2025,SG,28,MEM,65,11,22.6,3.2,6.6,0.478,1.7,4.0,0.433,1.4,2.6,0.547,0.609,0.8,0.9,0.895,0.6,2.2,2.8,3.3,0.8,0.1,1.1,0.9,8.9,2025-26,9250000,9250000.0
amen thompson,9249960,2025,SF,22,HOU,69,42,32.2,5.6,10.1,0.557,0.4,1.3,0.275,5.3,8.8,0.599,0.575,2.4,3.6,0.684,2.8,5.4,8.2,3.8,1.4,1.3,2.0,2.4,14.1,2025-26,9249960,9249960.0
jalen suggs,9188385,2025,PG,23,ORL,35,35,28.6,5.6,13.7,0.41,2.2,6.9,0.314,3.5,6.8,0.506,0.489,2.8,3.1,0.882,0.7,3.4,4.0,3.7,1.5,0.9,2.9,2.8,16.2,2025-26,9188385,9188385.0
caleb martin,9186594,2025,SF,29,DAL,45,24,27.1,2.9,6.8,0.424,0.8,2.3,0.359,2.0,4.5,0.458,0.485,1.4,2.2,0.622,1.2,2.8,3.9,2.1,1.0,0.5,1.2,1.9,7.9,2025-26,9186594,9186594.0
gary payton ii,9130000,2025,SG,32,GSW,62,11,15.0,2.8,4.8,0.574,0.5,1.5,0.326,2.3,3.3,0.69,0.626,0.4,0.6,0.711,0.9,2.1,3.0,1.3,0.8,0.3,0.6,1.7,6.5,2025-26,9130000,9130000.0
stephon castle,9105120,2025,PG,20,SAS,81,47,26.7,5.2,12.2,0.428,1.2,4.1,0.285,4.0,8.1,0.501,0.476,3.1,4.2,0.724,1.1,2.6,3.7,4.1,0.9,0.3,2.2,2.0,14.7,2025-26,9105120,9105120.0
tre jones,9104167,2025,PG,25,CHI,46,9,19.7,2.8,5.2,0.538,0.4,1.0,0.396,2.4,4.1,0.574,0.578,1.2,1.5,0.821,0.7,1.8,2.5,4.2,0.8,0.2,0.8,1.2,7.2,2025-26,9104167,9104167.0
goga bitadze,9057971,2025,C,25,ORL,70,42,20.4,3.0,4.8,0.611,0.0,0.4,0.107,2.9,4.4,0.656,0.615,1.2,1.9,0.639,2.4,4.2,6.6,2.0,0.7,1.4,1.0,2.1,7.2,2025-26,9057971,9057971.0
zeke nnaji,8888889,2025,PF,24,DEN,57,4,10.7,1.2,2.5,0.496,0.3,0.9,0.327,0.9,1.6,0.596,0.557,0.5,0.8,0.614,0.6,1.0,1.6,0.4,0.4,0.7,0.2,1.1,3.2,2025-26,8888889,8888889.0
keegan murray,8809560,2025,PF,24,SAC,76,76,34.3,4.8,10.8,0.444,2.0,5.9,0.343,2.8,4.9,0.566,0.538,0.8,0.9,0.833,1.9,4.8,6.7,1.4,0.8,0.9,0.8,2.4,12.4,2025-26,8809560,8809560.0
buddy hield,8780488,2025,SG,32,GSW,82,22,22.7,4.0,9.6,0.417,2.5,6.7,0.37,1.5,2.9,0.527,0.546,0.6,0.8,0.828,0.6,2.6,3.2,1.6,0.8,0.3,1.1,1.6,11.1,2025-26,8780488,8780488.0
kyle anderson,8780488,2025,PF,31,MIA,61,4,16.4,2.3,5.0,0.469,0.4,1.1,0.357,1.9,3.8,0.502,0.51,0.8,1.1,0.738,0.9,2.5,3.4,2.4,0.7,0.5,0.6,1.3,5.9,2025-26,8780488,8780488.0
naji marshall,8571429,2025,SF,27,DAL,69,31,27.8,5.2,10.3,0.508,0.9,3.2,0.275,4.4,7.2,0.611,0.551,1.9,2.3,0.813,1.1,3.7,4.8,3.0,1.0,0.2,1.6,1.6,13.2,2025-26,8571429,8571429.0
jalen smith,8571429,2025,C,24,CHI,64,2,15.0,3.0,6.4,0.466,1.1,3.5,0.324,1.8,2.9,0.634,0.554,1.1,1.4,0.809,1.4,4.2,5.6,1.0,0.3,0.7,0.6,1.5,8.2,2025-26,8571429,8571429.0
georges niang,8500000,2025,PF,31,ATL,79,3,21.5,3.6,7.8,0.461,2.1,5.2,0.406,1.5,2.7,0.569,0.595,0.6,0.7,0.793,0.6,2.8,3.4,1.4,0.4,0.2,1.0,2.5,9.9,2025-26,8500000,8500000.0
ausar thompson,8376000,2025,SF,22,DET,59,48,22.5,4.2,7.8,0.535,0.2,0.8,0.224,4.0,7.0,0.572,0.547,1.5,2.4,0.641,1.9,3.3,5.1,2.3,1.7,0.7,1.4,2.8,10.1,2025-26,8376000,8376000.0
josh giddey,8352367,2025,PG,22,CHI,70,69,30.2,5.3,11.4,0.465,1.5,4.0,0.378,3.8,7.4,0.512,0.531,2.5,3.2,0.781,1.8,6.3,8.1,7.2,1.2,0.6,2.9,1.7,14.6,2025-26,8352367,8352367.0
josh okogie,8250000,2025,SG,26,CHO,40,7,15.6,2.4,5.3,0.443,0.8,2.3,0.348,1.6,3.0,0.517,0.519,1.6,2.1,0.741,1.1,1.7,2.8,0.8,1.2,0.5,0.8,1.2,7.1,2025-26,8250000,8250000.0
ron holland,8245320,2025,SF,19,DET,81,2,15.6,2.4,5.1,0.474,0.4,1.9,0.238,2.0,3.3,0.608,0.517,1.1,1.5,0.754,0.5,2.2,2.7,1.0,0.6,0.2,0.9,1.7,6.4,2025-26,8245320,8245320.0
cody martin,8120000,2025,SF,29,PHO,53,8,22.1,2.6,6.1,0.418,0.8,2.8,0.285,1.8,3.3,0.534,0.485,0.8,1.2,0.705,1.0,3.2,4.2,2.0,1.1,0.6,1.0,1.8,6.8,2025-26,8120000,8120000.0
jock landale,8000000,2025,C,29,HOU,42,3,11.9,1.9,3.6,0.533,0.3,0.6,0.423,1.7,3.0,0.556,0.569,0.6,1.0,0.675,1.3,1.9,3.3,0.9,0.3,0.2,0.5,1.2,4.8,2025-26,8000000,8000000.0
trey lyles,8000000,2025,PF,29,SAC,69,5,19.6,2.3,5.4,0.42,1.2,3.4,0.34,1.1,2.0,0.559,0.528,0.8,1.2,0.7,1.2,3.4,4.6,1.2,0.6,0.3,0.6,1.2,6.5,2025-26,8000000,8000000.0
jeff green,8000000,2025,PF,38,HOU,32,3,12.4,1.9,3.8,0.504,0.9,2.5,0.367,1.0,1.3,0.762,0.624,0.7,0.8,0.808,0.3,1.5,1.8,0.6,0.2,0.1,0.3,1.0,5.4,2025-26,8000000,8000000.0
kevon looney,8000000,2025,C,28,GSW,76,6,15.0,1.9,3.7,0.514,0.0,0.1,0.4,1.9,3.6,0.516,0.518,0.7,1.3,0.566,2.4,3.6,6.1,1.6,0.6,0.5,0.5,2.0,4.5,2025-26,8000000,8000000.0
kelly oubre jr.,7983000,2025,SF,29,PHI,60,57,34.6,5.8,12.4,0.47,1.2,4.0,0.293,4.6,8.3,0.555,0.518,2.3,3.1,0.751,1.6,4.5,6.1,1.8,1.5,0.5,1.3,3.0,15.1,2025-26,7983000,7983000.0
jaden ivey,7977240,2025,SG,22,DET,30,30,29.9,6.3,13.8,0.46,2.1,5.1,0.409,4.2,8.6,0.49,0.536,2.8,3.9,0.733,1.3,2.8,4.1,4.0,0.9,0.4,3.0,2.2,17.6,2025-26,7977240,7977240.0
kj martin,7975000,2025,PF,24,UTA,43,16,21.2,2.6,4.7,0.552,0.3,1.3,0.259,2.2,3.3,0.671,0.59,0.9,1.1,0.787,0.7,2.2,2.9,1.1,0.4,0.5,0.6,2.3,6.4,2025-26,7975000,7975000.0
vasilije micic,7723000,2025,PG,31,PHO,41,16,19.1,2.3,6.7,0.348,1.1,3.0,0.36,1.2,3.6,0.338,0.43,0.8,1.0,0.829,0.5,1.7,2.2,3.1,0.4,0.0,1.9,1.1,6.6,2025-26,7723000,7723000.0
simone fontecchio,7692308,2025,SF,29,DET,75,0,16.5,2.0,5.0,0.402,1.0,3.0,0.335,1.0,1.9,0.507,0.504,0.9,1.1,0.833,0.7,2.2,2.9,0.9,0.4,0.2,0.7,1.3,5.9,2025-26,7692308,7692308.0
jonathan kuminga,7636307,2025,PF,22,GSW,47,10,24.3,5.5,12.1,0.454,1.0,3.2,0.305,4.5,8.9,0.508,0.495,3.3,5.0,0.668,1.2,3.4,4.6,2.2,0.8,0.4,1.5,1.9,15.3,2025-26,7636307,7636307.0
anthony black,7607760,2025,PG,21,ORL,78,10,24.2,3.4,7.9,0.423,0.8,2.5,0.318,2.6,5.4,0.471,0.473,1.9,2.5,0.761,0.7,2.3,2.9,3.1,1.1,0.6,1.8,2.1,9.4,2025-26,7607760,7607760.0
jae'sean tate,7565217,2025,SF,29,HOU,52,2,11.3,1.3,2.8,0.473,0.3,0.9,0.348,1.0,2.0,0.529,0.527,0.6,0.9,0.681,1.0,1.3,2.3,0.9,0.5,0.1,0.4,1.6,3.6,2025-26,7565217,7565217.0
gary harris,7500000,2025,SG,30,ORL,48,3,14.8,1.1,2.8,0.383,0.8,2.1,0.356,0.3,0.7,0.469,0.519,0.1,0.3,0.583,0.4,0.9,1.3,0.6,0.5,0.3,0.4,0.9,3.0,2025-26,7500000,7500000.0
tidjane salaun,7488720,2025,PF,19,CHO,60,10,20.7,1.9,5.8,0.33,1.0,3.4,0.283,0.9,2.3,0.4,0.414,1.1,1.6,0.713,1.2,3.5,4.7,1.2,0.5,0.2,1.0,1.4,5.9,2025-26,7488720,7488720.0
bennedict mathurin,7245720,2025,SF,22,IND,72,49,29.8,5.4,11.8,0.458,1.4,4.0,0.34,4.1,7.8,0.519,0.516,3.8,4.6,0.831,1.2,4.1,5.3,1.9,0.7,0.3,1.9,2.3,16.1,2025-26,7245720,7245720.0
max christie,7142857,2025,SG,21,DAL,78,36,27.3,3.2,7.6,0.427,1.5,4.0,0.366,1.8,3.5,0.496,0.525,1.7,1.9,0.855,0.5,2.8,3.3,1.9,0.8,0.4,1.1,1.5,9.6,2025-26,7142857,7142857.0
franz wagner,7007092,2025,SF,23,ORL,60,60,33.7,9.0,19.4,0.463,1.7,5.9,0.295,7.2,13.5,0.535,0.507,4.5,5.2,0.871,0.9,4.8,5.7,4.7,1.3,0.4,2.3,2.5,24.2,2025-26,7007092,7007092.0
ayo dosunmu,7000000,2025,SG,25,CHI,46,26,30.3,4.8,9.8,0.492,1.3,4.1,0.328,3.5,5.7,0.612,0.561,1.3,1.7,0.785,0.6,2.9,3.5,4.5,0.9,0.4,1.5,2.3,12.3,2025-26,7000000,7000000.0
bilal coulibaly,6945240,2025,SF,20,WAS,59,59,33.0,4.5,10.6,0.421,1.1,3.8,0.281,3.4,6.8,0.5,0.472,2.3,3.1,0.746,1.5,3.4,5.0,3.4,1.3,0.7,2.1,2.4,12.3,2025-26,6945240,6945240.0
donovan clingan,6836400,2025,C,20,POR,67,37,19.8,2.7,5.0,0.539,0.2,0.7,0.286,2.5,4.3,0.582,0.56,0.9,1.6,0.596,3.2,4.6,7.9,1.1,0.5,1.6,1.1,2.8,6.5,2025-26,6836400,6836400.0
payton pritchard,6696429,2025,PG,27,BOS,80,3,28.4,5.1,10.8,0.472,3.2,7.8,0.407,1.9,3.0,0.642,0.62,0.9,1.1,0.845,1.3,2.6,3.8,3.5,0.9,0.2,1.0,1.5,14.3,2025-26,6696429,6696429.0
kenrich williams,6669000,2025,PF,30,OKC,69,7,16.4,2.5,5.1,0.483,1.0,2.5,0.386,1.5,2.7,0.574,0.576,0.4,0.6,0.718,0.9,2.6,3.5,1.4,0.6,0.1,0.6,1.6,6.3,2025-26,6669000,6669000.0
shaedon sharpe,6614160,2025,SG,21,POR,72,52,31.3,6.9,15.3,0.452,2.0,6.6,0.311,4.9,8.8,0.557,0.519,2.6,3.4,0.785,0.9,3.6,4.5,2.8,0.9,0.2,2.1,1.7,18.5,2025-26,6614160,6614160.0
jevon carter,6500000,2025,PG,29,CHI,36,1,8.9,1.5,4.1,0.377,1.0,2.9,0.333,0.6,1.1,0.488,0.497,0.2,0.3,0.8,0.1,1.0,1.1,1.1,0.4,0.1,0.3,0.4,4.3,2025-26,6500000,6500000.0
davion mitchell,6451077,2025,PG,26,MIA,74,37,27.4,3.0,6.4,0.468,1.1,2.9,0.398,1.9,3.6,0.525,0.557,0.8,1.1,0.69,0.5,1.8,2.3,4.9,1.0,0.2,1.7,2.5,7.9,2025-26,6451077,6451077.0
jarace walker,6362520,2025,PF,21,IND,75,5,15.8,2.3,4.8,0.472,1.0,2.5,0.405,1.3,2.3,0.543,0.576,0.6,0.9,0.667,0.3,2.7,3.1,1.5,0.7,0.3,1.0,1.5,6.1,2025-26,6362520,6362520.0
rob dillingham,6262920,2025,PG,20,MIN,49,1,10.5,1.9,4.3,0.441,0.5,1.5,0.338,1.4,2.8,0.496,0.5,0.2,0.3,0.533,0.2,0.8,1.0,2.0,0.4,0.0,1.1,0.8,4.5,2025-26,6262920,6262920.0
dean wade,6166667,2025,PF,28,CLE,59,30,21.2,1.9,4.6,0.413,1.4,3.8,0.36,0.5,0.8,0.653,0.561,0.3,0.5,0.533,0.9,3.4,4.2,1.3,0.7,0.3,0.4,1.7,5.4,2025-26,6166667,6166667.0
john konchar,6165000,2025,SG,28,MEM,46,4,12.1,0.9,2.0,0.451,0.5,1.3,0.371,0.4,0.6,0.621,0.577,0.2,0.2,0.875,0.8,2.5,3.3,0.9,0.7,0.3,0.3,0.7,2.4,2025-26,6165000,6165000.0
ziaire williams,6133005,2025,SF,23,BRK,63,45,24.5,3.4,8.3,0.412,1.6,4.8,0.341,1.8,3.5,0.509,0.511,1.6,2.0,0.821,1.0,3.6,4.6,1.3,1.0,0.4,1.1,2.4,10.0,2025-26,6133005,6133005.0
dyson daniels,6059520,2025,SG,21,ATL,76,76,33.8,6.0,12.1,0.493,1.1,3.1,0.34,4.9,9.1,0.545,0.536,1.1,1.8,0.593,1.6,4.3,5.9,4.4,3.0,0.7,2.0,2.3,14.1,2025-26,6059520,6059520.0
precious achiuwa,6000000,2025,C,25,NYK,57,10,20.5,2.9,5.7,0.502,0.2,0.6,0.278,2.7,5.1,0.529,0.517,0.7,1.2,0.594,1.8,3.8,5.6,1.0,0.8,0.7,0.8,1.4,6.6,2025-26,6000000,6000000.0
malik beasley,6000000,2025,SG,28,DET,82,18,27.8,5.6,13.1,0.43,3.9,9.3,0.416,1.7,3.7,0.466,0.579,1.2,1.7,0.679,0.6,2.0,2.6,1.7,0.9,0.1,1.0,1.5,16.3,2025-26,6000000,6000000.0
chris duarte,5893768,2025,SG,27,CHI,17,0,4.4,0.7,1.5,0.462,0.4,0.9,0.4,0.4,0.6,0.545,0.577,0.4,0.5,0.75,0.3,0.9,1.2,0.5,0.0,0.0,0.1,0.4,2.1,2025-26,5893768,5893768.0
taylor hendricks,5848680,2025,PF,21,UTA,3,3,25.0,1.3,6.0,0.222,1.0,4.0,0.25,0.3,2.0,0.167,0.306,1.0,1.3,0.75,1.7,3.3,5.0,0.7,1.7,1.3,0.7,2.7,4.7,2025-26,5848680,5848680.0
moses moody,5803269,2025,SG,22,GSW,74,34,22.3,3.3,7.7,0.433,1.7,4.6,0.374,1.6,3.1,0.519,0.544,1.4,1.8,0.797,0.7,1.9,2.6,1.3,0.8,0.4,0.7,1.6,9.8,2025-26,5803269,5803269.0
zach edey,5756880,2025,C,22,MEM,66,55,21.5,3.8,6.6,0.58,0.3,0.8,0.346,3.5,5.8,0.612,0.6,1.4,1.9,0.709,3.5,4.8,8.3,1.0,0.5,1.3,1.3,2.8,9.2,2025-26,5756880,5756880.0
corey kispert,5705887,2025,SF,25,WAS,61,0,26.3,4.2,9.3,0.451,2.0,5.4,0.364,2.2,3.9,0.574,0.558,1.2,1.4,0.852,0.6,2.4,3.0,1.7,0.4,0.2,1.0,1.6,11.6,2025-26,5705887,5705887.0
jeremy sochan,5570040,2025,PF,21,SAS,54,23,25.3,4.6,8.7,0.535,0.5,1.7,0.308,4.1,7.0,0.59,0.565,1.6,2.3,0.696,2.4,4.2,6.5,2.4,0.8,0.5,1.6,2.4,11.4,2025-26,5570040,5570040.0
cason wallace,5555880,2025,SG,21,OKC,68,43,27.6,3.4,7.2,0.474,1.1,3.1,0.356,2.3,4.1,0.562,0.55,0.4,0.5,0.811,1.0,2.3,3.4,2.5,1.8,0.5,0.9,2.1,8.4,2025-26,5555880,5555880.0
cody williams,5469120,2025,SG,20,UTA,50,21,21.2,1.7,5.1,0.323,0.7,2.7,0.259,1.0,2.4,0.393,0.391,0.6,0.8,0.725,0.5,1.7,2.3,1.2,0.5,0.3,0.9,1.9,4.6,2025-26,5469120,5469120.0
alperen sengun,5424654,2025,C,22,HOU,76,76,31.5,7.5,15.0,0.496,0.3,1.2,0.233,7.2,13.9,0.519,0.505,3.9,5.6,0.692,3.4,6.9,10.3,4.9,1.1,0.8,2.6,2.8,19.1,2025-26,5424654,5424654.0
johnny davis,5291160,2025,SG,22,WAS,34,0,7.1,0.9,2.3,0.41,0.2,0.9,0.241,0.7,1.4,0.51,0.455,0.3,0.4,0.6,0.3,0.8,1.1,0.3,0.4,0.2,0.2,0.5,2.4,2025-26,5291160,5291160.0
jett howard,5278320,2025,SF,21,ORL,60,0,11.7,1.6,4.4,0.374,0.9,3.1,0.296,0.7,1.3,0.566,0.479,0.3,0.4,0.696,0.3,0.8,1.2,0.7,0.2,0.2,0.6,1.1,4.5,2025-26,5278320,5278320.0
haywood highsmith,5200000,2025,SF,28,MIA,74,42,24.6,2.4,5.3,0.458,1.2,3.1,0.382,1.2,2.1,0.57,0.572,0.4,0.6,0.721,1.0,2.4,3.4,1.5,0.9,0.5,0.7,2.2,6.5,2025-26,5200000,5200000.0
matas buzelis,5195520,2025,SF,20,CHI,80,31,18.9,3.2,6.9,0.454,1.2,3.3,0.361,2.0,3.6,0.54,0.541,1.1,1.4,0.815,0.7,2.8,3.5,1.0,0.4,0.9,0.9,1.6,8.6,2025-26,5195520,5195520.0
kris dunn,5168000,2025,PG,30,LAC,74,58,24.1,2.6,5.9,0.439,1.0,3.0,0.335,1.6,2.9,0.549,0.525,0.2,0.3,0.682,0.7,2.7,3.4,2.8,1.7,0.4,1.0,2.7,6.4,2025-26,5168000,5168000.0
dario saric,5168000,2025,C,30,DEN,16,4,13.1,1.3,3.6,0.362,0.4,1.6,0.269,0.9,2.0,0.438,0.422,0.4,0.6,0.7,0.9,2.3,3.1,1.4,0.4,0.1,0.9,1.2,3.5,2025-26,5168000,5168000.0
trey murphy iii,5159854,2025,SF,24,NOP,53,51,35.0,7.2,15.8,0.454,3.0,8.3,0.361,4.2,7.6,0.556,0.548,3.8,4.3,0.887,0.9,4.2,5.1,3.5,1.1,0.7,1.9,2.1,21.2,2025-26,5159854,5159854.0
ousmane dieng,5027040,2025,C,21,OKC,37,1,10.9,1.5,3.4,0.432,0.6,1.9,0.324,0.8,1.5,0.574,0.524,0.3,0.4,0.688,0.5,1.7,2.2,0.8,0.5,0.2,0.5,0.9,3.8,2025-26,5027040,5027040.0
dereck lively ii,5014560,2025,C,20,DAL,36,29,23.1,3.7,5.3,0.702,0.0,0.0,,3.7,5.3,0.702,0.702,1.3,2.0,0.63,2.9,4.6,7.5,2.4,0.6,1.6,1.1,2.8,8.7,2025-26,5014560,5014560.0
nick richards,5000000,2025,C,27,PHO,57,43,22.0,3.6,6.1,0.591,0.0,0.0,0.0,3.6,6.1,0.594,0.591,2.1,2.8,0.744,2.6,5.6,8.2,0.9,0.2,1.0,1.4,2.5,9.3,2025-26,5000000,5000000.0
andre drummond,5000000,2025,C,31,PHI,40,23,18.8,2.9,5.9,0.5,0.1,0.5,0.15,2.9,5.4,0.533,0.506,1.4,2.3,0.622,2.7,5.0,7.8,0.9,1.0,0.5,1.4,2.4,7.3,2025-26,5000000,5000000.0
drew eubanks,5000000,2025,C,27,LAC,61,4,12.2,1.9,3.2,0.593,0.0,0.1,0.5,1.8,3.1,0.596,0.601,0.8,1.2,0.662,1.0,2.7,3.7,0.9,0.2,0.6,0.7,1.0,4.6,2025-26,5000000,5000000.0
tre mann,4908373,2025,PG,23,CHO,13,0,24.5,5.4,12.4,0.435,1.8,4.6,0.4,3.5,7.8,0.455,0.509,1.5,1.6,0.905,0.9,2.0,2.9,3.0,0.5,0.3,1.9,1.8,14.1,2025-26,4908373,4908373.0
jalen williams,4775760,2025,SG,23,OKC,69,69,32.4,8.2,16.9,0.484,1.8,4.9,0.365,6.4,12.0,0.533,0.537,3.4,4.3,0.789,0.9,4.5,5.3,5.1,1.6,0.7,2.2,2.3,21.6,2025-26,4775760,4775760.0
gradey dick,4763760,2025,SG,21,TOR,54,54,29.4,4.9,12.0,0.41,2.1,6.0,0.35,2.8,5.9,0.47,0.498,2.5,2.9,0.858,0.8,2.8,3.6,1.8,0.9,0.2,1.5,2.2,14.4,2025-26,4763760,4763760.0
miles mcbride,4710144,2025,PG,24,NYK,64,10,24.9,3.5,8.5,0.406,1.8,4.9,0.369,1.7,3.7,0.455,0.511,0.8,1.0,0.813,0.7,1.8,2.5,2.9,1.0,0.3,0.6,1.7,9.5,2025-26,4710144,4710144.0
devin carter,4689000,2025,PG,22,SAC,36,0,11.0,1.3,3.5,0.37,0.5,1.7,0.295,0.8,1.8,0.439,0.441,0.7,1.2,0.591,0.5,1.6,2.1,1.1,0.6,0.1,0.5,1.1,3.8,2025-26,4689000,4689000.0
nicolas batum,4668000,2025,PF,36,LAC,78,8,17.5,1.3,3.1,0.437,1.1,2.6,0.433,0.2,0.4,0.457,0.622,0.2,0.3,0.81,0.6,2.2,2.8,1.1,0.7,0.5,0.4,1.4,4.0,2025-26,4668000,4668000.0
aaron holiday,4668000,2025,PG,28,HOU,62,3,12.8,1.9,4.3,0.437,1.2,2.9,0.398,0.7,1.4,0.517,0.571,0.5,0.7,0.829,0.2,1.0,1.3,1.3,0.3,0.2,0.6,1.0,5.5,2025-26,4668000,4668000.0
jalen duren,4536840,2025,C,21,DET,78,78,26.1,4.8,7.0,0.692,0.0,0.0,,4.8,7.0,0.692,0.692,2.1,3.1,0.669,3.6,6.8,10.3,2.7,0.7,1.1,1.7,3.2,11.8,2025-26,4536840,4536840.0
jordan hawkins,4525680,2025,SG,22,NOP,56,9,23.6,3.7,9.9,0.372,2.0,5.9,0.331,1.7,4.0,0.433,0.471,1.4,1.8,0.816,0.4,2.4,2.8,1.2,0.5,0.4,1.0,0.9,10.8,2025-26,4525680,4525680.0
jalen johnson,4510905,2025,SF,23,ATL,36,36,35.7,7.5,15.1,0.5,1.2,3.9,0.312,6.3,11.1,0.566,0.541,2.6,3.5,0.746,1.7,8.3,10.0,5.0,1.6,1.0,2.9,1.9,18.9,2025-26,4510905,4510905.0
bub carrington,4454880,2025,PG,19,WAS,82,57,30.0,3.7,9.1,0.401,1.7,5.0,0.339,2.0,4.2,0.475,0.493,0.8,1.0,0.812,0.4,3.8,4.2,4.4,0.7,0.3,1.7,2.3,9.8,2025-26,4454880,4454880.0
isaiah jackson,4435381,2025,C,23,IND,5,1,16.8,2.8,4.6,0.609,0.0,0.0,,2.8,4.6,0.609,0.609,1.4,2.8,0.5,2.2,3.4,5.6,1.0,0.6,1.6,1.0,2.8,7.0,2025-26,4435381,4435381.0
nickeil alexander-walker,4312500,2025,SG,26,MIN,82,10,25.3,3.3,7.5,0.438,1.7,4.5,0.381,1.6,3.0,0.524,0.553,1.1,1.4,0.78,0.7,2.6,3.2,2.7,0.6,0.4,1.2,1.7,9.4,2025-26,4312500,4312500.0
ochai agbaji,4310280,2025,SG,24,TOR,64,45,27.2,4.2,8.3,0.498,1.6,4.0,0.399,2.6,4.4,0.587,0.593,0.5,0.8,0.708,1.0,2.8,3.8,1.5,0.9,0.5,0.8,2.0,10.4,2025-26,4310280,4310280.0
kobe bufkin,4299000,2025,SG,21,ATL,10,0,12.4,1.8,4.7,0.383,0.4,1.9,0.211,1.4,2.8,0.5,0.426,1.3,1.8,0.722,0.5,1.6,2.1,1.7,0.3,0.2,0.8,0.9,5.3,2025-26,4299000,4299000.0
quentin grimes,4296682,2025,SG,24,PHI,75,37,26.8,5.1,11.0,0.467,2.2,5.6,0.385,3.0,5.4,0.552,0.565,2.2,2.9,0.757,0.8,3.5,4.3,3.0,1.0,0.3,1.9,1.8,14.6,2025-26,4296682,4296682.0
kel'el ware,4231800,2025,C,20,MIA,64,36,22.2,4.0,7.3,0.554,0.5,1.7,0.315,3.5,5.5,0.629,0.592,0.7,1.0,0.687,1.8,5.6,7.4,0.9,0.6,1.1,0.9,1.7,9.3,2025-26,4231800,4231800.0
bones hyland,4158439,2025,PG,24,MIN,24,0,10.0,2.0,4.9,0.398,1.3,3.4,0.39,0.6,1.5,0.417,0.534,1.0,1.1,0.885,0.2,0.8,1.0,1.3,0.8,0.2,1.0,1.2,6.2,2025-26,4158439,4158439.0
mark williams,4094280,2025,C,23,CHO,44,41,26.6,6.1,10.2,0.604,0.0,0.1,0.0,6.1,10.1,0.609,0.604,3.0,3.7,0.804,3.0,7.2,10.2,2.5,0.7,1.2,1.6,2.4,15.3,2025-26,4094280,4094280.0
keyonte george,4084200,2025,PG,21,UTA,67,35,31.5,5.4,13.7,0.391,2.6,7.6,0.343,2.8,6.1,0.449,0.485,3.5,4.3,0.818,0.4,3.4,3.8,5.6,0.7,0.1,2.7,1.7,16.8,2025-26,4084200,4084200.0
cam thomas,4041249,2025,SG,23,BRK,25,23,31.2,8.0,18.2,0.438,2.7,7.8,0.349,5.2,10.4,0.506,0.513,5.3,6.0,0.881,0.6,2.7,3.3,3.8,0.6,0.1,2.5,1.8,24.0,2025-26,4041249,4041249.0
jared mccain,4020360,2025,SG,20,PHI,23,8,25.7,5.5,11.9,0.46,2.2,5.8,0.383,3.3,6.1,0.532,0.553,2.1,2.4,0.875,0.6,1.9,2.4,2.6,0.7,0.0,1.6,1.6,15.3,2025-26,4020360,4020360.0
dwight powell,4000000,2025,C,33,DAL,55,3,10.0,0.8,1.1,0.689,0.0,0.1,0.4,0.7,1.0,0.714,0.705,0.5,0.8,0.651,0.9,1.3,2.1,1.0,0.3,0.4,0.3,1.4,2.1,2025-26,4000000,4000000.0
day'ron sharpe,3989122,2025,C,23,BRK,50,2,18.1,3.3,6.3,0.521,0.2,0.9,0.244,3.1,5.4,0.566,0.538,1.1,1.5,0.757,3.0,3.6,6.6,1.8,0.8,0.8,1.3,2.3,7.9,2025-26,3989122,3989122.0
santi aldama,3960531,2025,PF,24,MEM,65,16,25.5,4.8,10.0,0.483,1.8,5.0,0.368,3.0,5.0,0.599,0.576,1.0,1.4,0.691,1.4,5.0,6.4,2.9,0.8,0.4,1.1,1.2,12.5,2025-26,3960531,3960531.0
amir coffey,3938271,2025,SG,27,LAC,72,13,24.3,3.3,7.1,0.471,1.4,3.4,0.409,1.9,3.7,0.529,0.57,1.6,1.8,0.891,0.4,1.8,2.2,1.1,0.6,0.1,0.6,1.7,9.7,2025-26,3938271,3938271.0
jalen hood-schifino,3879840,2025,SG,21,PHI,15,0,21.0,2.5,6.5,0.378,0.9,3.1,0.304,1.5,3.5,0.442,0.449,1.2,1.4,0.857,0.2,1.6,1.8,2.5,0.3,0.5,1.2,1.7,7.1,2025-26,3879840,3879840.0
kevin love,3850000,2025,PF,36,MIA,23,9,10.9,1.8,5.0,0.357,1.0,2.9,0.358,0.7,2.1,0.354,0.461,0.7,1.0,0.696,1.0,3.1,4.1,1.0,0.7,0.2,0.6,0.9,5.3,2025-26,3850000,3850000.0
dalton knecht,3819120,2025,SF,23,LAL,78,16,19.2,3.3,7.1,0.461,1.6,4.4,0.376,1.7,2.8,0.594,0.576,0.8,1.1,0.762,0.5,2.3,2.8,0.8,0.3,0.1,0.5,1.2,9.1,2025-26,3819120,3819120.0
tari eason,3695160,2025,PF,23,HOU,57,16,24.9,4.8,9.8,0.487,1.1,3.2,0.342,3.7,6.6,0.557,0.543,1.4,1.8,0.76,2.2,4.1,6.4,1.5,1.7,0.9,1.1,2.4,12.0,2025-26,3695160,3695160.0
jaime jaquez jr.,3685800,2025,SF,23,MIA,66,17,20.7,3.2,7.0,0.461,0.6,1.8,0.311,2.7,5.2,0.513,0.501,1.6,2.2,0.754,1.3,3.1,4.4,2.5,0.9,0.2,1.5,1.2,8.6,2025-26,3685800,3685800.0
tristan da silva,3628440,2025,SF,23,ORL,74,38,22.0,2.7,6.5,0.412,1.1,3.2,0.335,1.6,3.3,0.488,0.495,0.7,0.9,0.873,1.0,2.3,3.3,1.5,0.4,0.2,0.8,1.3,7.2,2025-26,3628440,3628440.0
brandin podziemski,3519960,2025,SG,21,GSW,64,33,26.8,4.4,9.8,0.445,1.8,4.8,0.372,2.6,5.0,0.516,0.537,1.1,1.5,0.758,1.0,4.1,5.1,3.4,1.1,0.2,1.2,1.5,11.7,2025-26,3519960,3519960.0
dalen terry,3510480,2025,SG,22,CHI,73,5,13.5,1.6,3.7,0.448,0.5,1.4,0.356,1.1,2.2,0.506,0.517,0.7,0.9,0.71,0.5,1.2,1.7,1.3,0.6,0.2,0.7,1.6,4.5,2025-26,3510480,3510480.0
svi mykhailiuk,3500000,2025,SF,27,UTA,38,13,20.0,3.1,7.9,0.391,1.8,5.3,0.345,1.3,2.6,0.485,0.507,0.7,0.9,0.8,0.6,1.8,2.4,2.0,0.5,0.2,1.4,1.1,8.8,2025-26,3500000,3500000.0
ja'kobe walter,3465000,2025,SG,20,TOR,52,18,21.2,3.1,7.6,0.405,1.3,3.6,0.349,1.8,4.0,0.454,0.487,1.3,1.6,0.795,1.1,1.9,3.1,1.6,0.8,0.2,1.0,1.8,8.6,2025-26,3465000,3465000.0
cam whitmore,3379080,2025,SF,20,HOU,51,3,16.2,3.5,7.9,0.444,1.3,3.6,0.355,2.2,4.3,0.518,0.525,1.1,1.4,0.75,0.7,2.3,3.0,1.0,0.6,0.3,0.9,0.9,9.4,2025-26,3379080,3379080.0
jake laravia,3352680,2025,PF,23,SAC,66,0,20.4,2.4,5.1,0.475,0.9,2.2,0.423,1.5,3.0,0.513,0.564,1.2,1.7,0.678,1.4,2.6,3.9,2.4,0.9,0.3,1.3,2.0,6.9,2025-26,3352680,3352680.0
jaylon tyson,3326160,2025,SG,22,CLE,47,3,9.6,1.4,3.2,0.43,0.4,1.2,0.345,0.9,1.9,0.484,0.497,0.4,0.5,0.792,0.8,1.3,2.0,0.9,0.3,0.1,0.6,1.1,3.6,2025-26,3326160,3326160.0
eric gordon,3303771,2025,SG,36,PHI,39,13,19.7,2.2,5.2,0.426,1.4,3.5,0.409,0.8,1.7,0.463,0.564,0.9,1.2,0.75,0.2,1.0,1.2,1.7,0.7,0.3,0.7,0.8,6.8,2025-26,3303771,3303771.0
cory joseph,3303771,2025,PG,33,ORL,50,16,12.2,1.2,3.1,0.403,0.8,2.1,0.364,0.5,0.9,0.489,0.529,0.3,0.4,0.778,0.3,1.1,1.5,1.4,0.5,0.1,0.4,1.0,3.5,2025-26,3303771,3303771.0
noah clowney,3244080,2025,PF,20,BRK,46,20,22.7,2.9,8.1,0.358,1.9,5.7,0.333,1.0,2.4,0.414,0.474,1.5,1.7,0.838,0.9,3.0,3.9,0.9,0.5,0.5,1.0,2.3,9.1,2025-26,3244080,3244080.0
malaki branham,3217920,2025,SG,21,SAS,47,0,9.1,1.9,4.0,0.458,0.7,1.8,0.405,1.1,2.3,0.5,0.547,0.6,0.7,0.818,0.1,0.9,1.1,0.8,0.2,0.0,0.7,0.6,5.0,2025-26,3217920,3217920.0
yves missi,3193200,2025,C,20,NOP,73,67,26.8,3.7,6.7,0.547,0.0,0.0,0.0,3.7,6.7,0.548,0.547,1.7,2.8,0.623,3.5,4.7,8.2,1.4,0.5,1.3,1.1,2.0,9.1,2025-26,3193200,3193200.0
dante exum,3150000,2025,PG,29,DAL,20,13,18.6,3.2,6.7,0.478,1.2,2.7,0.434,2.1,4.1,0.506,0.563,1.2,1.6,0.742,0.2,1.5,1.7,2.8,0.6,0.2,1.1,1.7,8.7,2025-26,3150000,3150000.0
dariq whitehead,3114240,2025,SF,20,BRK,20,0,12.3,2.0,4.8,0.406,1.7,3.7,0.446,0.3,1.1,0.273,0.578,0.2,0.3,0.6,0.2,1.3,1.5,0.6,0.3,0.1,0.8,1.1,5.7,2025-26,3114240,3114240.0
christian braun,3089640,2025,SG,23,DEN,79,77,33.9,6.0,10.4,0.58,1.1,2.8,0.397,4.9,7.6,0.648,0.634,2.2,2.7,0.827,1.2,3.9,5.2,2.6,1.1,0.5,1.0,2.2,15.4,2025-26,3089640,3089640.0
johnny juzang,3087519,2025,SG,23,UTA,64,18,19.8,3.2,7.4,0.429,1.8,4.9,0.376,1.3,2.5,0.534,0.554,0.7,0.8,0.849,0.7,2.2,2.9,1.1,0.6,0.1,0.6,2.0,8.9,2025-26,3087519,3087519.0
josh richardson,3051153,2025,SG,31,MIA,8,0,18.8,1.4,4.8,0.289,0.8,2.8,0.273,0.6,2.0,0.313,0.368,0.5,0.5,1.0,0.8,0.8,1.5,1.5,1.0,0.1,1.0,2.1,4.0,2025-26,3051153,3051153.0
kyle filipowski,3000000,2025,C,21,UTA,72,27,21.1,3.6,7.2,0.502,1.1,3.1,0.35,2.5,4.1,0.614,0.576,1.3,2.0,0.65,1.6,4.6,6.1,1.9,0.7,0.3,1.4,2.4,9.6,2025-26,3000000,3000000.0
julian champagnie,3000000,2025,SF,23,SAS,82,29,23.6,3.4,8.1,0.415,2.2,5.9,0.371,1.2,2.3,0.53,0.549,1.0,1.1,0.904,0.8,3.1,3.9,1.4,0.7,0.4,0.9,1.4,9.9,2025-26,3000000,3000000.0
ajay mitchell,3000000,2025,SG,22,OKC,36,1,16.6,2.5,5.1,0.495,0.6,1.7,0.383,1.9,3.4,0.548,0.557,0.8,1.0,0.829,0.5,1.4,1.9,1.8,0.7,0.1,0.8,1.9,6.5,2025-26,3000000,3000000.0
kris murray,2990040,2025,SF,24,POR,69,6,15.1,1.7,4.0,0.419,0.4,1.7,0.225,1.3,2.3,0.566,0.468,0.4,0.8,0.456,1.1,1.5,2.6,1.0,0.5,0.2,0.6,1.0,4.2,2025-26,2990040,2990040.0
walker kessler,2965920,2025,C,23,UTA,58,58,30.0,4.8,7.2,0.663,0.1,0.6,0.176,4.7,6.6,0.706,0.671,1.4,2.6,0.52,4.6,7.6,12.2,1.7,0.6,2.4,1.5,2.2,11.1,2025-26,2965920,2965920.0
shake milton,2875000,2025,SG,28,LAL,57,2,14.7,2.0,4.5,0.453,0.7,1.9,0.358,1.4,2.6,0.52,0.528,0.8,1.0,0.797,0.5,1.3,1.8,1.8,0.4,0.1,0.7,1.2,5.5,2025-26,2875000,2875000.0
olivier-maxence prosper,2870400,2025,PF,22,DAL,52,4,11.2,1.3,3.3,0.402,0.2,1.0,0.235,1.1,2.4,0.472,0.437,0.9,1.5,0.645,0.8,1.6,2.4,0.8,0.5,0.1,0.3,0.5,3.9,2025-26,2870400,2870400.0
kyshawn george,2825520,2025,SG,21,WAS,68,38,26.5,3.0,8.0,0.372,1.7,5.2,0.322,1.3,2.8,0.464,0.476,1.0,1.4,0.753,0.7,3.5,4.2,2.5,1.0,0.7,1.4,3.0,8.7,2025-26,2825520,2825520.0
aj johnson,2795294,2025,SG,20,WAS,29,11,22.0,2.8,7.3,0.385,0.8,3.1,0.267,2.0,4.2,0.472,0.441,1.1,1.3,0.865,0.3,1.8,2.0,2.6,0.4,0.1,1.2,1.7,7.6,2025-26,2795294,2795294.0
marcus sasser,2755080,2025,PG,24,DET,57,1,14.2,2.4,5.2,0.463,1.0,2.7,0.382,1.4,2.5,0.549,0.561,0.8,0.9,0.843,0.3,0.9,1.2,2.3,0.6,0.1,0.9,1.3,6.6,2025-26,2755080,2755080.0
marjon beauchamp,2733720,2025,SF,24,NYK,35,0,4.5,0.8,1.9,0.415,0.3,0.8,0.345,0.5,1.0,0.472,0.492,0.4,0.6,0.75,0.3,0.9,1.3,0.3,0.1,0.0,0.4,0.4,2.3,2025-26,2733720,2733720.0
trendon watford,2726603,2025,PF,24,BRK,44,6,20.8,3.7,8.0,0.469,0.7,2.0,0.33,3.1,6.0,0.515,0.51,2.1,2.8,0.762,0.8,2.8,3.6,2.6,0.6,0.3,1.9,2.2,10.2,2025-26,2726603,2726603.0
ben sheppard,2663880,2025,SG,23,IND,63,9,19.5,1.9,4.6,0.418,1.1,3.2,0.342,0.8,1.4,0.591,0.537,0.4,0.4,0.889,0.7,2.1,2.8,1.3,0.6,0.2,0.3,2.0,5.3,2025-26,2663880,2663880.0
blake wesley,2624280,2025,SG,21,SAS,58,0,11.8,1.4,3.2,0.435,0.3,1.0,0.293,1.1,2.2,0.5,0.481,0.7,1.1,0.623,0.3,0.8,1.1,2.0,0.6,0.1,0.9,0.8,3.7,2025-26,2624280,2624280.0
dillon jones,2622360,2025,SF,23,OKC,54,3,10.2,0.9,2.5,0.383,0.3,1.2,0.254,0.6,1.3,0.5,0.444,0.3,0.5,0.607,0.6,1.7,2.2,1.1,0.3,0.1,0.5,1.0,2.5,2025-26,2622360,2622360.0
nick smith jr.,2587200,2025,SG,20,CHO,60,27,22.8,3.7,9.5,0.391,1.7,5.1,0.34,2.0,4.4,0.45,0.482,0.7,0.8,0.935,0.2,1.9,2.1,2.4,0.3,0.1,1.4,1.3,9.9,2025-26,2587200,2587200.0
brice sensabaugh,2571480,2025,SF,21,UTA,71,15,20.2,3.9,8.4,0.459,2.2,5.2,0.422,1.7,3.2,0.52,0.59,0.9,1.0,0.89,0.6,2.4,3.0,1.5,0.6,0.1,1.5,1.6,10.9,2025-26,2571480,2571480.0
ty jerome,2560975,2025,SG,27,CLE,70,3,19.9,4.6,8.8,0.516,1.6,3.6,0.439,3.0,5.2,0.57,0.606,1.8,2.1,0.872,0.7,1.8,2.5,3.4,1.1,0.0,1.3,1.5,12.5,2025-26,2560975,2560975.0
julian strawther,2552520,2025,SG,22,DEN,65,4,21.3,3.2,7.5,0.432,1.4,4.1,0.349,1.8,3.3,0.535,0.529,1.1,1.4,0.822,0.3,1.9,2.2,1.3,0.6,0.2,0.9,2.3,9.0,2025-26,2552520,2552520.0
terrence shannon jr.,2546640,2025,SG,24,MIN,32,1,10.6,1.7,3.6,0.482,0.3,1.0,0.355,1.4,2.6,0.53,0.531,0.5,0.7,0.81,0.3,1.2,1.5,1.0,0.2,0.2,0.5,0.8,4.3,2025-26,2546640,2546640.0
wendell moore jr.,2537040,2025,SG,23,CHO,36,1,13.9,1.6,3.5,0.468,0.4,1.1,0.341,1.3,2.4,0.529,0.524,0.5,0.6,0.818,0.8,1.8,2.6,1.2,0.6,0.1,0.8,0.9,4.2,2025-26,2537040,2537040.0
kobe brown,2533920,2025,PF,25,LAC,40,0,6.8,0.8,1.8,0.458,0.2,0.7,0.231,0.7,1.2,0.587,0.5,0.1,0.2,0.714,0.5,1.2,1.6,0.6,0.2,0.1,0.3,0.6,1.9,2025-26,2533920,2533920.0
ryan dunn,2530800,2025,SF,22,PHO,74,44,19.1,2.8,6.4,0.43,1.1,3.6,0.311,1.7,2.9,0.577,0.516,0.3,0.5,0.487,1.2,2.4,3.6,0.8,0.6,0.5,0.5,2.2,6.9,2025-26,2530800,2530800.0
isaiah collier,2512680,2025,PG,20,UTA,71,46,25.9,3.3,7.8,0.422,0.6,2.4,0.249,2.7,5.4,0.497,0.459,1.5,2.2,0.682,0.5,2.9,3.3,6.3,0.9,0.2,2.9,2.1,8.7,2025-26,2512680,2512680.0
baylor scheierman,2494320,2025,SG,24,BOS,31,2,12.4,1.3,3.5,0.355,0.8,2.6,0.317,0.4,0.9,0.464,0.473,0.3,0.4,0.75,0.6,1.5,2.1,1.1,0.5,0.1,0.4,0.7,3.6,2025-26,2494320,2494320.0
nikola jovic,2464200,2025,PF,21,MIA,46,10,25.1,3.7,8.2,0.456,1.7,4.6,0.371,2.0,3.6,0.563,0.56,1.6,1.9,0.828,0.6,3.3,3.9,2.8,0.8,0.3,1.3,1.8,10.7,2025-26,2464200,2464200.0
cam reddish,2463946,2025,SF,25,LAL,33,8,17.8,1.2,2.8,0.404,0.4,1.4,0.277,0.8,1.4,0.532,0.473,0.5,0.8,0.615,0.5,1.5,2.0,0.7,1.0,0.3,0.4,1.3,3.2,2025-26,2463946,2463946.0
jaxson hayes,2463946,2025,C,24,LAL,56,35,19.5,2.9,4.0,0.722,0.0,0.1,0.0,2.9,3.9,0.732,0.722,1.1,1.8,0.622,1.4,3.4,4.8,1.0,0.6,0.9,0.8,2.4,6.8,2025-26,2463946,2463946.0
patrick baldwin jr.,2448840,2025,SF,22,LAC,24,0,4.5,0.8,1.5,0.543,0.5,1.0,0.565,0.3,0.5,0.5,0.729,0.1,0.2,0.5,0.2,0.8,1.0,0.1,0.1,0.1,0.2,0.3,2.2,2025-26,2448840,2448840.0
daquan jeffries,2425404,2025,SG,27,CHO,47,20,22.8,2.5,6.2,0.405,1.2,3.5,0.335,1.3,2.7,0.496,0.5,0.5,0.6,0.8,0.8,2.1,2.9,1.1,0.6,0.5,0.7,2.1,6.7,2025-26,2425404,2425404.0
peyton watson,2413560,2025,SF,22,DEN,68,18,24.4,3.0,6.3,0.477,0.7,2.0,0.353,2.3,4.3,0.534,0.533,1.4,2.0,0.693,0.7,2.7,3.4,1.4,0.7,1.4,0.8,1.8,8.1,2025-26,2413560,2413560.0
russell westbrook,5631296,2025,PG,36,DEN,75,36,27.9,5.0,11.1,0.449,1.3,3.9,0.323,3.7,7.2,0.517,0.505,2.1,3.1,0.661,1.4,3.6,4.9,6.1,1.4,0.5,3.2,2.5,13.3,2025-26,5631296,5631296.0
xavier tillman sr.,2237691,2025,C,26,BOS,33,2,7.0,0.4,1.6,0.245,0.2,1.0,0.156,0.2,0.6,0.381,0.292,0.1,0.1,0.75,0.3,1.0,1.3,0.2,0.3,0.2,0.4,0.5,1.0,2025-26,2237691,2237691.0
anthony gill,2237691,2025,PF,32,WAS,51,0,7.8,0.8,1.7,0.489,0.2,0.6,0.323,0.6,1.1,0.579,0.545,0.6,1.0,0.66,0.4,0.9,1.3,0.3,0.2,0.0,0.2,0.6,2.5,2025-26,2237691,2237691.0
james wiseman,2237691,2025,C,23,IND,1,0,5.0,2.0,4.0,0.5,0.0,1.0,0.0,2.0,3.0,0.667,0.5,2.0,2.0,1.0,0.0,1.0,1.0,0.0,0.0,0.0,0.0,0.0,6.0,2025-26,2237691,2237691.0
garrison mathews,2230253,2025,SG,28,ATL,47,2,17.7,2.2,5.5,0.397,1.8,4.6,0.39,0.4,0.8,0.436,0.562,1.4,1.7,0.821,0.3,1.6,1.9,1.3,0.6,0.3,0.7,1.7,7.5,2025-26,2230253,2230253.0
jeremiah robinson-earl,2196970,2025,PF,24,NOP,66,9,18.8,2.4,5.3,0.455,0.8,2.5,0.341,1.5,2.8,0.557,0.536,0.7,0.8,0.836,1.7,3.1,4.8,1.3,0.6,0.1,0.8,1.2,6.3,2025-26,2196970,2196970.0
lindy waters iii,2196970,2025,SG,27,DET,52,9,15.0,1.8,4.8,0.369,1.2,3.6,0.344,0.5,1.2,0.444,0.498,0.2,0.2,0.727,0.4,1.7,2.1,1.0,0.5,0.2,0.4,1.2,4.9,2025-26,2196970,2196970.0
dalano banton,2196970,2025,PG,25,POR,67,7,16.7,3.0,7.6,0.391,1.1,3.3,0.324,1.9,4.3,0.442,0.462,1.4,1.9,0.728,0.4,1.6,2.0,2.4,0.6,0.5,1.3,0.9,8.3,2025-26,2196970,2196970.0
sam merrill,2164993,2025,SG,28,CLE,71,4,19.7,2.4,6.0,0.406,1.9,5.2,0.372,0.5,0.8,0.625,0.567,0.4,0.4,0.966,0.5,1.7,2.2,1.5,0.7,0.2,0.5,1.7,7.2,2025-26,2164993,2164993.0
luka garza,2162606,2025,C,26,MIN,39,0,5.6,1.3,2.7,0.495,0.3,0.9,0.278,1.1,1.8,0.609,0.543,0.6,0.9,0.686,0.8,0.6,1.4,0.3,0.2,0.1,0.3,0.7,3.5,2025-26,2162606,2162606.0
keon johnson,2162606,2025,SG,22,BRK,79,56,24.4,3.8,9.9,0.389,1.6,5.1,0.314,2.2,4.8,0.468,0.47,1.4,1.8,0.77,0.8,3.0,3.8,2.2,1.0,0.4,1.5,2.6,10.6,2025-26,2162606,2162606.0
neemias queta,2162606,2025,C,25,BOS,62,6,13.9,2.1,3.3,0.65,0.0,0.0,0.0,2.1,3.2,0.66,0.65,0.7,1.0,0.754,1.4,2.4,3.8,0.7,0.3,0.7,0.6,1.7,5.0,2025-26,2162606,2162606.0
vit krejci,2162606,2025,PG,24,ATL,57,16,20.2,2.5,5.1,0.497,1.6,3.6,0.437,1.0,1.5,0.64,0.651,0.6,0.8,0.711,0.4,2.4,2.7,2.6,0.6,0.5,0.9,1.8,7.2,2025-26,2162606,2162606.0
vince williams jr.,2120693,2025,SG,24,MEM,27,5,18.5,2.5,6.2,0.401,1.0,3.5,0.274,1.5,2.7,0.569,0.479,0.7,0.9,0.792,0.8,2.8,3.6,2.0,0.4,0.3,1.2,1.7,6.6,2025-26,2120693,2120693.0
colby jones,2120693,2025,SG,22,WAS,39,0,13.2,1.5,3.3,0.457,0.4,1.3,0.327,1.1,2.1,0.538,0.519,0.6,0.9,0.657,0.5,1.7,2.2,1.1,0.7,0.3,0.6,0.9,4.0,2025-26,2120693,2120693.0
keon ellis,2120693,2025,SG,25,SAC,80,28,24.4,2.8,5.8,0.489,1.7,4.0,0.433,1.1,1.8,0.615,0.639,0.9,1.1,0.849,0.8,1.9,2.7,1.5,1.5,0.8,0.9,2.2,8.3,2025-26,2120693,2120693.0
a.j. green,2120693,2025,SG,25,MIL,73,7,22.7,2.5,5.8,0.429,2.1,5.0,0.427,0.4,0.8,0.443,0.612,0.3,0.4,0.815,0.2,2.1,2.4,1.5,0.5,0.1,0.5,2.2,7.4,2025-26,2120693,2120693.0
sam hauser,2092344,2025,PF,27,BOS,71,19,21.7,3.0,6.7,0.451,2.3,5.6,0.416,0.7,1.1,0.64,0.627,0.2,0.2,1.0,0.6,2.5,3.2,0.9,0.6,0.2,0.3,1.2,8.5,2025-26,2092344,2092344.0
jericho sims,2092344,2025,C,26,MIL,53,5,11.9,0.8,1.3,0.634,0.0,0.0,,0.8,1.3,0.634,0.634,0.2,0.2,0.615,1.3,2.4,3.7,0.6,0.2,0.4,0.6,1.2,1.8,2025-26,2092344,2092344.0
jay huff,2088033,2025,C,26,MEM,64,2,11.7,2.5,4.8,0.515,1.3,3.1,0.405,1.2,1.6,0.724,0.648,0.7,0.9,0.786,0.5,1.5,2.0,0.6,0.3,0.9,0.5,1.2,6.9,2025-26,2088033,2088033.0
tyler kolek,2087519,2025,PG,23,NYK,41,0,7.2,0.7,2.0,0.329,0.3,1.1,0.298,0.3,0.9,0.371,0.415,0.3,0.4,0.765,0.2,0.5,0.7,1.7,0.3,0.1,0.4,0.6,2.0,2025-26,2087519,2087519.0
scotty pippen jr.,2087519,2025,PG,24,MEM,79,21,21.3,3.6,7.5,0.48,1.1,2.8,0.397,2.5,4.7,0.528,0.553,1.5,2.2,0.713,0.8,2.5,3.3,4.4,1.3,0.4,1.7,2.6,9.9,2025-26,2087519,2087519.0
garrett temple,2087519,2025,SG,38,TOR,28,0,8.1,0.6,2.1,0.3,0.2,1.0,0.214,0.4,1.1,0.375,0.35,0.4,0.4,0.917,0.3,0.7,1.0,1.1,0.6,0.1,0.4,0.8,1.9,2025-26,2087519,2087519.0
charles bassey,2087519,2025,C,24,SAS,36,1,10.4,1.9,3.3,0.581,0.0,0.0,,1.9,3.3,0.581,0.581,0.6,0.9,0.636,1.6,2.7,4.2,0.5,0.4,0.8,0.6,1.4,4.4,2025-26,2087519,2087519.0
jordan mclaughlin,2087519,2025,PG,28,SAS,46,0,6.8,0.7,1.6,0.431,0.4,1.0,0.413,0.3,0.6,0.462,0.563,0.4,0.5,0.773,0.1,0.5,0.7,1.1,0.3,0.0,0.3,0.4,2.1,2025-26,2087519,2087519.0
sandro mamukelashvili,2087519,2025,PF,25,SAS,61,0,11.2,2.3,4.6,0.502,1.0,2.6,0.373,1.3,2.0,0.675,0.609,0.7,1.0,0.741,1.0,2.0,3.1,0.8,0.4,0.3,0.4,1.0,6.3,2025-26,2087519,2087519.0
doug mcdermott,2087519,2025,SF,33,SAC,42,3,8.1,1.2,2.8,0.427,1.0,2.4,0.436,0.1,0.4,0.375,0.615,0.1,0.1,0.6,0.1,0.5,0.5,0.2,0.1,0.0,0.1,0.7,3.5,2025-26,2087519,2087519.0
tyus jones,2087519,2025,PG,28,PHO,81,58,26.8,3.8,8.4,0.448,2.0,5.0,0.414,1.7,3.5,0.496,0.57,0.6,0.7,0.895,0.5,1.9,2.4,5.3,0.9,0.1,1.1,0.8,10.2,2025-26,2087519,2087519.0
bol bol,2087519,2025,PF,25,PHO,36,10,12.4,2.7,5.1,0.525,0.9,2.6,0.344,1.8,2.5,0.711,0.612,0.6,0.7,0.769,0.6,2.3,2.9,0.6,0.3,0.7,0.6,0.6,6.8,2025-26,2087519,2087519.0
monte morris,2087519,2025,PG,29,PHO,45,0,12.7,1.8,4.3,0.426,0.7,1.9,0.36,1.2,2.4,0.477,0.505,0.8,0.9,0.857,0.3,1.2,1.5,1.6,0.4,0.1,0.5,0.5,5.2,2025-26,2087519,2087519.0
mason plumlee,2087519,2025,C,34,PHO,74,21,17.6,1.7,2.7,0.619,0.0,0.1,0.0,1.7,2.7,0.631,0.619,1.1,1.7,0.648,1.6,4.6,6.1,1.8,0.4,0.6,0.8,2.1,4.5,2025-26,2087519,2087519.0
damion lee,2087519,2025,SG,32,PHO,25,0,5.8,1.1,3.0,0.365,0.4,1.5,0.243,0.7,1.5,0.486,0.426,0.8,0.8,0.952,0.1,0.7,0.8,0.4,0.2,0.0,0.4,0.2,3.3,2025-26,2087519,2087519.0
guerschon yabusele,2087519,2025,C,29,PHI,70,43,27.1,4.0,8.0,0.501,1.5,3.9,0.38,2.5,4.1,0.616,0.593,1.4,2.0,0.725,1.9,3.7,5.6,2.1,0.8,0.3,1.2,2.3,11.0,2025-26,2087519,2087519.0
kyle lowry,2087519,2025,PG,38,PHI,35,12,18.8,1.2,3.3,0.35,0.8,2.5,0.33,0.3,0.8,0.414,0.474,0.8,0.9,0.818,0.3,1.6,1.9,2.7,0.9,0.3,0.6,1.8,3.9,2025-26,2087519,2087519.0
daniel theis,2087519,2025,C,32,NOP,38,9,16.3,1.6,3.4,0.473,0.2,1.0,0.243,1.4,2.4,0.565,0.508,0.8,1.0,0.838,1.2,3.2,4.3,1.6,0.5,0.5,0.7,1.8,4.3,2025-26,2087519,2087519.0
cameron payne,2087519,2025,PG,30,NYK,72,5,15.1,2.5,6.2,0.401,1.3,3.6,0.363,1.2,2.6,0.453,0.506,0.7,0.8,0.907,0.2,1.3,1.4,2.8,0.5,0.2,0.7,1.5,6.9,2025-26,2087519,2087519.0
delon wright,2087519,2025,PG,32,NYK,40,7,15.9,1.1,3.3,0.344,0.5,1.8,0.274,0.6,1.5,0.431,0.42,0.4,0.6,0.6,0.7,1.0,1.7,1.9,0.9,0.3,0.6,0.6,3.1,2025-26,2087519,2087519.0
joe ingles,2087519,2025,SF,37,MIN,19,1,6.0,0.3,1.2,0.261,0.2,0.8,0.2,0.2,0.4,0.375,0.326,0.0,0.0,,0.1,0.5,0.6,1.2,0.1,0.0,0.5,0.6,0.8,2025-26,2087519,2087519.0
gary trent jr.,2087519,2025,SG,26,MIL,74,9,25.6,3.8,8.9,0.431,2.4,5.9,0.416,1.4,3.0,0.46,0.568,1.1,1.2,0.848,0.3,2.0,2.3,1.2,1.0,0.1,0.6,1.7,11.1,2025-26,2087519,2087519.0
taurean prince,2087519,2025,SF,30,MIL,80,73,27.1,2.9,6.4,0.457,1.8,4.2,0.439,1.1,2.2,0.492,0.6,0.5,0.6,0.813,0.4,3.2,3.6,1.9,1.0,0.2,1.0,2.1,8.2,2025-26,2087519,2087519.0
alec burks,2087519,2025,SG,33,MIA,49,14,17.6,2.3,5.5,0.424,1.8,4.2,0.425,0.6,1.3,0.422,0.587,0.8,1.0,0.776,0.3,2.2,2.5,1.1,0.6,0.1,0.6,0.8,7.3,2025-26,2087519,2087519.0
markieff morris,2087519,2025,PF,35,LAL,15,2,11.0,1.4,4.7,0.3,0.6,2.4,0.25,0.8,2.3,0.353,0.364,0.3,0.4,0.833,0.2,1.3,1.5,1.4,0.1,0.2,0.3,1.1,3.7,2025-26,2087519,2087519.0
patty mills,2087519,2025,PG,36,LAC,29,0,11.1,1.2,3.3,0.375,0.9,2.6,0.347,0.3,0.7,0.476,0.51,0.4,0.5,0.929,0.1,0.6,0.8,0.9,0.4,0.1,0.6,0.8,3.8,2025-26,2087519,2087519.0
james johnson,2087519,2025,PF,37,IND,12,0,3.1,0.3,0.9,0.364,0.0,0.3,0.0,0.3,0.7,0.5,0.364,0.0,0.1,0.0,0.0,0.5,0.5,0.3,0.0,0.2,0.3,0.4,0.7,2025-26,2087519,2087519.0
thomas bryant,2087519,2025,C,27,IND,66,8,14.6,2.5,4.9,0.508,0.7,2.2,0.324,1.7,2.6,0.665,0.583,0.8,1.0,0.859,1.3,2.5,3.8,0.8,0.4,0.6,0.5,1.2,6.5,2025-26,2087519,2087519.0
deandre jordan,2087519,2025,C,36,DEN,56,5,12.3,1.6,2.5,0.65,0.0,0.0,,1.6,2.5,0.65,0.65,0.5,1.1,0.422,1.5,3.6,5.1,0.9,0.3,0.5,0.7,1.3,3.7,2025-26,2087519,2087519.0
vlatko cancar,2087519,2025,PF,27,DEN,13,0,10.5,0.8,2.0,0.385,0.3,1.2,0.267,0.5,0.8,0.545,0.462,0.0,0.0,,0.5,2.0,2.5,0.7,0.2,0.2,0.8,0.8,1.8,2025-26,2087519,2087519.0
spencer dinwiddie,2087519,2025,PG,31,DAL,79,30,27.0,3.6,8.6,0.416,1.4,4.1,0.334,2.2,4.5,0.492,0.496,2.5,3.1,0.802,0.2,2.4,2.6,4.4,0.9,0.2,1.3,1.5,11.0,2025-26,2087519,2087519.0
tristan thompson,2087519,2025,C,33,CLE,40,0,8.2,0.8,1.8,0.437,0.0,0.1,0.0,0.8,1.7,0.456,0.437,0.2,0.8,0.233,0.8,2.6,3.4,0.6,0.1,0.3,0.4,0.9,1.7,2025-26,2087519,2087519.0
seth curry,2087519,2025,SG,34,CHO,68,14,15.6,2.4,5.0,0.478,1.2,2.7,0.456,1.2,2.4,0.503,0.599,0.5,0.6,0.846,0.4,1.3,1.7,0.9,0.4,0.1,0.5,0.9,6.5,2025-26,2087519,2087519.0
taj gibson,2087519,2025,C,39,CHO,37,11,11.1,1.3,2.6,0.495,0.0,0.1,0.5,1.2,2.5,0.495,0.5,0.3,0.5,0.6,1.4,1.9,3.2,0.6,0.2,0.5,0.7,1.5,2.9,2025-26,2087519,2087519.0
talen horton-tucker,2087519,2025,SG,24,CHI,58,0,12.5,2.3,5.0,0.457,0.7,2.1,0.336,1.6,2.9,0.544,0.527,1.2,1.7,0.735,0.3,1.4,1.7,1.4,0.4,0.2,0.7,1.0,6.5,2025-26,2087519,2087519.0
luke kornet,2087519,2025,C,29,BOS,73,16,18.6,2.6,3.8,0.668,0.0,0.0,0.0,2.6,3.8,0.675,0.668,0.9,1.3,0.691,2.6,2.7,5.3,1.6,0.5,1.0,0.4,1.6,6.0,2025-26,2087519,2087519.0
duop reath,2048780,2025,C,28,POR,46,0,10.2,1.5,3.6,0.422,0.7,2.3,0.321,0.8,1.3,0.6,0.524,0.4,0.5,0.909,1.0,1.0,2.0,0.6,0.3,0.3,0.3,0.9,4.2,2025-26,2048780,2048780.0
andrew nembhard,2019699,2025,SG,25,IND,65,65,28.9,3.8,8.3,0.458,0.8,2.7,0.291,3.0,5.6,0.538,0.506,1.7,2.1,0.794,0.5,2.8,3.3,5.0,1.2,0.2,1.7,2.3,10.0,2025-26,2019699,2019699.0
jaden hardy,2019699,2025,SG,22,DAL,57,3,15.9,3.2,7.3,0.435,1.3,3.5,0.386,1.8,3.8,0.479,0.527,1.1,1.5,0.698,0.2,1.4,1.6,1.4,0.5,0.1,1.4,1.6,8.7,2025-26,2019699,2019699.0
jabari walker,2019699,2025,SF,22,POR,60,1,12.5,2.0,3.8,0.515,0.5,1.2,0.389,1.5,2.6,0.573,0.576,0.8,1.2,0.69,1.0,2.5,3.5,0.6,0.6,0.1,0.6,1.5,5.2,2025-26,2019699,2019699.0
caleb houstan,2019699,2025,SF,22,ORL,58,6,13.6,1.4,3.3,0.421,1.1,2.8,0.4,0.3,0.5,0.533,0.589,0.3,0.3,0.882,0.3,1.0,1.3,0.6,0.4,0.1,0.2,1.1,4.1,2025-26,2019699,2019699.0
jaylin williams,2019699,2025,PF,22,OKC,47,9,16.7,2.1,4.7,0.439,1.3,3.3,0.399,0.8,1.4,0.529,0.577,0.5,0.6,0.767,1.0,4.6,5.6,2.6,0.5,0.6,0.7,1.7,5.9,2025-26,2019699,2019699.0
josh minott,2019699,2025,SF,22,MIN,46,0,6.0,1.0,2.0,0.489,0.3,0.9,0.326,0.7,1.0,0.638,0.567,0.4,0.4,0.895,0.3,0.8,1.0,0.4,0.3,0.3,0.2,0.7,2.6,2025-26,2019699,2019699.0
jose alvarado,1988598,2025,PG,26,NOP,56,23,24.4,3.6,9.3,0.392,2.0,5.5,0.359,1.7,3.8,0.439,0.498,1.1,1.3,0.811,0.5,1.9,2.4,4.6,1.3,0.3,1.5,1.6,10.3,2025-26,1988598,1988598.0
reggie jackson,4033748,2025,PG,34,PHI,31,1,12.4,1.7,4.3,0.391,0.8,2.4,0.338,0.9,1.9,0.458,0.485,0.2,0.3,0.778,0.3,1.1,1.4,1.5,0.5,0.1,0.5,1.1,4.4,2025-26,4033748,4033748.0
ricky council iv,1891857,2025,SF,23,PHI,73,12,17.1,2.4,6.3,0.382,0.8,2.9,0.258,1.7,3.4,0.488,0.442,1.7,2.1,0.804,0.7,2.2,2.9,1.3,0.4,0.2,0.7,0.9,7.3,2025-26,1891857,1891857.0
gg jackson ii,1891857,2025,PF,20,MEM,29,3,15.8,2.6,6.9,0.372,1.1,3.3,0.337,1.4,3.6,0.404,0.452,1.0,1.4,0.725,0.9,2.2,3.2,1.0,0.4,0.2,1.1,1.0,7.2,2025-26,1891857,1891857.0
jalen pickett,1891857,2025,SG,25,DEN,49,4,13.6,1.6,3.7,0.428,0.8,2.1,0.396,0.8,1.6,0.468,0.539,0.1,0.2,0.75,0.3,1.1,1.4,2.2,0.4,0.1,0.5,0.8,4.1,2025-26,1891857,1891857.0
hunter tyson,1891857,2025,PF,24,DEN,51,2,7.8,0.9,2.4,0.375,0.5,1.5,0.311,0.4,0.9,0.478,0.471,0.4,0.5,0.75,0.5,1.0,1.5,0.4,0.2,0.1,0.3,0.9,2.6,2025-26,1891857,1891857.0
julian phillips,1891857,2025,SF,21,CHI,79,5,14.2,1.6,3.6,0.446,0.6,1.9,0.327,1.0,1.7,0.582,0.533,0.8,1.0,0.789,0.8,1.3,2.1,0.5,0.5,0.3,0.3,1.4,4.6,2025-26,1891857,1891857.0
jordan walsh,1891857,2025,PF,20,BOS,52,1,7.8,0.6,1.6,0.361,0.3,1.1,0.273,0.3,0.5,0.536,0.452,0.1,0.2,0.583,0.4,0.9,1.3,0.4,0.2,0.2,0.3,0.6,1.6,2025-26,1891857,1891857.0
sidy cissoko,1891857,2025,SF,20,POR,22,0,5.2,0.6,1.4,0.433,0.1,0.6,0.231,0.5,0.8,0.588,0.483,0.1,0.4,0.333,0.4,0.6,1.0,0.7,0.1,0.0,0.5,0.5,1.5,2025-26,1891857,1891857.0
toumani camara,1891857,2025,PF,24,POR,78,78,32.7,4.2,9.2,0.458,1.7,4.6,0.375,2.5,4.6,0.542,0.552,1.2,1.6,0.722,2.2,3.6,5.8,2.2,1.5,0.6,1.4,2.9,11.3,2025-26,1891857,1891857.0
rayan rupert,1891857,2025,SG,20,POR,52,0,8.8,1.1,2.7,0.408,0.3,1.1,0.271,0.8,1.6,0.506,0.465,0.4,0.6,0.767,0.5,0.8,1.3,0.5,0.3,0.1,0.6,0.7,3.0,2025-26,1891857,1891857.0
leonard miller,1891857,2025,SF,21,MIN,13,0,2.5,0.5,1.2,0.4,0.0,0.4,0.0,0.5,0.8,0.6,0.4,0.6,0.6,1.0,0.2,0.6,0.8,0.0,0.2,0.1,0.2,0.2,1.5,2025-26,1891857,1891857.0
chris livingston,1891857,2025,SF,21,MIL,21,1,5.0,0.4,1.3,0.333,0.0,0.4,0.0,0.4,0.9,0.474,0.333,0.6,0.8,0.75,0.5,1.2,1.7,0.2,0.2,0.0,0.3,0.4,1.4,2025-26,1891857,1891857.0
andre jackson jr.,1891857,2025,SG,23,MIL,67,43,14.6,1.4,2.9,0.477,0.4,1.1,0.395,1.0,1.8,0.529,0.553,0.2,0.4,0.5,1.0,1.7,2.7,1.2,0.5,0.2,0.9,1.7,3.4,2025-26,1891857,1891857.0
trayce jackson-davis,1891857,2025,C,24,GSW,62,37,15.6,2.8,4.9,0.576,0.0,0.0,0.0,2.8,4.8,0.582,0.576,1.0,1.6,0.578,2.0,3.0,5.0,1.7,0.4,0.6,0.7,1.2,6.6,2025-26,1891857,1891857.0
gui santos,1891857,2025,PF,22,GSW,56,2,13.6,1.5,3.2,0.458,0.6,1.8,0.33,0.9,1.4,0.632,0.553,0.5,0.8,0.69,1.3,1.8,3.1,1.4,0.4,0.2,0.8,1.6,4.1,2025-26,1891857,1891857.0
craig porter jr.,1891857,2025,PG,24,CLE,51,1,10.1,1.4,2.7,0.514,0.4,0.9,0.438,1.0,1.8,0.554,0.589,0.5,0.6,0.719,0.4,0.9,1.3,1.4,0.3,0.3,0.7,0.5,3.7,2025-26,1891857,1891857.0
maxwell lewis,1891857,2025,SF,22,BRK,28,1,11.7,1.6,3.9,0.417,0.7,1.8,0.38,0.9,2.1,0.448,0.505,0.3,0.4,0.7,0.6,1.3,2.0,0.7,0.3,0.3,0.5,1.0,4.1,2025-26,1891857,1891857.0
jalen wilson,1891857,2025,PF,24,BRK,79,22,25.7,3.1,7.8,0.397,1.5,4.6,0.337,1.6,3.3,0.481,0.495,1.7,2.1,0.818,0.9,2.5,3.4,1.8,0.5,0.1,1.0,2.1,9.5,2025-26,1891857,1891857.0
mouhamed gueye,1891857,2025,PF,22,ATL,33,28,16.2,2.2,5.2,0.421,0.6,2.5,0.259,1.5,2.7,0.567,0.482,1.0,1.3,0.762,1.3,2.9,4.2,0.8,0.8,1.0,0.5,1.7,6.0,2025-26,1891857,1891857.0
jonathan mogbo,1862265,2025,PF,23,TOR,63,18,20.4,2.5,5.7,0.438,0.3,1.1,0.243,2.2,4.5,0.486,0.462,1.0,1.3,0.732,1.7,3.2,4.9,2.3,0.9,0.5,1.1,2.2,6.2,2025-26,1862265,1862265.0
jamal shead,1862265,2025,PG,22,TOR,75,11,19.6,2.7,6.7,0.405,1.0,3.0,0.323,1.8,3.7,0.47,0.476,0.7,0.9,0.768,0.4,1.1,1.5,4.2,0.8,0.1,1.6,2.1,7.1,2025-26,1862265,1862265.0
johnny furphy,1850842,2025,SG,20,IND,50,0,7.6,0.7,1.8,0.38,0.3,1.0,0.3,0.4,0.8,0.476,0.462,0.4,0.4,0.818,0.5,1.0,1.4,0.4,0.4,0.2,0.2,0.8,2.1,2025-26,1850842,1850842.0
pacome dadiet,1808080,2025,SG,19,NYK,18,0,6.2,0.6,1.7,0.323,0.3,1.1,0.316,0.2,0.7,0.333,0.419,0.2,0.3,0.667,0.2,0.8,1.0,0.3,0.2,0.1,0.2,0.4,1.7,2025-26,1808080,1808080.0
justin champagnie,1800000,2025,SF,23,WAS,62,31,21.6,3.4,6.6,0.511,1.2,3.1,0.383,2.2,3.5,0.624,0.601,0.8,1.2,0.685,1.8,3.9,5.7,1.0,1.0,0.6,0.9,1.8,8.8,2025-26,1800000,1800000.0
jae crowder,1655619,2025,PF,34,SAC,9,2,11.4,0.8,2.4,0.318,0.4,1.7,0.267,0.3,0.8,0.429,0.409,0.6,0.7,0.833,0.7,1.6,2.2,0.7,0.3,0.0,0.4,1.1,2.6,2025-26,1655619,1655619.0
paul reed,3913234,2025,C,25,DET,45,0,9.7,1.6,3.2,0.507,0.2,0.6,0.286,1.4,2.5,0.561,0.535,0.7,0.9,0.762,0.9,1.8,2.7,1.0,0.9,0.6,0.6,1.7,4.1,2025-26,3913234,3913234.0
karlo matkovic,1407153,2025,PF,23,NOP,42,7,18.8,3.2,5.6,0.574,0.5,1.6,0.318,2.7,4.0,0.675,0.619,0.8,1.0,0.773,1.5,3.5,5.0,1.1,0.5,1.0,1.0,2.5,7.7,2025-26,1407153,1407153.0
landry shamet,1343690,2025,SG,27,NYK,50,0,15.2,2.1,4.6,0.461,1.2,3.1,0.397,0.9,1.5,0.595,0.596,0.2,0.4,0.667,0.2,1.0,1.2,0.5,0.5,0.0,0.4,1.0,5.7,2025-26,1343690,1343690.0
bobi klintman,1257153,2025,SF,21,DET,8,0,5.3,0.8,1.3,0.6,0.3,0.6,0.4,0.5,0.6,0.8,0.7,0.1,0.3,0.5,0.1,0.8,0.9,0.9,0.3,0.1,0.1,1.0,1.9,2025-26,1257153,1257153.0
tyler smith,1157153,2025,PF,20,MIL,23,0,5.3,1.0,2.2,0.48,0.6,1.3,0.433,0.5,0.9,0.55,0.61,0.3,0.3,0.75,0.3,0.8,1.1,0.2,0.1,0.2,0.3,0.5,2.9,2025-26,1157153,1157153.0
oso ighodaro,1157153,2025,PF,22,PHO,61,6,17.1,1.9,3.1,0.604,0.0,0.0,0.0,1.9,3.0,0.611,0.604,0.5,0.8,0.58,1.1,2.6,3.6,1.2,0.5,0.5,0.6,1.7,4.2,2025-26,1157153,1157153.0
jaylen wells,1157153,2025,SG,21,MEM,79,74,25.9,3.6,8.6,0.425,1.7,5.0,0.352,1.9,3.6,0.525,0.527,1.4,1.7,0.822,1.1,2.3,3.4,1.7,0.6,0.1,0.9,1.8,10.4,2025-26,1157153,1157153.0
bronny james,1157153,2025,SG,20,LAL,27,1,6.7,0.8,2.5,0.313,0.3,1.2,0.281,0.4,1.3,0.343,0.381,0.4,0.5,0.786,0.1,0.5,0.7,0.8,0.3,0.1,0.5,0.5,2.3,2025-26,1157153,1157153.0
cam christie,1157153,2025,SG,19,LAC,13,0,4.5,0.5,1.8,0.292,0.2,1.0,0.154,0.4,0.8,0.455,0.333,0.2,0.3,0.5,0.2,0.7,0.9,0.5,0.4,0.1,0.2,0.3,1.4,2025-26,1157153,1157153.0
adem bona,1157153,2025,C,21,PHI,58,11,15.6,2.3,3.3,0.703,0.0,0.0,0.0,2.3,3.3,0.707,0.703,1.2,1.7,0.67,1.6,2.6,4.2,0.5,0.4,1.2,1.1,2.2,5.8,2025-26,1157153,1157153.0
antonio reeves,1157153,2025,SG,24,NOP,44,6,15.0,2.6,5.6,0.456,1.2,2.9,0.395,1.4,2.7,0.521,0.558,0.6,0.8,0.8,0.4,1.0,1.4,0.9,0.5,0.1,0.7,0.9,6.9,2025-26,1157153,1157153.0
pelle larsson,1157153,2025,SG,23,MIA,55,8,14.2,1.6,3.7,0.438,0.6,1.7,0.337,1.0,2.0,0.528,0.517,0.7,1.1,0.672,0.5,1.2,1.7,1.2,0.6,0.1,0.4,1.7,4.6,2025-26,1157153,1157153.0
bruno fernando,1115128,2025,C,26,TOR,17,2,8.6,1.5,2.9,0.531,0.0,0.0,,1.5,2.9,0.531,0.531,0.4,0.5,0.75,1.2,1.8,3.0,1.1,0.2,0.5,0.8,1.6,3.4,2025-26,1115128,1115128.0
ariel hukporti,1064049,2025,C,22,NYK,25,1,8.7,0.8,1.2,0.677,0.0,0.0,,0.8,1.2,0.677,0.677,0.2,0.5,0.462,0.6,1.5,2.0,0.4,0.0,0.6,0.8,1.3,1.9,2025-26,1064049,1064049.0
pj dozier,1051255,2025,SG,28,MIN,9,0,3.9,0.2,0.3,0.667,0.2,0.3,0.667,0.0,0.0,,1.0,0.1,0.7,0.167,0.1,0.4,0.6,0.6,0.1,0.0,0.1,0.3,0.8,2025-26,1051255,1051255.0
jordan miller,1050000,2025,SF,25,LAC,37,0,11.4,1.6,3.6,0.433,0.2,1.0,0.211,1.4,2.6,0.521,0.463,0.8,0.9,0.8,0.6,0.9,1.6,0.9,0.5,0.1,0.7,0.7,4.1,2025-26,1050000,1050000.0
jamison battle,1000000,2025,SF,23,TOR,59,10,17.7,2.5,5.9,0.429,1.8,4.4,0.405,0.7,1.5,0.5,0.581,0.3,0.3,0.889,0.6,2.1,2.7,0.9,0.3,0.2,0.5,1.6,7.1,2025-26,1000000,1000000.0
kevin porter jr.,3366937,2025,SG,24,MIL,75,4,19.8,3.9,8.7,0.449,0.7,2.4,0.311,3.2,6.3,0.501,0.492,1.7,2.3,0.769,0.6,3.1,3.7,3.4,1.1,0.2,1.8,1.6,10.3,2025-26,3366937,3366937.0
moussa diabate,957763,2025,C,23,CHO,71,8,17.5,2.4,3.9,0.596,0.0,0.1,0.0,2.4,3.9,0.609,0.596,1.0,1.6,0.595,2.6,3.5,6.2,0.8,0.6,0.6,0.9,1.5,5.7,2025-26,957763,957763.0
lonnie walker iv,780932,2025,SG,26,PHI,20,7,23.9,4.5,10.6,0.42,2.3,6.4,0.354,2.2,4.3,0.518,0.526,1.2,1.5,0.8,0.3,2.9,3.2,2.5,0.5,0.3,1.3,1.4,12.4,2025-26,780932,780932.0
torrey craig,3625162,2025,SF,34,BOS,26,4,12.1,1.5,3.5,0.422,0.9,2.5,0.364,0.5,0.9,0.583,0.556,0.3,0.5,0.667,1.0,1.8,2.8,0.7,0.3,0.5,0.3,1.3,4.2,2025-26,3625162,3625162.0
ben simmons,40011909,2025,PG,28,LAC,51,24,22.0,2.3,4.4,0.52,0.0,0.0,,2.3,4.4,0.52,0.52,0.5,0.6,0.727,0.9,3.8,4.7,5.6,0.7,0.5,2.0,2.1,5.0,2025-26,40011909,40011909.0
jared butler,745726,2025,SG,24,PHI,60,17,17.4,3.4,7.6,0.448,1.0,2.8,0.355,2.4,4.7,0.504,0.514,1.3,1.5,0.824,0.4,1.4,1.8,3.7,0.7,0.2,1.3,1.6,9.0,2025-26,745726,745726.0
alex len,2831348,2025,C,31,LAL,46,7,8.3,0.7,1.4,0.508,0.0,0.2,0.222,0.7,1.2,0.556,0.524,0.2,0.4,0.471,0.8,1.2,2.1,0.8,0.2,0.5,0.4,1.2,1.6,2025-26,2831348,2831348.0
markelle fultz,731831,2025,PG,26,SAC,21,0,8.8,1.3,3.2,0.418,0.2,0.4,0.5,1.1,2.8,0.407,0.448,0.0,0.0,1.0,0.3,0.7,1.0,1.3,0.5,0.1,0.7,0.6,2.9,2025-26,731831,731831.0
keshad johnson,724883,2025,SF,23,MIA,16,0,6.1,1.1,1.6,0.692,0.2,0.4,0.429,0.9,1.2,0.789,0.75,0.3,0.6,0.444,0.4,1.4,1.8,0.3,0.3,0.3,0.3,0.7,2.7,2025-26,724883,724883.0
e.j. liddell,706898,2025,PF,24,CHI,12,0,4.4,0.7,1.3,0.533,0.3,0.8,0.3,0.4,0.4,1.0,0.633,0.2,0.2,1.0,0.3,0.5,0.8,0.3,0.1,0.1,0.2,0.9,1.8,2025-26,706898,706898.0
tyrese martin,635853,2025,SG,25,BRK,60,11,21.9,3.2,7.8,0.406,1.7,4.7,0.351,1.5,3.1,0.492,0.513,0.8,1.0,0.793,1.0,2.7,3.7,2.0,0.6,0.2,1.2,1.3,8.7,2025-26,635853,635853.0
matt ryan,621439,2025,SF,27,NYK,19,0,3.6,0.5,1.6,0.323,0.3,1.0,0.316,0.2,0.6,0.333,0.419,0.1,0.1,1.0,0.0,0.4,0.4,0.2,0.1,0.0,0.2,0.1,1.5,2025-26,621439,621439.0
javonte green,2328350,2025,SG,31,CLE,68,19,18.5,1.8,4.2,0.429,0.7,2.1,0.326,1.1,2.1,0.527,0.509,0.8,1.1,0.724,0.9,2.3,3.2,0.8,1.0,0.5,0.5,1.4,5.1,2025-26,2328350,2328350.0
brandon boston jr.,596581,2025,SG,23,NOP,42,10,23.6,4.0,9.1,0.436,1.2,3.3,0.35,2.8,5.7,0.485,0.5,1.6,2.0,0.788,0.7,2.5,3.2,2.2,1.3,0.2,1.2,1.7,10.7,2025-26,596581,596581.0
jeenathan williams,515881,2025,SG,25,HOU,20,0,7.4,1.4,3.1,0.435,0.3,1.3,0.231,1.1,1.8,0.583,0.484,0.3,0.4,0.625,0.3,0.4,0.7,0.5,0.4,0.2,0.7,0.8,3.3,2025-26,515881,515881.0
jaylen clark,492323,2025,SG,23,MIN,40,4,13.1,1.4,3.0,0.467,0.6,1.3,0.431,0.9,1.7,0.493,0.558,0.7,0.9,0.784,0.7,0.7,1.3,0.7,0.9,0.1,0.2,1.5,4.1,2025-26,492323,492323.0
dominick barlow,491887,2025,SF,21,ATL,35,4,10.7,1.7,3.2,0.531,0.2,0.8,0.259,1.5,2.5,0.616,0.562,0.6,0.9,0.636,1.0,1.4,2.4,0.5,0.3,0.5,0.1,1.3,4.2,2025-26,491887,491887.0
ryan rollins,1091887,2025,PG,22,MIL,56,19,14.6,2.4,4.8,0.487,0.9,2.1,0.408,1.5,2.7,0.55,0.577,0.6,0.8,0.8,0.4,1.6,1.9,1.9,0.8,0.3,0.9,1.6,6.2,2025-26,1091887,1091887.0
quinten post,438920,2025,PF,24,GSW,42,14,16.3,2.9,6.5,0.449,1.7,4.3,0.408,1.2,2.3,0.526,0.582,0.5,0.6,0.778,0.8,2.7,3.5,1.3,0.4,0.4,0.8,2.0,8.1,2025-26,438920,438920.0
pat spencer,438810,2025,PG,28,GSW,39,0,6.4,1.1,2.6,0.406,0.1,0.6,0.227,0.9,2.0,0.456,0.431,0.3,0.4,0.733,0.4,0.8,1.2,1.2,0.4,0.1,0.5,0.5,2.5,2025-26,438810,438810.0
justin edwards,425619,2025,SF,21,PHI,44,26,26.3,3.9,8.6,0.455,1.6,4.3,0.363,2.3,4.3,0.548,0.546,0.7,1.0,0.696,1.0,2.3,3.4,1.6,1.0,0.4,1.1,2.2,10.1,2025-26,425619,425619.0
jordan goodwin,223718,2025,PG,26,LAL,29,5,18.7,2.2,5.0,0.438,0.9,2.3,0.382,1.3,2.6,0.487,0.528,0.3,0.4,0.818,1.3,2.6,3.9,1.4,1.0,0.4,0.9,1.5,5.6,2025-26,223718,223718.0
jaylen nowell,446743,2025,SG,25,NOP,8,0,21.0,3.3,9.1,0.356,1.0,3.4,0.296,2.3,5.8,0.391,0.411,0.9,1.4,0.636,0.8,1.8,2.5,2.3,0.1,0.5,1.0,1.1,8.4,2025-26,446743,446743.0
isaac jones,152957,2025,PF,24,SAC,40,0,7.6,1.4,2.1,0.651,0.1,0.2,0.375,1.3,1.9,0.68,0.669,0.6,0.9,0.639,0.6,0.9,1.4,0.3,0.1,0.3,0.4,0.8,3.4,2025-26,152957,152957.0
bismack biyombo,647851,2025,C,32,SAS,28,26,18.9,2.4,4.1,0.588,0.0,0.0,,2.4,4.1,0.588,0.588,0.4,0.9,0.4,1.5,4.1,5.6,1.1,0.6,0.8,1.0,1.9,5.1,2025-26,647851,647851.0
malevy leons,126356,2025,SF,25,OKC,6,0,3.5,0.0,0.3,0.0,0.0,0.2,0.0,0.0,0.2,0.0,0.0,0.3,0.7,0.5,0.2,0.3,0.5,0.2,0.0,0.0,0.2,0.7,0.3,2025-26,126356,126356.0
jaden springer,4772772,2025,SG,22,UTA,43,2,8.5,0.8,2.1,0.389,0.3,1.1,0.25,0.5,1.0,0.548,0.456,0.6,0.9,0.711,0.4,1.0,1.3,0.8,0.6,0.1,0.4,1.0,2.5,2025-26,4772772,4772772.0
orlando robinson,1691610,2025,C,24,TOR,44,8,17.5,2.6,5.9,0.444,0.4,1.2,0.327,2.3,4.8,0.474,0.477,1.2,1.6,0.771,2.0,3.0,5.0,1.8,0.4,0.4,1.1,2.3,6.9,2025-26,1691610,1691610.0
lamar stevens,623856,2025,PF,27,MEM,17,1,9.1,1.7,3.7,0.46,0.5,1.6,0.296,1.2,2.1,0.583,0.524,0.5,0.6,0.727,0.2,2.0,2.2,0.5,0.3,0.2,0.6,0.9,4.4,2025-26,623856,623856.0
tony bradley,600545,2025,C,27,IND,14,0,8.1,2.1,3.2,0.644,0.1,0.2,0.333,2.0,3.0,0.667,0.656,0.1,0.4,0.333,1.3,1.7,3.0,0.4,0.1,0.6,0.4,0.8,4.4,2025-26,600545,600545.0
kevin knox,503883,2025,SF,25,GSW,14,0,6.0,1.3,2.6,0.5,0.3,1.1,0.267,1.0,1.5,0.667,0.556,0.4,0.6,0.75,0.5,0.7,1.2,0.4,0.1,0.3,0.3,0.4,3.3,2025-26,503883,503883.0
p.j. tucker,12025777,2025,SF,39,NYK,3,1,19.3,1.0,2.3,0.429,1.0,2.0,0.5,0.0,0.3,0.0,0.643,0.0,0.0,,1.3,1.3,2.7,0.0,0.3,0.3,0.3,2.7,3.0,2025-26,12025777,12025777.0
jalen mcdaniels,4861772,2025,SF,27,WAS,4,0,1.8,0.0,0.0,,0.0,0.0,,0.0,0.0,,,0.0,0.0,,0.0,0.0,0.0,0.3,0.3,0.0,0.0,0.0,0.0,2025-26,4861772,4861772.0
jared rhoden,119972,2025,SG,25,TOR,14,2,16.2,3.0,6.2,0.483,0.9,2.8,0.308,2.1,3.4,0.625,0.552,1.6,1.8,0.88,1.0,2.0,3.0,1.1,0.7,0.1,0.6,1.4,8.4,2025-26,119972,119972.0
terry taylor,119972,2025,PF,25,SAC,3,0,2.0,0.0,0.3,0.0,0.0,0.0,,0.0,0.3,0.0,0.0,0.0,0.0,,0.3,0.0,0.3,0.7,0.0,0.0,0.0,0.0,0.0,2025-26,119972,119972.0
skal labissiere,119972,2025,PF,28,SAC,4,0,3.0,0.5,1.0,0.5,0.3,0.3,1.0,0.3,0.8,0.333,0.625,0.0,0.0,,0.3,0.5,0.8,0.3,0.0,0.0,0.0,0.3,1.3,2025-26,119972,119972.0
daishen nix,119972,2025,PG,22,MIN,3,0,4.3,0.0,0.3,0.0,0.0,0.3,0.0,0.0,0.0,,0.0,0.3,0.7,0.5,0.0,1.3,1.3,1.0,0.0,0.0,1.3,0.3,0.3,2025-26,119972,119972.0
oshae brissett,119972,2025,SF,26,PHI,6,2,23.7,3.2,6.5,0.487,1.0,3.0,0.333,2.2,3.5,0.619,0.564,1.3,2.3,0.571,1.2,2.5,3.7,0.7,0.7,0.5,1.3,2.3,8.7,2025-26,119972,119972.0
david roddy,2967212,2025,PF,23,HOU,33,3,12.4,1.7,3.8,0.456,0.6,1.8,0.311,1.2,1.9,0.594,0.532,0.6,0.8,0.769,0.4,2.2,2.5,1.1,0.4,0.3,0.7,0.6,4.6,2025-26,2967212,2967212.0
mo bamba,2207491,2025,C,26,NOP,32,2,12.9,1.6,3.5,0.464,0.5,1.7,0.278,1.2,1.8,0.638,0.531,0.6,0.8,0.704,1.0,3.5,4.5,0.6,0.3,1.0,0.6,1.8,4.3,2025-26,2207491,2207491.0
jahlil okafor,119972,2025,C,29,IND,1,0,3.0,0.0,0.0,,0.0,0.0,,0.0,0.0,,,0.0,0.0,,0.0,1.0,1.0,1.0,0.0,0.0,0.0,0.0,0.0,2025-26,119972,119972.0
moses brown,426632,2025,C,25,DAL,13,2,9.2,2.6,3.8,0.694,0.0,0.0,,2.6,3.8,0.694,0.694,0.6,0.8,0.727,0.9,2.5,3.4,0.2,0.5,0.3,0.8,1.3,5.8,2025-26,426632,426632.0
malachi flynn,119972,2025,PG,26,CHO,4,0,11.0,1.3,3.3,0.385,0.3,1.0,0.25,1.0,2.3,0.444,0.423,1.3,1.5,0.833,0.8,1.0,1.8,1.8,0.8,0.0,1.0,1.0,4.0,2025-26,119972,119972.0
killian hayes,119972,2025,PG,23,BRK,6,5,27.0,3.0,7.2,0.419,1.3,3.5,0.381,1.7,3.7,0.455,0.512,1.7,2.0,0.833,0.8,2.2,3.0,5.2,0.7,0.7,1.5,2.2,9.0,2025-26,119972,119972.0
chuma okeke,355687,2025,PF,26,CLE,9,3,21.8,2.2,4.4,0.5,1.2,3.1,0.393,1.0,1.3,0.75,0.638,0.2,0.3,0.667,2.3,2.9,5.2,1.7,0.6,0.4,0.3,0.6,5.9,2025-26,355687,355687.0
drew timme,113055,2025,PF,24,BRK,9,2,28.2,5.0,11.3,0.441,1.0,3.9,0.257,4.0,7.4,0.537,0.485,1.1,1.8,0.625,1.9,5.3,7.2,2.2,0.4,0.1,1.7,2.3,12.1,2025-26,113055,113055.0
cole swider,227947,2025,SF,25,TOR,10,0,16.9,2.2,6.3,0.349,1.5,4.7,0.319,0.7,1.6,0.438,0.468,0.0,0.1,0.0,0.5,2.2,2.7,0.3,0.4,0.2,0.4,1.2,5.9,2025-26,227947,227947.0
marcus garrett,107027,2025,SG,26,CHO,4,0,19.8,2.8,6.8,0.407,0.8,2.0,0.375,2.0,4.8,0.421,0.463,0.8,1.0,0.75,0.3,1.3,1.5,3.3,0.8,0.5,1.5,2.5,7.0,2025-26,107027,107027.0
colin castleton,421081,2025,C,24,PHI,26,4,16.6,1.8,3.8,0.469,0.1,0.6,0.125,1.7,3.2,0.537,0.48,1.1,1.5,0.763,2.0,2.7,4.7,1.1,0.3,0.4,0.9,2.0,4.7,2025-26,421081,421081.0
a.j. lawson,100000,2025,SG,24,TOR,26,2,18.7,3.1,7.3,0.421,1.3,3.9,0.327,1.8,3.4,0.528,0.508,1.7,2.4,0.683,0.8,2.5,3.3,1.2,0.5,0.2,0.6,1.7,9.1,2025-26,100000,100000.0
phillip wheeler,66503,2025,PF,22,PHI,5,0,8.8,0.6,4.2,0.143,0.0,2.0,0.0,0.6,2.2,0.273,0.143,0.4,0.4,1.0,0.4,1.2,1.6,0.4,0.2,0.4,0.2,0.2,1.6,2025-26,66503,66503.0
yuri collins,66503,2025,PG,23,GSW,2,0,8.0,0.5,1.5,0.333,0.0,0.0,,0.5,1.5,0.333,0.333,0.0,0.0,,1.0,0.5,1.5,2.0,1.0,0.0,0.0,2.5,1.0,2025-26,66503,66503.0
nae'qwan tomlin,66503,2025,PF,24,CLE,5,1,12.6,2.6,6.4,0.406,0.4,2.0,0.2,2.2,4.4,0.5,0.438,1.6,2.2,0.727,1.8,2.4,4.2,0.4,0.0,0.2,0.4,1.8,7.2,2025-26,66503,66503.0
branden carlson,496519,2025,C,25,OKC,32,0,7.7,1.3,3.0,0.443,0.7,2.1,0.333,0.7,1.0,0.677,0.557,0.4,0.6,0.778,0.5,1.2,1.7,0.4,0.2,0.7,0.2,0.7,3.8,2025-26,496519,496519.0
terence davis,64301,2025,SG,27,SAC,1,0,8.0,0.0,2.0,0.0,0.0,1.0,0.0,0.0,1.0,0.0,0.0,0.0,0.0,,0.0,1.0,1.0,1.0,0.0,0.0,0.0,0.0,0.0,2025-26,64301,64301.0
marcus bagley,126356,2025,SF,23,PHI,10,4,25.3,2.7,6.9,0.391,0.5,3.2,0.156,2.2,3.7,0.595,0.428,0.8,1.0,0.8,2.3,4.7,7.0,1.0,0.9,1.2,0.7,1.6,6.7,2025-26,126356,126356.0
brandon williams,47989,2025,PG,25,DAL,33,3,14.8,3.0,5.7,0.521,0.7,1.8,0.4,2.2,3.9,0.578,0.585,1.7,2.0,0.833,0.4,1.4,1.8,2.3,0.7,0.2,1.2,1.0,8.3,2025-26,47989,47989.0
elfrid payton,789048,2025,PG,30,CHO,24,9,21.3,1.7,5.1,0.328,0.0,0.3,0.167,1.6,4.8,0.336,0.332,0.2,0.3,0.571,0.6,2.7,3.3,6.9,1.0,0.5,2.5,1.5,3.5,2025-26,789048,789048.0
isaiah mobley,11997,2025,PF,25,PHI,1,0,17.0,2.0,7.0,0.286,1.0,3.0,0.333,1.0,4.0,0.25,0.357,1.0,2.0,0.5,1.0,3.0,4.0,5.0,1.0,1.0,0.0,3.0,6.0,2025-26,11997,11997.0
braxton key,11997,2025,SF,27,GSW,3,0,3.7,0.0,1.3,0.0,0.0,0.3,0.0,0.0,1.0,0.0,0.0,1.0,2.0,0.5,0.3,0.3,0.7,0.0,0.7,0.0,0.3,0.0,1.0,2025-26,11997,11997.0
jd davison,11997,2025,PG,22,BOS,16,0,5.8,0.8,2.1,0.353,0.3,1.1,0.222,0.5,1.0,0.5,0.412,0.3,0.4,0.714,0.1,0.7,0.8,0.8,0.3,0.1,0.8,0.1,2.1,2025-26,11997,11997.0
kylor kelley,73153,2025,C,27,NOP,11,2,11.5,1.3,2.0,0.636,0.0,0.0,,1.3,2.0,0.636,0.636,0.5,0.9,0.6,1.1,2.5,3.5,0.5,0.1,0.3,0.4,1.4,3.1,2025-26,73153,73153.0
jaylen sims,73153,2025,SG,26,CHO,6,0,18.7,2.0,4.7,0.429,1.0,2.5,0.4,1.0,2.2,0.462,0.536,2.0,2.5,0.8,0.5,0.5,1.0,2.0,0.5,0.2,1.3,1.7,7.0,2025-26,73153,73153.0
