Season,Player,Tm,MP,WS/48,BPM,VORP
2014-15,A.J. Price,3TM,324.0,0.041,-1.4,0.0
2014-15,Aaron Brooks,CHI,1885.0,0.083,-0.8,0.5
2014-15,Aaron Gordon,ORL,797.0,0.06,-2.7,-0.2
2014-15,Adreian Payne,2TM,739.0,-0.033,-6.9,-0.9
2014-15,Al Horford,ATL,2318.0,0.179,4.1,3.6
2014-15,Al Jefferson,CHO,1992.0,0.113,1.6,1.8
2014-15,Al-Farouq Aminu,DAL,1366.0,0.115,0.7,1.0
2014-15,Alan Anderson,BRK,1744.0,0.075,-1.5,0.2
2014-15,Alec Burks,UTA,899.0,0.089,-1.7,0.1
2014-15,Alex Kirk,CLE,14.0,0.061,-6.0,0.0
2014-15,Alex Len,PHO,1518.0,0.107,-1.8,0.1
2014-15,Alexey Shved,3TM,767.0,0.135,2.9,0.9
2014-15,Alexis Ajinça,NOP,957.0,0.159,-0.3,0.4
2014-15,Allen Crabbe,POR,683.0,0.088,-0.8,0.2
2014-15,Alonzo Gee,2TM,662.0,0.086,-0.6,0.2
2014-15,Amar'e Stoudemire,2TM,1245.0,0.138,0.1,0.7
2014-15,Amir Johnson,TOR,1979.0,0.124,-0.1,0.9
2014-15,Anderson Varejão,CLE,636.0,0.145,0.6,0.4
2014-15,Andre Dawkins,MIA,22.0,-0.172,-12.8,-0.1
2014-15,Andre Drummond,DET,2502.0,0.147,-0.1,1.2
2014-15,Andre Iguodala,GSW,2069.0,0.117,0.9,1.5
2014-15,Andre Miller,2TM,1253.0,0.084,-2.1,0.0
2014-15,Andre Roberson,OKC,1286.0,0.079,-0.7,0.4
2014-15,Andrea Bargnani,NYK,785.0,0.058,-1.1,0.2
2014-15,Andrei Kirilenko,BRK,36.0,-0.058,-5.7,0.0
2014-15,Andrew Bogut,GSW,1583.0,0.159,2.4,1.8
2014-15,Andrew Nicholson,ORL,492.0,0.007,-4.9,-0.4
2014-15,Andrew Wiggins,MIN,2969.0,0.034,-2.4,-0.3
2014-15,Anthony Bennett,MIN,894.0,0.017,-3.9,-0.4
2014-15,Anthony Davis,NOP,2455.0,0.274,8.9,6.7
2014-15,Anthony Morrow,OKC,1806.0,0.151,1.8,1.7
2014-15,Anthony Tolliver,2TM,1432.0,0.092,-1.4,0.2
2014-15,Archie Goodwin,PHO,535.0,0.014,-3.4,-0.2
2014-15,Arinze Onuaku,MIN,68.0,0.197,1.4,0.1
2014-15,Aron Baynes,SAS,1122.0,0.166,-1.8,0.1
2014-15,Arron Afflalo,2TM,2502.0,0.05,-2.5,-0.3
2014-15,Austin Daye,2TM,344.0,-0.001,-4.2,-0.2
2014-15,Austin Rivers,2TM,1563.0,0.046,-2.8,-0.3
2014-15,Avery Bradley,BOS,2428.0,0.049,-2.2,-0.1
2014-15,Ben Gordon,ORL,790.0,0.015,-4.2,-0.4
2014-15,Ben McLemore,SAC,2670.0,0.045,-2.2,-0.2
2014-15,Beno Udrih,MEM,1494.0,0.115,0.5,0.9
2014-15,Bernard James,DAL,158.0,0.165,0.8,0.1
2014-15,Bismack Biyombo,CHO,1243.0,0.156,-1.1,0.3
2014-15,Blake Griffin,LAC,2356.0,0.183,4.0,3.6
2014-15,Bojan Bogdanović,BRK,1854.0,0.062,-1.7,0.1
2014-15,Boris Diaw,SAS,1984.0,0.088,-0.4,0.8
2014-15,Bradley Beal,WAS,2107.0,0.085,0.1,1.1
2014-15,Brandan Wright,3TM,1449.0,0.202,3.7,2.1
2014-15,Brandon Bass,BOS,1929.0,0.132,0.0,1.0
2014-15,Brandon Davies,2TM,423.0,0.028,-4.5,-0.3
2014-15,Brandon Jennings,DET,1173.0,0.136,3.3,1.6
2014-15,Brandon Knight,2TM,2035.0,0.106,1.6,1.9
2014-15,Brandon Rush,GSW,271.0,-0.056,-7.3,-0.4
2014-15,Brendan Haywood,CLE,119.0,0.008,-6.3,-0.1
2014-15,Brian Roberts,CHO,1330.0,0.064,-1.7,0.1
2014-15,Brook Lopez,BRK,2100.0,0.159,1.2,1.6
2014-15,Bruno Caboclo,TOR,23.0,-0.275,-18.2,-0.1
2014-15,Bryce Cotton,UTA,159.0,0.067,-2.2,0.0
2014-15,C.J. Miles,IND,1841.0,0.093,0.9,1.3
2014-15,C.J. Watson,IND,1422.0,0.135,1.3,1.2
2014-15,C.J. Wilcox,LAC,101.0,-0.024,-4.9,-0.1
2014-15,CJ McCollum,POR,973.0,0.089,-0.6,0.4
2014-15,Cameron Bairstow,CHI,64.0,-0.048,-9.0,-0.1
2014-15,Carl Landry,SAC,1192.0,0.112,-2.3,-0.1
2014-15,Carlos Boozer,LAL,1692.0,0.062,-1.7,0.1
2014-15,Carmelo Anthony,NYK,1428.0,0.097,3.0,1.8
2014-15,Caron Butler,DET,1623.0,0.07,-1.7,0.1
2014-15,Cartier Martin,DET,198.0,-0.053,-7.2,-0.3
2014-15,Chandler Parsons,DAL,2186.0,0.121,1.6,2.0
2014-15,Channing Frye,ORL,1870.0,0.053,-1.5,0.2
2014-15,Charlie Villanueva,DAL,678.0,0.096,1.5,0.6
2014-15,Chase Budinger,MIN,1286.0,0.049,-1.8,0.0
2014-15,Chris Andersen,MIA,1132.0,0.151,1.1,0.9
2014-15,Chris Bosh,MIA,1556.0,0.111,1.3,1.3
2014-15,Chris Copeland,IND,828.0,-0.008,-3.7,-0.4
2014-15,Chris Douglas-Roberts,LAC,103.0,0.02,-6.8,-0.1
2014-15,Chris Johnson,3TM,526.0,0.074,-1.7,0.0
2014-15,Chris Kaman,POR,1398.0,0.112,-0.8,0.4
2014-15,Chris Paul,LAC,2857.0,0.27,8.0,7.2
2014-15,Chuck Hayes,TOR,255.0,0.091,-1.0,0.1
2014-15,Cleanthony Early,NYK,647.0,-0.03,-5.2,-0.5
2014-15,Clint Capela,HOU,90.0,0.019,-5.4,-0.1
2014-15,Cody Zeller,CHO,1487.0,0.123,-0.6,0.5
2014-15,Cole Aldrich,NYK,976.0,0.107,0.3,0.6
2014-15,Corey Brewer,2TM,2087.0,0.071,-1.0,0.5
2014-15,Cory Jefferson,BRK,531.0,0.071,-3.0,-0.1
2014-15,Cory Joseph,SAS,1444.0,0.149,1.4,1.2
2014-15,Courtney Lee,MEM,2354.0,0.099,-0.5,0.9
2014-15,D.J. Augustin,2TM,1964.0,0.083,-1.2,0.4
2014-15,Dahntay Jones,LAC,123.0,0.013,-8.3,-0.2
2014-15,Damian Lillard,POR,2925.0,0.174,4.7,4.9
2014-15,Damjan Rudež,IND,1047.0,0.061,-2.3,-0.1
2014-15,Danilo Gallinari,DEN,1426.0,0.132,2.4,1.6
2014-15,Danny Granger,MIA,613.0,0.046,-3.9,-0.3
2014-15,Danny Green,SAS,2312.0,0.163,4.6,3.8
2014-15,Dante Cunningham,NOP,1652.0,0.047,-2.5,-0.2
2014-15,Dante Exum,UTA,1817.0,-0.003,-4.3,-1.1
2014-15,Darius Miller,NOP,43.0,-0.122,-11.3,-0.1
2014-15,Darius Morris,BRK,299.0,-0.068,-6.4,-0.3
2014-15,Darrell Arthur,DEN,988.0,0.042,-1.7,0.1
2014-15,Darren Collison,SAC,1565.0,0.116,2.1,1.6
2014-15,David Lee,GSW,904.0,0.168,0.9,0.7
2014-15,David Stockton,SAC,33.0,-0.014,-3.9,0.0
2014-15,David Wear,SAC,7.0,-0.11,-9.4,0.0
2014-15,David West,IND,1895.0,0.108,1.6,1.7
2014-15,DeAndre Jordan,LAC,2820.0,0.217,2.9,3.5
2014-15,DeJuan Blair,WAS,180.0,0.033,-8.4,-0.3
2014-15,DeMar DeRozan,TOR,2100.0,0.09,-0.9,0.6
2014-15,DeMarcus Cousins,SAC,2013.0,0.144,4.3,3.2
2014-15,DeMarre Carroll,ATL,2189.0,0.154,1.7,2.0
2014-15,Dennis Schröder,ATL,1516.0,0.08,-1.3,0.2
2014-15,Deron Williams,BRK,2114.0,0.083,0.2,1.2
2014-15,Derrick Favors,UTA,2280.0,0.175,2.5,2.6
2014-15,Derrick Rose,CHI,1530.0,0.038,-0.6,0.6
2014-15,Derrick Williams,SAC,1462.0,0.069,-2.0,0.0
2014-15,Devin Harris,DAL,1685.0,0.12,1.4,1.4
2014-15,Devyn Marble,ORL,208.0,-0.031,-4.8,-0.1
2014-15,Dewayne Dedmon,ORL,845.0,0.099,-3.5,-0.3
2014-15,Dion Waiters,2TM,2208.0,0.025,-3.3,-0.7
2014-15,Dirk Nowitzki,DAL,2282.0,0.152,2.2,2.4
2014-15,Donald Sloan,IND,1107.0,0.085,-0.1,0.5
2014-15,Donatas Motiejūnas,HOU,2037.0,0.11,-0.5,0.8
2014-15,Dorell Wright,POR,592.0,0.128,1.8,0.6
2014-15,Doug McDermott,CHI,321.0,-0.005,-6.0,-0.3
2014-15,Draymond Green,GSW,2490.0,0.163,3.5,3.5
2014-15,Drew Gooden,WAS,864.0,0.094,-1.4,0.1
2014-15,Drew Gordon,PHI,71.0,-0.093,-9.5,-0.1
2014-15,Dwight Buycks,LAL,123.0,0.027,-2.6,0.0
2014-15,Dwight Howard,HOU,1223.0,0.14,-0.4,0.5
2014-15,Dwight Powell,2TM,236.0,0.122,-1.0,0.1
2014-15,Dwyane Wade,MIA,1971.0,0.086,2.1,2.1
2014-15,E'Twaun Moore,CHI,504.0,0.08,-1.5,0.1
2014-15,Earl Barron,PHO,143.0,-0.011,-7.4,-0.2
2014-15,Earl Clark,BRK,93.0,-0.037,-6.5,-0.1
2014-15,Ed Davis,LAL,1840.0,0.164,1.5,1.6
2014-15,Ekpe Udoh,LAC,128.0,0.101,-1.2,0.0
2014-15,Elfrid Payton,ORL,2489.0,0.044,-1.2,0.5
2014-15,Elijah Millsap,UTA,924.0,0.02,-3.1,-0.3
2014-15,Elliot Williams,2TM,119.0,0.039,-2.8,0.0
2014-15,Elton Brand,ATL,486.0,0.07,-3.0,-0.1
2014-15,Enes Freedom,2TM,2135.0,0.145,-0.9,0.6
2014-15,Eric Bledsoe,PHO,2800.0,0.119,2.1,2.9
2014-15,Eric Gordon,NOP,2018.0,0.069,-1.0,0.5
2014-15,Eric Moreland,SAC,2.0,0.431,17.2,0.0
2014-15,Erick Green,DEN,410.0,0.0,-4.3,-0.2
2014-15,Ersan İlyasova,MIL,1319.0,0.146,1.1,1.0
2014-15,Evan Fournier,ORL,1661.0,0.059,-1.8,0.1
2014-15,Evan Turner,BOS,2260.0,0.054,-1.0,0.6
2014-15,Festus Ezeli,GSW,504.0,0.159,-1.8,0.0
2014-15,Francisco García,HOU,200.0,-0.044,-4.2,-0.1
2014-15,Furkan Aldemir,PHI,540.0,0.122,-3.6,-0.2
2014-15,Gal Mekel,NOP,43.0,-0.238,-11.3,-0.1
2014-15,Garrett Temple,WAS,735.0,0.1,0.6,0.5
2014-15,Gary Harris,DEN,719.0,-0.046,-5.3,-0.6
2014-15,Gary Neal,2TM,1193.0,0.023,-3.4,-0.5
2014-15,George Hill,IND,1267.0,0.203,5.3,2.3
2014-15,Gerald Green,PHO,1446.0,0.065,-0.3,0.6
2014-15,Gerald Henderson,CHO,2315.0,0.074,-1.4,0.4
2014-15,Gerald Wallace,BOS,286.0,0.014,-3.1,-0.1
2014-15,Giannis Antetokounmpo,MIL,2541.0,0.117,0.0,1.2
2014-15,Gigi Datome,2TM,209.0,0.095,1.2,0.2
2014-15,Glen Davis,LAC,904.0,0.072,-3.1,-0.3
2014-15,Glen Rice Jr.,WAS,43.0,-0.121,-15.9,-0.1
2014-15,Glenn Robinson III,2TM,261.0,0.012,-5.4,-0.2
2014-15,Goran Dragić,2TM,2640.0,0.123,0.8,1.8
2014-15,Gordon Hayward,UTA,2618.0,0.159,4.0,4.0
2014-15,Gorgui Dieng,MIN,2193.0,0.108,0.2,1.2
2014-15,Grant Jerrett,2TM,51.0,-0.128,-10.8,-0.1
2014-15,Greg Monroe,DET,2137.0,0.153,2.0,2.1
2014-15,Greg Smith,DAL,363.0,0.108,-2.6,-0.1
2014-15,Greg Stiemsma,TOR,66.0,0.05,-6.0,-0.1
2014-15,Greivis Vásquez,TOR,1991.0,0.066,-1.0,0.5
2014-15,Harrison Barnes,GSW,2318.0,0.139,0.1,1.2
2014-15,Hassan Whiteside,MIA,1142.0,0.221,4.1,1.8
2014-15,Hedo Türkoğlu,LAC,705.0,0.081,-0.2,0.3
2014-15,Henry Sims,PHI,1399.0,0.072,-2.8,-0.3
2014-15,Henry Walker,MIA,628.0,0.039,-2.0,0.0
2014-15,Hollis Thompson,PHI,1776.0,0.07,-1.8,0.1
2014-15,Ian Clark,2TM,192.0,0.05,-3.0,0.0
2014-15,Ian Mahinmi,IND,1146.0,0.09,-2.5,-0.1
2014-15,Iman Shumpert,2TM,1545.0,0.047,-0.9,0.4
2014-15,Isaiah Canaan,2TM,938.0,0.072,-0.8,0.3
2014-15,Isaiah Thomas,2TM,1726.0,0.169,3.2,2.3
2014-15,Ish Smith,2TM,832.0,-0.006,-2.5,-0.1
2014-15,J.J. Barea,DAL,1362.0,0.096,-0.3,0.6
2014-15,J.J. Hickson,DEN,1411.0,0.062,-2.7,-0.2
2014-15,J.R. Smith,2TM,2080.0,0.085,0.7,1.5
2014-15,JJ Redick,LAC,2409.0,0.134,1.3,2.0
2014-15,JaKarr Sampson,PHI,1131.0,0.025,-4.2,-0.6
2014-15,JaMychal Green,2TM,164.0,0.119,-1.3,0.0
2014-15,JaVale McGee,2TM,256.0,0.071,-2.8,-0.1
2014-15,Jabari Brown,LAL,568.0,0.033,-4.3,-0.3
2014-15,Jabari Parker,MIL,738.0,0.088,-0.5,0.3
2014-15,Jack Cooley,UTA,87.0,0.092,-5.7,-0.1
2014-15,Jae Crowder,2TM,1647.0,0.113,0.5,1.0
2014-15,Jamaal Franklin,DEN,13.0,-0.063,-5.6,0.0
2014-15,Jamal Crawford,LAC,1703.0,0.102,0.7,1.2
2014-15,Jameer Nelson,3TM,1407.0,0.047,-1.0,0.4
2014-15,James Ennis III,MIA,1051.0,0.088,-1.5,0.1
2014-15,James Harden,HOU,2981.0,0.265,8.8,8.1
2014-15,James Johnson,TOR,1370.0,0.143,2.4,1.5
2014-15,James Jones,CLE,669.0,0.11,-0.7,0.2
2014-15,James Michael McAdoo,GSW,137.0,0.177,-2.3,0.0
2014-15,James Young,BOS,332.0,0.047,-3.4,-0.1
2014-15,Jannero Pargo,CHO,73.0,0.113,1.8,0.1
2014-15,Jared Cunningham,LAC,89.0,-0.023,-8.1,-0.1
2014-15,Jared Dudley,MIL,1717.0,0.116,0.6,1.1
2014-15,Jared Sullinger,BOS,1566.0,0.123,1.1,1.2
2014-15,Jarnell Stokes,MEM,126.0,0.186,-1.1,0.0
2014-15,Jarrett Jack,BRK,2241.0,0.055,-1.1,0.5
2014-15,Jason Maxiell,CHO,878.0,0.074,-3.2,-0.3
2014-15,Jason Richardson,PHI,416.0,0.045,-1.3,0.1
2014-15,Jason Smith,NYK,1785.0,0.032,-3.8,-0.8
2014-15,Jason Terry,HOU,1641.0,0.104,0.5,1.0
2014-15,Jason Thompson,SAC,1991.0,0.057,-2.8,-0.4
2014-15,Jeff Adrien,MIN,215.0,0.087,-2.4,0.0
2014-15,Jeff Ayres,SAS,383.0,0.147,-2.2,0.0
2014-15,Jeff Green,2TM,2454.0,0.101,-0.2,1.2
2014-15,Jeff Taylor,CHO,430.0,0.034,-4.9,-0.3
2014-15,Jeff Teague,ATL,2228.0,0.166,2.9,2.8
2014-15,Jeff Withey,NOP,259.0,0.149,-0.5,0.1
2014-15,Jerami Grant,PHI,1377.0,0.019,-3.3,-0.5
2014-15,Jerel McNeal,PHO,36.0,-0.149,-9.1,-0.1
2014-15,Jeremy Evans,UTA,266.0,0.241,4.2,0.4
2014-15,Jeremy Lamb,OKC,633.0,0.123,1.6,0.6
2014-15,Jeremy Lin,LAL,1907.0,0.068,-0.4,0.8
2014-15,Jerome Jordan,BRK,383.0,0.156,-1.2,0.1
2014-15,Jerrelle Benimon,UTA,3.0,-0.215,-13.0,0.0
2014-15,Jerryd Bayless,MIL,1717.0,0.066,-2.1,0.0
2014-15,Jimmer Fredette,NOP,509.0,0.021,-4.7,-0.4
2014-15,Jimmy Butler,CHI,2513.0,0.214,4.6,4.2
2014-15,Joakim Noah,CHI,2049.0,0.13,2.1,2.1
2014-15,Jodie Meeks,DET,1462.0,0.103,-0.5,0.5
2014-15,Joe Harris,CLE,493.0,0.018,-5.6,-0.4
2014-15,Joe Ingles,UTA,1673.0,0.062,-1.2,0.3
2014-15,Joe Johnson,BRK,2791.0,0.07,-0.1,1.3
2014-15,Joel Anthony,DET,406.0,0.142,0.2,0.2
2014-15,Joel Freeland,POR,617.0,0.122,-2.6,-0.1
2014-15,Joey Dorsey,HOU,854.0,0.108,-3.1,-0.2
2014-15,Joffrey Lauvergne,DEN,268.0,0.012,-5.6,-0.2
2014-15,John Henson,MIL,1228.0,0.142,0.7,0.8
2014-15,John Jenkins,ATL,297.0,0.147,0.3,0.2
2014-15,John Lucas III,DET,272.0,0.058,-2.2,0.0
2014-15,John Salmons,NOP,270.0,0.017,-3.3,-0.1
2014-15,John Wall,WAS,2837.0,0.132,3.6,4.0
2014-15,Johnny O'Bryant,MIL,368.0,-0.063,-9.5,-0.7
2014-15,Jon Leuer,MEM,824.0,0.078,-2.8,-0.1
2014-15,Jonas Jerebko,2TM,1230.0,0.135,0.9,0.9
2014-15,Jonas Valančiūnas,TOR,2096.0,0.189,0.5,1.3
2014-15,Jordan Adams,MEM,248.0,0.073,1.4,0.2
2014-15,Jordan Clarkson,LAL,1476.0,0.078,0.2,0.8
2014-15,Jordan Farmar,LAC,529.0,0.053,-1.4,0.1
2014-15,Jordan Hamilton,LAC,122.0,0.059,-2.4,0.0
2014-15,Jordan Hill,LAL,1874.0,0.055,-2.2,-0.1
2014-15,Jorge Gutiérrez,2TM,175.0,0.088,-3.5,-0.1
2014-15,Josh McRoberts,MIA,296.0,0.07,-2.8,-0.1
2014-15,Josh Smith,2TM,2300.0,0.048,0.7,1.6
2014-15,José Calderón,NYK,1270.0,0.033,-3.0,-0.3
2014-15,Jrue Holiday,NOP,1303.0,0.124,2.8,1.6
2014-15,Julius Randle,LAL,14.0,-0.276,-15.1,0.0
2014-15,Justin Hamilton,2TM,712.0,0.102,-0.8,0.2
2014-15,Justin Holiday,GSW,657.0,0.092,-1.4,0.1
2014-15,Jusuf Nurkić,DEN,1103.0,0.069,-2.8,-0.2
2014-15,K.J. McDaniels,2TM,1352.0,0.02,-2.8,-0.3
2014-15,Kalin Lucas,MEM,6.0,-0.057,-4.7,0.0
2014-15,Kawhi Leonard,SAS,2033.0,0.204,5.9,4.1
2014-15,Kelly Olynyk,BOS,1423.0,0.12,0.4,0.8
2014-15,Kemba Walker,CHO,2119.0,0.101,2.3,2.3
2014-15,Kendall Marshall,MIL,417.0,0.088,-0.8,0.1
2014-15,Kendrick Perkins,2TM,1148.0,0.006,-5.4,-1.0
2014-15,Kenneth Faried,DEN,2086.0,0.13,-0.1,1.0
2014-15,Kent Bazemore,ATL,1324.0,0.057,-2.1,0.0
2014-15,Kentavious Caldwell-Pope,DET,2587.0,0.052,-1.7,0.2
2014-15,Kenyon Martin,MIL,104.0,0.086,-2.2,0.0
2014-15,Kevin Durant,OKC,913.0,0.252,10.0,2.8
2014-15,Kevin Garnett,2TM,952.0,0.096,0.7,0.7
2014-15,Kevin Love,CLE,2532.0,0.165,2.7,3.0
2014-15,Kevin Martin,MIN,1302.0,0.069,-0.7,0.4
2014-15,Kevin Séraphin,WAS,1235.0,0.066,-3.8,-0.6
2014-15,Khris Middleton,MIL,2378.0,0.135,1.6,2.2
2014-15,Kirk Hinrich,CHI,1610.0,0.03,-3.8,-0.7
2014-15,Klay Thompson,GSW,2455.0,0.172,4.4,4.0
2014-15,Kobe Bryant,LAL,1207.0,0.006,0.3,0.7
2014-15,Kosta Koufos,MEM,1348.0,0.118,-1.2,0.2
2014-15,Kostas Papanikolaou,HOU,795.0,0.029,-2.0,0.0
2014-15,Kris Humphries,WAS,1345.0,0.134,-1.0,0.3
2014-15,Kyle Anderson,SAS,358.0,0.044,-1.4,0.1
2014-15,Kyle Korver,ATL,2418.0,0.148,2.8,3.0
2014-15,Kyle Lowry,TOR,2414.0,0.141,3.0,3.1
2014-15,Kyle O'Quinn,ORL,824.0,0.091,-0.3,0.4
2014-15,Kyle Singler,2TM,1743.0,0.056,-2.1,0.0
2014-15,Kyrie Irving,CLE,2730.0,0.183,4.1,4.2
2014-15,LaMarcus Aldridge,POR,2512.0,0.165,2.9,3.1
2014-15,Lance Stephenson,CHO,1573.0,-0.026,-4.5,-1.0
2014-15,Lance Thomas,2TM,1490.0,-0.014,-5.6,-1.3
2014-15,Landry Fields,TOR,216.0,0.072,-0.1,0.1
2014-15,Langston Galloway,NYK,1457.0,0.043,-2.3,-0.1
2014-15,Larry Drew II,PHI,219.0,-0.087,-9.9,-0.4
2014-15,Larry Sanders,MIL,586.0,0.132,-1.0,0.2
2014-15,Lavoy Allen,IND,1070.0,0.127,0.0,0.6
2014-15,LeBron James,CLE,2493.0,0.199,7.1,5.7
2014-15,League Average,nan,,,,
2014-15,Leandro Barbosa,GSW,982.0,0.137,0.3,0.6
2014-15,Lester Hudson,LAC,56.0,0.141,4.1,0.1
2014-15,Lorenzo Brown,MIN,549.0,0.025,-2.5,-0.1
2014-15,Lou Amundson,2TM,937.0,0.017,-4.3,-0.5
2014-15,Lou Williams,TOR,2016.0,0.157,2.6,2.3
2014-15,Luc Mbah a Moute,PHI,1916.0,0.027,-2.8,-0.4
2014-15,Lucas Nogueira,TOR,23.0,-0.071,-10.5,0.0
2014-15,Luis Scola,IND,1659.0,0.126,-0.3,0.7
2014-15,Luke Babbitt,NOP,830.0,0.092,-0.4,0.3
2014-15,Luke Ridnour,ORL,683.0,0.042,-3.3,-0.2
2014-15,Luol Deng,MIA,2421.0,0.106,0.0,1.2
2014-15,Malcolm Lee,PHI,2.0,-0.527,-27.6,0.0
2014-15,Malcolm Thomas,PHI,194.0,0.023,-7.0,-0.2
2014-15,Manu Ginóbili,SAS,1587.0,0.111,1.7,1.5
2014-15,Marc Gasol,MEM,2687.0,0.182,5.1,4.8
2014-15,Marcin Gortat,WAS,2453.0,0.168,1.5,2.1
2014-15,Marco Belinelli,SAS,1388.0,0.1,-1.0,0.4
2014-15,Marcus Morris,PHO,2045.0,0.093,0.1,1.1
2014-15,Marcus Smart,BOS,1808.0,0.077,-0.5,0.7
2014-15,Marcus Thornton,2TM,721.0,0.083,1.2,0.6
2014-15,Mario Chalmers,MIA,2368.0,0.056,-2.5,-0.3
2014-15,Markel Brown,BRK,781.0,0.031,-2.6,-0.1
2014-15,Markieff Morris,PHO,2581.0,0.085,-0.3,1.1
2014-15,Marreese Speights,GSW,1207.0,0.158,-1.9,0.0
2014-15,Martell Webster,WAS,352.0,0.0,-5.6,-0.3
2014-15,Marvin Williams,CHO,2035.0,0.102,0.0,1.0
2014-15,Mason Plumlee,BRK,1743.0,0.131,0.1,0.9
2014-15,Matt Barnes,LAC,2271.0,0.091,-0.3,1.0
2014-15,Matt Bonner,SAS,935.0,0.11,-0.7,0.3
2014-15,Matthew Dellavedova,CLE,1380.0,0.067,-2.8,-0.3
2014-15,Maurice Harkless,ORL,674.0,0.021,-3.6,-0.3
2014-15,Meyers Leonard,POR,847.0,0.158,0.6,0.6
2014-15,Michael Beasley,MIA,505.0,-0.007,-4.5,-0.3
2014-15,Michael Carter-Williams,2TM,2149.0,0.017,-1.1,0.5
2014-15,Michael Kidd-Gilchrist,CHO,1587.0,0.114,-0.5,0.6
2014-15,Mike Conley,MEM,2225.0,0.147,2.8,2.7
2014-15,Mike Dunleavy,CHI,1838.0,0.108,0.0,0.9
2014-15,Mike Miller,CLE,701.0,0.028,-3.4,-0.2
2014-15,Mike Muscala,ATL,502.0,0.179,0.1,0.3
2014-15,Mike Scott,ATL,1123.0,0.115,-0.5,0.4
2014-15,Miles Plumlee,2TM,1194.0,0.103,-0.6,0.4
2014-15,Miroslav Raduljica,MIN,23.0,-0.057,-15.0,-0.1
2014-15,Mirza Teletović,BRK,892.0,0.026,-1.7,0.1
2014-15,Mitch McGary,OKC,485.0,0.127,-1.9,0.0
2014-15,Mo Williams,2TM,1980.0,0.052,-0.8,0.6
2014-15,Monta Ellis,DAL,2699.0,0.065,-0.1,1.3
2014-15,Nate Robinson,2TM,591.0,0.021,-3.0,-0.1
2014-15,Nate Wolters,2TM,247.0,-0.036,-5.8,-0.2
2014-15,Nazr Mohammed,CHI,128.0,0.04,-4.5,-0.1
2014-15,Nenê,WAS,1693.0,0.086,-0.8,0.5
2014-15,Nerlens Noel,PHI,2311.0,0.083,-0.3,1.0
2014-15,Nick Calathes,MEM,838.0,0.065,0.0,0.4
2014-15,Nick Collison,OKC,1101.0,0.097,-1.0,0.3
2014-15,Nick Johnson,HOU,262.0,-0.02,-6.5,-0.3
2014-15,Nick Young,LAL,1000.0,0.058,-1.3,0.2
2014-15,Nicolas Batum,POR,2380.0,0.105,2.1,2.4
2014-15,Nik Stauskas,SAC,1127.0,0.021,-3.3,-0.4
2014-15,Nikola Mirotić,CHI,1654.0,0.165,2.3,1.8
2014-15,Nikola Peković,MIN,815.0,0.069,-2.0,0.0
2014-15,Nikola Vučević,ORL,2529.0,0.133,0.9,1.8
2014-15,Noah Vonleh,CHO,259.0,0.085,-3.1,-0.1
2014-15,Norris Cole,2TM,1831.0,0.036,-2.8,-0.4
2014-15,O.J. Mayo,MIL,1697.0,0.079,-0.6,0.6
2014-15,Ognjen Kuzmić,GSW,72.0,0.171,-1.4,0.0
2014-15,Omri Casspi,SAC,1416.0,0.091,-0.8,0.4
2014-15,Otto Porter Jr.,WAS,1432.0,0.092,-0.5,0.6
2014-15,P.J. Hairston,CHO,687.0,0.022,-2.9,-0.1
2014-15,P.J. Tucker,PHO,2383.0,0.098,0.4,1.4
2014-15,Pablo Prigioni,2TM,1197.0,0.092,0.0,0.6
2014-15,Patrick Beverley,HOU,1727.0,0.096,0.1,0.9
2014-15,Patrick Christopher,UTA,29.0,-0.15,-15.0,-0.1
2014-15,Patrick Patterson,TOR,2156.0,0.137,2.5,2.4
2014-15,Patty Mills,SAS,801.0,0.087,-0.3,0.4
2014-15,Pau Gasol,CHI,2681.0,0.187,3.5,3.7
2014-15,Paul George,IND,91.0,-0.008,-2.2,0.0
2014-15,Paul Millsap,ATL,2390.0,0.166,3.4,3.3
2014-15,Paul Pierce,WAS,1914.0,0.138,1.5,1.7
2014-15,Pero Antić,ATL,1037.0,0.07,-4.1,-0.6
2014-15,Perry Jones,OKC,631.0,0.015,-4.4,-0.4
2014-15,Phil Pressey,BOS,600.0,0.06,-1.2,0.1
2014-15,Quincy Acy,NYK,1287.0,0.063,-3.1,-0.3
2014-15,Quincy Miller,2TM,119.0,-0.03,-3.8,-0.1
2014-15,Quincy Pondexter,2TM,1793.0,0.078,-2.1,0.0
2014-15,Rajon Rondo,2TM,2018.0,0.037,-0.8,0.6
2014-15,Ramon Sessions,2TM,1188.0,0.044,-2.7,-0.2
2014-15,Randy Foye,DEN,1087.0,0.045,-1.2,0.2
2014-15,Rasual Butler,WAS,1505.0,0.084,-0.8,0.4
2014-15,Ray McCallum,SAC,1436.0,0.045,-2.0,0.0
2014-15,Raymond Felton,DAL,281.0,0.039,-1.4,0.0
2014-15,Reggie Bullock,2TM,338.0,0.019,-3.2,-0.1
2014-15,Reggie Evans,SAC,764.0,0.074,-2.4,-0.1
2014-15,Reggie Jackson,2TM,2268.0,0.104,1.1,1.8
2014-15,Reggie Williams,SAS,105.0,0.083,-3.0,0.0
2014-15,Richard Jefferson,DAL,1244.0,0.088,-0.8,0.4
2014-15,Ricky Ledo,2TM,244.0,-0.112,-8.1,-0.4
2014-15,Ricky Rubio,MIN,692.0,0.033,-0.1,0.3
2014-15,Robbie Hummel,MIN,742.0,0.05,-4.1,-0.4
2014-15,Robert Covington,PHI,1956.0,0.097,0.7,1.3
2014-15,Robert Sacre,LAL,1133.0,0.035,-3.5,-0.4
2014-15,Robin Lopez,POR,1638.0,0.15,0.1,0.9
2014-15,Rodney Hood,UTA,1064.0,0.098,-0.7,0.3
2014-15,Rodney Stuckey,IND,1874.0,0.103,0.3,1.1
2014-15,Ronnie Price,LAL,982.0,0.036,-2.6,-0.1
2014-15,Ronny Turiaf,MIN,19.0,0.009,-3.2,0.0
2014-15,Roy Hibbert,IND,1926.0,0.105,-1.2,0.4
2014-15,Rudy Gay,SAC,2408.0,0.122,2.7,2.9
2014-15,Rudy Gobert,UTA,2158.0,0.206,4.2,3.4
2014-15,Russ Smith,2TM,65.0,-0.094,-8.8,-0.1
2014-15,Russell Westbrook,OKC,2302.0,0.222,8.1,5.8
2014-15,Ryan Anderson,NOP,1675.0,0.1,-0.3,0.7
2014-15,Ryan Hollins,SAC,441.0,0.104,-2.3,0.0
2014-15,Ryan Kelly,LAL,1233.0,0.027,-3.3,-0.4
2014-15,Samuel Dalembert,NYK,544.0,0.023,-3.1,-0.1
2014-15,Sean Kilpatrick,MIN,72.0,0.033,-2.2,0.0
2014-15,Sebastian Telfair,OKC,327.0,0.063,-1.4,0.1
2014-15,Serge Ibaka,OKC,2116.0,0.127,0.9,1.6
2014-15,Sergey Karasev,BRK,555.0,0.061,-1.7,0.0
2014-15,Seth Curry,PHO,8.0,-0.298,-23.1,0.0
2014-15,Shabazz Muhammad,MIN,866.0,0.11,0.7,0.6
2014-15,Shabazz Napier,MIA,1012.0,0.024,-3.2,-0.3
2014-15,Shane Larkin,NYK,1865.0,0.045,-2.8,-0.4
2014-15,Shannon Brown,MIA,89.0,-0.016,-6.8,-0.1
2014-15,Shaun Livingston,GSW,1468.0,0.107,-0.8,0.4
2014-15,Shavlik Randolph,2TM,126.0,-0.004,-5.7,-0.1
2014-15,Shawn Marion,CLE,1101.0,0.074,-1.0,0.3
2014-15,Shawne Williams,2TM,1087.0,0.084,-2.0,0.0
2014-15,Shayne Whittington,IND,108.0,0.2,0.4,0.1
2014-15,Shelvin Mack,ATL,833.0,0.075,-1.7,0.1
2014-15,Sim Bhullar,SAC,3.0,0.389,32.5,0.0
2014-15,Solomon Hill,IND,2381.0,0.072,-1.5,0.3
2014-15,Spencer Dinwiddie,DET,455.0,0.009,-2.8,-0.1
2014-15,Spencer Hawes,LAC,1274.0,0.044,-2.3,-0.1
2014-15,Stephen Curry,GSW,2613.0,0.288,9.9,7.9
2014-15,Steve Blake,POR,1529.0,0.066,-1.8,0.1
2014-15,Steve Novak,2TM,197.0,0.075,-1.9,0.0
2014-15,Steven Adams,OKC,1771.0,0.111,-1.3,0.3
2014-15,T.J. Warren,PHO,614.0,0.085,-0.9,0.2
2014-15,Taj Gibson,CHI,1692.0,0.137,-0.4,0.7
2014-15,Tarik Black,2TM,1196.0,0.124,-2.1,0.0
2014-15,Tayshaun Prince,3TM,1397.0,0.086,-0.6,0.5
2014-15,Terrence Jones,HOU,889.0,0.16,1.2,0.7
2014-15,Terrence Ross,TOR,2092.0,0.054,-1.4,0.3
2014-15,Thabo Sefolosha,ATL,976.0,0.121,1.0,0.8
2014-15,Thaddeus Young,2TM,2434.0,0.061,-0.1,1.1
2014-15,Thomas Robinson,2TM,798.0,0.089,-2.0,0.0
2014-15,Tiago Splitter,SAS,1030.0,0.189,2.3,1.1
2014-15,Tim Duncan,SAS,2227.0,0.207,5.1,4.0
2014-15,Tim Frazier,2TM,239.0,-0.017,-5.2,-0.2
2014-15,Tim Hardaway Jr.,NYK,1681.0,0.023,-2.8,-0.3
2014-15,Timofey Mozgov,2TM,2045.0,0.133,-0.7,0.7
2014-15,Tobias Harris,ORL,2369.0,0.098,0.5,1.5
2014-15,Toney Douglas,NOP,177.0,0.046,-1.7,0.0
2014-15,Tony Allen,MEM,1648.0,0.119,1.6,1.5
2014-15,Tony Parker,SAS,1953.0,0.1,-1.3,0.3
2014-15,Tony Snell,CHI,1412.0,0.082,-1.4,0.2
2014-15,Tony Wroten,PHI,895.0,0.014,-1.2,0.2
2014-15,Toure' Murry,2TM,18.0,-0.171,-11.9,0.0
2014-15,Travis Wear,NYK,672.0,-0.02,-5.5,-0.6
2014-15,Trevor Ariza,HOU,2930.0,0.108,1.0,2.2
2014-15,Trevor Booker,UTA,1564.0,0.11,-0.2,0.7
2014-15,Trey Burke,UTA,2288.0,0.05,-1.4,0.3
2014-15,Tristan Thompson,CLE,2194.0,0.148,-1.2,0.4
2014-15,Troy Daniels,3TM,397.0,0.022,-3.2,-0.1
2014-15,Ty Lawson,DEN,2665.0,0.126,2.2,2.8
2014-15,Tyler Ennis,2TM,411.0,-0.04,-4.3,-0.2
2014-15,Tyler Hansbrough,TOR,1058.0,0.156,-1.3,0.2
2014-15,Tyler Johnson,MIA,603.0,0.06,-0.9,0.2
2014-15,Tyler Zeller,BOS,1731.0,0.179,0.9,1.3
2014-15,Tyreke Evans,NOP,2690.0,0.082,1.2,2.2
2014-15,Tyrus Thomas,MEM,7.0,0.477,18.5,0.0
2014-15,Tyson Chandler,DAL,2286.0,0.216,2.6,2.7
2014-15,Udonis Haslem,MIA,995.0,0.066,-3.7,-0.4
2014-15,Vander Blue,LAL,74.0,-0.156,-9.8,-0.1
2014-15,Victor Claver,POR,76.0,0.086,-3.2,0.0
2014-15,Victor Oladipo,ORL,2573.0,0.065,-0.4,1.1
2014-15,Vince Carter,MEM,1091.0,0.043,-1.7,0.1
2014-15,Wayne Ellington,LAL,1675.0,0.034,-2.3,-0.1
2014-15,Wesley Johnson,LAL,2245.0,0.037,-1.9,0.1
2014-15,Wesley Matthews,POR,2024.0,0.147,3.1,2.6
2014-15,Will Barton,2TM,983.0,0.063,-0.2,0.4
2014-15,Will Bynum,WAS,67.0,-0.132,-13.0,-0.2
2014-15,Will Cherry,CLE,69.0,-0.021,-6.0,-0.1
2014-15,Willie Green,ORL,951.0,-0.003,-4.2,-0.5
2014-15,Wilson Chandler,DEN,2471.0,0.071,-0.6,0.9
2014-15,Xavier Henry,LAL,86.0,-0.03,-7.2,-0.1
2014-15,Zach LaVine,MIN,1902.0,-0.018,-4.6,-1.3
2014-15,Zach Randolph,MEM,2304.0,0.149,1.3,1.9
2014-15,Zaza Pachulia,MIL,1730.0,0.116,0.4,1.0
2014-15,Zoran Dragić,2TM,75.0,-0.042,-7.7,-0.1
2014-15,Ömer Aşık,NOP,1982.0,0.12,-1.2,0.4
2015-16,Aaron Brooks,CHI,1108.0,0.04,-2.6,-0.2
2015-16,Aaron Gordon,ORL,1863.0,0.139,1.0,1.4
2015-16,Aaron Harrison,CHO,93.0,-0.014,-6.3,-0.1
2015-16,Adreian Payne,MIN,486.0,-0.047,-6.2,-0.5
2015-16,Al Horford,ATL,2631.0,0.172,3.8,3.9
2015-16,Al Jefferson,CHO,1096.0,0.122,-0.5,0.4
2015-16,Al-Farouq Aminu,POR,2341.0,0.082,0.1,1.2
2015-16,Alan Anderson,WAS,192.0,0.078,-2.3,0.0
2015-16,Alan Williams,PHO,68.0,0.146,-0.2,0.0
2015-16,Alec Burks,UTA,797.0,0.09,-0.4,0.3
2015-16,Alex Len,PHO,1821.0,0.035,-4.3,-1.0
2015-16,Alex Stepheson,2TM,73.0,0.068,-2.4,0.0
2015-16,Alexis Ajinça,NOP,861.0,0.058,-4.0,-0.4
2015-16,Allen Crabbe,POR,2105.0,0.098,-1.0,0.5
2015-16,Alonzo Gee,NOP,1632.0,0.056,-2.6,-0.2
2015-16,Amar'e Stoudemire,MIA,762.0,0.15,-0.6,0.3
2015-16,Amir Johnson,BOS,1800.0,0.158,1.2,1.4
2015-16,Anderson Varejão,2TM,496.0,0.101,-2.9,-0.1
2015-16,Andre Drummond,DET,2666.0,0.133,1.1,2.0
2015-16,Andre Iguodala,GSW,1732.0,0.122,1.1,1.4
2015-16,Andre Miller,2TM,461.0,0.1,-1.9,0.0
2015-16,Andre Roberson,OKC,1553.0,0.105,0.5,1.0
2015-16,Andrea Bargnani,BRK,634.0,0.013,-5.1,-0.5
2015-16,Andrew Bogut,GSW,1451.0,0.18,2.4,1.6
2015-16,Andrew Goudelock,HOU,50.0,-0.033,-3.6,0.0
2015-16,Andrew Nicholson,ORL,823.0,0.092,-1.1,0.2
2015-16,Andrew Wiggins,MIN,2845.0,0.069,-1.3,0.5
2015-16,Anthony Bennett,TOR,84.0,0.054,-3.9,0.0
2015-16,Anthony Brown,LAL,599.0,-0.024,-5.5,-0.5
2015-16,Anthony Davis,NOP,2164.0,0.16,3.9,3.2
2015-16,Anthony Morrow,OKC,926.0,0.097,-1.1,0.2
2015-16,Anthony Tolliver,DET,1341.0,0.1,0.4,0.8
2015-16,Archie Goodwin,PHO,1114.0,0.004,-3.7,-0.5
2015-16,Aron Baynes,DET,1233.0,0.158,-0.2,0.6
2015-16,Arron Afflalo,NYK,2371.0,0.055,-2.9,-0.5
2015-16,Austin Rivers,LAC,1464.0,0.063,-2.7,-0.2
2015-16,Avery Bradley,BOS,2536.0,0.09,-0.1,1.2
2015-16,Axel Toupane,DEN,305.0,0.049,-4.7,-0.2
2015-16,Ben McLemore,SAC,1443.0,0.01,-3.8,-0.7
2015-16,Beno Udrih,2TM,707.0,0.029,-3.6,-0.3
2015-16,Bismack Biyombo,TOR,1808.0,0.156,-0.2,0.8
2015-16,Blake Griffin,LAC,1170.0,0.156,4.5,1.9
2015-16,Boban Marjanović,SAS,508.0,0.325,4.3,0.8
2015-16,Bobby Portis,CHI,1102.0,0.066,-3.3,-0.4
2015-16,Bojan Bogdanović,BRK,2115.0,0.021,-3.5,-0.8
2015-16,Boris Diaw,SAS,1386.0,0.132,0.8,1.0
2015-16,Bradley Beal,WAS,1708.0,0.076,0.3,1.0
2015-16,Brandan Wright,MEM,212.0,0.147,0.7,0.1
2015-16,Branden Dawson,LAC,29.0,0.069,-5.7,0.0
2015-16,Brandon Bass,LAL,1342.0,0.146,0.6,0.9
2015-16,Brandon Jennings,2TM,868.0,0.082,-0.4,0.3
2015-16,Brandon Knight,PHO,1870.0,0.043,-0.6,0.6
2015-16,Brandon Rush,GSW,1055.0,0.09,-0.8,0.3
2015-16,Brian Roberts,2TM,470.0,0.105,-1.6,0.0
2015-16,Briante Weber,2TM,169.0,0.004,-3.7,-0.1
2015-16,Brook Lopez,BRK,2457.0,0.121,1.3,2.1
2015-16,Bruno Caboclo,TOR,43.0,-0.283,-17.6,-0.2
2015-16,Bryce Cotton,2TM,39.0,-0.168,-8.8,-0.1
2015-16,Bryce Dejean-Jones,NOP,279.0,0.033,-2.5,0.0
2015-16,C.J. Miles,IND,1464.0,0.103,0.5,0.9
2015-16,C.J. Watson,ORL,656.0,0.047,-3.0,-0.2
2015-16,C.J. Wilcox,LAC,167.0,0.089,-1.5,0.0
2015-16,CJ McCollum,POR,2780.0,0.104,1.3,2.3
2015-16,Cameron Bairstow,CHI,103.0,-0.004,-7.5,-0.1
2015-16,Cameron Payne,OKC,698.0,0.093,-0.7,0.2
2015-16,Carl Landry,PHI,569.0,0.176,1.2,0.5
2015-16,Carmelo Anthony,NYK,2530.0,0.121,3.3,3.4
2015-16,Caron Butler,SAC,176.0,0.071,-1.8,0.0
2015-16,Chandler Parsons,DAL,1799.0,0.114,2.0,1.8
2015-16,Channing Frye,2TM,1200.0,0.119,0.8,0.8
2015-16,Charlie Villanueva,DAL,665.0,0.016,-2.7,-0.1
2015-16,Chase Budinger,2TM,929.0,0.073,-1.3,0.2
2015-16,Chris Andersen,2TM,402.0,0.149,0.7,0.3
2015-16,Chris Bosh,MIA,1778.0,0.172,4.0,2.7
2015-16,Chris Copeland,MIL,156.0,-0.017,-6.4,-0.2
2015-16,Chris Johnson,UTA,857.0,0.059,-2.0,0.0
2015-16,Chris Kaman,POR,112.0,0.037,-3.6,0.0
2015-16,Chris McCullough,BRK,362.0,0.043,-2.4,0.0
2015-16,Chris Paul,LAC,2420.0,0.253,7.9,6.0
2015-16,Christian Wood,PHI,145.0,0.097,-0.2,0.1
2015-16,Chuck Hayes,HOU,24.0,-0.016,-8.1,0.0
2015-16,Cleanthony Early,NYK,154.0,-0.075,-8.6,-0.3
2015-16,Cliff Alexander,POR,36.0,0.052,0.0,0.0
2015-16,Clint Capela,HOU,1471.0,0.144,-0.4,0.6
2015-16,Cody Zeller,CHO,1774.0,0.169,-0.1,0.9
2015-16,Cole Aldrich,LAC,800.0,0.209,2.4,0.9
2015-16,Corey Brewer,HOU,1669.0,0.035,-2.9,-0.4
2015-16,Cory Jefferson,PHO,50.0,0.07,-6.4,-0.1
2015-16,Cory Joseph,TOR,2046.0,0.082,-1.2,0.4
2015-16,Coty Clarke,BOS,6.0,0.025,16.5,0.0
2015-16,Courtney Lee,2TM,2334.0,0.08,-1.0,0.6
2015-16,Cristiano Felício,CHI,321.0,0.175,0.3,0.2
2015-16,D'Angelo Russell,LAL,2259.0,0.001,-2.3,-0.1
2015-16,D.J. Augustin,2TM,1178.0,0.106,-0.4,0.4
2015-16,Dahntay Jones,CLE,42.0,0.096,-3.0,0.0
2015-16,Damian Lillard,POR,2676.0,0.165,4.4,4.3
2015-16,Damien Inglis,MIL,156.0,-0.024,-5.6,-0.1
2015-16,Damjan Rudež,MIN,277.0,0.009,-4.8,-0.2
2015-16,Danilo Gallinari,DEN,1839.0,0.165,2.7,2.2
2015-16,Danny Green,SAS,2062.0,0.099,1.1,1.6
2015-16,Dante Cunningham,NOP,1971.0,0.052,-2.8,-0.4
2015-16,Darrell Arthur,DEN,1516.0,0.072,-0.8,0.4
2015-16,Darren Collison,SAC,2219.0,0.113,0.1,1.2
2015-16,Darrun Hilliard,DET,383.0,0.066,-2.5,0.0
2015-16,David Lee,2TM,903.0,0.161,1.3,0.7
2015-16,David West,SAS,1404.0,0.184,2.9,1.7
2015-16,DeAndre Jordan,LAC,2598.0,0.213,2.8,3.2
2015-16,DeJuan Blair,WAS,218.0,-0.015,-8.9,-0.4
2015-16,DeMar DeRozan,TOR,2804.0,0.169,2.5,3.2
2015-16,DeMarcus Cousins,SAC,2246.0,0.122,3.3,3.0
2015-16,DeMarre Carroll,TOR,786.0,0.074,0.3,0.5
2015-16,Delon Wright,TOR,229.0,0.124,0.9,0.2
2015-16,Dennis Schröder,ATL,1621.0,0.064,-0.8,0.5
2015-16,Deron Williams,DAL,2106.0,0.083,-0.3,0.9
2015-16,Derrick Favors,UTA,1983.0,0.173,3.3,2.6
2015-16,Derrick Rose,CHI,2097.0,0.009,-2.5,-0.3
2015-16,Derrick Williams,NYK,1435.0,0.12,0.3,0.8
2015-16,Devin Booker,PHO,2108.0,0.043,-2.8,-0.5
2015-16,Devin Harris,DAL,1280.0,0.095,0.1,0.7
2015-16,Devyn Marble,ORL,249.0,-0.026,-6.2,-0.3
2015-16,Dewayne Dedmon,ORL,705.0,0.162,-0.9,0.2
2015-16,Dion Waiters,OKC,2152.0,0.046,-2.8,-0.4
2015-16,Dirk Nowitzki,DAL,2364.0,0.138,2.5,2.7
2015-16,Donald Sloan,BRK,1318.0,0.071,-1.7,0.1
2015-16,Donatas Motiejūnas,HOU,547.0,0.027,-4.5,-0.3
2015-16,Doug McDermott,CHI,1861.0,0.073,-2.9,-0.4
2015-16,Draymond Green,GSW,2808.0,0.19,5.5,5.3
2015-16,Drew Gooden,WAS,305.0,-0.005,-6.3,-0.3
2015-16,Duje Dukan,SAC,24.0,-0.057,-7.0,0.0
2015-16,Dwight Howard,HOU,2280.0,0.138,0.1,1.2
2015-16,Dwight Powell,DAL,992.0,0.151,0.1,0.5
2015-16,Dwyane Wade,MIA,2258.0,0.105,1.9,2.2
2015-16,E'Twaun Moore,CHI,1263.0,0.07,-1.9,0.0
2015-16,Ed Davis,POR,1684.0,0.192,1.9,1.6
2015-16,Edy Tavares,ATL,73.0,0.106,-1.8,0.0
2015-16,Elfrid Payton,ORL,2145.0,0.05,-1.2,0.4
2015-16,Elijah Millsap,UTA,173.0,0.033,-3.8,-0.1
2015-16,Elliot Williams,MEM,45.0,-0.046,-7.9,-0.1
2015-16,Elton Brand,PHI,225.0,0.036,-3.4,-0.1
2015-16,Emmanuel Mudiay,DEN,2068.0,-0.049,-4.2,-1.2
2015-16,Enes Freedom,OKC,1721.0,0.226,1.2,1.4
2015-16,Eric Bledsoe,PHO,1059.0,0.116,3.3,1.4
2015-16,Eric Gordon,NOP,1481.0,0.069,-0.1,0.7
2015-16,Eric Moreland,SAC,48.0,0.012,-4.5,0.0
2015-16,Erick Green,2TM,42.0,0.121,-1.9,0.0
2015-16,Ersan İlyasova,2TM,1881.0,0.113,-0.2,0.9
2015-16,Evan Fournier,ORL,2566.0,0.106,-0.3,1.1
2015-16,Evan Turner,BOS,2271.0,0.085,0.0,1.1
2015-16,Festus Ezeli,GSW,770.0,0.171,-0.1,0.4
2015-16,Frank Kaminsky,CHO,1708.0,0.093,-0.8,0.5
2015-16,Garrett Temple,WAS,1951.0,0.066,-2.1,0.0
2015-16,Gary Harris,DEN,2439.0,0.079,-0.9,0.7
2015-16,Gary Neal,WAS,807.0,0.085,-1.5,0.1
2015-16,George Hill,IND,2524.0,0.118,0.7,1.7
2015-16,Gerald Green,MIA,1557.0,0.052,-3.1,-0.4
2015-16,Gerald Henderson,POR,1431.0,0.068,-1.8,0.1
2015-16,Giannis Antetokounmpo,MIL,2823.0,0.121,2.1,2.9
2015-16,Glenn Robinson III,IND,508.0,0.078,-1.1,0.1
2015-16,Goran Dragić,MIA,2363.0,0.096,-0.4,1.0
2015-16,Gordon Hayward,UTA,2893.0,0.147,2.6,3.3
2015-16,Gorgui Dieng,MIN,2220.0,0.127,0.8,1.5
2015-16,Greg Monroe,MIL,2314.0,0.155,2.1,2.4
2015-16,Greg Smith,MIN,192.0,0.045,-5.5,-0.2
2015-16,Greivis Vásquez,MIL,460.0,-0.033,-6.2,-0.5
2015-16,Harrison Barnes,GSW,2042.0,0.116,-1.3,0.3
2015-16,Hassan Whiteside,MIA,2125.0,0.233,4.1,3.3
2015-16,Henry Sims,BRK,263.0,0.079,-4.3,-0.2
2015-16,Hollis Thompson,PHI,2154.0,0.026,-3.4,-0.7
2015-16,Ian Clark,GSW,578.0,0.075,-1.9,0.0
2015-16,Ian Mahinmi,IND,1816.0,0.163,0.9,1.4
2015-16,Iman Shumpert,CLE,1316.0,0.063,-1.5,0.1
2015-16,Isaiah Canaan,PHI,1966.0,0.035,-2.4,-0.2
2015-16,Isaiah Thomas,BOS,2644.0,0.177,4.3,4.2
2015-16,Ish Smith,2TM,2239.0,0.027,-1.6,0.2
2015-16,J.J. Barea,DAL,1667.0,0.082,0.0,0.9
2015-16,J.J. Hickson,2TM,436.0,0.088,-1.1,0.1
2015-16,J.J. O'Brien,UTA,6.0,-0.028,-6.2,0.0
2015-16,J.R. Smith,CLE,2362.0,0.111,0.5,1.5
2015-16,JJ Redick,LAC,2097.0,0.154,2.2,2.2
2015-16,JaKarr Sampson,2TM,1160.0,0.006,-5.4,-1.0
2015-16,JaMychal Green,MEM,1446.0,0.086,-2.5,-0.2
2015-16,JaVale McGee,DAL,370.0,0.146,-0.3,0.1
2015-16,Jabari Parker,MIL,2408.0,0.072,-2.0,0.0
2015-16,Jae Crowder,BOS,2308.0,0.152,2.2,2.5
2015-16,Jahlil Okafor,PHI,1591.0,0.037,-2.3,-0.1
2015-16,Jamal Crawford,LAC,2126.0,0.076,-1.4,0.3
2015-16,Jameer Nelson,DEN,1036.0,0.024,-3.0,-0.3
2015-16,James Anderson,SAC,721.0,-0.017,-4.5,-0.5
2015-16,James Ennis III,3TM,329.0,0.133,1.5,0.3
2015-16,James Harden,HOU,3125.0,0.204,6.6,6.8
2015-16,James Johnson,TOR,926.0,0.068,-1.0,0.2
2015-16,James Jones,CLE,463.0,0.12,-0.3,0.2
2015-16,James Michael McAdoo,GSW,262.0,0.146,-1.8,0.0
2015-16,James Young,BOS,199.0,0.013,-4.5,-0.1
2015-16,Jared Cunningham,2TM,410.0,0.014,-5.7,-0.4
2015-16,Jared Dudley,WAS,2098.0,0.105,-0.1,1.0
2015-16,Jared Sullinger,BOS,1915.0,0.121,0.6,1.3
2015-16,Jarell Eddie,WAS,147.0,0.046,-1.5,0.0
2015-16,Jarell Martin,MEM,380.0,0.1,-3.7,-0.2
2015-16,Jarnell Stokes,2TM,18.0,0.209,2.0,0.0
2015-16,Jarrett Jack,BRK,1027.0,0.043,-0.7,0.3
2015-16,Jason Smith,ORL,1181.0,0.072,-2.2,-0.1
2015-16,Jason Terry,HOU,1258.0,0.057,-1.6,0.1
2015-16,Jason Thompson,2TM,471.0,0.165,-0.8,0.1
2015-16,Jeff Ayres,LAC,107.0,0.077,-6.1,-0.1
2015-16,Jeff Green,2TM,2253.0,0.065,-1.8,0.1
2015-16,Jeff Teague,ATL,2255.0,0.125,1.3,1.9
2015-16,Jeff Withey,UTA,658.0,0.171,1.0,0.5
2015-16,Jerami Grant,PHI,2066.0,0.05,-1.7,0.1
2015-16,Jeremy Evans,DAL,251.0,0.119,-0.4,0.1
2015-16,Jeremy Lamb,CHO,1227.0,0.107,0.8,0.9
2015-16,Jeremy Lin,CHO,2048.0,0.082,-0.9,0.5
2015-16,Jerian Grant,NYK,1265.0,0.03,-3.1,-0.3
2015-16,Jerryd Bayless,MIL,1505.0,0.075,-0.8,0.4
2015-16,Jimmer Fredette,2TM,18.0,0.0,-2.6,0.0
2015-16,Jimmy Butler,CHI,2474.0,0.177,4.4,3.9
2015-16,Joakim Noah,CHI,635.0,0.079,1.6,0.6
2015-16,Jodie Meeks,DET,43.0,0.107,-2.9,0.0
2015-16,Joe Harris,CLE,15.0,-0.032,-5.9,0.0
2015-16,Joe Ingles,UTA,1241.0,0.089,0.2,0.7
2015-16,Joe Johnson,2TM,2703.0,0.048,-1.9,0.1
2015-16,Joe Young,IND,384.0,-0.009,-4.7,-0.3
2015-16,Joel Anthony,DET,96.0,0.177,0.4,0.1
2015-16,Joffrey Lauvergne,DEN,1041.0,0.105,-1.6,0.1
2015-16,John Henson,MIL,960.0,0.117,0.2,0.5
2015-16,John Jenkins,2TM,480.0,0.022,-2.9,-0.1
2015-16,John Wall,WAS,2784.0,0.098,3.5,3.9
2015-16,Johnny O'Bryant,MIL,857.0,0.014,-5.9,-0.8
2015-16,Jon Leuer,PHO,1255.0,0.103,0.0,0.6
2015-16,Jonas Jerebko,BOS,1176.0,0.097,-2.0,0.0
2015-16,Jonas Valančiūnas,TOR,1557.0,0.211,1.7,1.4
2015-16,Jonathon Simmons,SAS,813.0,0.119,-2.7,-0.2
2015-16,Jordan Adams,MEM,15.0,0.015,6.9,0.0
2015-16,Jordan Clarkson,LAL,2552.0,0.039,-1.6,0.2
2015-16,Jordan Farmar,MEM,291.0,0.064,-0.7,0.1
2015-16,Jordan Hamilton,NOP,304.0,0.03,-3.3,-0.1
2015-16,Jordan Hill,IND,1513.0,0.124,-0.7,0.5
2015-16,Jordan McRae,2TM,195.0,0.087,-1.8,0.0
2015-16,Jordan Mickey,BOS,57.0,0.068,-1.5,0.0
2015-16,Jorge Gutiérrez,CHO,63.0,0.201,0.6,0.0
2015-16,Josh Huestis,OKC,55.0,0.01,-2.8,0.0
2015-16,Josh McRoberts,MIA,595.0,0.064,-1.6,0.1
2015-16,Josh Richardson,MIA,1107.0,0.109,-0.4,0.5
2015-16,Josh Smith,2TM,880.0,0.0,-3.1,-0.2
2015-16,José Calderón,NYK,2024.0,0.096,-0.6,0.7
2015-16,Jrue Holiday,NOP,1831.0,0.089,2.1,1.9
2015-16,Julius Randle,LAL,2286.0,0.035,-3.2,-0.7
2015-16,Justin Anderson,DAL,647.0,0.083,0.3,0.4
2015-16,Justin Harper,DET,35.0,0.039,-4.2,0.0
2015-16,Justin Holiday,2TM,773.0,0.04,-3.1,-0.2
2015-16,Justise Winslow,MIA,2232.0,0.054,-2.6,-0.3
2015-16,Jusuf Nurkić,DEN,547.0,0.031,-2.9,-0.1
2015-16,K.J. McDaniels,HOU,235.0,0.043,-3.9,-0.1
2015-16,Karl-Anthony Towns,MIN,2627.0,0.151,2.2,2.7
2015-16,Kawhi Leonard,SAS,2380.0,0.277,9.1,6.7
2015-16,Keith Appling,ORL,27.0,-0.199,-15.1,-0.1
2015-16,Kelly Olynyk,BOS,1395.0,0.141,1.9,1.4
2015-16,Kelly Oubre Jr.,WAS,671.0,0.031,-5.1,-0.5
2015-16,Kemba Walker,CHO,2885.0,0.164,4.0,4.3
2015-16,Kendall Marshall,PHI,400.0,-0.064,-7.3,-0.5
2015-16,Kendrick Perkins,NOP,542.0,-0.007,-5.0,-0.4
2015-16,Kenneth Faried,DEN,1694.0,0.156,0.3,1.0
2015-16,Kent Bazemore,ATL,2083.0,0.094,0.3,1.2
2015-16,Kentavious Caldwell-Pope,DET,2789.0,0.092,-0.3,1.2
2015-16,Kevin Durant,OKC,2578.0,0.27,9.9,7.8
2015-16,Kevin Garnett,MIN,556.0,0.092,1.5,0.5
2015-16,Kevin Love,CLE,2424.0,0.169,3.3,3.3
2015-16,Kevin Martin,2TM,1095.0,0.054,-3.2,-0.4
2015-16,Kevin Séraphin,NYK,526.0,-0.015,-3.8,-0.2
2015-16,Kevon Looney,GSW,21.0,0.192,-2.5,0.0
2015-16,Khris Middleton,MIL,2852.0,0.103,0.6,1.9
2015-16,Kirk Hinrich,2TM,631.0,0.044,-3.5,-0.2
2015-16,Klay Thompson,GSW,2666.0,0.144,1.8,2.5
2015-16,Kobe Bryant,LAL,1863.0,-0.01,-1.6,0.2
2015-16,Kosta Koufos,SAC,1482.0,0.113,-2.0,0.0
2015-16,Kostas Papanikolaou,DEN,294.0,-0.022,-4.5,-0.2
2015-16,Kris Humphries,3TM,835.0,0.093,-2.0,0.0
2015-16,Kristaps Porziņģis,NYK,2047.0,0.102,0.9,1.5
2015-16,Kyle Anderson,SAS,1245.0,0.133,1.4,1.1
2015-16,Kyle Korver,ATL,2401.0,0.082,-1.0,0.6
2015-16,Kyle Lowry,TOR,2851.0,0.196,5.8,5.7
2015-16,Kyle O'Quinn,NYK,764.0,0.103,0.4,0.5
2015-16,Kyle Singler,OKC,977.0,0.054,-3.2,-0.3
2015-16,Kyrie Irving,CLE,1667.0,0.143,2.3,1.8
2015-16,LaMarcus Aldridge,SAS,2261.0,0.215,2.3,2.5
2015-16,Lamar Patterson,ATL,395.0,0.025,-5.1,-0.3
2015-16,Lance Stephenson,2TM,1372.0,0.076,-1.2,0.3
2015-16,Lance Thomas,NYK,1313.0,0.062,-3.2,-0.4
2015-16,Langston Galloway,NYK,2033.0,0.077,-1.0,0.5
2015-16,Larry Nance Jr.,LAL,1266.0,0.083,-1.5,0.2
2015-16,Lavoy Allen,IND,1599.0,0.11,-1.6,0.2
2015-16,LeBron James,CLE,2709.0,0.242,9.0,7.5
2015-16,League Average,nan,,,,
2015-16,Leandro Barbosa,GSW,1079.0,0.092,-2.0,0.0
2015-16,Lorenzo Brown,PHO,61.0,-0.157,-8.4,-0.1
2015-16,Lou Amundson,NYK,204.0,-0.014,-6.9,-0.3
2015-16,Lou Williams,LAL,1907.0,0.119,1.3,1.6
2015-16,Luc Mbah a Moute,LAC,1274.0,0.059,-2.6,-0.2
2015-16,Lucas Nogueira,TOR,225.0,0.154,0.0,0.1
2015-16,Luis Montero,POR,42.0,-0.238,-15.5,-0.1
2015-16,Luis Scola,TOR,1636.0,0.098,-1.1,0.4
2015-16,Luke Babbitt,NOP,845.0,0.064,-2.5,-0.1
2015-16,Luol Deng,MIA,2394.0,0.128,0.8,1.7
2015-16,Manu Ginóbili,SAS,1134.0,0.16,3.6,1.6
2015-16,Marc Gasol,MEM,1791.0,0.098,1.7,1.7
2015-16,Marcelo Huertas,LAL,869.0,-0.006,-5.0,-0.7
2015-16,Marcin Gortat,WAS,2256.0,0.156,0.6,1.5
2015-16,Marco Belinelli,SAC,1672.0,0.014,-3.8,-0.8
2015-16,Marcus Morris,DET,2856.0,0.091,-0.2,1.3
2015-16,Marcus Smart,BOS,1667.0,0.083,-1.0,0.4
2015-16,Marcus Thornton,2TM,1109.0,0.074,-0.5,0.4
2015-16,Mario Chalmers,2TM,1373.0,0.132,1.3,1.2
2015-16,Mario Hezonja,ORL,1413.0,0.029,-3.1,-0.4
2015-16,Markel Brown,BRK,982.0,0.031,-3.0,-0.3
2015-16,Markieff Morris,2TM,1629.0,0.015,-2.4,-0.2
2015-16,Marreese Speights,GSW,832.0,0.102,-3.7,-0.4
2015-16,Marvin Williams,CHO,2338.0,0.161,2.7,2.7
2015-16,Mason Plumlee,POR,2084.0,0.14,1.5,1.9
2015-16,Matt Barnes,MEM,2190.0,0.056,-0.9,0.6
2015-16,Matt Bonner,SAS,206.0,0.181,2.2,0.2
2015-16,Matthew Dellavedova,CLE,1867.0,0.098,-1.2,0.4
2015-16,Maurice Harkless,POR,1457.0,0.096,-0.5,0.5
2015-16,Metta World Peace,LAL,590.0,0.008,-3.5,-0.2
2015-16,Meyers Leonard,POR,1333.0,0.078,-1.7,0.1
2015-16,Michael Beasley,HOU,363.0,0.128,0.9,0.3
2015-16,Michael Carter-Williams,MIL,1649.0,0.035,-0.7,0.5
2015-16,Michael Kidd-Gilchrist,CHO,205.0,0.152,0.0,0.1
2015-16,Mike Conley,MEM,1761.0,0.144,3.0,2.2
2015-16,Mike Dunleavy,CHI,703.0,0.063,-3.5,-0.3
2015-16,Mike Miller,DEN,373.0,0.04,-2.6,0.0
2015-16,Mike Muscala,ATL,565.0,0.136,-0.9,0.2
2015-16,Mike Scott,ATL,1146.0,0.132,-0.1,0.6
2015-16,Miles Plumlee,MIL,870.0,0.124,-1.5,0.1
2015-16,Mirza Teletović,PHO,1686.0,0.109,1.3,1.4
2015-16,Mitch McGary,OKC,72.0,-0.018,-7.3,-0.1
2015-16,Mo Williams,CLE,748.0,0.067,-1.5,0.1
2015-16,Monta Ellis,IND,2734.0,0.075,0.1,1.5
2015-16,Montrezl Harrell,HOU,379.0,0.118,-0.6,0.1
2015-16,Myles Turner,IND,1367.0,0.109,-1.6,0.1
2015-16,Nate Robinson,NOP,23.0,0.038,-4.6,0.0
2015-16,Nazr Mohammed,OKC,19.0,-0.009,-11.7,0.0
2015-16,Nemanja Bjelica,MIN,1075.0,0.087,-0.7,0.3
2015-16,Nenê,WAS,1094.0,0.12,0.4,0.6
2015-16,Nerlens Noel,PHI,1965.0,0.074,-0.2,0.9
2015-16,Nick Collison,OKC,699.0,0.053,-3.1,-0.2
2015-16,Nick Young,LAL,1033.0,0.003,-3.7,-0.5
2015-16,Nicolas Batum,CHO,2448.0,0.097,1.2,2.0
2015-16,Nik Stauskas,PHI,1809.0,0.012,-3.8,-0.8
2015-16,Nikola Jokić,DEN,1733.0,0.185,3.9,2.6
2015-16,Nikola Mirotić,CHI,1646.0,0.115,1.5,1.5
2015-16,Nikola Peković,MIN,156.0,-0.022,-7.9,-0.2
2015-16,Nikola Vučević,ORL,2037.0,0.122,1.9,2.0
2015-16,Noah Vonleh,POR,1174.0,0.047,-4.2,-0.6
2015-16,Norman Powell,TOR,725.0,0.105,-0.3,0.3
2015-16,Norris Cole,NOP,1198.0,-0.004,-3.8,-0.5
2015-16,O.J. Mayo,MIL,1090.0,-0.005,-4.0,-0.6
2015-16,Omri Casspi,SAC,1880.0,0.092,0.1,1.0
2015-16,Orlando Johnson,2TM,101.0,-0.087,-8.3,-0.2
2015-16,Otto Porter Jr.,WAS,2276.0,0.119,1.1,1.8
2015-16,P.J. Hairston,2TM,1313.0,0.02,-4.5,-0.8
2015-16,P.J. Tucker,PHO,2540.0,0.066,-1.2,0.5
2015-16,Pablo Prigioni,LAC,823.0,0.087,-0.4,0.3
2015-16,Pat Connaughton,POR,143.0,-0.076,-8.0,-0.2
2015-16,Patrick Beverley,HOU,2041.0,0.103,0.2,1.1
2015-16,Patrick Patterson,TOR,2020.0,0.086,-0.1,1.0
2015-16,Patty Mills,SAS,1662.0,0.139,1.5,1.5
2015-16,Pau Gasol,CHI,2291.0,0.149,4.9,4.0
2015-16,Paul George,IND,2819.0,0.157,4.9,4.9
2015-16,Paul Millsap,ATL,2647.0,0.183,4.2,4.1
2015-16,Paul Pierce,LAC,1231.0,0.033,-3.3,-0.4
2015-16,Phil Pressey,2TM,283.0,-0.017,-3.2,-0.1
2015-16,Quincy Acy,SAC,876.0,0.137,-0.1,0.4
2015-16,R.J. Hunter,BOS,315.0,0.045,-2.1,0.0
2015-16,Rajon Rondo,SAC,2537.0,0.087,1.0,1.9
2015-16,Rakeem Christmas,IND,6.0,0.343,6.5,0.0
2015-16,Ramon Sessions,WAS,1667.0,0.109,-0.3,0.7
2015-16,Randy Foye,2TM,1642.0,0.012,-3.3,-0.5
2015-16,Rashad Vaughn,MIL,1001.0,-0.036,-5.7,-0.9
2015-16,Rasual Butler,SAS,432.0,0.146,2.9,0.5
2015-16,Raul Neto,UTA,1499.0,0.058,-2.0,0.0
2015-16,Ray McCallum,2TM,475.0,0.034,-3.1,-0.1
2015-16,Raymond Felton,DAL,2192.0,0.059,-1.6,0.2
2015-16,Reggie Bullock,DET,429.0,0.134,0.8,0.3
2015-16,Reggie Jackson,DET,2424.0,0.136,2.7,2.8
2015-16,Richard Jefferson,CLE,1326.0,0.099,-1.2,0.3
2015-16,Richaun Holmes,PHI,702.0,0.103,-1.5,0.1
2015-16,Ricky Rubio,MIN,2323.0,0.119,1.8,2.3
2015-16,Robert Covington,PHI,1903.0,0.05,-0.9,0.5
2015-16,Robert Sacre,LAL,320.0,0.04,-4.6,-0.2
2015-16,Robin Lopez,NYK,2219.0,0.126,-0.2,1.0
2015-16,Rodney Hood,UTA,2541.0,0.112,0.7,1.7
2015-16,Rodney Stuckey,IND,1275.0,0.077,-1.4,0.2
2015-16,Rondae Hollis-Jefferson,BRK,615.0,0.094,0.8,0.4
2015-16,Ronnie Price,PHO,1211.0,0.056,-1.8,0.1
2015-16,Roy Hibbert,LAL,1878.0,0.056,-3.2,-0.6
2015-16,Rudy Gay,SAC,2379.0,0.078,-0.3,1.0
2015-16,Rudy Gobert,UTA,1932.0,0.16,2.2,2.0
2015-16,Russ Smith,MEM,66.0,-0.041,-1.4,0.0
2015-16,Russell Westbrook,OKC,2750.0,0.245,7.8,6.8
2015-16,Ryan Anderson,NOP,2008.0,0.092,-0.2,0.9
2015-16,Ryan Hollins,2TM,460.0,0.1,-3.7,-0.2
2015-16,Ryan Kelly,LAL,470.0,0.005,-3.5,-0.2
2015-16,Salah Mejri,DAL,397.0,0.156,0.2,0.2
2015-16,Sam Dekker,HOU,6.0,0.116,2.2,0.0
2015-16,Sasha Kaun,CLE,95.0,0.096,-2.8,0.0
2015-16,Sasha Vujačić,NYK,908.0,0.06,-1.2,0.2
2015-16,Sean Kilpatrick,2TM,616.0,0.076,-2.2,0.0
2015-16,Serge Ibaka,OKC,2500.0,0.105,-0.6,0.8
2015-16,Sergey Karasev,BRK,399.0,0.031,-3.8,-0.2
2015-16,Seth Curry,SAC,692.0,0.097,-0.2,0.3
2015-16,Shabazz Muhammad,MIN,1682.0,0.077,-2.5,-0.2
2015-16,Shabazz Napier,ORL,600.0,0.004,-3.0,-0.2
2015-16,Shane Larkin,BRK,1751.0,0.039,-2.0,0.0
2015-16,Shaun Livingston,GSW,1520.0,0.145,0.3,0.9
2015-16,Shayne Whittington,IND,41.0,-0.009,-7.5,-0.1
2015-16,Shelvin Mack,2TM,1058.0,0.061,-1.6,0.1
2015-16,Solomon Hill,IND,866.0,0.117,0.1,0.5
2015-16,Sonny Weems,2TM,499.0,-0.053,-7.3,-0.7
2015-16,Spencer Dinwiddie,DET,159.0,0.028,-5.2,-0.1
2015-16,Spencer Hawes,CHO,1035.0,0.09,-0.6,0.3
2015-16,Stanley Johnson,DET,1687.0,0.018,-3.3,-0.5
2015-16,Stephen Curry,GSW,2700.0,0.318,11.9,9.5
2015-16,Steve Blake,DET,986.0,0.053,-2.4,-0.1
2015-16,Steve Novak,2TM,44.0,0.121,1.2,0.0
2015-16,Steven Adams,OKC,2014.0,0.155,0.2,1.1
2015-16,T.J. McConnell,PHI,1606.0,0.058,-1.2,0.3
2015-16,T.J. Warren,PHO,1070.0,0.101,-0.5,0.4
2015-16,Taj Gibson,CHI,1936.0,0.133,0.0,1.0
2015-16,Tarik Black,LAL,496.0,0.072,-3.3,-0.2
2015-16,Tayshaun Prince,MIN,1462.0,0.014,-3.0,-0.4
2015-16,Terrence Jones,HOU,1044.0,0.068,-2.1,0.0
2015-16,Terrence Ross,TOR,1747.0,0.1,0.3,1.0
2015-16,Terry Rozier,BOS,311.0,-0.047,-6.1,-0.3
2015-16,Thabo Sefolosha,ATL,1758.0,0.122,0.8,1.3
2015-16,Thaddeus Young,BRK,2407.0,0.081,0.0,1.2
2015-16,Thanasis Antetokounmpo,NYK,6.0,0.291,5.9,0.0
2015-16,Thomas Robinson,BRK,917.0,0.033,-3.8,-0.4
2015-16,Tiago Splitter,ATL,579.0,0.144,-1.7,0.0
2015-16,Tibor Pleiß,UTA,82.0,-0.041,-11.6,-0.2
2015-16,Tim Duncan,SAS,1536.0,0.163,3.0,2.0
2015-16,Tim Frazier,2TM,741.0,0.062,-2.0,0.0
2015-16,Tim Hardaway Jr.,ATL,864.0,0.105,-0.9,0.2
2015-16,Timofey Mozgov,CLE,1326.0,0.133,-1.4,0.2
2015-16,Tobias Harris,2TM,2513.0,0.126,1.5,2.2
2015-16,Toney Douglas,NOP,1262.0,0.094,0.0,0.6
2015-16,Tony Allen,MEM,1620.0,0.072,-1.0,0.4
2015-16,Tony Parker,SAS,1980.0,0.142,0.4,1.2
2015-16,Tony Snell,CHI,1301.0,0.016,-4.0,-0.6
2015-16,Tony Wroten,PHI,144.0,-0.263,-13.4,-0.4
2015-16,Trevor Ariza,HOU,2859.0,0.09,0.4,1.7
2015-16,Trevor Booker,UTA,1632.0,0.128,0.0,0.8
2015-16,Trey Burke,UTA,1366.0,0.074,-0.5,0.5
2015-16,Trey Lyles,UTA,1382.0,0.079,-1.8,0.1
2015-16,Tristan Thompson,CLE,2269.0,0.185,0.2,1.2
2015-16,Troy Daniels,CHO,476.0,0.109,0.7,0.3
2015-16,Ty Lawson,2TM,1411.0,0.032,-3.6,-0.6
2015-16,Tyler Ennis,MIL,654.0,0.03,-4.3,-0.4
2015-16,Tyler Hansbrough,CHO,343.0,0.134,-3.8,-0.1
2015-16,Tyler Johnson,MIA,863.0,0.113,0.7,0.6
2015-16,Tyler Zeller,BOS,710.0,0.114,-3.3,-0.2
2015-16,Tyreke Evans,NOP,765.0,0.087,1.7,0.7
2015-16,Tyson Chandler,PHO,1618.0,0.112,-1.1,0.4
2015-16,Tyus Jones,MIN,573.0,0.027,-2.4,-0.1
2015-16,Udonis Haslem,MIA,260.0,0.072,-2.6,0.0
2015-16,Victor Oladipo,ORL,2379.0,0.099,1.7,2.3
2015-16,Vince Carter,MEM,1005.0,0.084,-1.0,0.3
2015-16,Wayne Ellington,BRK,1615.0,0.025,-2.8,-0.3
2015-16,Wesley Johnson,LAC,1666.0,0.076,-0.2,0.8
2015-16,Wesley Matthews,DAL,2644.0,0.067,-1.0,0.6
2015-16,Will Barton,DEN,2353.0,0.088,0.8,1.7
2015-16,Willie Cauley-Stein,SAC,1412.0,0.13,-0.8,0.4
2015-16,Willie Reed,BRK,426.0,0.134,-0.5,0.2
2015-16,Xavier Munford,MEM,244.0,0.017,-2.5,0.0
2015-16,Zach LaVine,MIN,2294.0,0.054,-1.5,0.3
2015-16,Zach Randolph,MEM,2016.0,0.103,-0.3,0.9
2015-16,Zaza Pachulia,DAL,2004.0,0.145,-0.2,0.9
2015-16,Ömer Aşık,NOP,1178.0,0.07,-3.8,-0.5
2016-17,A.J. Hammons,DAL,163.0,-0.001,-6.6,-0.2
2016-17,Aaron Brooks,IND,894.0,0.016,-3.7,-0.4
2016-17,Aaron Gordon,ORL,2298.0,0.077,-1.0,0.6
2016-17,Aaron Harrison,CHO,17.0,-0.146,-11.8,0.0
2016-17,Adreian Payne,MIN,135.0,0.086,-2.3,0.0
2016-17,Al Horford,BOS,2193.0,0.138,3.4,3.0
2016-17,Al Jefferson,IND,931.0,0.119,-1.4,0.1
2016-17,Al-Farouq Aminu,POR,1773.0,0.051,-1.1,0.4
2016-17,Alan Anderson,LAC,308.0,0.02,-6.1,-0.3
2016-17,Alan Williams,PHO,708.0,0.142,-1.3,0.1
2016-17,Alec Burks,UTA,653.0,0.056,-2.3,0.0
2016-17,Alex Len,PHO,1560.0,0.091,-2.3,-0.1
2016-17,Alex Poythress,PHI,157.0,0.099,-2.9,0.0
2016-17,Alexis Ajinça,NOP,584.0,0.08,-3.3,-0.2
2016-17,Allen Crabbe,POR,2254.0,0.089,-1.3,0.4
2016-17,Alonzo Gee,DEN,89.0,-0.032,-6.7,-0.1
2016-17,Amir Johnson,BOS,1608.0,0.149,0.6,1.1
2016-17,Anderson Varejão,GSW,92.0,0.097,-4.2,-0.1
2016-17,Andre Drummond,DET,2409.0,0.133,1.0,1.8
2016-17,Andre Iguodala,GSW,1998.0,0.167,2.5,2.3
2016-17,Andre Roberson,OKC,2376.0,0.085,-1.0,0.6
2016-17,Andrew Bogut,2TM,583.0,0.055,-2.6,-0.1
2016-17,Andrew Harrison,MEM,1474.0,0.051,-3.4,-0.5
2016-17,Andrew Nicholson,2TM,342.0,-0.019,-6.0,-0.3
2016-17,Andrew Wiggins,MIN,3048.0,0.066,-1.7,0.2
2016-17,Anthony Bennett,BRK,264.0,0.09,-1.4,0.0
2016-17,Anthony Brown,2TM,159.0,0.001,-4.4,-0.1
2016-17,Anthony Davis,NOP,2708.0,0.195,5.9,5.4
2016-17,Anthony Morrow,2TM,714.0,0.083,-2.3,0.0
2016-17,Anthony Tolliver,SAC,1477.0,0.075,-1.0,0.4
2016-17,Archie Goodwin,2TM,214.0,0.153,1.9,0.2
2016-17,Arinze Onuaku,ORL,28.0,-0.005,-6.4,0.0
2016-17,Aron Baynes,DET,1163.0,0.123,-2.7,-0.2
2016-17,Arron Afflalo,SAC,1580.0,0.043,-3.6,-0.7
2016-17,Austin Rivers,LAC,2054.0,0.059,-2.2,-0.1
2016-17,Avery Bradley,BOS,1835.0,0.081,-0.6,0.7
2016-17,Axel Toupane,2TM,47.0,0.061,-6.2,-0.1
2016-17,Ben Bentil,DAL,10.0,-0.473,-25.9,-0.1
2016-17,Ben McLemore,SAC,1176.0,0.015,-4.2,-0.6
2016-17,Beno Udrih,DET,560.0,0.113,0.3,0.3
2016-17,Bismack Biyombo,ORL,1793.0,0.077,-3.2,-0.6
2016-17,Blake Griffin,LAC,2076.0,0.179,4.7,3.5
2016-17,Boban Marjanović,DET,293.0,0.28,5.5,0.6
2016-17,Bobby Brown,HOU,123.0,0.04,-3.6,0.0
2016-17,Bobby Portis,CHI,1000.0,0.114,-1.5,0.1
2016-17,Bojan Bogdanović,2TM,2083.0,0.067,-2.2,-0.1
2016-17,Boris Diaw,UTA,1283.0,0.041,-2.5,-0.1
2016-17,Bradley Beal,WAS,2684.0,0.152,3.3,3.5
2016-17,Brandan Wright,MEM,447.0,0.177,1.7,0.4
2016-17,Brandon Bass,LAC,577.0,0.186,0.4,0.4
2016-17,Brandon Ingram,LAL,2279.0,-0.007,-4.4,-1.4
2016-17,Brandon Jennings,2TM,1802.0,0.046,-2.4,-0.2
2016-17,Brandon Knight,PHO,1140.0,0.015,-2.8,-0.2
2016-17,Brandon Rush,MIN,1030.0,0.019,-2.5,-0.1
2016-17,Brian Roberts,CHO,416.0,0.028,-4.2,-0.2
2016-17,Briante Weber,2TM,205.0,0.059,-3.7,-0.1
2016-17,Brice Johnson,LAC,9.0,-0.165,-2.0,0.0
2016-17,Brook Lopez,BRK,2222.0,0.105,2.3,2.4
2016-17,Bruno Caboclo,TOR,40.0,0.083,1.0,0.0
2016-17,Bryn Forbes,SAS,285.0,0.014,-5.4,-0.2
2016-17,Buddy Hield,2TM,1888.0,0.032,-2.0,0.0
2016-17,C.J. Miles,IND,1776.0,0.109,0.5,1.1
2016-17,C.J. Watson,ORL,1012.0,0.041,-3.6,-0.4
2016-17,C.J. Wilcox,ORL,108.0,-0.09,-8.1,-0.2
2016-17,CJ McCollum,POR,2796.0,0.131,2.0,2.8
2016-17,Cameron Payne,2TM,462.0,-0.035,-6.1,-0.5
2016-17,Caris LeVert,BRK,1237.0,0.07,-1.1,0.3
2016-17,Carmelo Anthony,NYK,2538.0,0.089,0.7,1.7
2016-17,Chandler Parsons,MEM,675.0,0.015,-3.8,-0.3
2016-17,Channing Frye,CLE,1398.0,0.125,1.0,1.1
2016-17,Chasson Randle,2TM,299.0,0.106,-1.7,0.0
2016-17,Cheick Diallo,NOP,199.0,0.111,-3.7,-0.1
2016-17,Chinanu Onuaku,HOU,52.0,0.123,-1.5,0.0
2016-17,Chris Andersen,CLE,114.0,0.102,-2.5,0.0
2016-17,Chris McCullough,2TM,80.0,0.072,-3.6,0.0
2016-17,Chris Paul,LAC,1921.0,0.264,8.7,5.2
2016-17,Christian Wood,CHO,107.0,0.125,-2.6,0.0
2016-17,Clint Capela,HOU,1551.0,0.184,1.2,1.2
2016-17,Cody Zeller,CHO,1725.0,0.157,0.2,1.0
2016-17,Cole Aldrich,MIN,531.0,0.116,-0.8,0.2
2016-17,Corey Brewer,2TM,1281.0,0.045,-2.7,-0.2
2016-17,Cory Joseph,TOR,2003.0,0.082,-1.3,0.4
2016-17,Courtney Lee,NYK,2459.0,0.081,-0.9,0.7
2016-17,Cristiano Felício,CHI,1040.0,0.158,-0.7,0.3
2016-17,D'Angelo Russell,LAL,1811.0,0.033,-0.8,0.6
2016-17,D.J. Augustin,ORL,1538.0,0.038,-3.0,-0.4
2016-17,Dahntay Jones,CLE,12.0,-0.03,-4.8,0.0
2016-17,Damian Jones,GSW,85.0,0.018,-9.7,-0.2
2016-17,Damian Lillard,POR,2694.0,0.185,5.0,4.8
2016-17,Damjan Rudež,ORL,314.0,0.008,-4.5,-0.2
2016-17,Daniel Ochefu,WAS,75.0,0.005,-8.4,-0.1
2016-17,Danilo Gallinari,DEN,2134.0,0.154,1.4,1.9
2016-17,Danny Green,SAS,1807.0,0.09,0.8,1.3
2016-17,Dante Cunningham,NOP,1649.0,0.088,-1.6,0.2
2016-17,Dante Exum,UTA,1228.0,0.046,-3.3,-0.4
2016-17,Danuel House Jr.,WAS,1.0,0.163,0.9,0.0
2016-17,Dario Šarić,PHI,2129.0,0.023,-2.3,-0.2
2016-17,Darrell Arthur,DEN,639.0,0.081,-0.1,0.3
2016-17,Darren Collison,SAC,2063.0,0.091,-0.9,0.6
2016-17,Darrun Hilliard,DET,381.0,-0.027,-6.0,-0.4
2016-17,David Lee,SAS,1477.0,0.186,1.8,1.4
2016-17,David Nwaba,LAL,397.0,0.091,-2.2,0.0
2016-17,David West,GSW,854.0,0.148,2.8,1.0
2016-17,DeAndre Jordan,LAC,2570.0,0.221,3.3,3.5
2016-17,DeAndre Liggins,2TM,777.0,0.031,-2.2,0.0
2016-17,DeAndre' Bembry,ATL,371.0,0.038,-3.5,-0.1
2016-17,DeMar DeRozan,TOR,2620.0,0.166,3.0,3.3
2016-17,DeMarcus Cousins,2TM,2465.0,0.149,6.8,5.5
2016-17,DeMarre Carroll,TOR,1882.0,0.097,0.0,1.0
2016-17,Dejounte Murray,SAS,322.0,0.004,-4.8,-0.2
2016-17,Delon Wright,TOR,446.0,0.117,2.0,0.5
2016-17,Demetrius Jackson,BOS,17.0,0.386,9.8,0.1
2016-17,Dennis Schröder,ATL,2485.0,0.071,0.0,1.3
2016-17,Denzel Valentine,CHI,976.0,0.031,-3.3,-0.3
2016-17,Deron Williams,2TM,1657.0,0.069,-1.8,0.1
2016-17,Derrick Favors,UTA,1186.0,0.109,-0.1,0.6
2016-17,Derrick Jones Jr.,PHO,545.0,0.098,-2.3,0.0
2016-17,Derrick Rose,NYK,2082.0,0.068,-1.0,0.5
2016-17,Derrick Williams,2TM,804.0,0.064,-2.9,-0.2
2016-17,Devin Booker,PHO,2730.0,0.035,-1.9,0.1
2016-17,Devin Harris,DAL,1087.0,0.096,-0.4,0.4
2016-17,Dewayne Dedmon,SAS,1330.0,0.189,0.6,0.9
2016-17,Deyonta Davis,MEM,238.0,0.097,-4.6,-0.2
2016-17,Diamond Stone,LAC,24.0,-0.211,-20.8,-0.1
2016-17,Dion Waiters,MIA,1384.0,0.057,-0.1,0.7
2016-17,Dirk Nowitzki,DAL,1424.0,0.084,0.8,1.0
2016-17,Domantas Sabonis,OKC,1632.0,0.022,-4.5,-1.0
2016-17,Donatas Motiejūnas,NOP,479.0,0.016,-4.3,-0.3
2016-17,Dorian Finney-Smith,DAL,1642.0,0.041,-2.6,-0.3
2016-17,Doug McDermott,2TM,1508.0,0.083,-2.3,-0.1
2016-17,Dragan Bender,PHO,574.0,-0.029,-5.1,-0.4
2016-17,Draymond Green,GSW,2471.0,0.16,4.9,4.3
2016-17,Dwight Howard,ATL,2199.0,0.181,1.4,1.9
2016-17,Dwight Powell,DAL,1333.0,0.165,1.0,1.0
2016-17,Dwyane Wade,CHI,1792.0,0.09,2.5,2.1
2016-17,Dāvis Bertāns,SAS,808.0,0.135,1.3,0.7
2016-17,E'Twaun Moore,NOP,1820.0,0.07,-1.6,0.2
2016-17,Ed Davis,POR,789.0,0.104,-4.1,-0.4
2016-17,Edy Tavares,2TM,28.0,0.15,3.3,0.0
2016-17,Elfrid Payton,ORL,2412.0,0.088,0.8,1.7
2016-17,Elijah Millsap,PHO,23.0,-0.233,-19.0,-0.1
2016-17,Emmanuel Mudiay,DEN,1406.0,0.006,-3.2,-0.4
2016-17,Enes Freedom,OKC,1533.0,0.183,1.7,1.4
2016-17,Eric Bledsoe,PHO,2176.0,0.118,3.6,3.1
2016-17,Eric Gordon,HOU,2323.0,0.079,-0.1,1.1
2016-17,Ersan İlyasova,3TM,2142.0,0.091,0.1,1.1
2016-17,Evan Fournier,ORL,2234.0,0.059,-1.3,0.4
2016-17,Evan Turner,POR,1658.0,0.035,-2.5,-0.2
2016-17,Frank Kaminsky,CHO,1954.0,0.056,-1.2,0.4
2016-17,Fred VanVleet,TOR,294.0,0.04,-2.1,0.0
2016-17,Garrett Temple,SAC,1728.0,0.061,-0.8,0.5
2016-17,Gary Harris,DEN,1782.0,0.124,0.7,1.2
2016-17,Gary Neal,ATL,18.0,-0.189,-15.9,-0.1
2016-17,Gary Payton II,MIL,99.0,-0.074,-6.5,-0.1
2016-17,George Hill,UTA,1544.0,0.182,3.8,2.3
2016-17,Georges Niang,IND,93.0,-0.168,-11.7,-0.2
2016-17,Georgios Papagiannis,SAC,355.0,0.057,-3.8,-0.2
2016-17,Gerald Green,BOS,538.0,0.05,-3.0,-0.1
2016-17,Gerald Henderson,PHI,1667.0,0.059,-3.1,-0.5
2016-17,Giannis Antetokounmpo,MIL,2845.0,0.21,7.3,6.7
2016-17,Glenn Robinson III,IND,1427.0,0.085,-0.3,0.6
2016-17,Goran Dragić,MIA,2459.0,0.147,2.6,2.9
2016-17,Gordon Hayward,UTA,2516.0,0.199,5.0,4.5
2016-17,Gorgui Dieng,MIN,2653.0,0.103,-0.1,1.3
2016-17,Greg Monroe,MIL,1823.0,0.147,1.8,1.7
2016-17,Greivis Vásquez,BRK,39.0,-0.006,-5.5,0.0
2016-17,Harrison Barnes,DAL,2803.0,0.078,-0.8,0.8
2016-17,Hassan Whiteside,MIA,2513.0,0.181,1.5,2.2
2016-17,Henry Ellenson,DET,146.0,-0.071,-5.9,-0.1
2016-17,Hollis Thompson,2TM,752.0,0.047,-2.6,-0.1
2016-17,Ian Clark,GSW,1137.0,0.099,-1.5,0.1
2016-17,Ian Mahinmi,WAS,555.0,0.123,-1.4,0.1
2016-17,Iman Shumpert,CLE,1937.0,0.05,-2.3,-0.1
2016-17,Isaiah Canaan,CHI,592.0,0.042,-3.3,-0.2
2016-17,Isaiah Taylor,HOU,52.0,-0.028,-7.8,-0.1
2016-17,Isaiah Thomas,BOS,2569.0,0.234,6.7,5.6
2016-17,Isaiah Whitehead,BRK,1643.0,-0.023,-5.1,-1.3
2016-17,Ish Smith,DET,1955.0,0.076,0.3,1.1
2016-17,Ivica Zubac,LAL,609.0,0.086,-1.7,0.0
2016-17,J.J. Barea,DAL,771.0,0.08,1.5,0.7
2016-17,J.R. Smith,CLE,1187.0,0.034,-2.1,0.0
2016-17,JJ Redick,LAC,2198.0,0.105,0.4,1.4
2016-17,JaMychal Green,MEM,2101.0,0.132,-0.8,0.6
2016-17,JaVale McGee,GSW,739.0,0.225,1.2,0.6
2016-17,Jabari Parker,MIL,1728.0,0.112,0.7,1.2
2016-17,Jae Crowder,BOS,2335.0,0.137,0.9,1.7
2016-17,Jahlil Okafor,PHI,1134.0,0.05,-2.5,-0.1
2016-17,Jake Layman,POR,249.0,-0.054,-6.4,-0.3
2016-17,Jakob Poeltl,TOR,626.0,0.125,-3.1,-0.2
2016-17,Jamal Crawford,LAC,2157.0,0.043,-2.1,0.0
2016-17,Jamal Murray,DEN,1764.0,0.037,-2.0,0.0
2016-17,Jameer Nelson,DEN,2045.0,0.066,-2.0,0.0
2016-17,James Ennis III,MEM,1501.0,0.101,-1.2,0.3
2016-17,James Harden,HOU,2947.0,0.245,8.7,8.0
2016-17,James Johnson,MIA,2085.0,0.117,2.8,2.5
2016-17,James Jones,CLE,381.0,0.102,-0.3,0.2
2016-17,James Michael McAdoo,GSW,457.0,0.117,-1.8,0.0
2016-17,James Young,BOS,220.0,0.076,-1.3,0.0
2016-17,Jared Dudley,PHO,1362.0,0.064,-1.0,0.3
2016-17,Jared Sullinger,TOR,118.0,-0.031,-7.2,-0.2
2016-17,Jarell Eddie,PHO,62.0,0.054,-2.4,0.0
2016-17,Jarell Martin,MEM,558.0,0.054,-5.8,-0.5
2016-17,Jarnell Stokes,DEN,7.0,0.48,16.8,0.0
2016-17,Jarrett Jack,NOP,33.0,0.06,-1.4,0.0
2016-17,Jarrod Uthoff,DAL,115.0,0.083,-2.2,0.0
2016-17,Jason Smith,WAS,1068.0,0.103,-1.8,0.1
2016-17,Jason Terry,MIL,1365.0,0.075,-0.9,0.4
2016-17,Jaylen Brown,BOS,1341.0,0.053,-3.7,-0.6
2016-17,Jeff Green,ORL,1534.0,0.022,-3.6,-0.6
2016-17,Jeff Teague,IND,2657.0,0.146,2.2,2.8
2016-17,Jeff Withey,UTA,432.0,0.205,1.4,0.4
2016-17,Jerami Grant,2TM,1531.0,0.091,-1.3,0.3
2016-17,Jeremy Lamb,CHO,1143.0,0.115,0.5,0.7
2016-17,Jeremy Lin,BRK,883.0,0.116,2.0,0.9
2016-17,Jerian Grant,CHI,1028.0,0.119,0.1,0.6
2016-17,Jerryd Bayless,PHI,71.0,-0.067,-4.4,0.0
2016-17,Jimmy Butler,CHI,2809.0,0.236,7.3,6.6
2016-17,Joakim Noah,NYK,1015.0,0.106,-0.5,0.4
2016-17,Jodie Meeks,ORL,738.0,0.073,-1.8,0.1
2016-17,Joe Harris,BRK,1138.0,0.032,-3.5,-0.4
2016-17,Joe Ingles,UTA,1972.0,0.123,1.6,1.8
2016-17,Joe Johnson,UTA,1843.0,0.099,0.4,1.1
2016-17,Joe Young,IND,135.0,-0.022,-5.2,-0.1
2016-17,Joel Anthony,SAS,122.0,0.141,-2.1,0.0
2016-17,Joel Bolomboy,UTA,53.0,0.171,3.4,0.1
2016-17,Joel Embiid,PHI,786.0,0.117,4.5,1.3
2016-17,Joffrey Lauvergne,2TM,980.0,0.075,-2.2,-0.1
2016-17,John Henson,MIL,1123.0,0.116,-1.6,0.1
2016-17,John Jenkins,PHO,13.0,0.167,2.2,0.0
2016-17,John Lucas III,MIN,11.0,-0.033,3.1,0.0
2016-17,John Wall,WAS,2836.0,0.149,4.7,4.8
2016-17,Johnny O'Bryant,2TM,80.0,0.088,-2.4,0.0
2016-17,Jon Leuer,DET,1944.0,0.112,-0.1,1.0
2016-17,Jonas Jerebko,BOS,1232.0,0.08,-2.4,-0.1
2016-17,Jonas Valančiūnas,TOR,2066.0,0.183,0.3,1.2
2016-17,Jonathan Gibson,DAL,231.0,-0.03,-3.7,-0.1
2016-17,Jonathon Simmons,SAS,1392.0,0.068,-2.6,-0.2
2016-17,Jordan Clarkson,LAL,2397.0,0.024,-2.5,-0.3
2016-17,Jordan Crawford,NOP,442.0,0.102,1.3,0.4
2016-17,Jordan Farmar,SAC,35.0,0.063,2.1,0.0
2016-17,Jordan Hill,MIN,47.0,-0.033,-12.3,-0.1
2016-17,Jordan McRae,CLE,384.0,0.02,-3.7,-0.2
2016-17,Jordan Mickey,BOS,141.0,0.036,-4.7,-0.1
2016-17,Josh Huestis,OKC,31.0,0.265,8.8,0.1
2016-17,Josh McRoberts,MIA,381.0,0.036,-1.6,0.0
2016-17,Josh Richardson,MIA,1614.0,0.066,-1.1,0.4
2016-17,José Calderón,2TM,539.0,0.023,-3.2,-0.2
2016-17,Jrue Holiday,NOP,2190.0,0.084,1.3,1.8
2016-17,Juancho Hernangómez,DEN,842.0,0.104,-0.1,0.4
2016-17,Julius Randle,LAL,2132.0,0.08,-0.9,0.6
2016-17,Justin Anderson,2TM,1228.0,0.074,-1.3,0.2
2016-17,Justin Hamilton,BRK,1177.0,0.084,-0.8,0.4
2016-17,Justin Harper,PHI,31.0,-0.103,-10.3,-0.1
2016-17,Justin Holiday,NYK,1639.0,0.073,-0.3,0.7
2016-17,Justise Winslow,MIA,625.0,-0.009,-3.8,-0.3
2016-17,Jusuf Nurkić,2TM,1391.0,0.068,-0.9,0.4
2016-17,K.J. McDaniels,2TM,505.0,0.051,-2.3,0.0
2016-17,Karl-Anthony Towns,MIN,3030.0,0.201,4.7,5.2
2016-17,Kawhi Leonard,SAS,2474.0,0.264,9.4,7.1
2016-17,Kay Felder,CLE,386.0,0.008,-2.4,0.0
2016-17,Kelly Olynyk,BOS,1538.0,0.127,0.3,0.9
2016-17,Kelly Oubre Jr.,WAS,1605.0,0.061,-3.2,-0.5
2016-17,Kemba Walker,CHO,2739.0,0.142,4.1,4.2
2016-17,Kenneth Faried,DEN,1296.0,0.168,0.3,0.7
2016-17,Kent Bazemore,ATL,1963.0,0.052,-1.0,0.5
2016-17,Kentavious Caldwell-Pope,DET,2529.0,0.086,-0.2,1.1
2016-17,Kevin Durant,GSW,2070.0,0.278,8.9,5.7
2016-17,Kevin Love,CLE,1885.0,0.163,2.1,1.9
2016-17,Kevin Séraphin,IND,559.0,0.082,-3.4,-0.2
2016-17,Kevon Looney,GSW,447.0,0.155,-1.7,0.0
2016-17,Khris Middleton,MIL,889.0,0.085,-0.3,0.4
2016-17,Klay Thompson,GSW,2649.0,0.129,0.8,1.9
2016-17,Kosta Koufos,SAC,1419.0,0.089,-2.5,-0.2
2016-17,Kris Dunn,MIN,1333.0,0.004,-2.8,-0.3
2016-17,Kris Humphries,ATL,689.0,0.115,-2.0,0.0
2016-17,Kristaps Porziņģis,NYK,2164.0,0.1,0.3,1.3
2016-17,Kyle Anderson,SAS,1020.0,0.127,1.8,1.0
2016-17,Kyle Korver,2TM,1753.0,0.1,0.0,0.9
2016-17,Kyle Lowry,TOR,2244.0,0.216,6.1,4.6
2016-17,Kyle O'Quinn,NYK,1229.0,0.151,1.9,1.2
2016-17,Kyle Singler,OKC,385.0,0.034,-4.3,-0.2
2016-17,Kyle Wiltjer,HOU,44.0,-0.039,-5.4,0.0
2016-17,Kyrie Irving,CLE,2525.0,0.17,3.4,3.4
2016-17,LaMarcus Aldridge,SAS,2335.0,0.149,0.8,1.7
2016-17,Lamar Patterson,ATL,40.0,-0.176,-11.4,-0.1
2016-17,Lance Stephenson,3TM,361.0,0.008,-4.0,-0.2
2016-17,Lance Thomas,NYK,968.0,0.046,-3.5,-0.4
2016-17,Langston Galloway,2TM,1495.0,0.04,-2.3,-0.1
2016-17,Larry Nance Jr.,LAL,1442.0,0.118,0.6,1.0
2016-17,Larry Sanders,CLE,13.0,-0.029,-15.0,0.0
2016-17,Lavoy Allen,IND,871.0,0.093,-1.7,0.1
2016-17,LeBron James,CLE,2794.0,0.221,7.6,6.7
2016-17,League Average,nan,,,,
2016-17,Leandro Barbosa,PHO,963.0,0.031,-2.5,-0.1
2016-17,Lou Williams,2TM,1994.0,0.148,3.9,3.0
2016-17,Luc Mbah a Moute,LAC,1787.0,0.084,-0.2,0.8
2016-17,Lucas Nogueira,TOR,1088.0,0.164,2.0,1.1
2016-17,Luis Scola,BRK,461.0,0.082,-2.9,-0.1
2016-17,Luke Babbitt,MIA,1065.0,0.081,-2.0,0.0
2016-17,Luol Deng,LAL,1486.0,0.029,-2.1,0.0
2016-17,Malachi Richardson,SAC,198.0,0.028,-4.8,-0.1
2016-17,Malcolm Brogdon,MIL,1982.0,0.1,-0.4,0.8
2016-17,Malcolm Delaney,ATL,1248.0,0.005,-5.6,-1.1
2016-17,Malik Beasley,DEN,165.0,0.057,-0.6,0.1
2016-17,Manny Harris,DAL,25.0,-0.364,-14.8,-0.1
2016-17,Manu Ginóbili,SAS,1291.0,0.11,1.4,1.1
2016-17,Marc Gasol,MEM,2531.0,0.145,5.2,4.6
2016-17,Marcelo Huertas,LAL,237.0,-0.025,-4.6,-0.2
2016-17,Marcin Gortat,WAS,2556.0,0.127,-0.8,0.8
2016-17,Marco Belinelli,CHO,1778.0,0.087,-1.1,0.4
2016-17,Marcus Georges-Hunt,ORL,48.0,0.107,-4.5,0.0
2016-17,Marcus Morris,DET,2565.0,0.072,-1.1,0.6
2016-17,Marcus Smart,BOS,2399.0,0.064,-1.3,0.4
2016-17,Marcus Thornton,WAS,575.0,0.042,-2.4,-0.1
2016-17,Mario Hezonja,ORL,960.0,-0.033,-5.0,-0.7
2016-17,Markieff Morris,WAS,2374.0,0.083,-1.5,0.3
2016-17,Marquese Chriss,PHO,1743.0,0.05,-2.2,-0.1
2016-17,Marreese Speights,LAC,1286.0,0.155,0.6,0.9
2016-17,Marshall Plumlee,NYK,170.0,0.048,-4.6,-0.1
2016-17,Marvin Williams,CHO,2295.0,0.105,0.0,1.1
2016-17,Mason Plumlee,2TM,2148.0,0.135,2.0,2.2
2016-17,Matt Barnes,2TM,1777.0,0.053,-1.4,0.3
2016-17,Matthew Dellavedova,MIL,1986.0,0.029,-4.2,-1.1
2016-17,Maurice Harkless,POR,2223.0,0.091,-0.6,0.8
2016-17,Maurice Ndour,NYK,331.0,0.059,-2.8,-0.1
2016-17,Metta World Peace,LAL,160.0,-0.061,-6.1,-0.2
2016-17,Meyers Leonard,POR,1222.0,0.053,-3.3,-0.4
2016-17,Michael Beasley,MIL,935.0,0.092,-0.8,0.3
2016-17,Michael Carter-Williams,CHI,846.0,0.013,-3.2,-0.3
2016-17,Michael Gbinije,DET,32.0,-0.136,-12.1,-0.1
2016-17,Michael Kidd-Gilchrist,CHO,2349.0,0.119,-0.7,0.7
2016-17,Mike Conley,MEM,2292.0,0.209,6.8,5.1
2016-17,Mike Dunleavy,2TM,841.0,0.086,-1.4,0.1
2016-17,Mike Miller,DEN,151.0,0.018,-1.5,0.0
2016-17,Mike Muscala,ATL,1237.0,0.132,1.1,1.0
2016-17,Mike Scott,ATL,195.0,-0.014,-5.5,-0.2
2016-17,Mike Tobey,CHO,25.0,-0.07,-9.5,0.0
2016-17,Miles Plumlee,2TM,484.0,0.045,-5.0,-0.4
2016-17,Mindaugas Kuzminskas,NYK,1016.0,0.055,-1.9,0.0
2016-17,Mirza Teletović,MIL,1133.0,0.025,-3.8,-0.5
2016-17,Monta Ellis,IND,1998.0,0.026,-2.9,-0.5
2016-17,Montrezl Harrell,HOU,1064.0,0.183,1.0,0.8
2016-17,Myles Turner,IND,2541.0,0.151,1.1,2.0
2016-17,Nemanja Bjelica,MIN,1190.0,0.059,-1.6,0.1
2016-17,Nenê,HOU,1198.0,0.165,0.8,0.8
2016-17,Nerlens Noel,2TM,1047.0,0.181,2.4,1.2
2016-17,Nick Collison,OKC,128.0,0.145,-0.2,0.1
2016-17,Nick Young,LAL,1556.0,0.098,-0.1,0.7
2016-17,Nicolas Batum,CHO,2617.0,0.084,0.8,1.9
2016-17,Nicolás Brussino,DAL,521.0,0.055,-1.6,0.1
2016-17,Nicolás Laprovíttola,SAS,174.0,0.044,-3.9,-0.1
2016-17,Nik Stauskas,PHI,2188.0,0.031,-2.8,-0.5
2016-17,Nikola Jokić,DEN,2038.0,0.228,7.3,4.8
2016-17,Nikola Mirotić,CHI,1679.0,0.107,0.7,1.1
2016-17,Nikola Vučević,ORL,2163.0,0.088,1.4,1.9
2016-17,Noah Vonleh,POR,1265.0,0.069,-3.9,-0.6
2016-17,Norman Powell,TOR,1368.0,0.097,-0.5,0.5
2016-17,Norris Cole,OKC,125.0,-0.033,-6.7,-0.1
2016-17,Okaro White,MIA,471.0,0.066,-3.1,-0.1
2016-17,Omri Casspi,3TM,643.0,0.038,-3.2,-0.2
2016-17,Otto Porter Jr.,WAS,2605.0,0.173,3.3,3.5
2016-17,P.J. Tucker,2TM,2236.0,0.078,-0.3,1.0
2016-17,Pascal Siakam,TOR,859.0,0.089,-2.4,-0.1
2016-17,Pat Connaughton,POR,316.0,0.09,-0.7,0.1
2016-17,Patricio Garino,ORL,43.0,-0.25,-17.9,-0.2
2016-17,Patrick Beverley,HOU,2058.0,0.123,1.1,1.6
2016-17,Patrick McCaw,GSW,1074.0,0.077,-2.4,-0.1
2016-17,Patrick Patterson,TOR,1599.0,0.1,0.1,0.8
2016-17,Patty Mills,SAS,1754.0,0.139,1.6,1.6
2016-17,Pau Gasol,SAS,1627.0,0.19,4.0,2.5
2016-17,Paul George,IND,2689.0,0.126,3.1,3.4
2016-17,Paul Millsap,ATL,2343.0,0.132,2.1,2.4
2016-17,Paul Pierce,LAC,277.0,0.015,-4.7,-0.2
2016-17,Paul Zipser,CHI,843.0,0.03,-4.4,-0.5
2016-17,Pierre Jackson,DAL,84.0,0.021,-4.4,-0.1
2016-17,Quincy Acy,2TM,558.0,0.082,-2.1,0.0
2016-17,Quinn Cook,2TM,188.0,0.047,-3.1,-0.1
2016-17,R.J. Hunter,CHI,9.0,-0.088,-9.0,0.0
2016-17,Rajon Rondo,CHI,1843.0,0.06,-0.5,0.7
2016-17,Rakeem Christmas,IND,219.0,0.099,-5.0,-0.2
2016-17,Ramon Sessions,CHO,811.0,0.055,-2.4,-0.1
2016-17,Randy Foye,BRK,1284.0,0.006,-4.4,-0.8
2016-17,Rashad Vaughn,MIL,458.0,-0.005,-3.6,-0.2
2016-17,Raul Neto,UTA,346.0,0.1,-0.1,0.2
2016-17,Raymond Felton,LAC,1700.0,0.055,-1.3,0.3
2016-17,Reggie Bullock,DET,467.0,0.101,0.3,0.3
2016-17,Reggie Jackson,DET,1424.0,0.065,-1.0,0.4
2016-17,Reggie Williams,NOP,79.0,0.098,-0.8,0.0
2016-17,Richard Jefferson,CLE,1614.0,0.063,-3.1,-0.4
2016-17,Richaun Holmes,PHI,1193.0,0.151,1.0,0.9
2016-17,Ricky Rubio,MIN,2469.0,0.119,0.9,1.8
2016-17,Robert Covington,PHI,2119.0,0.071,0.2,1.1
2016-17,Robin Lopez,CHI,2271.0,0.09,-2.2,-0.1
2016-17,Rodney Hood,UTA,1593.0,0.078,-0.9,0.4
2016-17,Rodney McGruder,MIA,1966.0,0.072,-1.9,0.0
2016-17,Rodney Stuckey,IND,696.0,-0.006,-4.4,-0.4
2016-17,Ron Baker,NYK,857.0,-0.008,-4.7,-0.6
2016-17,Rondae Hollis-Jefferson,BRK,1761.0,0.07,-1.3,0.3
2016-17,Ronnie Price,PHO,134.0,0.002,-3.4,0.0
2016-17,Roy Hibbert,2TM,682.0,0.129,-2.3,0.0
2016-17,Rudy Gay,SAC,1013.0,0.087,1.9,1.0
2016-17,Rudy Gobert,UTA,2744.0,0.25,4.4,4.4
2016-17,Russell Westbrook,OKC,2802.0,0.224,11.1,9.3
2016-17,Ryan Anderson,HOU,2116.0,0.117,-0.4,0.9
2016-17,Ryan Kelly,ATL,110.0,0.029,-3.1,0.0
2016-17,Salah Mejri,DAL,905.0,0.159,-0.7,0.3
2016-17,Sam Dekker,HOU,1419.0,0.104,-0.2,0.6
2016-17,Sasha Vujačić,NYK,408.0,0.014,-3.2,-0.1
2016-17,Sean Kilpatrick,BRK,1754.0,0.04,-2.3,-0.1
2016-17,Semaj Christon,OKC,973.0,0.006,-5.1,-0.8
2016-17,Serge Ibaka,2TM,2422.0,0.101,0.1,1.2
2016-17,Sergio Rodríguez,PHI,1518.0,0.023,-2.7,-0.3
2016-17,Seth Curry,DAL,2029.0,0.11,1.2,1.7
2016-17,Shabazz Muhammad,MIN,1516.0,0.086,-2.4,-0.1
2016-17,Shabazz Napier,POR,512.0,0.06,-0.4,0.2
2016-17,Shaun Livingston,GSW,1345.0,0.093,-2.5,-0.2
2016-17,Shawn Long,PHI,234.0,0.195,1.2,0.2
2016-17,Sheldon Mac,WAS,287.0,0.076,-2.3,0.0
2016-17,Shelvin Mack,UTA,1205.0,0.054,-2.3,-0.1
2016-17,Skal Labissière,SAC,612.0,0.099,-2.3,0.0
2016-17,Solomon Hill,NOP,2374.0,0.055,-2.7,-0.4
2016-17,Spencer Dinwiddie,BRK,1334.0,0.101,-1.0,0.4
2016-17,Spencer Hawes,2TM,797.0,0.102,0.5,0.5
2016-17,Stanley Johnson,DET,1371.0,0.012,-3.0,-0.3
2016-17,Stephen Curry,GSW,2638.0,0.229,6.9,5.9
2016-17,Stephen Zimmerman,ORL,108.0,-0.005,-8.3,-0.2
2016-17,Steve Novak,MIL,22.0,-0.075,-11.2,-0.1
2016-17,Steven Adams,OKC,2389.0,0.13,-0.2,1.1
2016-17,T.J. McConnell,PHI,2133.0,0.084,-1.0,0.5
2016-17,T.J. Warren,PHO,2048.0,0.096,-0.6,0.7
2016-17,Taj Gibson,2TM,1989.0,0.097,-1.5,0.2
2016-17,Tarik Black,LAL,1091.0,0.105,-3.2,-0.3
2016-17,Taurean Prince,ATL,981.0,0.054,-1.8,0.0
2016-17,Terrence Jones,2TM,1270.0,0.086,-0.6,0.5
2016-17,Terrence Ross,2TM,1955.0,0.086,-0.2,0.9
2016-17,Terry Rozier,BOS,1263.0,0.054,-1.4,0.2
2016-17,Thabo Sefolosha,ATL,1596.0,0.098,0.4,1.0
2016-17,Thaddeus Young,IND,2237.0,0.1,0.5,1.4
2016-17,Thomas Robinson,LAL,560.0,0.079,-2.1,0.0
2016-17,Thon Maker,MIL,562.0,0.113,-2.0,0.0
2016-17,Tiago Splitter,PHI,76.0,0.072,-4.3,0.0
2016-17,Tim Frazier,NOP,1525.0,0.075,-2.7,-0.3
2016-17,Tim Hardaway Jr.,ATL,2154.0,0.107,0.5,1.4
2016-17,Tim Quarterman,POR,80.0,-0.044,-2.8,0.0
2016-17,Timofey Mozgov,LAL,1104.0,0.048,-4.3,-0.7
2016-17,Timothé Luwawu-Cabarrot,PHI,1190.0,0.034,-4.6,-0.8
2016-17,Tobias Harris,DET,2567.0,0.128,1.6,2.3
2016-17,Tomáš Satoranský,WAS,719.0,0.04,-2.4,-0.1
2016-17,Toney Douglas,MEM,394.0,0.059,-1.5,0.1
2016-17,Tony Allen,MEM,1914.0,0.077,-1.0,0.5
2016-17,Tony Parker,SAS,1587.0,0.092,-2.6,-0.2
2016-17,Tony Snell,MIL,2336.0,0.071,-1.7,0.2
2016-17,Treveon Graham,CHO,189.0,0.108,-1.0,0.1
2016-17,Trevor Ariza,HOU,2773.0,0.104,1.0,2.1
2016-17,Trevor Booker,BRK,1754.0,0.086,-0.6,0.6
2016-17,Trey Burke,WAS,703.0,0.036,-3.0,-0.2
2016-17,Trey Lyles,UTA,1158.0,0.031,-2.2,-0.1
2016-17,Tristan Thompson,CLE,2336.0,0.149,-0.7,0.7
2016-17,Troy Daniels,MEM,1183.0,0.051,-1.8,0.0
2016-17,Troy Williams,2TM,557.0,0.032,-3.8,-0.3
2016-17,Ty Lawson,SAC,1732.0,0.088,-1.0,0.4
2016-17,Tyler Ennis,2TM,588.0,0.031,-3.2,-0.2
2016-17,Tyler Johnson,MIA,2178.0,0.128,1.4,1.8
2016-17,Tyler Ulis,PHO,1123.0,0.029,-2.4,-0.1
2016-17,Tyler Zeller,BOS,525.0,0.094,-2.4,0.0
2016-17,Tyreke Evans,2TM,788.0,0.045,0.4,0.5
2016-17,Tyson Chandler,PHO,1298.0,0.151,0.3,0.8
2016-17,Tyus Jones,MIN,774.0,0.096,0.2,0.4
2016-17,Udonis Haslem,MIA,130.0,0.074,-5.3,-0.1
2016-17,Victor Oladipo,OKC,2222.0,0.085,-0.5,0.8
2016-17,Vince Carter,MEM,1799.0,0.106,0.8,1.3
2016-17,Wade Baldwin,MEM,405.0,-0.041,-5.5,-0.3
2016-17,Wayne Ellington,MIA,1500.0,0.105,-0.1,0.7
2016-17,Wayne Selden,2TM,236.0,0.016,-5.5,-0.2
2016-17,Wesley Johnson,LAC,810.0,0.051,-2.0,0.0
2016-17,Wesley Matthews,DAL,2495.0,0.06,-0.8,0.8
2016-17,Will Barton,DEN,1705.0,0.093,0.2,1.0
2016-17,Willie Cauley-Stein,SAC,1421.0,0.1,-1.0,0.3
2016-17,Willie Reed,MIA,1031.0,0.168,-0.9,0.3
2016-17,Willy Hernangómez,NYK,1324.0,0.123,-0.3,0.6
2016-17,Wilson Chandler,DEN,2197.0,0.077,-1.0,0.5
2016-17,Yogi Ferrell,2TM,1197.0,0.072,-1.1,0.3
2016-17,Zach LaVine,MIN,1749.0,0.082,0.1,0.9
2016-17,Zach Randolph,MEM,1786.0,0.086,-0.5,0.7
2016-17,Zaza Pachulia,GSW,1268.0,0.178,0.6,0.8
2016-17,Álex Abrines,OKC,1055.0,0.096,-1.6,0.1
2016-17,Ömer Aşık,NOP,482.0,0.1,-3.7,-0.2
2017-18,Aaron Brooks,MIN,189.0,0.033,-3.8,-0.1
2017-18,Aaron Gordon,ORL,1909.0,0.072,0.3,1.1
2017-18,Aaron Harrison,DAL,233.0,-0.014,-7.5,-0.3
2017-18,Aaron Jackson,HOU,35.0,-0.017,-8.9,-0.1
2017-18,Abdel Nader,BOS,522.0,-0.014,-5.3,-0.4
2017-18,Adreian Payne,ORL,43.0,0.203,2.4,0.0
2017-18,Al Horford,BOS,2277.0,0.165,4.4,3.7
2017-18,Al Jefferson,IND,484.0,0.158,2.0,0.5
2017-18,Al-Farouq Aminu,POR,2072.0,0.097,0.4,1.3
2017-18,Alan Williams,PHO,70.0,-0.004,-5.0,-0.1
2017-18,Alec Burks,UTA,1059.0,0.084,-0.9,0.3
2017-18,Alec Peters,PHO,225.0,0.055,-2.8,0.0
2017-18,Alex Caruso,LAL,562.0,0.041,-2.9,-0.1
2017-18,Alex Len,PHO,1395.0,0.154,0.3,0.8
2017-18,Alex Poythress,IND,104.0,0.066,-5.1,-0.1
2017-18,Alfonzo McKinnie,TOR,53.0,0.084,-3.0,0.0
2017-18,Allen Crabbe,BRK,2197.0,0.07,-0.7,0.7
2017-18,Amir Johnson,PHI,1171.0,0.169,1.0,0.9
2017-18,Andre Drummond,DET,2625.0,0.188,3.2,3.4
2017-18,Andre Iguodala,GSW,1622.0,0.094,-0.3,0.7
2017-18,Andre Ingram,LAL,64.0,0.157,4.3,0.1
2017-18,Andre Roberson,OKC,1037.0,0.1,-0.1,0.5
2017-18,Andrew Bogut,LAL,216.0,0.094,-2.8,-0.1
2017-18,Andrew Harrison,MEM,1326.0,0.062,-1.5,0.2
2017-18,Andrew White,ATL,209.0,-0.034,-5.5,-0.2
2017-18,Andrew Wiggins,MIN,2979.0,0.033,-2.4,-0.3
2017-18,Ante Žižić,CLE,214.0,0.231,1.0,0.2
2017-18,Anthony Brown,MIN,4.0,0.571,30.5,0.0
2017-18,Anthony Davis,NOP,2727.0,0.241,6.7,5.9
2017-18,Anthony Tolliver,DET,1757.0,0.146,0.9,1.3
2017-18,Antonio Blakeney,CHI,314.0,-0.006,-5.2,-0.3
2017-18,Antonius Cleveland,2TM,123.0,-0.006,-5.2,-0.1
2017-18,Aron Baynes,BOS,1485.0,0.097,-2.9,-0.3
2017-18,Arron Afflalo,ORL,682.0,0.009,-5.4,-0.6
2017-18,Austin Rivers,LAC,2057.0,0.056,-1.2,0.4
2017-18,Avery Bradley,2TM,1433.0,-0.007,-4.0,-0.7
2017-18,Bam Adebayo,MIA,1368.0,0.148,-0.4,0.6
2017-18,Ben McLemore,MEM,1091.0,0.023,-3.9,-0.5
2017-18,Ben Moore,IND,9.0,0.072,-9.3,0.0
2017-18,Ben Simmons,PHI,2732.0,0.162,4.5,4.5
2017-18,Bismack Biyombo,ORL,1495.0,0.094,-2.4,-0.2
2017-18,Blake Griffin,2TM,1970.0,0.12,3.4,2.7
2017-18,Boban Marjanović,2TM,337.0,0.215,2.5,0.4
2017-18,Bobby Brown,HOU,115.0,-0.08,-7.2,-0.2
2017-18,Bobby Portis,CHI,1643.0,0.101,0.8,1.2
2017-18,Bogdan Bogdanović,SAC,2175.0,0.064,-1.5,0.3
2017-18,Bojan Bogdanović,IND,2464.0,0.105,-0.7,0.8
2017-18,Bradley Beal,WAS,2977.0,0.111,2.2,3.1
2017-18,Brandan Wright,2TM,381.0,0.163,2.1,0.4
2017-18,Brandon Ingram,LAL,1975.0,0.068,-1.2,0.4
2017-18,Brandon Jennings,MIL,205.0,0.026,-3.4,-0.1
2017-18,Brandon Paul,SAS,576.0,0.045,-3.5,-0.2
2017-18,Briante Weber,2TM,237.0,0.072,-1.3,0.0
2017-18,Brice Johnson,2TM,98.0,0.082,-0.4,0.0
2017-18,Brook Lopez,LAL,1735.0,0.105,0.9,1.3
2017-18,Bruno Caboclo,2TM,107.0,-0.021,-5.8,-0.1
2017-18,Bryn Forbes,SAS,1517.0,0.067,-3.1,-0.4
2017-18,Buddy Hield,SAC,2024.0,0.067,1.0,1.5
2017-18,C.J. Miles,TOR,1337.0,0.103,0.3,0.8
2017-18,C.J. Williams,LAC,707.0,0.051,-2.1,0.0
2017-18,CJ McCollum,POR,2923.0,0.108,1.2,2.4
2017-18,Caleb Swanigan,POR,189.0,-0.003,-5.5,-0.2
2017-18,Cameron Payne,CHI,582.0,0.063,-0.4,0.2
2017-18,Caris LeVert,BRK,1864.0,0.058,-0.8,0.6
2017-18,Carmelo Anthony,OKC,2501.0,0.071,-1.9,0.0
2017-18,Cedi Osman,CLE,672.0,0.064,-2.9,-0.1
2017-18,Chandler Parsons,MEM,691.0,0.077,0.8,0.5
2017-18,Channing Frye,2TM,695.0,0.101,-0.5,0.3
2017-18,Charles Cooke,NOP,38.0,-0.239,-14.4,-0.1
2017-18,Cheick Diallo,NOP,581.0,0.157,-1.2,0.1
2017-18,Chinanu Onuaku,HOU,22.0,-0.147,-14.7,-0.1
2017-18,Chris Boucher,GSW,1.0,-0.899,-33.1,0.0
2017-18,Chris McCullough,WAS,90.0,0.081,-1.8,0.0
2017-18,Chris Paul,HOU,1847.0,0.265,7.1,4.2
2017-18,Clint Capela,HOU,2034.0,0.242,3.4,2.8
2017-18,Cody Zeller,CHO,627.0,0.145,-1.2,0.1
2017-18,Cole Aldrich,MIN,49.0,-0.013,-7.5,-0.1
2017-18,Corey Brewer,2TM,1208.0,0.091,-1.3,0.2
2017-18,Cory Joseph,IND,2210.0,0.068,-1.5,0.3
2017-18,Courtney Lee,NYK,2310.0,0.082,-0.3,1.0
2017-18,Cristiano Felício,CHI,977.0,0.086,-3.9,-0.5
2017-18,D'Angelo Russell,BRK,1234.0,0.014,-1.2,0.3
2017-18,D.J. Augustin,ORL,1760.0,0.11,-0.2,0.8
2017-18,D.J. Wilson,MIL,71.0,0.054,-2.0,0.0
2017-18,Dakari Johnson,OKC,161.0,0.178,-0.3,0.1
2017-18,Damian Jones,GSW,89.0,0.031,-7.1,-0.1
2017-18,Damian Lillard,POR,2670.0,0.227,7.2,6.3
2017-18,Damien Wilkins,IND,152.0,-0.019,-6.1,-0.2
2017-18,Damion Lee,ATL,404.0,0.046,-1.9,0.0
2017-18,Damyean Dotson,NYK,474.0,0.06,-2.3,0.0
2017-18,Daniel Hamilton,OKC,28.0,0.169,2.3,0.0
2017-18,Daniel Theis,BOS,936.0,0.178,0.3,0.5
2017-18,Danilo Gallinari,LAC,671.0,0.088,-0.5,0.3
2017-18,Danny Green,SAS,1791.0,0.078,0.4,1.1
2017-18,Dante Cunningham,2TM,1562.0,0.074,-1.7,0.1
2017-18,Dante Exum,UTA,235.0,0.133,0.1,0.1
2017-18,Danuel House Jr.,PHO,403.0,0.066,-1.6,0.0
2017-18,Dario Šarić,PHI,2310.0,0.137,1.3,1.9
2017-18,Darius Miller,NOP,1944.0,0.075,-1.9,0.1
2017-18,Darrell Arthur,DEN,141.0,-0.011,-5.3,-0.1
2017-18,Darren Collison,IND,2018.0,0.181,2.7,2.4
2017-18,Darrun Hilliard,SAS,95.0,-0.015,-7.9,-0.1
2017-18,David Nwaba,CHI,1646.0,0.071,-2.5,-0.2
2017-18,David Stockton,UTA,9.0,0.459,7.9,0.0
2017-18,David West,GSW,999.0,0.168,3.1,1.3
2017-18,Davon Reed,PHO,242.0,-0.06,-6.4,-0.3
2017-18,De'Aaron Fox,SAC,2026.0,-0.014,-4.2,-1.1
2017-18,DeAndre Jordan,LAC,2424.0,0.186,1.4,2.1
2017-18,DeAndre Liggins,2TM,724.0,0.034,-2.5,-0.1
2017-18,DeAndre' Bembry,ATL,455.0,-0.04,-4.7,-0.3
2017-18,DeMar DeRozan,TOR,2711.0,0.17,2.8,3.2
2017-18,DeMarcus Cousins,NOP,1737.0,0.13,4.7,2.9
2017-18,DeMarre Carroll,BRK,2180.0,0.091,0.2,1.2
2017-18,Dejounte Murray,SAS,1743.0,0.087,0.5,1.1
2017-18,Delon Wright,TOR,1433.0,0.152,3.3,1.9
2017-18,Demetrius Jackson,2TM,80.0,-0.047,-5.2,-0.1
2017-18,Dennis Schröder,ATL,2078.0,0.059,-0.6,0.7
2017-18,Dennis Smith Jr.,DAL,2049.0,-0.017,-2.4,-0.2
2017-18,Denzel Valentine,CHI,2095.0,0.057,-1.0,0.5
2017-18,Derrick Favors,UTA,2153.0,0.179,1.5,1.9
2017-18,Derrick Jones Jr.,2TM,245.0,0.075,-2.7,0.0
2017-18,Derrick Rose,2TM,420.0,-0.018,-5.4,-0.4
2017-18,Derrick Walton,MIA,147.0,0.128,1.3,0.1
2017-18,Derrick White,SAS,139.0,0.17,2.3,0.2
2017-18,Derrick Williams,LAL,9.0,-0.191,-16.8,0.0
2017-18,Devin Booker,PHO,1865.0,0.063,0.9,1.4
2017-18,Devin Harris,2TM,1340.0,0.089,-1.8,0.1
2017-18,Devin Robinson,WAS,13.0,0.098,-2.1,0.0
2017-18,Dewayne Dedmon,ATL,1542.0,0.114,0.1,0.8
2017-18,Deyonta Davis,MEM,943.0,0.138,-1.5,0.1
2017-18,Dillon Brooks,MEM,2350.0,0.025,-4.0,-1.2
2017-18,Dion Waiters,MIA,918.0,0.004,-3.5,-0.4
2017-18,Dirk Nowitzki,DAL,1900.0,0.121,2.3,2.1
2017-18,Domantas Sabonis,IND,1810.0,0.126,-1.1,0.4
2017-18,Donovan Mitchell,UTA,2638.0,0.095,1.2,2.2
2017-18,Dorian Finney-Smith,DAL,448.0,0.015,-4.6,-0.3
2017-18,Doug McDermott,2TM,1768.0,0.063,-2.2,-0.1
2017-18,Dragan Bender,PHO,2069.0,0.001,-3.7,-0.9
2017-18,Draymond Green,GSW,2287.0,0.127,2.8,2.8
2017-18,Dwayne Bacon,CHO,713.0,-0.007,-4.7,-0.5
2017-18,Dwight Buycks,DET,427.0,0.027,-3.1,-0.1
2017-18,Dwight Howard,CHO,2463.0,0.132,-0.1,1.2
2017-18,Dwight Powell,DAL,1672.0,0.191,1.6,1.5
2017-18,Dwyane Wade,2TM,1536.0,0.036,-1.0,0.4
2017-18,Dāvis Bertāns,SAS,1086.0,0.135,1.6,1.0
2017-18,E'Twaun Moore,NOP,2586.0,0.081,-1.6,0.3
2017-18,Ed Davis,POR,1471.0,0.164,-0.6,0.5
2017-18,Edmond Sumner,IND,2.0,0.425,6.9,0.0
2017-18,Ekpe Udoh,UTA,810.0,0.187,3.1,1.1
2017-18,Elfrid Payton,2TM,1808.0,0.075,-0.2,0.8
2017-18,Emeka Okafor,NOP,353.0,0.14,-1.2,0.1
2017-18,Emmanuel Mudiay,2TM,1245.0,-0.002,-3.9,-0.6
2017-18,Enes Freedom,NYK,1830.0,0.198,2.2,1.9
2017-18,Eric Bledsoe,2TM,2322.0,0.116,2.5,2.6
2017-18,Eric Gordon,HOU,2154.0,0.105,0.4,1.3
2017-18,Eric Moreland,DET,805.0,0.135,0.5,0.5
2017-18,Erik McCree,UTA,8.0,-0.334,-13.7,0.0
2017-18,Ersan İlyasova,2TM,1729.0,0.112,-0.6,0.6
2017-18,Evan Fournier,ORL,1837.0,0.087,-0.6,0.7
2017-18,Evan Turner,POR,2034.0,0.061,-2.5,-0.3
2017-18,Frank Kaminsky,CHO,1835.0,0.094,-0.2,0.8
2017-18,Frank Mason III,SAC,984.0,0.027,-2.3,-0.1
2017-18,Frank Ntilikina,NYK,1706.0,-0.026,-5.0,-1.3
2017-18,Fred VanVleet,TOR,1520.0,0.149,2.4,1.7
2017-18,Furkan Korkmaz,PHI,80.0,-0.006,-7.6,-0.1
2017-18,Garrett Temple,SAC,1615.0,0.035,-2.5,-0.2
2017-18,Gary Harris,DEN,2304.0,0.114,0.8,1.7
2017-18,Gary Payton II,2TM,221.0,0.041,-3.9,-0.1
2017-18,George Hill,2TM,1812.0,0.085,-0.8,0.6
2017-18,Georges Niang,UTA,32.0,-0.029,-4.0,0.0
2017-18,Georgios Papagiannis,2TM,122.0,0.005,-4.1,-0.1
2017-18,Gerald Green,HOU,929.0,0.107,0.3,0.5
2017-18,Gian Clavell,DAL,64.0,0.042,-2.2,0.0
2017-18,Giannis Antetokounmpo,MIL,2756.0,0.207,6.2,5.7
2017-18,Glenn Robinson III,IND,338.0,0.088,-0.7,0.1
2017-18,Goran Dragić,MIA,2378.0,0.106,0.3,1.4
2017-18,Gordon Hayward,BOS,5.0,0.056,-7.4,0.0
2017-18,Gorgui Dieng,MIN,1333.0,0.105,-1.0,0.3
2017-18,Greg Monroe,3TM,1040.0,0.155,2.2,1.1
2017-18,Guerschon Yabusele,BOS,235.0,0.122,-1.2,0.0
2017-18,Harrison Barnes,DAL,2634.0,0.07,-0.5,1.0
2017-18,Hassan Whiteside,MIA,1364.0,0.187,2.6,1.6
2017-18,Henry Ellenson,DET,329.0,0.02,-4.4,-0.2
2017-18,Ian Clark,NOP,1455.0,0.037,-3.5,-0.6
2017-18,Ian Mahinmi,WAS,1145.0,0.093,-4.4,-0.7
2017-18,Ike Anigbogu,IND,30.0,0.165,1.9,0.0
2017-18,Iman Shumpert,CLE,276.0,-0.006,-3.3,-0.1
2017-18,Isaiah Canaan,2TM,422.0,0.072,-1.3,0.1
2017-18,Isaiah Hicks,NYK,240.0,-0.003,-7.6,-0.3
2017-18,Isaiah Taylor,ATL,1167.0,0.027,-4.4,-0.7
2017-18,Isaiah Thomas,2TM,862.0,0.009,-4.9,-0.6
2017-18,Isaiah Whitehead,BRK,180.0,-0.035,-3.8,-0.1
2017-18,Ish Smith,DET,2043.0,0.102,0.0,1.0
2017-18,Ivan Rabb,MEM,516.0,0.109,-2.0,0.0
2017-18,Ivica Zubac,LAL,410.0,0.118,-2.0,0.0
2017-18,J.J. Barea,DAL,1603.0,0.098,1.2,1.3
2017-18,J.R. Smith,CLE,2244.0,0.031,-3.0,-0.6
2017-18,JJ Redick,PHI,2116.0,0.15,1.1,1.7
2017-18,JaKarr Sampson,SAC,344.0,0.114,-1.2,0.1
2017-18,JaMychal Green,MEM,1542.0,0.079,-2.3,-0.1
2017-18,JaVale McGee,GSW,615.0,0.212,1.5,0.5
2017-18,Jabari Bird,BOS,115.0,0.098,-3.1,0.0
2017-18,Jabari Parker,MIL,743.0,0.08,-0.8,0.2
2017-18,Jack Cooley,SAC,87.0,0.182,-0.6,0.0
2017-18,Jacob Pullen,PHI,6.0,-0.21,-12.7,0.0
2017-18,Jacob Wiley,BRK,33.0,0.094,-2.3,0.0
2017-18,Jae Crowder,2TM,2090.0,0.06,-2.5,-0.3
2017-18,Jahlil Okafor,2TM,353.0,0.083,-1.7,0.0
2017-18,Jake Layman,POR,160.0,-0.021,-4.3,-0.1
2017-18,Jakob Poeltl,TOR,1524.0,0.175,0.4,0.9
2017-18,Jalen Jones,2TM,181.0,0.027,-6.0,-0.2
2017-18,Jamal Crawford,MIN,1653.0,0.037,-2.3,-0.1
2017-18,Jamal Murray,DEN,2565.0,0.103,-0.3,1.1
2017-18,Jameel Warney,DAL,27.0,0.157,-0.2,0.0
2017-18,Jameer Nelson,2TM,1013.0,0.028,-3.3,-0.3
2017-18,Jamel Artis,ORL,279.0,-0.006,-5.4,-0.2
2017-18,James Ennis III,2TM,1604.0,0.092,-1.2,0.3
2017-18,James Harden,HOU,2551.0,0.289,9.9,7.7
2017-18,James Johnson,MIA,1943.0,0.123,1.6,1.7
2017-18,James Michael McAdoo,PHI,18.0,0.023,-3.0,0.0
2017-18,James Webb III,BRK,120.0,-0.041,-8.3,-0.2
2017-18,James Young,PHI,61.0,0.041,-6.9,-0.1
2017-18,Jamil Wilson,LAC,274.0,0.096,0.2,0.2
2017-18,Jared Dudley,PHO,686.0,0.058,-2.5,-0.1
2017-18,Jarell Eddie,2TM,9.0,-0.142,-8.3,0.0
2017-18,Jarell Martin,MEM,1661.0,0.038,-4.0,-0.8
2017-18,Jarrett Allen,BRK,1441.0,0.141,-0.8,0.5
2017-18,Jarrett Jack,NYK,1548.0,0.036,-2.8,-0.3
2017-18,Jason Smith,WAS,285.0,0.003,-6.4,-0.3
2017-18,Jason Terry,MIL,814.0,0.042,-2.0,0.0
2017-18,Jawun Evans,LAC,778.0,-0.011,-5.0,-0.6
2017-18,Jaylen Brown,BOS,2152.0,0.1,-0.5,0.8
2017-18,Jaylen Morris,ATL,98.0,-0.053,-5.4,-0.1
2017-18,Jayson Tatum,BOS,2443.0,0.139,1.2,2.0
2017-18,Jeff Green,CLE,1828.0,0.103,-1.8,0.1
2017-18,Jeff Teague,MIN,2311.0,0.101,0.4,1.4
2017-18,Jeff Withey,DAL,39.0,-0.054,-5.0,0.0
2017-18,Jerami Grant,OKC,1647.0,0.156,0.3,1.0
2017-18,Jeremy Evans,ATL,5.0,-0.028,-9.9,0.0
2017-18,Jeremy Lamb,CHO,1967.0,0.12,1.6,1.8
2017-18,Jeremy Lin,BRK,25.0,0.087,-5.4,0.0
2017-18,Jerian Grant,CHI,1686.0,0.094,-1.3,0.3
2017-18,Jerryd Bayless,PHI,925.0,0.055,-2.8,-0.2
2017-18,Jimmy Butler,MIN,2164.0,0.198,5.8,4.2
2017-18,Joakim Noah,NYK,40.0,0.072,-0.8,0.0
2017-18,Jodie Meeks,WAS,1119.0,0.086,-1.1,0.3
2017-18,Joe Harris,BRK,1975.0,0.097,0.1,1.0
2017-18,Joe Ingles,UTA,2578.0,0.141,2.3,2.8
2017-18,Joe Johnson,2TM,1205.0,0.04,-2.9,-0.3
2017-18,Joe Young,IND,558.0,0.043,-3.5,-0.2
2017-18,Joel Bolomboy,MIL,38.0,0.079,-5.0,0.0
2017-18,Joel Embiid,PHI,1912.0,0.155,3.3,2.6
2017-18,Joffrey Lauvergne,SAS,534.0,0.12,-1.0,0.1
2017-18,John Collins,ATL,1785.0,0.145,-0.2,0.8
2017-18,John Henson,MIL,1970.0,0.12,-0.9,0.5
2017-18,John Holland,CLE,174.0,-0.05,-5.5,-0.2
2017-18,John Wall,WAS,1410.0,0.092,3.0,1.8
2017-18,Johnathan Motley,DAL,176.0,0.084,-3.3,-0.1
2017-18,Johnny O'Bryant,CHO,379.0,0.038,-4.4,-0.2
2017-18,Jon Leuer,DET,136.0,0.05,-4.6,-0.1
2017-18,Jonas Jerebko,UTA,1134.0,0.144,0.1,0.6
2017-18,Jonas Valančiūnas,TOR,1727.0,0.21,2.4,1.9
2017-18,Jonathan Gibson,BOS,40.0,0.195,4.1,0.1
2017-18,Jonathan Isaac,ORL,536.0,0.021,-1.4,0.1
2017-18,Jonathon Simmons,ORL,2029.0,0.045,-3.1,-0.5
2017-18,Jordan Bell,GSW,809.0,0.174,2.8,1.0
2017-18,Jordan Clarkson,2TM,1888.0,0.077,0.1,1.0
2017-18,Jordan Crawford,NOP,53.0,0.15,4.2,0.1
2017-18,Jordan Mickey,MIA,284.0,0.054,-5.6,-0.3
2017-18,Josh Gray,PHO,86.0,-0.118,-4.2,0.0
2017-18,Josh Hart,LAL,1461.0,0.111,-0.1,0.7
2017-18,Josh Huestis,OKC,982.0,0.024,-3.9,-0.5
2017-18,Josh Jackson,PHO,1959.0,-0.018,-4.2,-1.1
2017-18,Josh Magette,ATL,216.0,0.092,-2.6,0.0
2017-18,Josh McRoberts,DAL,6.0,-0.19,-21.4,0.0
2017-18,Josh Richardson,MIA,2689.0,0.096,0.7,1.8
2017-18,Josh Smith,NOP,12.0,-0.013,-14.6,0.0
2017-18,José Calderón,CLE,914.0,0.095,-1.9,0.0
2017-18,Jrue Holiday,NOP,2927.0,0.116,1.6,2.7
2017-18,Juancho Hernangómez,DEN,277.0,0.061,-3.3,-0.1
2017-18,Julius Randle,LAL,2190.0,0.145,0.6,1.4
2017-18,Julyan Stone,CHO,175.0,0.087,-1.3,0.0
2017-18,Justin Anderson,PHI,519.0,0.115,-0.9,0.1
2017-18,Justin Holiday,CHI,2265.0,0.036,-1.9,0.0
2017-18,Justin Jackson,SAC,1506.0,0.031,-3.5,-0.6
2017-18,Justin Patton,MIN,4.0,0.151,3.2,0.0
2017-18,Justise Winslow,MIA,1680.0,0.075,-1.1,0.4
2017-18,Jusuf Nurkić,POR,2088.0,0.108,0.0,1.1
2017-18,Kadeem Allen,BOS,107.0,-0.038,-7.7,-0.2
2017-18,Karl-Anthony Towns,MIN,2918.0,0.23,5.1,5.2
2017-18,Kawhi Leonard,SAS,210.0,0.196,10.1,0.6
2017-18,Kay Felder,2TM,140.0,-0.175,-11.1,-0.3
2017-18,Kelly Olynyk,MIA,1779.0,0.148,2.3,1.9
2017-18,Kelly Oubre Jr.,WAS,2231.0,0.08,-1.7,0.2
2017-18,Kemba Walker,CHO,2736.0,0.15,4.0,4.2
2017-18,Kendrick Perkins,CLE,15.0,0.026,-2.2,0.0
2017-18,Kenneth Faried,DEN,461.0,0.132,-2.1,0.0
2017-18,Kent Bazemore,ATL,1789.0,0.059,0.6,1.2
2017-18,Kentavious Caldwell-Pope,LAL,2458.0,0.103,0.3,1.4
2017-18,Kevin Durant,GSW,2325.0,0.215,7.3,5.5
2017-18,Kevin Love,CLE,1651.0,0.185,3.3,2.2
2017-18,Kevon Looney,GSW,910.0,0.145,-0.2,0.4
2017-18,Khem Birch,ORL,578.0,0.15,-0.9,0.2
2017-18,Khris Middleton,MIL,2982.0,0.111,0.0,1.5
2017-18,Klay Thompson,GSW,2506.0,0.094,-0.4,1.0
2017-18,Kobi Simmons,MEM,643.0,-0.013,-6.9,-0.8
2017-18,Kosta Koufos,SAC,1391.0,0.134,-0.4,0.6
2017-18,Kris Dunn,CHI,1525.0,0.027,-1.3,0.3
2017-18,Kristaps Porziņģis,NYK,1553.0,0.099,1.8,1.5
2017-18,Kyle Anderson,SAS,1978.0,0.151,2.9,2.4
2017-18,Kyle Collinsworth,DAL,480.0,0.045,-2.6,-0.1
2017-18,Kyle Korver,CLE,1574.0,0.104,0.2,0.9
2017-18,Kyle Kuzma,LAL,2401.0,0.077,-0.7,0.8
2017-18,Kyle Lowry,TOR,2510.0,0.194,5.2,4.5
2017-18,Kyle O'Quinn,NYK,1387.0,0.166,3.1,1.8
2017-18,Kyle Singler,OKC,59.0,-0.031,-6.7,-0.1
2017-18,Kyrie Irving,BOS,1931.0,0.222,7.3,4.5
2017-18,LaMarcus Aldridge,SAS,2509.0,0.209,3.9,3.7
2017-18,Lance Stephenson,IND,1850.0,0.046,-1.8,0.1
2017-18,Lance Thomas,NYK,1353.0,0.031,-3.7,-0.6
2017-18,Langston Galloway,DET,863.0,0.079,0.1,0.5
2017-18,Larry Drew II,2TM,70.0,-0.061,-9.0,-0.1
2017-18,Larry Nance Jr.,2TM,1421.0,0.196,2.4,1.6
2017-18,Lauri Markkanen,CHI,2020.0,0.079,-0.2,0.9
2017-18,LeBron James,CLE,3026.0,0.221,8.7,8.2
2017-18,League Average,nan,,,,
2017-18,London Perrantes,CLE,66.0,-0.086,-9.2,-0.1
2017-18,Lonzo Ball,LAL,1780.0,0.053,1.0,1.3
2017-18,Lorenzo Brown,TOR,139.0,0.06,-2.5,0.0
2017-18,Lou Williams,LAC,2589.0,0.125,2.3,2.8
2017-18,Luc Mbah a Moute,HOU,1564.0,0.087,-0.2,0.7
2017-18,Lucas Nogueira,TOR,418.0,0.188,5.2,0.8
2017-18,Luis Montero,DET,8.0,-0.445,-25.6,0.0
2017-18,Luke Babbitt,2TM,715.0,0.06,-2.4,-0.1
2017-18,Luke Kennard,DET,1463.0,0.084,-0.8,0.5
2017-18,Luke Kornet,NYK,326.0,0.077,0.2,0.2
2017-18,Luol Deng,LAL,13.0,-0.018,-2.9,0.0
2017-18,Malachi Richardson,2TM,324.0,-0.015,-6.0,-0.3
2017-18,Malcolm Brogdon,MIL,1436.0,0.091,-1.2,0.3
2017-18,Malcolm Delaney,ATL,1014.0,0.047,-2.6,-0.1
2017-18,Malcolm Miller,TOR,126.0,0.087,-1.0,0.0
2017-18,Malik Beasley,DEN,583.0,0.028,-3.8,-0.3
2017-18,Malik Monk,CHO,854.0,0.0,-3.4,-0.3
2017-18,Mangok Mathiang,CHO,20.0,0.183,-4.6,0.0
2017-18,Manu Ginóbili,SAS,1299.0,0.082,-1.3,0.2
2017-18,MarShon Brooks,MEM,193.0,0.179,7.1,0.4
2017-18,Marc Gasol,MEM,2408.0,0.08,2.3,2.7
2017-18,Marcin Gortat,WAS,2075.0,0.113,-0.6,0.8
2017-18,Marco Belinelli,2TM,1947.0,0.092,-0.5,0.8
2017-18,Marcus Georges-Hunt,MIN,224.0,0.049,-5.1,-0.2
2017-18,Marcus Morris,BOS,1442.0,0.108,-0.1,0.7
2017-18,Marcus Paige,CHO,28.0,-0.006,-8.8,0.0
2017-18,Marcus Smart,BOS,1614.0,0.056,-1.2,0.3
2017-18,Mario Chalmers,MEM,1421.0,0.021,-3.2,-0.4
2017-18,Mario Hezonja,ORL,1657.0,0.066,-0.5,0.6
2017-18,Markel Brown,HOU,31.0,-0.063,-10.8,-0.1
2017-18,Markelle Fultz,PHI,253.0,0.043,-2.6,0.0
2017-18,Markieff Morris,WAS,1968.0,0.08,-1.3,0.4
2017-18,Marquese Chriss,PHO,1527.0,0.023,-2.8,-0.3
2017-18,Marquis Teague,MEM,74.0,-0.038,-5.7,-0.1
2017-18,Marreese Speights,ORL,675.0,0.045,-1.1,0.1
2017-18,Marshall Plumlee,MIL,52.0,0.143,-4.5,0.0
2017-18,Marvin Williams,CHO,2006.0,0.119,1.0,1.5
2017-18,Mason Plumlee,DEN,1439.0,0.12,0.5,0.9
2017-18,Matt Costello,SAS,32.0,0.127,-0.7,0.0
2017-18,Matt Williams,MIA,11.0,-0.197,-11.2,0.0
2017-18,Matthew Dellavedova,MIL,712.0,0.032,-4.4,-0.4
2017-18,Maurice Harkless,POR,1264.0,0.123,1.4,1.1
2017-18,Maxi Kleber,DAL,1206.0,0.113,-0.5,0.5
2017-18,Meyers Leonard,POR,254.0,0.2,2.0,0.3
2017-18,Michael Beasley,NYK,1653.0,0.069,-0.2,0.7
2017-18,Michael Carter-Williams,CHO,835.0,0.05,-1.5,0.1
2017-18,Michael Kidd-Gilchrist,CHO,1850.0,0.084,-2.1,-0.1
2017-18,Mike Conley,MEM,373.0,0.077,0.5,0.2
2017-18,Mike James,2TM,687.0,0.017,-1.5,0.1
2017-18,Mike Muscala,ATL,1060.0,0.109,0.3,0.6
2017-18,Mike Scott,WAS,1406.0,0.085,-1.7,0.1
2017-18,Miles Plumlee,ATL,918.0,0.046,-3.8,-0.4
2017-18,Miloš Teodosić,LAC,1134.0,0.058,-1.7,0.1
2017-18,Milton Doyle,BRK,125.0,-0.052,-6.8,-0.1
2017-18,Mindaugas Kuzminskas,NYK,2.0,-1.065,-54.7,0.0
2017-18,Mirza Teletović,MIL,159.0,0.09,0.4,0.1
2017-18,Monte Morris,DEN,25.0,0.312,9.4,0.1
2017-18,Montrezl Harrell,LAC,1293.0,0.205,3.3,1.7
2017-18,Myke Henry,MEM,378.0,0.017,-1.3,0.1
2017-18,Myles Turner,IND,1836.0,0.122,-0.2,0.8
2017-18,Nate Wolters,UTA,19.0,-0.137,-12.8,-0.1
2017-18,Naz Mitrou-Long,UTA,1.0,2.712,242.2,0.0
2017-18,Nemanja Bjelica,MIN,1371.0,0.097,0.1,0.7
2017-18,Nenê,HOU,758.0,0.163,-1.0,0.2
2017-18,Nerlens Noel,DAL,472.0,0.135,0.5,0.3
2017-18,Nick Collison,OKC,75.0,0.064,-4.2,0.0
2017-18,Nick Young,GSW,1393.0,0.059,-3.5,-0.5
2017-18,Nicolas Batum,CHO,1981.0,0.084,0.4,1.2
2017-18,Nicolás Brussino,ATL,10.0,-0.18,-11.3,0.0
2017-18,Nigel Hayes-Davis,3TM,122.0,-0.034,-3.8,-0.1
2017-18,Nik Stauskas,2TM,523.0,0.031,-2.3,-0.1
2017-18,Nikola Jokić,DEN,2443.0,0.211,6.9,5.5
2017-18,Nikola Mirotić,2TM,1494.0,0.128,2.2,1.6
2017-18,Nikola Vučević,ORL,1683.0,0.102,2.7,2.0
2017-18,Noah Vonleh,2TM,875.0,0.09,-1.3,0.2
2017-18,Norman Powell,TOR,1062.0,0.027,-2.9,-0.3
2017-18,OG Anunoby,TOR,1481.0,0.098,-0.6,0.5
2017-18,Okaro White,MIA,80.0,0.096,-0.7,0.0
2017-18,Omari Johnson,MEM,75.0,0.053,-4.5,0.0
2017-18,Omri Casspi,GSW,740.0,0.14,-0.9,0.2
2017-18,Otto Porter Jr.,WAS,2432.0,0.161,3.5,3.4
2017-18,P.J. Tucker,HOU,2281.0,0.082,-1.1,0.5
2017-18,PJ Dozier,OKC,3.0,-0.404,-20.4,0.0
2017-18,Pascal Siakam,TOR,1679.0,0.133,1.3,1.4
2017-18,Pat Connaughton,POR,1488.0,0.08,-1.8,0.1
2017-18,Patrick Beverley,LAC,334.0,0.056,0.5,0.2
2017-18,Patrick McCaw,GSW,961.0,0.029,-4.1,-0.5
2017-18,Patrick Patterson,OKC,1270.0,0.098,-0.2,0.6
2017-18,Patty Mills,SAS,2107.0,0.093,-1.0,0.5
2017-18,Pau Gasol,SAS,1812.0,0.159,3.4,2.5
2017-18,Paul George,OKC,2891.0,0.147,2.9,3.6
2017-18,Paul Millsap,DEN,1143.0,0.107,0.4,0.7
2017-18,Paul Zipser,CHI,824.0,-0.034,-6.1,-0.8
2017-18,Quincy Acy,BRK,1359.0,0.036,-2.5,-0.2
2017-18,Quincy Pondexter,CHI,196.0,-0.047,-7.4,-0.3
2017-18,Quinn Cook,GSW,740.0,0.101,-1.6,0.1
2017-18,R.J. Hunter,HOU,45.0,0.022,-3.3,0.0
2017-18,Rajon Rondo,NOP,1705.0,0.101,-0.3,0.7
2017-18,Ramon Sessions,2TM,392.0,0.039,-3.2,-0.1
2017-18,Rashad Vaughn,3TM,212.0,0.05,-2.6,0.0
2017-18,Raul Neto,UTA,498.0,0.086,-1.4,0.1
2017-18,Raymond Felton,OKC,1365.0,0.078,-0.6,0.5
2017-18,Reggie Bullock,DET,1732.0,0.117,0.7,1.2
2017-18,Reggie Hearn,DET,7.0,0.132,1.5,0.0
2017-18,Reggie Jackson,DET,1201.0,0.078,-0.4,0.5
2017-18,Richard Jefferson,DEN,163.0,0.029,-4.3,-0.1
2017-18,Richaun Holmes,PHI,746.0,0.183,1.1,0.6
2017-18,Ricky Rubio,UTA,2254.0,0.112,0.7,1.6
2017-18,Robert Covington,PHI,2532.0,0.116,1.5,2.3
2017-18,Robin Lopez,CHI,1690.0,0.055,-2.2,-0.1
2017-18,Rodney Hood,2TM,1616.0,0.081,-0.1,0.8
2017-18,Rodney McGruder,MIA,299.0,0.125,-1.4,0.1
2017-18,Rodney Purvis,ORL,290.0,-0.056,-8.2,-0.5
2017-18,Ron Baker,NYK,385.0,0.059,-0.4,0.2
2017-18,Rondae Hollis-Jefferson,BRK,1920.0,0.103,0.1,1.0
2017-18,Royce O'Neale,UTA,1150.0,0.099,-0.2,0.5
2017-18,Rudy Gay,SAS,1231.0,0.122,0.8,0.9
2017-18,Rudy Gobert,UTA,1816.0,0.214,3.4,2.5
2017-18,Russell Westbrook,OKC,2914.0,0.166,6.3,6.1
2017-18,Ryan Anderson,HOU,1725.0,0.132,0.1,0.9
2017-18,Ryan Arcidiacono,CHI,304.0,0.04,-4.1,-0.2
2017-18,Salah Mejri,DAL,729.0,0.175,0.7,0.5
2017-18,Sam Dekker,LAC,883.0,0.066,-2.9,-0.2
2017-18,Scotty Hopson,DAL,8.0,-0.238,-14.0,0.0
2017-18,Sean Kilpatrick,4TM,640.0,0.008,-2.8,-0.1
2017-18,Semi Ojeleye,BOS,1150.0,0.048,-4.7,-0.8
2017-18,Serge Ibaka,TOR,2093.0,0.117,-0.1,1.0
2017-18,Shabazz Muhammad,2TM,418.0,0.081,-2.5,-0.1
2017-18,Shabazz Napier,POR,1535.0,0.101,0.7,1.0
2017-18,Shane Larkin,BOS,775.0,0.087,-1.7,0.1
2017-18,Shaquille Harrison,PHO,384.0,0.094,-0.7,0.1
2017-18,Shaun Livingston,GSW,1129.0,0.077,-3.1,-0.3
2017-18,Shelvin Mack,ORL,1365.0,0.069,-1.4,0.2
2017-18,Sindarius Thornwell,LAC,1156.0,0.041,-2.4,-0.1
2017-18,Skal Labissière,SAC,1240.0,0.054,-2.7,-0.2
2017-18,Solomon Hill,NOP,187.0,-0.014,-4.8,-0.1
2017-18,Spencer Dinwiddie,BRK,2306.0,0.118,0.6,1.5
2017-18,Stanley Johnson,DET,1894.0,0.046,-2.9,-0.4
2017-18,Stephen Curry,GSW,1631.0,0.267,7.7,4.0
2017-18,Sterling Brown,MIL,776.0,0.043,-3.1,-0.2
2017-18,Steven Adams,OKC,2487.0,0.187,1.1,2.0
2017-18,T.J. Leaf,IND,459.0,0.082,-3.1,-0.1
2017-18,T.J. McConnell,PHI,1706.0,0.108,0.0,0.9
2017-18,T.J. Warren,PHO,2142.0,0.077,-0.7,0.7
2017-18,Taj Gibson,MIN,2726.0,0.126,-0.5,1.0
2017-18,Tarik Black,HOU,536.0,0.136,-2.6,-0.1
2017-18,Taurean Prince,ATL,2464.0,0.038,-1.1,0.6
2017-18,Terrance Ferguson,OKC,763.0,0.077,-3.3,-0.3
2017-18,Terrence Ross,ORL,600.0,0.025,-2.7,-0.1
2017-18,Terry Rozier,BOS,2068.0,0.13,2.1,2.1
2017-18,Thabo Sefolosha,UTA,806.0,0.156,2.7,0.9
2017-18,Thaddeus Young,IND,2607.0,0.101,0.2,1.4
2017-18,Thomas Bryant,LAL,72.0,0.05,-3.3,0.0
2017-18,Thon Maker,MIL,1238.0,0.056,-3.5,-0.5
2017-18,Tim Frazier,WAS,838.0,0.08,-0.9,0.2
2017-18,Tim Hardaway Jr.,NYK,1885.0,0.067,-0.6,0.7
2017-18,Tim Quarterman,HOU,13.0,-0.083,-9.7,0.0
2017-18,Timofey Mozgov,BRK,359.0,0.055,-3.9,-0.2
2017-18,Timothé Luwawu-Cabarrot,PHI,807.0,0.046,-4.1,-0.4
2017-18,Tobias Harris,2TM,2668.0,0.12,1.9,2.6
2017-18,Tomáš Satoranský,WAS,1643.0,0.145,1.2,1.3
2017-18,Tony Allen,NOP,273.0,0.017,-5.5,-0.2
2017-18,Tony Bradley,UTA,29.0,0.033,-7.5,0.0
2017-18,Tony Parker,SAS,1071.0,0.065,-3.3,-0.3
2017-18,Tony Snell,MIL,2053.0,0.056,-2.3,-0.1
2017-18,Torrey Craig,DEN,629.0,0.069,-2.9,-0.1
2017-18,Travis Wear,LAL,228.0,0.042,-3.7,-0.1
2017-18,Treveon Graham,CHO,1050.0,0.08,-2.7,-0.2
2017-18,Trevor Ariza,HOU,2269.0,0.113,0.7,1.5
2017-18,Trevor Booker,3TM,1158.0,0.121,-0.6,0.4
2017-18,Trey Burke,NYK,785.0,0.145,2.5,0.9
2017-18,Trey Lyles,DEN,1391.0,0.134,1.3,1.1
2017-18,Trey McKinney-Jones,IND,1.0,-0.001,-8.5,0.0
2017-18,Tristan Thompson,CLE,1072.0,0.113,-2.9,-0.2
2017-18,Troy Daniels,PHO,1622.0,0.042,-2.6,-0.3
2017-18,Troy Williams,2TM,307.0,0.085,-0.5,0.1
2017-18,Tyler Cavanaugh,ATL,518.0,0.109,-1.9,0.0
2017-18,Tyler Dorsey,ATL,974.0,0.02,-2.9,-0.2
2017-18,Tyler Ennis,LAL,683.0,0.058,-2.1,0.0
2017-18,Tyler Johnson,MIA,2052.0,0.097,-0.3,0.9
2017-18,Tyler Lydon,DEN,2.0,-0.014,-5.4,0.0
2017-18,Tyler Ulis,PHO,1658.0,-0.006,-4.4,-1.0
2017-18,Tyler Zeller,2TM,1109.0,0.126,-1.4,0.2
2017-18,Tyreke Evans,MEM,1607.0,0.126,4.5,2.6
2017-18,Tyrone Wallace,LAC,851.0,0.042,-3.5,-0.3
2017-18,Tyson Chandler,PHO,1151.0,0.111,-1.4,0.2
2017-18,Tyus Jones,MIN,1467.0,0.117,0.8,1.1
2017-18,Udonis Haslem,MIA,72.0,-0.059,-7.7,-0.1
2017-18,Vander Blue,LAL,45.0,-0.102,-8.4,-0.1
2017-18,Victor Oladipo,IND,2552.0,0.155,5.8,5.0
2017-18,Vince Carter,SAC,1026.0,0.056,-1.2,0.2
2017-18,Vince Hunter,MEM,7.0,0.097,9.7,0.0
2017-18,Wade Baldwin,POR,80.0,0.187,1.9,0.1
2017-18,Walt Lemon Jr.,NOP,35.0,-0.071,-8.2,-0.1
2017-18,Wayne Ellington,MIA,2041.0,0.105,0.4,1.2
2017-18,Wayne Selden,MEM,692.0,0.023,-3.1,-0.2
2017-18,Wes Iwundu,ORL,1020.0,0.032,-4.3,-0.6
2017-18,Wesley Johnson,LAC,1486.0,0.055,-0.7,0.5
2017-18,Wesley Matthews,DAL,2131.0,0.059,-0.9,0.6
2017-18,Will Barton,DEN,2683.0,0.111,1.1,2.1
2017-18,Willie Cauley-Stein,SAC,2044.0,0.092,-0.1,1.0
2017-18,Willie Reed,2TM,428.0,0.172,0.8,0.3
2017-18,Willy Hernangómez,2TM,495.0,0.173,1.4,0.4
2017-18,Wilson Chandler,DEN,2346.0,0.067,-2.1,-0.1
2017-18,Xavier Munford,MIL,21.0,-0.197,-11.3,0.0
2017-18,Xavier Rathan-Mayes,MEM,118.0,-0.171,-11.5,-0.3
2017-18,Xavier Silas,BOS,7.0,-0.25,-8.1,0.0
2017-18,Yogi Ferrell,DAL,2282.0,0.064,-1.4,0.4
2017-18,Zach Collins,POR,1045.0,0.03,-4.3,-0.6
2017-18,Zach LaVine,CHI,656.0,0.025,-2.3,-0.1
2017-18,Zach Randolph,SAC,1508.0,0.048,-1.0,0.4
2017-18,Zaza Pachulia,GSW,972.0,0.161,0.0,0.5
2017-18,Zhou Qi,HOU,124.0,-0.104,-10.1,-0.3
2017-18,Álex Abrines,OKC,1134.0,0.094,-1.5,0.1
2017-18,Ömer Aşık,2TM,182.0,-0.021,-8.0,-0.3
2018-19,Aaron Gordon,ORL,2633.0,0.093,0.6,1.7
2018-19,Aaron Holiday,IND,646.0,0.065,-1.6,0.1
2018-19,Abdel Nader,OKC,694.0,0.062,-3.2,-0.2
2018-19,Al Horford,BOS,1973.0,0.181,5.1,3.6
2018-19,Al-Farouq Aminu,POR,2292.0,0.121,0.7,1.5
2018-19,Alan Williams,BRK,26.0,0.312,11.8,0.1
2018-19,Alec Burks,3TM,1375.0,0.052,-1.2,0.3
2018-19,Alex Caruso,LAL,531.0,0.093,-0.2,0.2
2018-19,Alex Len,ATL,1544.0,0.1,-1.2,0.3
2018-19,Alex Poythress,ATL,305.0,0.086,-3.5,-0.1
2018-19,Alfonzo McKinnie,GSW,1003.0,0.1,-3.5,-0.4
2018-19,Alize Johnson,IND,64.0,0.027,-7.7,-0.1
2018-19,Allen Crabbe,BRK,1133.0,0.035,-2.8,-0.2
2018-19,Allonzo Trier,NYK,1459.0,0.03,-3.1,-0.4
2018-19,Amile Jefferson,ORL,68.0,0.258,2.5,0.1
2018-19,Amir Johnson,PHI,529.0,0.098,-2.3,0.0
2018-19,Andre Drummond,DET,2647.0,0.181,2.1,2.7
2018-19,Andre Iguodala,GSW,1578.0,0.129,1.8,1.5
2018-19,Andre Ingram,LAL,15.0,-0.408,-19.6,-0.1
2018-19,Andrew Bogut,GSW,134.0,0.111,-2.9,0.0
2018-19,Andrew Harrison,3TM,187.0,-0.027,-7.1,-0.2
2018-19,Andrew Wiggins,MIN,2543.0,0.012,-3.0,-0.6
2018-19,Anfernee Simons,POR,141.0,0.02,-5.3,-0.1
2018-19,Ante Žižić,CLE,1082.0,0.087,-3.2,-0.3
2018-19,Anthony Davis,NOP,1850.0,0.247,9.4,5.3
2018-19,Anthony Tolliver,MIN,1079.0,0.052,-2.4,-0.1
2018-19,Antonio Blakeney,CHI,829.0,-0.03,-5.2,-0.7
2018-19,Aron Baynes,BOS,821.0,0.139,-1.5,0.1
2018-19,Austin Rivers,2TM,2028.0,0.028,-4.3,-1.1
2018-19,Avery Bradley,2TM,1905.0,0.009,-3.7,-0.8
2018-19,B.J. Johnson,2TM,49.0,0.066,-4.3,0.0
2018-19,Bam Adebayo,MIA,1913.0,0.171,1.8,1.8
2018-19,Ben McLemore,SAC,158.0,0.055,-3.5,-0.1
2018-19,Ben Simmons,PHI,2700.0,0.146,3.6,3.8
2018-19,Billy Garrett,NYK,63.0,-0.019,-5.5,-0.1
2018-19,Bismack Biyombo,CHO,783.0,0.125,-2.5,-0.1
2018-19,Blake Griffin,DET,2622.0,0.147,5.1,4.7
2018-19,Boban Marjanović,2TM,681.0,0.212,3.2,0.9
2018-19,Bobby Portis,2TM,1299.0,0.06,-2.4,-0.1
2018-19,Bogdan Bogdanović,SAC,1947.0,0.067,-0.6,0.7
2018-19,Bojan Bogdanović,IND,2573.0,0.126,0.7,1.7
2018-19,Bonzie Colson,MIL,98.0,0.085,-3.5,0.0
2018-19,Brad Wanamaker,BOS,343.0,0.134,-0.7,0.1
2018-19,Bradley Beal,WAS,3028.0,0.12,2.9,3.7
2018-19,Brandon Goodwin,DEN,57.0,0.021,-9.5,-0.1
2018-19,Brandon Ingram,LAL,1760.0,0.055,-2.0,0.0
2018-19,Brandon Knight,2TM,736.0,-0.002,-5.4,-0.6
2018-19,Brandon Sampson,CHI,214.0,0.01,-4.7,-0.1
2018-19,Brook Lopez,MIL,2322.0,0.138,2.2,2.4
2018-19,Bruce Brown,DET,1449.0,0.048,-3.3,-0.5
2018-19,Bruno Caboclo,MEM,800.0,0.09,-1.1,0.2
2018-19,Bryn Forbes,SAS,2293.0,0.079,-1.2,0.5
2018-19,Buddy Hield,SAC,2615.0,0.108,2.1,2.7
2018-19,C.J. Miles,2TM,856.0,0.041,-2.9,-0.2
2018-19,C.J. Williams,MIN,128.0,0.042,-3.7,-0.1
2018-19,CJ McCollum,POR,2375.0,0.114,1.0,1.8
2018-19,Caleb Swanigan,2TM,178.0,-0.06,-7.2,-0.2
2018-19,Cameron Payne,2TM,712.0,0.031,-3.0,-0.2
2018-19,Cameron Reynolds,MIN,259.0,0.078,-2.5,0.0
2018-19,Caris LeVert,BRK,1063.0,0.077,0.2,0.6
2018-19,Carmelo Anthony,HOU,294.0,0.048,-2.7,-0.1
2018-19,Cedi Osman,CLE,2444.0,0.029,-3.2,-0.8
2018-19,Chandler Hutchison,CHI,895.0,0.03,-3.9,-0.4
2018-19,Chandler Parsons,MEM,496.0,-0.004,-4.4,-0.3
2018-19,Channing Frye,CLE,341.0,0.016,-3.5,-0.1
2018-19,Chasson Randle,WAS,743.0,0.041,-4.0,-0.4
2018-19,Cheick Diallo,NOP,896.0,0.14,-0.9,0.2
2018-19,Chimezie Metu,SAS,145.0,-0.099,-8.7,-0.2
2018-19,Chris Boucher,TOR,163.0,0.194,2.6,0.2
2018-19,Chris Chiozza,HOU,33.0,0.023,-1.3,0.0
2018-19,Chris Paul,HOU,1857.0,0.172,3.9,2.8
2018-19,Christian Wood,2TM,251.0,0.151,0.4,0.1
2018-19,Clint Capela,HOU,2249.0,0.23,3.0,2.8
2018-19,Cody Zeller,CHO,1243.0,0.15,0.1,0.7
2018-19,Collin Sexton,CLE,2605.0,-0.011,-4.7,-1.8
2018-19,Corey Brewer,2TM,492.0,0.095,-1.3,0.1
2018-19,Cory Joseph,IND,2063.0,0.081,-0.4,0.9
2018-19,Courtney Lee,2TM,428.0,0.05,-2.5,-0.1
2018-19,Cristiano Felício,CHI,746.0,0.088,-4.1,-0.4
2018-19,D'Angelo Russell,BRK,2448.0,0.097,3.4,3.4
2018-19,D.J. Augustin,ORL,2269.0,0.146,0.5,1.4
2018-19,D.J. Stephens,MEM,7.0,-0.119,-5.5,0.0
2018-19,D.J. Wilson,MIL,882.0,0.093,-2.2,0.0
2018-19,Dairis Bertāns,NOP,167.0,-0.054,-8.8,-0.3
2018-19,Damian Jones,GSW,410.0,0.173,1.1,0.3
2018-19,Damian Lillard,POR,2838.0,0.205,6.4,6.0
2018-19,Damion Lee,GSW,375.0,0.09,-2.2,0.0
2018-19,Damyean Dotson,NYK,2004.0,0.037,-2.6,-0.3
2018-19,Daniel Hamilton,ATL,204.0,-0.024,-4.1,-0.1
2018-19,Daniel Theis,BOS,908.0,0.188,0.0,0.5
2018-19,Danilo Gallinari,LAC,2059.0,0.191,4.3,3.3
2018-19,Danny Green,TOR,2216.0,0.128,2.0,2.2
2018-19,Dante Cunningham,SAS,928.0,0.097,-0.6,0.3
2018-19,Dante Exum,UTA,664.0,0.069,-2.1,0.0
2018-19,Danuel House Jr.,HOU,979.0,0.113,-0.5,0.4
2018-19,Dario Šarić,2TM,2023.0,0.084,-1.6,0.2
2018-19,Darius Miller,NOP,1757.0,0.045,-2.9,-0.4
2018-19,Darren Collison,IND,2143.0,0.153,1.8,2.1
2018-19,Daryl Macon,DAL,90.0,-0.022,-7.9,-0.1
2018-19,David Nwaba,CLE,984.0,0.069,-2.1,0.0
2018-19,Davon Reed,IND,47.0,0.064,-5.5,0.0
2018-19,De'Aaron Fox,SAC,2546.0,0.106,1.5,2.3
2018-19,De'Anthony Melton,PHO,984.0,0.002,-2.7,-0.2
2018-19,DeAndre Jordan,2TM,2047.0,0.167,2.1,2.1
2018-19,DeAndre' Bembry,ATL,1931.0,0.022,-2.4,-0.2
2018-19,DeMar DeRozan,SAS,2688.0,0.112,1.1,2.2
2018-19,DeMarcus Cousins,GSW,771.0,0.151,3.0,1.0
2018-19,DeMarre Carroll,BRK,1703.0,0.088,-1.5,0.2
2018-19,DeVaughn Akoon-Purcell,DEN,22.0,-0.051,-5.8,0.0
2018-19,Deandre Ayton,PHO,2183.0,0.128,0.2,1.2
2018-19,Delon Wright,2TM,1699.0,0.121,1.5,1.5
2018-19,Demetrius Jackson,PHI,39.0,0.231,4.5,0.1
2018-19,Deng Adel,CLE,194.0,-0.054,-7.5,-0.3
2018-19,Dennis Schröder,OKC,2314.0,0.06,-2.0,0.0
2018-19,Dennis Smith Jr.,2TM,1508.0,0.001,-1.9,0.0
2018-19,Deonte Burton,OKC,240.0,0.027,-4.3,-0.1
2018-19,Derrick Favors,UTA,1766.0,0.215,3.3,2.4
2018-19,Derrick Jones Jr.,MIA,1153.0,0.121,-0.5,0.4
2018-19,Derrick Rose,MIN,1392.0,0.102,1.4,1.2
2018-19,Derrick White,SAS,1728.0,0.101,0.9,1.3
2018-19,Devin Booker,PHO,2242.0,0.076,1.0,1.7
2018-19,Devin Harris,DAL,1071.0,0.068,-2.2,-0.1
2018-19,Devin Robinson,WAS,95.0,0.175,1.9,0.1
2018-19,Devonte' Graham,CHO,676.0,0.035,-4.0,-0.3
2018-19,Dewayne Dedmon,ATL,1609.0,0.119,0.5,1.0
2018-19,Deyonta Davis,ATL,118.0,0.145,-2.0,0.0
2018-19,Dillon Brooks,MEM,330.0,-0.004,-6.3,-0.4
2018-19,Dion Waiters,MIA,1138.0,0.052,-1.1,0.3
2018-19,Dirk Nowitzki,DAL,795.0,0.016,-3.9,-0.4
2018-19,Domantas Sabonis,IND,1838.0,0.197,3.1,2.4
2018-19,Donatas Motiejūnas,SAS,13.0,-0.246,-21.7,-0.1
2018-19,Donovan Mitchell,UTA,2598.0,0.092,1.3,2.2
2018-19,Donte DiVincenzo,MIL,411.0,0.069,-2.2,0.0
2018-19,Donte Grantham,OKC,2.0,-0.946,-37.6,0.0
2018-19,Dorian Finney-Smith,DAL,1985.0,0.079,-1.4,0.3
2018-19,Doug McDermott,IND,1340.0,0.103,-1.4,0.2
2018-19,Dragan Bender,PHO,826.0,0.027,-4.1,-0.5
2018-19,Draymond Green,GSW,2065.0,0.1,1.4,1.8
2018-19,Drew Eubanks,SAS,113.0,0.12,-1.3,0.0
2018-19,Duncan Robinson,MIA,161.0,0.051,-3.5,-0.1
2018-19,Dusty Hannahs,MEM,26.0,-0.125,-9.7,-0.1
2018-19,Dwayne Bacon,CHO,759.0,0.073,-3.7,-0.3
2018-19,Dwight Howard,WAS,230.0,0.124,-3.0,-0.1
2018-19,Dwight Powell,DAL,1662.0,0.215,2.9,2.1
2018-19,Dwyane Wade,MIA,1885.0,0.061,0.6,1.2
2018-19,Dāvis Bertāns,SAS,1632.0,0.118,1.3,1.4
2018-19,Džanan Musa,BRK,39.0,-0.152,-7.2,-0.1
2018-19,E'Twaun Moore,NOP,1463.0,0.055,-2.3,-0.1
2018-19,Ed Davis,BRK,1446.0,0.191,0.0,0.7
2018-19,Edmond Sumner,IND,210.0,0.02,-5.3,-0.2
2018-19,Ekpe Udoh,UTA,320.0,0.238,4.7,0.5
2018-19,Elfrid Payton,NOP,1250.0,0.058,-1.4,0.2
2018-19,Elie Okobo,PHO,958.0,-0.027,-5.7,-0.9
2018-19,Emanuel Terry,2TM,23.0,0.117,2.3,0.0
2018-19,Emmanuel Mudiay,NYK,1607.0,0.023,-2.0,0.0
2018-19,Enes Freedom,2TM,1640.0,0.159,1.0,1.2
2018-19,Eric Bledsoe,MIL,2272.0,0.173,3.1,2.9
2018-19,Eric Gordon,HOU,2158.0,0.059,-1.3,0.4
2018-19,Eric Moreland,2TM,43.0,0.032,-4.7,0.0
2018-19,Ersan İlyasova,MIL,1231.0,0.119,-2.3,-0.1
2018-19,Evan Fournier,ORL,2553.0,0.061,-2.4,-0.3
2018-19,Evan Turner,POR,1605.0,0.06,-1.3,0.3
2018-19,Frank Jackson,NOP,1169.0,0.018,-4.6,-0.8
2018-19,Frank Kaminsky,CHO,755.0,0.114,0.3,0.4
2018-19,Frank Mason III,SAC,435.0,0.033,-3.1,-0.1
2018-19,Frank Ntilikina,NYK,904.0,-0.045,-6.0,-0.9
2018-19,Fred VanVleet,TOR,1760.0,0.117,0.5,1.1
2018-19,Furkan Korkmaz,PHI,679.0,0.079,-1.8,0.0
2018-19,Garrett Temple,2TM,2040.0,0.052,-2.8,-0.4
2018-19,Gary Clark,HOU,641.0,0.071,-0.7,0.2
2018-19,Gary Harris,DEN,1639.0,0.076,-1.6,0.2
2018-19,Gary Payton II,WAS,16.0,0.358,18.9,0.1
2018-19,Gary Trent Jr.,POR,111.0,-0.092,-10.8,-0.2
2018-19,George Hill,2TM,1302.0,0.103,-1.4,0.2
2018-19,George King,PHO,6.0,-0.001,-7.9,0.0
2018-19,Georges Niang,UTA,516.0,0.123,0.0,0.3
2018-19,Gerald Green,HOU,1473.0,0.061,-1.7,0.1
2018-19,Giannis Antetokounmpo,MIL,2358.0,0.292,10.4,7.4
2018-19,Glenn Robinson III,DET,610.0,0.054,-3.0,-0.2
2018-19,Goran Dragić,MIA,991.0,0.079,-1.1,0.2
2018-19,Gordon Hayward,BOS,1863.0,0.126,0.8,1.3
2018-19,Gorgui Dieng,MIN,1031.0,0.132,0.6,0.7
2018-19,Grayson Allen,UTA,416.0,0.002,-6.3,-0.5
2018-19,Greg Monroe,3TM,480.0,0.108,-3.2,-0.1
2018-19,Guerschon Yabusele,BOS,251.0,0.09,-2.7,0.0
2018-19,Hamidou Diallo,OKC,526.0,0.069,-4.2,-0.3
2018-19,Harrison Barnes,2TM,2533.0,0.068,-1.4,0.4
2018-19,Harry Giles,SAC,820.0,0.056,-3.0,-0.2
2018-19,Hassan Whiteside,MIA,1674.0,0.18,2.3,1.8
2018-19,Haywood Highsmith,PHI,40.0,-0.023,-8.2,-0.1
2018-19,Henry Ellenson,2TM,259.0,0.077,-1.5,0.0
2018-19,Ian Clark,NOP,973.0,-0.003,-5.1,-0.8
2018-19,Ian Mahinmi,WAS,498.0,0.092,-3.0,-0.1
2018-19,Ike Anigbogu,IND,6.0,-0.48,-16.2,0.0
2018-19,Iman Shumpert,2TM,1481.0,0.045,-1.9,0.0
2018-19,Isaac Bonga,LAL,120.0,-0.059,-4.8,-0.1
2018-19,Isaac Humphries,ATL,56.0,-0.047,-11.0,-0.1
2018-19,Isaiah Briscoe,ORL,559.0,0.023,-5.0,-0.4
2018-19,Isaiah Canaan,3TM,629.0,0.008,-4.1,-0.3
2018-19,Isaiah Hartenstein,HOU,221.0,0.101,-3.9,-0.1
2018-19,Isaiah Hicks,NYK,32.0,0.153,0.1,0.0
2018-19,Isaiah Thomas,DEN,181.0,-0.077,-6.5,-0.2
2018-19,Ish Smith,DET,1251.0,0.064,-2.0,0.0
2018-19,Ivan Rabb,MEM,721.0,0.137,-1.4,0.1
2018-19,Ivica Zubac,2TM,1040.0,0.148,-0.5,0.4
2018-19,J.J. Barea,DAL,752.0,0.064,-0.6,0.3
2018-19,J.P. Macura,CHO,17.0,-0.11,-7.7,0.0
2018-19,J.R. Smith,CLE,222.0,-0.038,-3.2,-0.1
2018-19,JJ Redick,PHI,2379.0,0.118,0.2,1.3
2018-19,JaKarr Sampson,CHI,127.0,0.173,3.7,0.2
2018-19,JaMychal Green,2TM,1371.0,0.101,-1.7,0.1
2018-19,JaVale McGee,LAL,1671.0,0.171,1.4,1.4
2018-19,Jabari Parker,2TM,1724.0,0.039,-1.5,0.2
2018-19,Jacob Evans,GSW,204.0,-0.03,-8.2,-0.3
2018-19,Jae Crowder,UTA,2166.0,0.097,0.3,1.2
2018-19,Jahlil Okafor,NOP,935.0,0.115,-1.5,0.1
2018-19,Jake Layman,POR,1327.0,0.111,-0.5,0.5
2018-19,Jakob Poeltl,SAS,1273.0,0.193,2.0,1.3
2018-19,Jalen Brunson,DAL,1591.0,0.077,-1.7,0.1
2018-19,Jalen Jones,CLE,214.0,0.056,-4.2,-0.1
2018-19,Jamal Crawford,PHO,1211.0,0.006,-3.9,-0.6
2018-19,Jamal Murray,DEN,2447.0,0.1,0.6,1.6
2018-19,James Ennis III,2TM,1230.0,0.103,-1.5,0.1
2018-19,James Harden,HOU,2867.0,0.254,11.0,9.3
2018-19,James Johnson,MIA,1164.0,0.062,-1.2,0.2
2018-19,James Nunnally,2TM,102.0,0.035,-4.8,-0.1
2018-19,Jared Dudley,BRK,1220.0,0.07,-1.8,0.1
2018-19,Jared Terrell,MIN,111.0,-0.14,-10.9,-0.2
2018-19,Jarell Martin,ORL,328.0,0.073,-3.9,-0.2
2018-19,Jaren Jackson Jr.,MEM,1515.0,0.105,-0.3,0.7
2018-19,Jaron Blossomgame,CLE,439.0,0.03,-3.8,-0.2
2018-19,Jarred Vanderbilt,DEN,69.0,0.037,-4.2,0.0
2018-19,Jarrett Allen,BRK,2096.0,0.175,1.6,1.9
2018-19,Jason Smith,3TM,190.0,0.038,-4.7,-0.1
2018-19,Jawun Evans,2TM,65.0,-0.151,-10.3,-0.1
2018-19,Jaylen Adams,ATL,428.0,0.011,-4.3,-0.2
2018-19,Jaylen Brown,BOS,1913.0,0.076,-2.1,0.0
2018-19,Jaylen Morris,MIL,29.0,0.084,-0.4,0.0
2018-19,Jayson Tatum,BOS,2455.0,0.097,-0.2,1.1
2018-19,Jeff Green,WAS,2097.0,0.083,-1.4,0.3
2018-19,Jeff Teague,MIN,1264.0,0.085,-0.4,0.5
2018-19,Jemerrio Jones,LAL,143.0,0.084,0.2,0.1
2018-19,Jerami Grant,OKC,2612.0,0.134,0.2,1.5
2018-19,Jeremy Lamb,CHO,2250.0,0.113,1.2,1.8
2018-19,Jeremy Lin,2TM,1436.0,0.07,-2.2,-0.1
2018-19,Jerian Grant,ORL,939.0,0.085,-1.6,0.1
2018-19,Jerome Robinson,LAC,320.0,0.012,-4.7,-0.2
2018-19,Jerryd Bayless,MIN,657.0,-0.003,-4.6,-0.4
2018-19,Jevon Carter,MEM,577.0,-0.003,-4.0,-0.3
2018-19,Jimmer Fredette,PHO,65.0,-0.166,-11.3,-0.2
2018-19,Jimmy Butler,2TM,2185.0,0.173,3.7,3.2
2018-19,Joakim Noah,MEM,693.0,0.15,2.1,0.7
2018-19,Jodie Meeks,TOR,104.0,0.153,0.5,0.1
2018-19,Joe Chealey,CHO,8.0,-0.08,-14.6,0.0
2018-19,Joe Harris,BRK,2293.0,0.116,0.5,1.4
2018-19,Joe Ingles,UTA,2568.0,0.113,1.4,2.2
2018-19,Joel Embiid,PHI,2154.0,0.194,4.9,3.8
2018-19,John Collins,ATL,1829.0,0.158,0.9,1.3
2018-19,John Henson,MIL,188.0,0.146,2.5,0.2
2018-19,John Holland,CLE,1.0,-0.032,-5.0,0.0
2018-19,John Jenkins,2TM,333.0,0.031,-3.4,-0.1
2018-19,John Wall,WAS,1104.0,0.051,0.9,0.8
2018-19,Johnathan Motley,LAC,156.0,0.092,-1.9,0.0
2018-19,Johnathan Williams,LAL,372.0,0.135,-3.2,-0.1
2018-19,Jon Leuer,DET,402.0,0.11,-2.5,0.0
2018-19,Jonah Bolden,PHI,639.0,0.106,-0.7,0.2
2018-19,Jonas Jerebko,GSW,1218.0,0.13,-0.7,0.4
2018-19,Jonas Valančiūnas,2TM,1091.0,0.183,2.7,1.3
2018-19,Jonathan Isaac,ORL,1996.0,0.096,-0.4,0.8
2018-19,Jonathon Simmons,2TM,1064.0,0.013,-4.2,-0.6
2018-19,Jordan Bell,GSW,788.0,0.096,-0.9,0.2
2018-19,Jordan Clarkson,CLE,2214.0,0.039,-0.5,0.8
2018-19,Jordan Loyd,TOR,55.0,0.19,-1.0,0.0
2018-19,Jordan McRae,WAS,333.0,0.066,-1.7,0.0
2018-19,Jordan Sibert,ATL,4.0,0.183,16.0,0.0
2018-19,Josh Hart,LAL,1715.0,0.059,-1.3,0.3
2018-19,Josh Jackson,PHO,1988.0,-0.04,-4.6,-1.3
2018-19,Josh Okogie,MIN,1757.0,0.034,-3.1,-0.5
2018-19,Josh Richardson,MIA,2539.0,0.106,0.3,1.5
2018-19,José Calderón,DET,632.0,0.043,-3.9,-0.3
2018-19,Jrue Holiday,NOP,2402.0,0.108,3.0,3.1
2018-19,Juancho Hernangómez,DEN,1358.0,0.105,-1.1,0.3
2018-19,Julian Washburn,MEM,254.0,0.023,-4.6,-0.2
2018-19,Julius Randle,NOP,2232.0,0.131,1.5,2.0
2018-19,Justin Anderson,ATL,463.0,0.043,-2.7,-0.1
2018-19,Justin Holiday,2TM,2607.0,0.038,-1.8,0.1
2018-19,Justin Jackson,2TM,1614.0,0.086,-1.6,0.2
2018-19,Justin Patton,PHI,21.0,0.079,-2.0,0.0
2018-19,Justise Winslow,MIA,1959.0,0.067,-0.6,0.7
2018-19,Jusuf Nurkić,POR,1974.0,0.189,3.7,2.8
2018-19,Kadeem Allen,NYK,416.0,0.111,0.5,0.3
2018-19,Kalin Lucas,DET,6.0,0.238,0.8,0.0
2018-19,Karl-Anthony Towns,MIN,2545.0,0.197,6.0,5.1
2018-19,Kawhi Leonard,TOR,2040.0,0.224,7.2,4.7
2018-19,Keita Bates-Diop,MIN,503.0,0.032,-3.4,-0.2
2018-19,Kelly Olynyk,MIA,1812.0,0.126,0.7,1.2
2018-19,Kelly Oubre Jr.,2TM,1935.0,0.054,-1.2,0.4
2018-19,Kemba Walker,CHO,2863.0,0.123,4.2,4.4
2018-19,Kenneth Faried,2TM,728.0,0.193,-0.2,0.3
2018-19,Kenrich Williams,NOP,1079.0,0.053,-1.9,0.0
2018-19,Kent Bazemore,ATL,1643.0,0.021,-2.3,-0.1
2018-19,Kentavious Caldwell-Pope,LAL,2035.0,0.095,-0.5,0.8
2018-19,Kevin Durant,GSW,2702.0,0.204,5.5,5.1
2018-19,Kevin Huerter,ATL,2048.0,0.034,-2.4,-0.2
2018-19,Kevin Knox,NYK,2158.0,-0.03,-5.7,-2.0
2018-19,Kevin Love,CLE,598.0,0.106,1.6,0.6
2018-19,Kevon Looney,GSW,1481.0,0.194,0.5,0.9
2018-19,Khem Birch,ORL,643.0,0.212,1.2,0.5
2018-19,Khris Middleton,MIL,2393.0,0.123,0.8,1.7
2018-19,Khyri Thomas,DET,195.0,0.005,-5.0,-0.2
2018-19,Klay Thompson,GSW,2652.0,0.095,-0.3,1.2
2018-19,Kobi Simmons,CLE,2.0,-0.033,-10.6,0.0
2018-19,Kosta Koufos,SAC,502.0,0.063,-3.4,-0.2
2018-19,Kostas Antetokounmpo,DAL,11.0,-0.247,-12.7,0.0
2018-19,Kris Dunn,CHI,1389.0,0.022,-2.7,-0.2
2018-19,Kyle Anderson,MEM,1281.0,0.1,0.8,0.9
2018-19,Kyle Korver,2TM,1334.0,0.082,-0.5,0.5
2018-19,Kyle Kuzma,LAL,2314.0,0.065,-1.4,0.4
2018-19,Kyle Lowry,TOR,2213.0,0.144,2.3,2.4
2018-19,Kyle O'Quinn,IND,371.0,0.125,0.4,0.2
2018-19,Kyrie Irving,BOS,2214.0,0.197,7.2,5.1
2018-19,LaMarcus Aldridge,SAS,2687.0,0.167,1.8,2.6
2018-19,Lance Stephenson,LAL,1123.0,0.049,-1.5,0.1
2018-19,Lance Thomas,NYK,783.0,0.004,-5.7,-0.7
2018-19,Landry Shamet,2TM,1802.0,0.095,-1.6,0.2
2018-19,Langston Galloway,DET,1745.0,0.094,-1.5,0.2
2018-19,Larry Nance Jr.,CLE,1795.0,0.131,2.4,2.0
2018-19,Lauri Markkanen,CHI,1682.0,0.078,-0.2,0.7
2018-19,LeBron James,LAL,1937.0,0.179,8.0,4.9
2018-19,League Average,nan,,,,
2018-19,Lonnie Walker IV,SAS,118.0,0.019,-2.4,0.0
2018-19,Lonzo Ball,LAL,1423.0,0.052,-0.3,0.6
2018-19,Lorenzo Brown,TOR,212.0,-0.027,-3.5,-0.1
2018-19,Lou Williams,LAC,1993.0,0.123,2.2,2.1
2018-19,Luc Mbah a Moute,LAC,61.0,0.009,-3.0,0.0
2018-19,Luka Dončić,DAL,2318.0,0.101,3.9,3.4
2018-19,Luke Kennard,DET,1437.0,0.085,-1.1,0.3
2018-19,Luke Kornet,NYK,784.0,0.083,2.0,0.8
2018-19,Luol Deng,MIN,392.0,0.101,0.0,0.2
2018-19,Malachi Richardson,TOR,103.0,-0.06,-8.8,-0.2
2018-19,Malcolm Brogdon,MIL,1832.0,0.171,2.2,1.9
2018-19,Malcolm Miller,TOR,67.0,0.13,-0.5,0.0
2018-19,Malik Beasley,DEN,1879.0,0.115,0.1,1.0
2018-19,Malik Monk,CHO,1258.0,0.012,-3.0,-0.3
2018-19,MarShon Brooks,MEM,387.0,0.018,-3.0,-0.1
2018-19,Marc Gasol,2TM,2436.0,0.118,3.1,3.1
2018-19,Marcin Gortat,LAC,751.0,0.089,-1.3,0.1
2018-19,Marco Belinelli,SAS,1815.0,0.065,-1.7,0.1
2018-19,Marcus Derrickson,GSW,67.0,0.155,-2.7,0.0
2018-19,Marcus Morris,BOS,2091.0,0.104,-0.9,0.6
2018-19,Marcus Smart,BOS,2200.0,0.116,0.8,1.5
2018-19,Mario Hezonja,NYK,1206.0,-0.003,-3.8,-0.5
2018-19,Markelle Fultz,PHI,427.0,0.035,-3.1,-0.1
2018-19,Markieff Morris,2TM,1270.0,0.061,-2.7,-0.2
2018-19,Marquese Chriss,2TM,499.0,-0.023,-7.5,-0.7
2018-19,Marvin Bagley III,SAC,1567.0,0.11,-1.0,0.4
2018-19,Marvin Williams,CHO,2133.0,0.086,-0.3,0.9
2018-19,Mason Plumlee,DEN,1731.0,0.16,2.1,1.8
2018-19,Matthew Dellavedova,2TM,812.0,0.028,-4.4,-0.5
2018-19,Maurice Harkless,POR,1415.0,0.114,0.7,1.0
2018-19,Maxi Kleber,DAL,1502.0,0.111,0.4,0.9
2018-19,Melvin Frazier,ORL,44.0,-0.133,-14.5,-0.1
2018-19,Meyers Leonard,POR,878.0,0.164,1.8,0.8
2018-19,Michael Beasley,LAL,277.0,0.039,-1.5,0.0
2018-19,Michael Carter-Williams,2TM,372.0,0.099,0.8,0.3
2018-19,Michael Kidd-Gilchrist,CHO,1179.0,0.1,-2.4,-0.1
2018-19,Mikal Bridges,PHO,2417.0,0.058,-1.6,0.3
2018-19,Mike Conley,MEM,2342.0,0.164,4.7,3.9
2018-19,Mike Muscala,2TM,1306.0,0.091,-1.1,0.3
2018-19,Mike Scott,2TM,1395.0,0.053,-2.5,-0.2
2018-19,Miles Bridges,CHO,1696.0,0.083,-0.8,0.5
2018-19,Miles Plumlee,ATL,173.0,0.145,1.6,0.2
2018-19,Miloš Teodosić,LAC,150.0,-0.019,-5.4,-0.1
2018-19,Mitch Creek,2TM,48.0,0.196,3.5,0.1
2018-19,Mitchell Robinson,NYK,1360.0,0.217,2.5,1.6
2018-19,Mo Bamba,ORL,766.0,0.106,-1.4,0.1
2018-19,Monte Morris,DEN,1970.0,0.151,1.5,1.7
2018-19,Montrezl Harrell,LAC,2158.0,0.193,3.3,2.9
2018-19,Moritz Wagner,LAL,446.0,0.02,-4.3,-0.3
2018-19,Myles Turner,IND,2119.0,0.144,2.5,2.4
2018-19,Naz Mitrou-Long,UTA,84.0,-0.046,-8.7,-0.1
2018-19,Nemanja Bjelica,SAC,1788.0,0.122,0.9,1.3
2018-19,Nenê,HOU,546.0,0.123,-2.2,0.0
2018-19,Nerlens Noel,OKC,1055.0,0.198,2.1,1.1
2018-19,Nick Young,DEN,37.0,-0.021,-6.9,0.0
2018-19,Nicolas Batum,CHO,2354.0,0.076,-0.3,1.0
2018-19,Nik Stauskas,2TM,1015.0,0.052,-1.9,0.0
2018-19,Nikola Jokić,DEN,2504.0,0.226,9.1,7.0
2018-19,Nikola Mirotić,2TM,1245.0,0.133,1.5,1.1
2018-19,Nikola Vučević,ORL,2510.0,0.193,6.6,5.5
2018-19,Noah Vonleh,NYK,1722.0,0.09,-0.7,0.6
2018-19,Norman Powell,TOR,1126.0,0.102,-0.7,0.4
2018-19,OG Anunoby,TOR,1352.0,0.07,-2.4,-0.1
2018-19,Okaro White,WAS,6.0,-0.251,-16.8,0.0
2018-19,Omari Spellman,ATL,805.0,0.07,-1.2,0.2
2018-19,Omri Casspi,MEM,520.0,0.119,0.4,0.3
2018-19,Otto Porter Jr.,2TM,1683.0,0.093,0.9,1.2
2018-19,P.J. Tucker,HOU,2802.0,0.086,-0.6,1.0
2018-19,PJ Dozier,BOS,51.0,0.125,-2.0,0.0
2018-19,Pascal Siakam,TOR,2548.0,0.175,2.4,2.8
2018-19,Pat Connaughton,MIL,1261.0,0.149,1.2,1.0
2018-19,Patrick Beverley,LAC,2137.0,0.108,0.9,1.5
2018-19,Patrick McCaw,2TM,397.0,0.065,-3.0,-0.1
2018-19,Patrick Patterson,OKC,861.0,0.064,-2.5,-0.1
2018-19,Patty Mills,SAS,1908.0,0.087,-0.3,0.8
2018-19,Pau Gasol,2TM,360.0,0.142,3.1,0.5
2018-19,Paul George,OKC,2841.0,0.201,7.2,6.6
2018-19,Paul Millsap,DEN,1895.0,0.155,1.7,1.8
2018-19,Quincy Acy,PHO,123.0,-0.022,-8.1,-0.2
2018-19,Quincy Pondexter,SAS,292.0,0.128,-0.9,0.1
2018-19,Quinn Cook,GSW,1059.0,0.082,-2.1,0.0
2018-19,R.J. Hunter,BOS,26.0,0.226,3.6,0.0
2018-19,Rajon Rondo,LAL,1369.0,0.047,-1.5,0.2
2018-19,Raul Neto,UTA,474.0,0.116,-0.3,0.2
2018-19,Rawle Alkins,CHI,120.0,-0.042,-7.3,-0.2
2018-19,Ray Spalding,2TM,148.0,0.051,-5.1,-0.1
2018-19,Raymond Felton,OKC,379.0,0.087,-1.3,0.1
2018-19,Reggie Bullock,2TM,1879.0,0.078,-1.1,0.4
2018-19,Reggie Jackson,DET,2289.0,0.105,0.4,1.4
2018-19,Richaun Holmes,PHO,1184.0,0.173,0.6,0.8
2018-19,Ricky Rubio,UTA,1899.0,0.095,-0.2,0.9
2018-19,Robert Covington,2TM,1203.0,0.1,1.6,1.1
2018-19,Robert Williams,BOS,283.0,0.201,1.8,0.3
2018-19,Robin Lopez,CHI,1606.0,0.081,-1.9,0.0
2018-19,Rodions Kurucs,BRK,1294.0,0.059,-2.6,-0.2
2018-19,Rodney Hood,2TM,1893.0,0.065,-2.0,0.0
2018-19,Rodney McGruder,MIA,1550.0,0.059,-2.3,-0.1
2018-19,Ron Baker,2TM,152.0,-0.034,-7.0,-0.2
2018-19,Rondae Hollis-Jefferson,BRK,1234.0,0.047,-2.6,-0.2
2018-19,Royce O'Neale,UTA,1671.0,0.094,-0.5,0.6
2018-19,Rudy Gay,SAS,1842.0,0.115,1.4,1.6
2018-19,Rudy Gobert,UTA,2577.0,0.268,5.4,4.8
2018-19,Russell Westbrook,OKC,2630.0,0.124,5.2,4.7
2018-19,Ryan Anderson,2TM,322.0,-0.035,-6.4,-0.4
2018-19,Ryan Arcidiacono,CHI,1961.0,0.09,-1.9,0.1
2018-19,Ryan Broekhoff,DAL,453.0,0.086,-1.0,0.1
2018-19,Salah Mejri,DAL,399.0,0.136,0.8,0.3
2018-19,Sam Dekker,2TM,788.0,0.064,-1.8,0.1
2018-19,Scott Machado,LAL,19.0,0.281,5.5,0.0
2018-19,Semi Ojeleye,BOS,594.0,0.057,-4.0,-0.3
2018-19,Serge Ibaka,TOR,2010.0,0.146,0.2,1.2
2018-19,Seth Curry,POR,1399.0,0.082,-1.0,0.3
2018-19,Shabazz Napier,BRK,983.0,0.098,1.5,0.9
2018-19,Shai Gilgeous-Alexander,LAC,2174.0,0.074,-0.5,0.8
2018-19,Shake Milton,PHI,268.0,0.059,-3.2,-0.1
2018-19,Shaquille Harrison,CHI,1430.0,0.048,-1.3,0.2
2018-19,Shaun Livingston,GSW,967.0,0.101,-1.0,0.2
2018-19,Shelvin Mack,2TM,1246.0,0.034,-3.0,-0.3
2018-19,Sindarius Thornwell,LAC,313.0,0.004,-4.7,-0.2
2018-19,Skal Labissière,2TM,176.0,0.089,-3.0,0.0
2018-19,Solomon Hill,NOP,878.0,0.029,-3.6,-0.3
2018-19,Spencer Dinwiddie,BRK,1914.0,0.121,0.6,1.3
2018-19,Stanley Johnson,2TM,1208.0,0.021,-2.2,0.0
2018-19,Stephen Curry,GSW,2331.0,0.199,6.6,5.1
2018-19,Sterling Brown,MIL,1034.0,0.098,-1.5,0.1
2018-19,Steven Adams,OKC,2669.0,0.163,1.1,2.1
2018-19,Svi Mykhailiuk,2TM,440.0,-0.012,-5.0,-0.3
2018-19,T.J. Leaf,IND,522.0,0.148,-0.3,0.2
2018-19,T.J. McConnell,PHI,1470.0,0.094,-0.9,0.4
2018-19,T.J. Warren,PHO,1360.0,0.074,-0.2,0.6
2018-19,Tahjere McCall,BRK,8.0,0.055,-6.6,0.0
2018-19,Taj Gibson,MIN,1686.0,0.144,-0.1,0.8
2018-19,Taurean Prince,ATL,1552.0,0.047,-2.0,0.0
2018-19,Terrance Ferguson,OKC,1931.0,0.07,-3.8,-0.9
2018-19,Terrence Jones,HOU,5.0,-0.661,-31.1,0.0
2018-19,Terrence Ross,ORL,2150.0,0.095,0.8,1.5
2018-19,Terry Rozier,BOS,1791.0,0.086,-0.2,0.8
2018-19,Thabo Sefolosha,UTA,609.0,0.115,1.5,0.5
2018-19,Thaddeus Young,IND,2489.0,0.133,1.5,2.2
2018-19,Theo Pinson,BRK,211.0,0.004,-3.2,-0.1
2018-19,Thomas Bryant,WAS,1496.0,0.178,2.0,1.5
2018-19,Thomas Welsh,DEN,36.0,0.162,1.2,0.0
2018-19,Thon Maker,2TM,972.0,0.099,-1.2,0.2
2018-19,Tim Frazier,2TM,1120.0,0.084,-1.8,0.1
2018-19,Tim Hardaway Jr.,2TM,2057.0,0.043,-2.0,0.0
2018-19,Timothé Luwawu-Cabarrot,2TM,669.0,0.015,-5.2,-0.5
2018-19,Tobias Harris,2TM,2847.0,0.12,1.6,2.6
2018-19,Tomáš Satoranský,WAS,2164.0,0.104,-0.7,0.7
2018-19,Tony Bradley,UTA,36.0,0.13,-6.0,0.0
2018-19,Tony Parker,CHO,1003.0,0.044,-2.6,-0.1
2018-19,Tony Snell,MIL,1304.0,0.117,-0.7,0.4
2018-19,Torrey Craig,DEN,1503.0,0.096,-1.9,0.0
2018-19,Trae Young,ATL,2503.0,0.062,-0.6,0.9
2018-19,Treveon Graham,BRK,715.0,0.033,-3.7,-0.3
2018-19,Trevon Duval,MIL,6.0,0.537,24.4,0.0
2018-19,Trevor Ariza,2TM,2349.0,0.052,-1.3,0.4
2018-19,Trey Burke,2TM,1125.0,0.081,0.1,0.6
2018-19,Trey Lyles,DEN,1120.0,0.05,-2.4,-0.1
2018-19,Tristan Thompson,CLE,1198.0,0.105,-0.5,0.4
2018-19,Troy Brown Jr.,WAS,730.0,0.039,-2.7,-0.1
2018-19,Troy Caupain,ORL,16.0,0.347,13.3,0.1
2018-19,Troy Daniels,PHO,760.0,0.02,-3.7,-0.3
2018-19,Troy Williams,SAC,312.0,0.064,-2.4,0.0
2018-19,Tyler Cavanaugh,UTA,39.0,0.026,-8.4,-0.1
2018-19,Tyler Davis,OKC,1.0,-0.471,-40.7,0.0
2018-19,Tyler Dorsey,2TM,698.0,0.043,-3.5,-0.3
2018-19,Tyler Johnson,2TM,1529.0,0.071,-0.4,0.6
2018-19,Tyler Lydon,DEN,94.0,0.086,-4.2,-0.1
2018-19,Tyler Ulis,CHI,1.0,-0.015,-10.4,0.0
2018-19,Tyler Zeller,2TM,93.0,0.167,-5.0,-0.1
2018-19,Tyreke Evans,IND,1402.0,0.01,-2.7,-0.2
2018-19,Tyrone Wallace,LAC,628.0,-0.023,-6.4,-0.7
2018-19,Tyson Chandler,2TM,875.0,0.114,-2.1,0.0
2018-19,Tyus Jones,MIN,1560.0,0.091,-0.6,0.6
2018-19,Udonis Haslem,MIA,74.0,-0.075,-10.9,-0.2
2018-19,Victor Oladipo,IND,1147.0,0.097,2.9,1.4
2018-19,Vince Carter,ATL,1330.0,0.07,-0.7,0.5
2018-19,Vince Edwards,HOU,16.0,-0.014,-6.4,0.0
2018-19,Wade Baldwin,POR,94.0,-0.153,-10.3,-0.2
2018-19,Walt Lemon Jr.,CHI,167.0,0.026,-2.2,0.0
2018-19,Wayne Ellington,2TM,1297.0,0.097,0.0,0.7
2018-19,Wayne Selden,2TM,1439.0,-0.009,-5.4,-1.2
2018-19,Wendell Carter Jr.,CHI,1110.0,0.08,-1.6,0.1
2018-19,Wes Iwundu,ORL,1233.0,0.073,-3.2,-0.4
2018-19,Wesley Johnson,2TM,534.0,0.001,-4.8,-0.4
2018-19,Wesley Matthews,3TM,2091.0,0.062,-1.8,0.1
2018-19,Will Barton,DEN,1189.0,0.049,-1.8,0.0
2018-19,Willie Cauley-Stein,SAC,2213.0,0.146,1.2,1.8
2018-19,Willy Hernangómez,CHO,812.0,0.153,-0.1,0.4
2018-19,Wilson Chandler,2TM,1177.0,0.062,-2.8,-0.2
2018-19,Yante Maten,MIA,13.0,-0.026,-9.1,0.0
2018-19,Yogi Ferrell,SAC,1067.0,0.087,-1.4,0.2
2018-19,Yuta Watanabe,MEM,174.0,-0.065,-9.1,-0.3
2018-19,Zach Collins,POR,1356.0,0.104,-1.2,0.3
2018-19,Zach LaVine,CHI,2171.0,0.062,0.8,1.5
2018-19,Zach Lofton,DET,4.0,-0.447,-11.5,0.0
2018-19,Zaza Pachulia,DET,878.0,0.128,-1.2,0.2
2018-19,Zhaire Smith,PHI,111.0,0.048,-5.0,-0.1
2018-19,Zhou Qi,HOU,1.0,1.261,52.0,0.0
2018-19,Álex Abrines,OKC,588.0,0.053,-3.3,-0.2
2018-19,Ángel Delgado,LAC,15.0,-0.055,-12.0,0.0
2019-20,Aaron Gordon,ORL,2017.0,0.087,0.0,1.0
2019-20,Aaron Holiday,IND,1617.0,0.063,-1.6,0.2
2019-20,Abdel Nader,OKC,867.0,0.074,-1.0,0.2
2019-20,Adam Mokoka,CHI,112.0,0.073,-4.1,-0.1
2019-20,Admiral Schofield,WAS,368.0,0.017,-5.5,-0.3
2019-20,Al Horford,PHI,2025.0,0.128,2.2,2.2
2019-20,Al-Farouq Aminu,ORL,380.0,0.014,-3.0,-0.1
2019-20,Alec Burks,2TM,1754.0,0.101,0.5,1.1
2019-20,Alen Smailagić,GSW,139.0,0.081,-2.2,0.0
2019-20,Alex Caruso,LAL,1175.0,0.095,-0.2,0.5
2019-20,Alex Len,2TM,970.0,0.122,-0.7,0.3
2019-20,Alfonzo McKinnie,CLE,593.0,0.014,-5.3,-0.5
2019-20,Alize Johnson,IND,118.0,0.111,-1.6,0.0
2019-20,Allen Crabbe,2TM,653.0,-0.007,-5.3,-0.5
2019-20,Allonzo Trier,NYK,291.0,0.087,-0.4,0.1
2019-20,Amile Jefferson,ORL,74.0,0.023,-5.8,-0.1
2019-20,Amir Coffey,LAC,159.0,0.041,-4.1,-0.1
2019-20,Andre Drummond,2TM,1879.0,0.108,0.9,1.4
2019-20,Andre Iguodala,MIA,418.0,0.065,-0.5,0.2
2019-20,Andre Roberson,OKC,87.0,-0.017,-5.4,-0.1
2019-20,Andrew Wiggins,2TM,1858.0,0.05,-0.3,0.8
2019-20,Anfernee Simons,POR,1449.0,0.005,-4.5,-0.9
2019-20,Ante Žižić,CLE,221.0,0.106,-3.2,-0.1
2019-20,Anthony Davis,LAL,2131.0,0.25,8.0,5.4
2019-20,Anthony Tolliver,3TM,872.0,0.026,-3.2,-0.3
2019-20,Antonius Cleveland,DAL,46.0,-0.076,-10.1,-0.1
2019-20,Anžejs Pasečņiks,WAS,437.0,0.054,-5.6,-0.4
2019-20,Aron Baynes,PHO,934.0,0.107,-1.0,0.2
2019-20,Austin Rivers,HOU,1594.0,0.072,-2.5,-0.2
2019-20,Avery Bradley,LAL,1186.0,0.062,-2.5,-0.2
2019-20,B.J. Johnson,ORL,83.0,-0.074,-9.0,-0.1
2019-20,Bam Adebayo,MIA,2417.0,0.168,3.4,3.3
2019-20,Ben McLemore,HOU,1619.0,0.099,-0.5,0.6
2019-20,Ben Simmons,PHI,2017.0,0.165,3.6,2.8
2019-20,Bismack Biyombo,CHO,1029.0,0.113,-2.5,-0.1
2019-20,Blake Griffin,DET,512.0,-0.012,-4.3,-0.3
2019-20,Boban Marjanović,DAL,422.0,0.2,1.2,0.3
2019-20,Bobby Portis,NYK,1393.0,0.064,-1.1,0.3
2019-20,Bogdan Bogdanović,SAC,1766.0,0.084,0.6,1.2
2019-20,Bojan Bogdanović,UTA,2083.0,0.096,0.1,1.1
2019-20,Bol Bol,DEN,87.0,0.063,-3.0,0.0
2019-20,Brad Wanamaker,BOS,1369.0,0.124,-0.6,0.5
2019-20,Bradley Beal,WAS,2053.0,0.118,2.9,2.5
2019-20,Brandon Clarke,MEM,1300.0,0.183,3.1,1.7
2019-20,Brandon Goodwin,ATL,430.0,0.013,-2.9,-0.1
2019-20,Brandon Ingram,NOP,2104.0,0.115,2.1,2.2
2019-20,Brandon Knight,2TM,462.0,-0.01,-4.4,-0.3
2019-20,Brian Bowen,IND,31.0,-0.107,-10.9,-0.1
2019-20,Brook Lopez,MIL,1817.0,0.145,2.0,1.9
2019-20,Bruce Brown,DET,1634.0,0.062,-1.2,0.3
2019-20,Bruno Caboclo,2TM,244.0,0.076,-2.1,0.0
2019-20,Bruno Fernando,ATL,713.0,0.055,-4.1,-0.4
2019-20,Bryn Forbes,SAS,1579.0,0.047,-2.7,-0.3
2019-20,Buddy Hield,SAC,2216.0,0.064,1.1,1.7
2019-20,C.J. Miles,WAS,161.0,0.035,-1.7,0.0
2019-20,CJ McCollum,POR,2556.0,0.077,0.5,1.6
2019-20,Caleb Martin,CHO,317.0,0.081,-1.0,0.1
2019-20,Caleb Swanigan,2TM,288.0,0.004,-6.0,-0.3
2019-20,Cam Reddish,ATL,1551.0,-0.011,-4.2,-0.9
2019-20,Cameron Johnson,PHO,1255.0,0.102,0.3,0.7
2019-20,Cameron Payne,PHO,183.0,0.12,1.7,0.2
2019-20,Caris LeVert,BRK,1330.0,0.055,-0.3,0.5
2019-20,Carmelo Anthony,POR,1902.0,0.033,-3.6,-0.8
2019-20,Carsen Edwards,BOS,351.0,0.014,-4.6,-0.2
2019-20,Cedi Osman,CLE,1910.0,0.04,-2.6,-0.3
2019-20,Chandler Hutchison,CHI,527.0,0.06,-2.6,-0.1
2019-20,Chandler Parsons,ATL,54.0,-0.065,-6.0,-0.1
2019-20,Charlie Brown Jr.,ATL,40.0,-0.028,-2.5,0.0
2019-20,Chasson Randle,GSW,40.0,0.045,-5.9,0.0
2019-20,Cheick Diallo,PHO,479.0,0.132,-1.3,0.1
2019-20,Chimezie Metu,SAS,105.0,0.13,1.7,0.1
2019-20,Chris Boucher,TOR,819.0,0.224,2.0,0.8
2019-20,Chris Chiozza,2TM,401.0,0.055,-1.2,0.1
2019-20,Chris Clemons,HOU,291.0,0.058,-1.0,0.1
2019-20,Chris Paul,OKC,2208.0,0.193,4.4,3.5
2019-20,Chris Silva,MIA,346.0,0.178,-2.3,0.0
2019-20,Christian Wood,DET,1325.0,0.183,3.1,1.7
2019-20,Clint Capela,HOU,1279.0,0.184,1.4,1.1
2019-20,Coby White,CHI,1674.0,0.026,-2.9,-0.4
2019-20,Cody Martin,CHO,903.0,0.052,-2.1,0.0
2019-20,Cody Zeller,CHO,1341.0,0.129,-0.6,0.5
2019-20,Collin Sexton,CLE,2143.0,0.057,-1.8,0.1
2019-20,Corey Brewer,SAC,33.0,0.064,-3.2,0.0
2019-20,Cory Joseph,SAC,1759.0,0.062,-2.0,0.0
2019-20,Courtney Lee,DAL,345.0,0.092,-0.6,0.1
2019-20,Cristiano Felício,CHI,386.0,0.126,-3.1,-0.1
2019-20,D'Angelo Russell,2TM,1452.0,0.06,1.9,1.4
2019-20,D.J. Augustin,ORL,1420.0,0.098,-1.6,0.2
2019-20,D.J. Wilson,MIL,363.0,0.046,-4.0,-0.2
2019-20,DaQuan Jeffries,SAC,141.0,0.1,-3.8,-0.1
2019-20,Damian Jones,ATL,887.0,0.152,-1.5,0.1
2019-20,Damian Lillard,POR,2474.0,0.225,7.5,5.9
2019-20,Damion Lee,GSW,1423.0,0.058,-2.3,-0.1
2019-20,Damyean Dotson,NYK,836.0,0.053,-1.4,0.1
2019-20,Daniel Gafford,CHI,609.0,0.146,-1.3,0.1
2019-20,Daniel Theis,BOS,1566.0,0.201,2.4,1.7
2019-20,Danilo Gallinari,OKC,1834.0,0.166,3.3,2.4
2019-20,Danny Green,LAL,1687.0,0.096,0.5,1.1
2019-20,Dante Exum,2TM,485.0,0.043,-2.9,-0.1
2019-20,Danuel House Jr.,HOU,1913.0,0.091,-0.7,0.6
2019-20,Dario Šarić,PHO,1632.0,0.105,-0.4,0.7
2019-20,Darius Bazley,OKC,1130.0,0.041,-1.6,0.1
2019-20,Darius Garland,CLE,1824.0,-0.034,-5.5,-1.7
2019-20,Daryl Macon,MIA,14.0,-0.161,-12.0,0.0
2019-20,David Nwaba,BRK,268.0,0.138,1.1,0.2
2019-20,De'Aaron Fox,SAC,1634.0,0.118,1.8,1.6
2019-20,De'Andre Hunter,ATL,2018.0,0.002,-4.7,-1.4
2019-20,De'Anthony Melton,MEM,1167.0,0.072,-0.2,0.5
2019-20,DeAndre Jordan,BRK,1234.0,0.2,3.0,1.5
2019-20,DeAndre' Bembry,ATL,915.0,0.012,-2.5,-0.1
2019-20,DeMar DeRozan,SAS,2316.0,0.151,1.9,2.3
2019-20,DeMarre Carroll,2TM,290.0,0.045,-3.9,-0.1
2019-20,Dean Wade,CLE,71.0,0.105,-1.3,0.0
2019-20,Deandre Ayton,PHO,1236.0,0.121,0.4,0.7
2019-20,Dejounte Murray,SAS,1687.0,0.074,0.4,1.0
2019-20,Delon Wright,DAL,1570.0,0.134,1.9,1.5
2019-20,Dennis Schröder,OKC,1999.0,0.087,-0.1,1.0
2019-20,Dennis Smith Jr.,NYK,537.0,-0.079,-6.1,-0.6
2019-20,Denzel Valentine,CHI,488.0,0.048,-0.6,0.2
2019-20,Deonte Burton,OKC,356.0,-0.067,-6.8,-0.4
2019-20,Derrick Favors,NOP,1243.0,0.162,1.0,0.9
2019-20,Derrick Jones Jr.,MIA,1375.0,0.153,0.7,1.0
2019-20,Derrick Rose,DET,1298.0,0.092,2.2,1.4
2019-20,Derrick Walton,2TM,248.0,0.111,-1.0,0.1
2019-20,Derrick White,SAS,1677.0,0.119,1.3,1.4
2019-20,Devin Booker,PHO,2512.0,0.143,2.2,2.6
2019-20,Devon Hall,OKC,81.0,-0.116,-6.7,-0.1
2019-20,Devontae Cacok,LAL,9.0,0.226,0.2,0.0
2019-20,Devonte' Graham,CHO,2211.0,0.073,0.5,1.4
2019-20,Dewan Hernandez,TOR,28.0,0.043,-9.6,-0.1
2019-20,Dewayne Dedmon,2TM,774.0,0.005,-5.8,-0.7
2019-20,Dillon Brooks,MEM,2112.0,0.027,-4.1,-1.1
2019-20,Dion Waiters,2TM,207.0,0.03,-1.2,0.0
2019-20,Domantas Sabonis,IND,2159.0,0.168,3.2,2.9
2019-20,Donovan Mitchell,UTA,2364.0,0.11,1.9,2.3
2019-20,Donta Hall,2TM,133.0,0.137,-3.9,-0.1
2019-20,Donte DiVincenzo,MIL,1520.0,0.135,1.3,1.3
2019-20,Dorian Finney-Smith,DAL,2120.0,0.11,-0.2,0.9
2019-20,Doug McDermott,IND,1372.0,0.117,0.0,0.7
2019-20,Dragan Bender,2TM,286.0,0.052,-2.9,-0.1
2019-20,Draymond Green,GSW,1222.0,0.044,-0.2,0.5
2019-20,Drew Eubanks,SAS,272.0,0.134,-1.8,0.0
2019-20,Duncan Robinson,MIA,2166.0,0.118,0.5,1.3
2019-20,Dusty Hannahs,MEM,13.0,0.146,3.1,0.0
2019-20,Dwayne Bacon,CHO,687.0,-0.053,-6.8,-0.8
2019-20,Dwight Howard,LAL,1306.0,0.197,0.2,0.7
2019-20,Dwight Powell,DAL,1061.0,0.162,1.3,0.9
2019-20,Dāvis Bertāns,WAS,1583.0,0.107,0.9,1.1
2019-20,Džanan Musa,BRK,487.0,0.016,-4.4,-0.3
2019-20,E'Twaun Moore,NOP,1020.0,0.043,-2.7,-0.2
2019-20,Ed Davis,UTA,303.0,0.102,-3.2,-0.1
2019-20,Edmond Sumner,IND,447.0,0.047,-2.9,-0.1
2019-20,Elfrid Payton,NYK,1246.0,0.065,0.0,0.6
2019-20,Elie Okobo,PHO,719.0,0.067,-1.9,0.0
2019-20,Emmanuel Mudiay,UTA,850.0,0.057,-1.9,0.0
2019-20,Enes Freedom,BOS,983.0,0.214,1.5,0.9
2019-20,Eric Bledsoe,MIL,1646.0,0.157,1.8,1.6
2019-20,Eric Gordon,HOU,1016.0,0.024,-3.9,-0.5
2019-20,Eric Mika,SAC,19.0,0.218,-3.4,0.0
2019-20,Eric Paschall,GSW,1654.0,0.062,-2.7,-0.3
2019-20,Ersan İlyasova,MIL,986.0,0.174,0.4,0.6
2019-20,Evan Fournier,ORL,2076.0,0.106,1.0,1.6
2019-20,Evan Turner,ATL,251.0,-0.064,-5.5,-0.2
2019-20,Frank Jackson,NOP,797.0,0.01,-5.5,-0.7
2019-20,Frank Kaminsky,PHO,777.0,0.087,-0.5,0.3
2019-20,Frank Mason III,MIL,118.0,0.143,0.0,0.1
2019-20,Frank Ntilikina,NYK,1187.0,0.037,-3.2,-0.4
2019-20,Fred VanVleet,TOR,1928.0,0.145,2.7,2.3
2019-20,Furkan Korkmaz,PHI,1559.0,0.085,-1.3,0.3
2019-20,Gabe Vincent,MIA,83.0,-0.117,-10.4,-0.2
2019-20,Garrett Temple,BRK,1730.0,0.066,-1.1,0.4
2019-20,Garrison Mathews,WAS,227.0,0.131,-1.1,0.1
2019-20,Gary Clark,2TM,567.0,0.1,-1.9,0.0
2019-20,Gary Harris,DEN,1780.0,0.052,-2.5,-0.2
2019-20,Gary Payton II,WAS,432.0,0.051,-1.6,0.0
2019-20,Gary Trent Jr.,POR,1332.0,0.089,-0.3,0.6
2019-20,George Hill,MIL,1271.0,0.21,2.9,1.6
2019-20,Georges Niang,UTA,923.0,0.092,-0.1,0.4
2019-20,Giannis Antetokounmpo,MIL,1917.0,0.279,11.5,6.6
2019-20,Glenn Robinson III,2TM,1786.0,0.078,-1.7,0.1
2019-20,Goga Bitadze,IND,471.0,0.067,-2.3,0.0
2019-20,Goran Dragić,MIA,1663.0,0.102,-0.1,0.8
2019-20,Gordon Hayward,BOS,1740.0,0.158,2.7,2.0
2019-20,Gorgui Dieng,2TM,1096.0,0.129,1.5,1.0
2019-20,Grant Williams,BOS,1043.0,0.071,-2.7,-0.2
2019-20,Grayson Allen,MEM,718.0,0.082,-1.3,0.1
2019-20,Hamidou Diallo,OKC,896.0,0.022,-3.9,-0.4
2019-20,Harrison Barnes,SAC,2482.0,0.088,-1.3,0.5
2019-20,Harry Giles,SAC,667.0,0.112,-1.3,0.1
2019-20,Hassan Whiteside,POR,2008.0,0.204,3.2,2.6
2019-20,Henry Ellenson,BRK,15.0,-0.183,-10.9,0.0
2019-20,Ian Mahinmi,WAS,808.0,0.083,-2.7,-0.2
2019-20,Ignas Brazdeikis,NYK,53.0,-0.108,-9.0,-0.1
2019-20,Iman Shumpert,BRK,241.0,-0.005,-5.5,-0.2
2019-20,Isaac Bonga,WAS,1250.0,0.068,-2.8,-0.3
2019-20,Isaiah Hartenstein,HOU,266.0,0.19,0.3,0.2
2019-20,Isaiah Roby,OKC,11.0,-0.188,-15.4,0.0
2019-20,Isaiah Thomas,WAS,925.0,0.002,-4.4,-0.5
2019-20,Ish Smith,WAS,1787.0,0.051,-1.3,0.3
2019-20,Ivica Zubac,LAC,1326.0,0.241,2.8,1.6
2019-20,J.J. Barea,DAL,450.0,0.072,-1.4,0.1
2019-20,J.P. Macura,CLE,1.0,-0.022,-6.4,0.0
2019-20,J.R. Smith,LAL,79.0,-0.077,-9.8,-0.2
2019-20,JJ Redick,NOP,1581.0,0.125,0.7,1.1
2019-20,Ja Morant,MEM,2074.0,0.088,0.3,1.2
2019-20,JaKarr Sampson,IND,471.0,0.124,-1.4,0.1
2019-20,JaMychal Green,LAC,1307.0,0.115,-0.5,0.5
2019-20,JaVale McGee,LAL,1130.0,0.198,1.5,1.0
2019-20,Jabari Parker,2TM,917.0,0.083,0.3,0.5
2019-20,Jacob Evans,2TM,418.0,-0.056,-7.1,-0.5
2019-20,Jae Crowder,2TM,1875.0,0.098,-0.1,0.9
2019-20,Jahlil Okafor,NOP,467.0,0.133,-0.2,0.2
2019-20,Jake Layman,MIN,505.0,0.03,-3.7,-0.2
2019-20,Jakob Poeltl,SAS,1171.0,0.163,2.5,1.3
2019-20,Jalen Brunson,DAL,1022.0,0.101,-0.9,0.3
2019-20,Jalen Lecque,PHO,32.0,-0.065,-9.5,-0.1
2019-20,Jalen McDaniels,CHO,293.0,0.078,-3.3,-0.1
2019-20,Jamal Crawford,BRK,6.0,0.492,15.0,0.0
2019-20,Jamal Murray,DEN,1904.0,0.107,1.2,1.5
2019-20,James Ennis III,2TM,1265.0,0.09,-2.6,-0.2
2019-20,James Harden,HOU,2483.0,0.254,9.6,7.3
2019-20,James Johnson,2TM,619.0,0.089,0.0,0.3
2019-20,Jared Dudley,LAL,364.0,0.102,-0.7,0.1
2019-20,Jared Harper,PHO,8.0,-0.249,-15.7,0.0
2019-20,Jaren Jackson Jr.,MEM,1622.0,0.103,0.4,1.0
2019-20,Jarred Vanderbilt,2TM,46.0,-0.026,-6.3,-0.1
2019-20,Jarrell Brantley,UTA,96.0,-0.006,-4.6,-0.1
2019-20,Jarrett Allen,BRK,1852.0,0.212,2.3,2.0
2019-20,Jarrett Culver,MIN,1506.0,-0.004,-4.0,-0.8
2019-20,Jarrod Uthoff,2TM,53.0,0.018,-4.6,0.0
2019-20,Javonte Green,BOS,468.0,0.113,-0.7,0.2
2019-20,Jaxson Hayes,NOP,1080.0,0.171,-0.3,0.5
2019-20,Jaylen Brown,BOS,1934.0,0.123,0.8,1.4
2019-20,Jaylen Hoard,POR,103.0,0.093,-2.1,0.0
2019-20,Jaylen Nowell,MIN,151.0,0.051,-3.8,-0.1
2019-20,Jayson Tatum,BOS,2265.0,0.146,4.0,3.4
2019-20,Jeff Green,2TM,960.0,0.104,-0.1,0.5
2019-20,Jeff Teague,2TM,1464.0,0.082,-1.5,0.2
2019-20,Jerami Grant,DEN,1892.0,0.111,-0.5,0.7
2019-20,Jeremiah Martin,BRK,99.0,0.176,3.2,0.1
2019-20,Jeremy Lamb,IND,1291.0,0.099,-0.4,0.5
2019-20,Jeremy Pargo,GSW,44.0,0.011,-5.9,0.0
2019-20,Jerian Grant,WAS,80.0,-0.018,-6.5,-0.1
2019-20,Jerome Robinson,2TM,979.0,0.009,-3.9,-0.5
2019-20,Jevon Carter,PHO,945.0,0.093,0.6,0.6
2019-20,Jimmy Butler,MIA,1959.0,0.221,5.4,3.7
2019-20,Joakim Noah,LAC,50.0,0.096,-1.6,0.0
2019-20,Joe Chealey,CHO,33.0,-0.188,-12.5,-0.1
2019-20,Joe Harris,BRK,2123.0,0.097,-0.2,1.0
2019-20,Joe Ingles,UTA,2137.0,0.108,0.7,1.5
2019-20,Joel Embiid,PHI,1506.0,0.192,4.7,2.5
2019-20,John Collins,ATL,1363.0,0.174,3.1,1.7
2019-20,John Henson,2TM,600.0,0.109,0.9,0.4
2019-20,John Konchar,MEM,181.0,0.182,4.5,0.3
2019-20,Johnathan Motley,LAC,41.0,0.299,8.1,0.1
2019-20,Johnathan Williams,WAS,180.0,0.109,-2.0,0.0
2019-20,Jonah Bolden,2TM,47.0,-0.006,-9.2,-0.1
2019-20,Jonas Valančiūnas,MEM,1845.0,0.182,2.4,2.0
2019-20,Jonathan Isaac,ORL,980.0,0.12,2.3,1.1
2019-20,Jordan Bell,2TM,256.0,0.07,-2.5,0.0
2019-20,Jordan Bone,DET,53.0,-0.117,-11.9,-0.1
2019-20,Jordan Clarkson,2TM,1705.0,0.096,1.1,1.3
2019-20,Jordan McLaughlin,MIN,590.0,0.13,0.3,0.3
2019-20,Jordan McRae,3TM,784.0,0.044,-1.5,0.1
2019-20,Jordan Poole,GSW,1274.0,-0.047,-6.6,-1.5
2019-20,Josh Gray,NOP,23.0,-0.226,-16.0,-0.1
2019-20,Josh Hart,NOP,1755.0,0.085,-0.7,0.6
2019-20,Josh Jackson,MEM,381.0,0.069,0.1,0.2
2019-20,Josh Magette,ORL,38.0,-0.127,-6.2,0.0
2019-20,Josh Okogie,MIN,1547.0,0.068,-2.4,-0.2
2019-20,Josh Reaves,DAL,28.0,0.031,-9.4,-0.1
2019-20,Josh Richardson,PHI,1693.0,0.061,-1.8,0.1
2019-20,Jrue Holiday,NOP,2117.0,0.088,1.8,2.0
2019-20,Juan Toscano-Anderson,GSW,272.0,0.03,-3.6,-0.1
2019-20,Juancho Hernangómez,2TM,833.0,0.052,-3.4,-0.3
2019-20,Julius Randle,NYK,2080.0,0.062,-0.3,0.9
2019-20,Justin Anderson,BRK,107.0,-0.054,-7.7,-0.2
2019-20,Justin Holiday,IND,1826.0,0.112,1.3,1.5
2019-20,Justin Jackson,DAL,1045.0,0.054,-3.4,-0.4
2019-20,Justin James,SAC,232.0,0.028,-1.4,0.0
2019-20,Justin Patton,OKC,24.0,-0.063,-10.1,0.0
2019-20,Justin Robinson,WAS,49.0,0.007,-5.7,0.0
2019-20,Justin Wright-Foreman,UTA,45.0,-0.008,-9.0,-0.1
2019-20,Justise Winslow,MIA,352.0,-0.004,-3.6,-0.1
2019-20,Jusuf Nurkić,POR,253.0,0.164,2.0,0.2
2019-20,Juwan Morgan,UTA,134.0,0.106,-3.2,0.0
2019-20,KZ Okpala,MIA,26.0,0.118,2.4,0.0
2019-20,Kadeem Allen,NYK,117.0,0.053,-0.9,0.0
2019-20,Karl-Anthony Towns,MIN,1187.0,0.204,7.8,2.9
2019-20,Kawhi Leonard,LAC,1848.0,0.226,8.9,5.1
2019-20,Keita Bates-Diop,2TM,744.0,0.078,-1.4,0.1
2019-20,Kelan Martin,MIN,495.0,0.023,-4.3,-0.3
2019-20,Keldon Johnson,SAS,301.0,0.174,1.5,0.3
2019-20,Kelly Olynyk,MIA,1300.0,0.135,1.0,1.0
2019-20,Kelly Oubre Jr.,PHO,1933.0,0.093,-0.5,0.7
2019-20,Kemba Walker,BOS,1742.0,0.162,4.6,2.9
2019-20,Kendrick Nunn,MIA,1962.0,0.049,-2.3,-0.1
2019-20,Kenrich Williams,NOP,832.0,0.05,-2.4,-0.1
2019-20,Kent Bazemore,2TM,1688.0,0.017,-3.0,-0.5
2019-20,Kentavious Caldwell-Pope,LAL,1762.0,0.102,-0.8,0.5
2019-20,Kevin Hervey,OKC,52.0,-0.085,-5.1,0.0
2019-20,Kevin Huerter,ATL,1760.0,0.043,-1.6,0.2
2019-20,Kevin Knox,NYK,1166.0,0.007,-4.2,-0.7
2019-20,Kevin Love,CLE,1780.0,0.101,2.0,1.8
2019-20,Kevin Porter Jr.,CLE,1162.0,0.012,-3.8,-0.5
2019-20,Kevon Looney,GSW,262.0,0.006,-5.6,-0.2
2019-20,Khem Birch,ORL,922.0,0.112,-2.4,-0.1
2019-20,Khris Middleton,MIL,1853.0,0.205,4.1,2.9
2019-20,Khyri Thomas,DET,61.0,-0.038,-7.9,-0.1
2019-20,Kostas Antetokounmpo,LAL,20.0,0.193,-0.7,0.0
2019-20,Kris Dunn,CHI,1269.0,0.085,-0.6,0.4
2019-20,Kristaps Porziņģis,DAL,1814.0,0.138,1.9,1.8
2019-20,Ky Bowman,GSW,1015.0,-0.003,-4.3,-0.6
2019-20,Kyle Alexander,MIA,13.0,-0.003,-10.1,0.0
2019-20,Kyle Anderson,MEM,1330.0,0.091,0.5,0.9
2019-20,Kyle Guy,SAC,10.0,-0.045,-12.3,0.0
2019-20,Kyle Korver,MIL,960.0,0.124,0.1,0.5
2019-20,Kyle Kuzma,LAL,1526.0,0.063,-2.6,-0.2
2019-20,Kyle Lowry,TOR,2098.0,0.171,3.2,2.8
2019-20,Kyle O'Quinn,PHI,313.0,0.165,3.0,0.4
2019-20,Kyrie Irving,BRK,658.0,0.21,7.7,1.6
2019-20,LaMarcus Aldridge,SAS,1754.0,0.122,1.4,1.5
2019-20,Lance Thomas,BRK,98.0,-0.015,-8.2,-0.2
2019-20,Landry Shamet,LAC,1452.0,0.086,-2.1,0.0
2019-20,Langston Galloway,DET,1702.0,0.087,-0.8,0.5
2019-20,Larry Nance Jr.,CLE,1472.0,0.128,1.7,1.4
2019-20,Lauri Markkanen,CHI,1492.0,0.084,-0.6,0.5
2019-20,LeBron James,LAL,2316.0,0.204,8.4,6.1
2019-20,League Average,nan,,,,
2019-20,Lonnie Walker IV,SAS,988.0,0.016,-3.5,-0.4
2019-20,Lonzo Ball,NOP,2025.0,0.058,0.6,1.3
2019-20,Lou Williams,LAC,1864.0,0.105,0.7,1.3
2019-20,Louis King,DET,62.0,-0.007,-6.2,-0.1
2019-20,Luc Mbah a Moute,HOU,25.0,-0.008,-7.4,0.0
2019-20,Luguentz Dort,OKC,820.0,0.049,-3.7,-0.4
2019-20,Luka Dončić,DAL,2047.0,0.207,8.4,5.4
2019-20,Luka Šamanić,SAS,48.0,0.011,-4.1,0.0
2019-20,Luke Kennard,DET,922.0,0.1,-0.3,0.4
2019-20,Luke Kornet,CHI,559.0,0.091,-1.2,0.1
2019-20,Malcolm Brogdon,IND,1666.0,0.114,1.8,1.6
2019-20,Malcolm Miller,TOR,162.0,0.082,-2.3,0.0
2019-20,Malik Beasley,2TM,1209.0,0.049,-2.1,0.0
2019-20,Malik Monk,CHO,1169.0,0.028,-2.3,-0.1
2019-20,Malik Newman,CLE,4.0,-0.502,-25.7,0.0
2019-20,Marc Gasol,TOR,1161.0,0.124,1.6,1.1
2019-20,Marco Belinelli,SAS,883.0,0.046,-2.7,-0.2
2019-20,Marcus Morris,2TM,1936.0,0.088,-0.1,0.9
2019-20,Marcus Smart,BOS,1919.0,0.112,1.4,1.6
2019-20,Marial Shayok,PHI,28.0,-0.13,-13.0,-0.1
2019-20,Mario Hezonja,POR,871.0,0.043,-2.9,-0.2
2019-20,Markelle Fultz,ORL,1996.0,0.065,-1.8,0.1
2019-20,Markieff Morris,2TM,1187.0,0.058,-2.0,0.0
2019-20,Marko Gudurić,MEM,484.0,0.014,-3.4,-0.2
2019-20,Marques Bolden,CLE,3.0,0.282,5.4,0.0
2019-20,Marquese Chriss,GSW,1196.0,0.136,0.6,0.8
2019-20,Marvin Bagley III,SAC,334.0,0.051,-3.5,-0.1
2019-20,Marvin Williams,2TM,1129.0,0.102,-0.6,0.4
2019-20,Mason Plumlee,DEN,1057.0,0.153,2.0,1.1
2019-20,Matisse Thybulle,PHI,1287.0,0.086,0.3,0.8
2019-20,Matt Mooney,CLE,19.0,0.007,-0.4,0.0
2019-20,Matt Thomas,TOR,440.0,0.133,1.1,0.3
2019-20,Matthew Dellavedova,CLE,821.0,0.011,-5.2,-0.7
2019-20,Maurice Harkless,2TM,1427.0,0.09,-0.7,0.5
2019-20,Max Strus,CHI,6.0,0.316,3.9,0.0
2019-20,Maxi Kleber,DAL,1890.0,0.123,0.4,1.1
2019-20,Melvin Frazier,ORL,126.0,0.057,-2.3,0.0
2019-20,Meyers Leonard,MIA,1034.0,0.096,-0.9,0.3
2019-20,Mfiondu Kabengele,LAC,64.0,0.173,2.2,0.1
2019-20,Michael Carter-Williams,ORL,833.0,0.111,0.1,0.5
2019-20,Michael Frazier,HOU,145.0,-0.06,-11.0,-0.3
2019-20,Michael Kidd-Gilchrist,2TM,281.0,-0.03,-7.4,-0.4
2019-20,Michael Porter Jr.,DEN,903.0,0.154,1.5,0.8
2019-20,Mikal Bridges,PHO,2042.0,0.113,0.8,1.5
2019-20,Mike Conley,UTA,1363.0,0.089,0.3,0.8
2019-20,Mike Muscala,OKC,572.0,0.107,-0.1,0.3
2019-20,Mike Scott,PHI,1207.0,0.1,-1.8,0.1
2019-20,Miles Bridges,CHO,1995.0,0.039,-2.5,-0.3
2019-20,Mitchell Robinson,NYK,1412.0,0.23,2.9,1.8
2019-20,Miye Oni,UTA,109.0,0.063,-4.3,-0.1
2019-20,Mo Bamba,ORL,878.0,0.135,0.4,0.5
2019-20,Monte Morris,DEN,1636.0,0.112,-0.2,0.7
2019-20,Montrezl Harrell,LAC,1749.0,0.191,2.9,2.2
2019-20,Moritz Wagner,WAS,835.0,0.099,-2.3,-0.1
2019-20,Moses Brown,POR,33.0,-0.065,-10.0,-0.1
2019-20,Mychal Mulder,GSW,204.0,0.017,-6.0,-0.2
2019-20,Myles Turner,IND,1826.0,0.111,0.1,1.0
2019-20,Nassir Little,POR,573.0,0.047,-3.5,-0.2
2019-20,Naz Mitrou-Long,IND,47.0,-0.022,-1.4,0.0
2019-20,Naz Reid,MIN,495.0,0.074,-1.9,0.0
2019-20,Nemanja Bjelica,SAC,2011.0,0.127,1.8,1.9
2019-20,Nerlens Noel,OKC,1127.0,0.209,3.1,1.5
2019-20,Nic Claxton,BRK,187.0,0.121,-0.7,0.1
2019-20,Nickeil Alexander-Walker,NOP,591.0,-0.02,-4.6,-0.4
2019-20,Nicolas Batum,CHO,505.0,0.055,-1.9,0.0
2019-20,Nicolò Melli,NOP,1042.0,0.082,-1.3,0.2
2019-20,Nigel Williams-Goss,UTA,50.0,0.017,-3.9,0.0
2019-20,Nikola Jokić,DEN,2336.0,0.202,7.4,5.5
2019-20,Nikola Vučević,ORL,1998.0,0.153,4.2,3.1
2019-20,Noah Vonleh,2TM,377.0,0.127,-1.0,0.1
2019-20,Norman Powell,TOR,1479.0,0.15,2.0,1.5
2019-20,Norvel Pelle,PHI,232.0,0.069,-5.2,-0.2
2019-20,OG Anunoby,TOR,2066.0,0.134,1.2,1.7
2019-20,Omari Spellman,GSW,886.0,0.066,-1.8,0.1
2019-20,Oshae Brissett,TOR,135.0,0.043,-5.3,-0.1
2019-20,Otto Porter Jr.,CHI,331.0,0.112,1.0,0.3
2019-20,P.J. Tucker,HOU,2467.0,0.078,-1.9,0.1
2019-20,P.J. Washington,CHO,1759.0,0.054,-1.6,0.2
2019-20,PJ Dozier,DEN,412.0,0.044,-3.8,-0.2
2019-20,Pascal Siakam,TOR,2110.0,0.123,1.8,2.0
2019-20,Pat Connaughton,MIL,1243.0,0.13,0.6,0.8
2019-20,Patrick Beverley,LAC,1342.0,0.128,2.2,1.4
2019-20,Patrick McCaw,TOR,908.0,0.075,-1.8,0.0
2019-20,Patrick Patterson,LAC,776.0,0.118,0.3,0.5
2019-20,Patty Mills,SAS,1485.0,0.091,0.0,0.8
2019-20,Paul George,LAC,1419.0,0.161,4.9,2.5
2019-20,Paul Millsap,DEN,1240.0,0.136,0.1,0.7
2019-20,Paul Watson,2TM,87.0,0.097,-0.2,0.0
2019-20,Quinn Cook,LAL,508.0,0.03,-3.8,-0.2
2019-20,Quinndary Weatherspoon,SAS,78.0,-0.071,-7.4,-0.1
2019-20,RJ Barrett,NYK,1704.0,-0.015,-4.3,-1.0
2019-20,Rajon Rondo,LAL,984.0,0.068,-1.4,0.2
2019-20,Raul Neto,PHI,668.0,0.083,-1.8,0.0
2019-20,Rayjon Tucker,UTA,161.0,0.063,-6.1,-0.2
2019-20,Reggie Bullock,NYK,684.0,0.036,-3.0,-0.2
2019-20,Reggie Jackson,2TM,743.0,0.073,-0.4,0.3
2019-20,Richaun Holmes,SAC,1242.0,0.19,1.0,0.9
2019-20,Ricky Rubio,PHO,2016.0,0.117,1.0,1.5
2019-20,Robert Covington,2TM,2137.0,0.083,0.0,1.1
2019-20,Robert Williams,BOS,388.0,0.253,5.1,0.7
2019-20,Robin Lopez,MIL,958.0,0.077,-2.6,-0.2
2019-20,Rodions Kurucs,BRK,684.0,0.055,-2.8,-0.1
2019-20,Rodney Hood,POR,619.0,0.084,-0.9,0.2
2019-20,Rodney McGruder,LAC,871.0,0.055,-3.0,-0.2
2019-20,Romeo Langford,BOS,370.0,0.025,-4.9,-0.3
2019-20,Rondae Hollis-Jefferson,TOR,1122.0,0.146,0.3,0.6
2019-20,Royce O'Neale,UTA,2049.0,0.101,0.9,1.5
2019-20,Rudy Gay,SAS,1461.0,0.068,-0.8,0.4
2019-20,Rudy Gobert,UTA,2333.0,0.221,3.6,3.3
2019-20,Rui Hachimura,WAS,1444.0,0.06,-3.2,-0.4
2019-20,Russell Westbrook,HOU,2049.0,0.098,1.5,1.8
2019-20,Ryan Anderson,HOU,14.0,-0.037,-2.8,0.0
2019-20,Ryan Arcidiacono,CHI,930.0,0.071,-2.8,-0.2
2019-20,Ryan Broekhoff,DAL,180.0,0.109,0.8,0.1
2019-20,Sekou Doumbouya,DET,754.0,-0.02,-6.7,-0.9
2019-20,Semi Ojeleye,BOS,1011.0,0.088,-1.7,0.1
2019-20,Serge Ibaka,TOR,1485.0,0.126,0.1,0.8
2019-20,Seth Curry,DAL,1576.0,0.13,0.8,1.2
2019-20,Shabazz Napier,2TM,1344.0,0.059,-1.1,0.3
2019-20,Shai Gilgeous-Alexander,OKC,2428.0,0.121,1.7,2.2
2019-20,Shake Milton,PHI,805.0,0.126,-1.0,0.2
2019-20,Shamorie Ponds,TOR,11.0,0.45,13.7,0.0
2019-20,Shaquille Harrison,CHI,484.0,0.153,2.8,0.6
2019-20,Sindarius Thornwell,NOP,35.0,0.101,-0.8,0.0
2019-20,Skal Labissière,POR,567.0,0.119,-1.3,0.1
2019-20,Solomon Hill,2TM,1088.0,0.064,-1.7,0.1
2019-20,Spencer Dinwiddie,BRK,1994.0,0.116,1.8,1.9
2019-20,Stanley Johnson,TOR,150.0,0.014,-2.5,0.0
2019-20,Stanton Kidd,UTA,15.0,-0.327,-17.6,-0.1
2019-20,Stephen Curry,GSW,139.0,0.103,3.9,0.2
2019-20,Sterling Brown,MIL,767.0,0.07,-2.0,0.0
2019-20,Steven Adams,OKC,1680.0,0.185,2.9,2.1
2019-20,Svi Mykhailiuk,DET,1265.0,0.06,-1.9,0.0
2019-20,T.J. Leaf,IND,222.0,0.061,-2.4,0.0
2019-20,T.J. McConnell,IND,1326.0,0.121,0.5,0.8
2019-20,T.J. Warren,IND,2202.0,0.143,1.1,1.7
2019-20,Tacko Fall,BOS,33.0,0.223,6.5,0.1
2019-20,Taj Gibson,NYK,1025.0,0.12,-1.1,0.2
2019-20,Talen Horton-Tucker,LAL,81.0,0.07,-2.1,0.0
2019-20,Tariq Owens,PHO,15.0,0.021,-5.8,0.0
2019-20,Taurean Prince,BRK,1857.0,0.014,-2.9,-0.4
2019-20,Terance Mann,LAC,362.0,0.106,-1.5,0.0
2019-20,Terence Davis,TOR,1209.0,0.122,0.8,0.8
2019-20,Terrance Ferguson,OKC,1257.0,0.021,-4.5,-0.8
2019-20,Terrence Ross,ORL,1889.0,0.077,-0.4,0.8
2019-20,Terry Rozier,CHO,2164.0,0.066,-0.4,0.8
2019-20,Thabo Sefolosha,HOU,436.0,0.072,-1.2,0.1
2019-20,Thaddeus Young,CHI,1591.0,0.058,-1.2,0.3
2019-20,Thanasis Antetokounmpo,MIL,129.0,0.07,-3.2,0.0
2019-20,Theo Pinson,BRK,365.0,-0.078,-7.0,-0.5
2019-20,Thomas Bryant,WAS,1147.0,0.164,2.2,1.2
2019-20,Thon Maker,DET,776.0,0.096,-1.4,0.1
2019-20,Tim Frazier,DET,355.0,0.016,-4.6,-0.2
2019-20,Tim Hardaway Jr.,DAL,2091.0,0.102,-0.1,1.0
2019-20,Timothé Luwawu-Cabarrot,BRK,853.0,0.095,-2.2,-0.1
2019-20,Tobias Harris,PHI,2469.0,0.121,0.8,1.8
2019-20,Tomáš Satoranský,CHI,1878.0,0.09,-1.2,0.4
2019-20,Tony Bradley,UTA,663.0,0.236,1.3,0.6
2019-20,Tony Snell,DET,1641.0,0.076,-1.8,0.1
2019-20,Torrey Craig,DEN,1072.0,0.091,-2.3,-0.1
2019-20,Trae Young,ATL,2120.0,0.133,3.9,3.1
2019-20,Tremont Waters,BOS,119.0,-0.103,-7.5,-0.2
2019-20,Treveon Graham,2TM,929.0,0.009,-5.6,-0.8
2019-20,Trevor Ariza,2TM,1493.0,0.081,-0.5,0.6
2019-20,Trey Burke,2TM,520.0,0.123,-0.2,0.2
2019-20,Trey Lyles,SAS,1271.0,0.083,-1.2,0.3
2019-20,Tristan Thompson,CLE,1721.0,0.085,-1.5,0.2
2019-20,Troy Brown Jr.,WAS,1782.0,0.065,-1.2,0.3
2019-20,Troy Daniels,2TM,532.0,0.056,-2.9,-0.1
2019-20,Ty Jerome,PHO,328.0,-0.003,-3.7,-0.1
2019-20,Tyler Cook,2TM,54.0,0.182,-0.2,0.0
2019-20,Tyler Herro,MIA,1508.0,0.05,-1.6,0.1
2019-20,Tyler Johnson,2TM,709.0,0.05,-2.9,-0.2
2019-20,Tyler Zeller,SAS,4.0,-0.075,-22.4,0.0
2019-20,Tyrone Wallace,ATL,160.0,-0.075,-8.7,-0.3
2019-20,Tyson Chandler,HOU,219.0,0.131,-1.5,0.0
2019-20,Tyus Jones,MEM,1232.0,0.117,0.6,0.8
2019-20,Udonis Haslem,MIA,44.0,0.041,-7.4,-0.1
2019-20,Vic Law,ORL,62.0,-0.052,-9.6,-0.1
2019-20,Victor Oladipo,IND,528.0,0.002,-3.3,-0.2
2019-20,Vince Carter,ATL,876.0,-0.011,-4.3,-0.5
2019-20,Vincent Poirier,BOS,130.0,0.113,-3.8,-0.1
2019-20,Vlatko Čančar,DEN,45.0,0.062,-4.8,0.0
2019-20,Wayne Ellington,NYK,558.0,0.035,-2.9,-0.1
2019-20,Wendell Carter Jr.,CHI,1256.0,0.127,-2.4,-0.1
2019-20,Wenyen Gabriel,2TM,235.0,0.048,-3.8,-0.1
2019-20,Wes Iwundu,ORL,953.0,0.084,-2.6,-0.2
2019-20,Wesley Matthews,MIL,1635.0,0.093,-1.8,0.1
2019-20,Will Barton,DEN,1916.0,0.106,1.1,1.5
2019-20,William Howard,HOU,13.0,-0.357,-19.6,-0.1
2019-20,Willie Cauley-Stein,2TM,1097.0,0.128,0.5,0.7
2019-20,Willy Hernangómez,CHO,375.0,0.107,0.1,0.2
2019-20,Wilson Chandler,BRK,734.0,0.046,-2.7,-0.1
2019-20,Yogi Ferrell,SAC,530.0,0.06,-1.8,0.0
2019-20,Yuta Watanabe,MEM,105.0,0.065,-1.7,0.0
2019-20,Zach Collins,POR,290.0,0.052,-3.1,-0.1
2019-20,Zach LaVine,CHI,2085.0,0.091,2.5,2.4
2019-20,Zach Norvell,2TM,41.0,-0.084,-8.4,-0.1
2019-20,Zhaire Smith,PHI,32.0,-0.12,-9.8,-0.1
2019-20,Zion Williamson,NOP,668.0,0.141,2.1,0.7
2019-20,Zylan Cheatham,NOP,51.0,0.034,-7.2,-0.1
2020-21,Aaron Gordon,2TM,1384.0,0.066,0.1,0.7
2020-21,Aaron Holiday,IND,1176.0,0.009,-4.2,-0.7
2020-21,Aaron Nesmith,BOS,669.0,0.076,-3.2,-0.2
2020-21,Abdel Nader,PHO,355.0,0.095,0.0,0.2
2020-21,Adam Mokoka,CHI,56.0,-0.112,-9.3,-0.1
2020-21,Al Horford,OKC,782.0,0.101,3.4,1.1
2020-21,Al-Farouq Aminu,2TM,434.0,0.01,-3.8,-0.2
2020-21,Alec Burks,NYK,1255.0,0.126,1.5,1.1
2020-21,Aleksej Pokusevski,OKC,1090.0,-0.084,-6.1,-1.1
2020-21,Alen Smailagić,GSW,84.0,0.015,-5.3,-0.1
2020-21,Alex Caruso,LAL,1216.0,0.095,0.0,0.6
2020-21,Alex Len,2TM,979.0,0.133,-0.1,0.5
2020-21,Alfonzo McKinnie,LAL,258.0,0.156,-0.4,0.1
2020-21,Alize Johnson,BRK,189.0,0.227,2.7,0.2
2020-21,Amida Brimah,IND,29.0,0.073,-4.8,0.0
2020-21,Amir Coffey,LAC,394.0,0.085,-2.0,0.0
2020-21,Anderson Varejão,CLE,36.0,-0.029,-7.1,0.0
2020-21,Andre Drummond,2TM,1242.0,0.077,-1.2,0.3
2020-21,Andre Iguodala,MIA,1339.0,0.062,-0.4,0.5
2020-21,Andre Roberson,BRK,63.0,-0.043,-6.1,-0.1
2020-21,Andrew Wiggins,GSW,2364.0,0.08,-0.4,1.0
2020-21,Anfernee Simons,POR,1104.0,0.078,-1.0,0.3
2020-21,Anthony Davis,LAL,1162.0,0.152,4.8,2.0
2020-21,Anthony Edwards,MIN,2314.0,0.017,-2.1,-0.1
2020-21,Anthony Gill,WAS,218.0,0.123,-1.3,0.0
2020-21,Anthony Lamb,HOU,415.0,0.023,-6.1,-0.4
2020-21,Anthony Tolliver,PHI,99.0,0.025,-7.0,-0.1
2020-21,Anžejs Pasečņiks,WAS,6.0,-1.113,-46.6,-0.1
2020-21,Armoni Brooks,HOU,520.0,0.03,-3.2,-0.2
2020-21,Aron Baynes,TOR,980.0,0.049,-4.5,-0.6
2020-21,Ashton Hagans,MIN,4.0,-0.353,-21.1,0.0
2020-21,Austin Rivers,2TM,845.0,0.072,-1.9,0.0
2020-21,Avery Bradley,2TM,602.0,-0.008,-5.4,-0.5
2020-21,Axel Toupane,MIL,61.0,0.097,-3.0,0.0
2020-21,Bam Adebayo,MIA,2143.0,0.197,4.9,3.7
2020-21,Ben McLemore,2TM,905.0,0.013,-3.9,-0.4
2020-21,Ben Simmons,PHI,1877.0,0.153,2.9,2.3
2020-21,Bismack Biyombo,CHO,1349.0,0.081,-3.0,-0.4
2020-21,Blake Griffin,2TM,1186.0,0.081,-0.8,0.3
2020-21,Boban Marjanović,DAL,271.0,0.183,-0.8,0.1
2020-21,Bobby Portis,MIL,1372.0,0.167,1.5,1.2
2020-21,Bogdan Bogdanović,ATL,1305.0,0.142,3.6,1.8
2020-21,Bojan Bogdanović,UTA,2216.0,0.113,-0.4,0.9
2020-21,Bol Bol,DEN,160.0,-0.004,-4.1,-0.1
2020-21,Brad Wanamaker,2TM,1053.0,0.039,-4.0,-0.5
2020-21,Bradley Beal,WAS,2147.0,0.132,3.4,2.9
2020-21,Brandon Clarke,MEM,1415.0,0.142,1.5,1.3
2020-21,Brandon Goodwin,ATL,620.0,0.013,-3.1,-0.2
2020-21,Brandon Ingram,NOP,2093.0,0.12,2.2,2.2
2020-21,Brian Bowen,IND,15.0,-0.063,-11.0,0.0
2020-21,Brodric Thomas,2TM,399.0,0.006,-4.4,-0.2
2020-21,Brook Lopez,MIL,1902.0,0.133,0.0,0.9
2020-21,Bruce Brown,BRK,1451.0,0.144,-0.1,0.7
2020-21,Bruno Caboclo,HOU,36.0,-0.088,-10.1,-0.1
2020-21,Bruno Fernando,ATL,226.0,-0.019,-6.5,-0.3
2020-21,Bryn Forbes,MIL,1354.0,0.096,-1.3,0.2
2020-21,Buddy Hield,SAC,2433.0,0.044,-0.6,0.9
2020-21,CJ Elleby,POR,192.0,0.032,-4.9,-0.1
2020-21,CJ McCollum,POR,1600.0,0.141,3.9,2.4
2020-21,Caleb Martin,CHO,818.0,0.03,-3.4,-0.3
2020-21,Cam Reddish,ATL,750.0,0.026,-3.2,-0.2
2020-21,Cameron Johnson,PHO,1437.0,0.086,-0.2,0.7
2020-21,Cameron Oliver,HOU,87.0,0.114,-2.0,0.0
2020-21,Cameron Payne,PHO,1079.0,0.158,3.1,1.4
2020-21,Cameron Reynolds,2TM,40.0,-0.039,-8.1,-0.1
2020-21,Caris LeVert,2TM,1486.0,0.077,0.4,0.9
2020-21,Carmelo Anthony,POR,1690.0,0.073,-1.1,0.4
2020-21,Carsen Edwards,BOS,276.0,0.051,-4.5,-0.2
2020-21,Cassius Stanley,IND,93.0,-0.05,-11.2,-0.2
2020-21,Cassius Winston,WAS,98.0,0.066,-3.2,0.0
2020-21,Cedi Osman,CLE,1510.0,0.014,-3.2,-0.5
2020-21,Chandler Hutchison,2TM,346.0,-0.007,-5.6,-0.3
2020-21,Charlie Brown Jr.,OKC,152.0,-0.032,-8.7,-0.3
2020-21,Chasson Randle,ORL,837.0,-0.001,-5.9,-0.8
2020-21,Chimezie Metu,SAC,488.0,0.061,-3.6,-0.2
2020-21,Chris Boucher,TOR,1453.0,0.201,3.3,2.0
2020-21,Chris Chiozza,BRK,232.0,0.063,-0.7,0.1
2020-21,Chris Paul,PHO,2199.0,0.201,4.6,3.6
2020-21,Chris Silva,2TM,92.0,0.101,-5.5,-0.1
2020-21,Christian Wood,HOU,1326.0,0.1,1.4,1.1
2020-21,Chuma Okeke,ORL,1133.0,0.056,-1.5,0.1
2020-21,Clint Capela,ATL,1898.0,0.207,2.7,2.2
2020-21,Coby White,CHI,2156.0,0.052,-2.4,-0.2
2020-21,Cody Martin,CHO,849.0,0.061,-2.0,0.0
2020-21,Cody Zeller,CHO,1005.0,0.156,-0.5,0.4
2020-21,Cole Anthony,ORL,1273.0,-0.001,-3.3,-0.4
2020-21,Collin Sexton,CLE,2115.0,0.08,-0.2,1.0
2020-21,Cory Joseph,2TM,1446.0,0.069,-1.8,0.1
2020-21,Cristiano Felício,CHI,84.0,0.151,0.1,0.0
2020-21,D'Angelo Russell,MIN,1196.0,0.063,1.6,1.1
2020-21,D.J. Augustin,2TM,1129.0,0.088,-2.1,0.0
2020-21,D.J. Wilson,2TM,433.0,0.032,-3.3,-0.1
2020-21,DaQuan Jeffries,2TM,493.0,0.027,-4.7,-0.3
2020-21,Dakota Mathias,PHI,123.0,0.061,-2.6,0.0
2020-21,Damian Jones,3TM,547.0,0.138,-1.4,0.1
2020-21,Damian Lillard,POR,2398.0,0.209,6.3,5.0
2020-21,Damion Lee,GSW,1079.0,0.119,0.2,0.6
2020-21,Damyean Dotson,CLE,907.0,-0.002,-4.8,-0.6
2020-21,Daniel Gafford,2TM,791.0,0.209,2.2,0.8
2020-21,Daniel Oturu,LAC,161.0,0.081,-5.2,-0.1
2020-21,Daniel Theis,2TM,1601.0,0.128,0.0,0.8
2020-21,Danilo Gallinari,ATL,1222.0,0.146,1.1,1.0
2020-21,Danny Green,PHI,1934.0,0.115,1.9,1.9
2020-21,Dante Exum,CLE,116.0,-0.025,-3.8,-0.1
2020-21,Danuel House Jr.,HOU,932.0,0.026,-3.5,-0.3
2020-21,Dario Šarić,PHO,871.0,0.093,-2.0,0.0
2020-21,Darius Bazley,OKC,1714.0,-0.026,-4.4,-1.0
2020-21,Darius Garland,CLE,1790.0,0.033,-2.1,-0.1
2020-21,Darius Miller,OKC,197.0,0.156,3.6,0.3
2020-21,David Nwaba,HOU,679.0,0.094,-0.8,0.2
2020-21,De'Aaron Fox,SAC,2036.0,0.098,1.8,2.0
2020-21,De'Andre Hunter,ATL,678.0,0.123,1.2,0.5
2020-21,De'Anthony Melton,MEM,1045.0,0.103,2.3,1.1
2020-21,DeAndre Jordan,BRK,1246.0,0.152,1.0,0.9
2020-21,DeAndre' Bembry,TOR,972.0,0.059,-1.9,0.0
2020-21,DeMar DeRozan,SAS,2056.0,0.172,3.1,2.6
2020-21,DeMarcus Cousins,2TM,713.0,0.079,0.4,0.4
2020-21,Dean Wade,CLE,1212.0,0.08,-1.3,0.2
2020-21,Deandre Ayton,PHO,2115.0,0.191,1.2,1.7
2020-21,Deividas Sirvydis,DET,133.0,-0.01,-5.4,-0.1
2020-21,Dejounte Murray,SAS,2139.0,0.074,0.8,1.5
2020-21,Delon Wright,2TM,1748.0,0.117,2.2,1.8
2020-21,Deni Avdija,WAS,1257.0,0.046,-3.1,-0.4
2020-21,Dennis Schröder,LAL,1956.0,0.093,-1.1,0.4
2020-21,Dennis Smith Jr.,2TM,420.0,0.07,0.4,0.3
2020-21,Denzel Valentine,CHI,1036.0,0.032,-2.7,-0.2
2020-21,Derrick Favors,UTA,1039.0,0.237,2.6,1.2
2020-21,Derrick Jones Jr.,POR,1318.0,0.089,-1.4,0.2
2020-21,Derrick Rose,2TM,1279.0,0.118,1.9,1.3
2020-21,Derrick White,SAS,1064.0,0.085,1.3,0.9
2020-21,Desmond Bane,MEM,1519.0,0.093,-0.8,0.5
2020-21,Devin Booker,PHO,2270.0,0.104,0.3,1.3
2020-21,Devin Cannady,ORL,74.0,0.057,-3.1,0.0
2020-21,Devin Vassell,SAS,1056.0,0.069,-1.5,0.1
2020-21,Devon Dotson,CHI,50.0,0.177,2.1,0.1
2020-21,Devontae Cacok,LAL,98.0,0.142,-1.0,0.0
2020-21,Devonte' Graham,CHO,1659.0,0.099,0.7,1.1
2020-21,Dewayne Dedmon,MIA,210.0,0.256,1.7,0.2
2020-21,Didi Louzada,NOP,56.0,-0.099,-9.6,-0.1
2020-21,Dillon Brooks,MEM,1997.0,0.033,-3.7,-0.9
2020-21,Domantas Sabonis,IND,2231.0,0.149,3.8,3.3
2020-21,Donovan Mitchell,UTA,1771.0,0.167,4.3,2.8
2020-21,Donta Hall,ORL,179.0,0.223,1.6,0.2
2020-21,Donte DiVincenzo,MIL,1814.0,0.095,0.2,1.0
2020-21,Dorian Finney-Smith,DAL,1921.0,0.11,0.1,1.0
2020-21,Doug McDermott,IND,1619.0,0.112,-0.6,0.6
2020-21,Draymond Green,GSW,1982.0,0.112,1.7,1.9
2020-21,Drew Eubanks,SAS,755.0,0.145,0.0,0.4
2020-21,Duncan Robinson,MIA,2262.0,0.079,-1.0,0.6
2020-21,Dwayne Bacon,ORL,1853.0,0.013,-5.1,-1.5
2020-21,Dwight Howard,PHI,1196.0,0.159,-1.5,0.1
2020-21,Dwight Powell,DAL,966.0,0.188,0.6,0.6
2020-21,Dylan Windler,CLE,513.0,0.045,-1.7,0.0
2020-21,Dāvis Bertāns,WAS,1464.0,0.101,-0.8,0.4
2020-21,E'Twaun Moore,PHO,389.0,0.049,-2.9,-0.1
2020-21,Ed Davis,MIN,299.0,0.135,-2.2,0.0
2020-21,Edmond Sumner,IND,861.0,0.077,-2.8,-0.2
2020-21,Elfrid Payton,NYK,1484.0,0.032,-3.0,-0.4
2020-21,Elijah Bryant,MIL,32.0,0.008,-7.3,0.0
2020-21,Elijah Hughes,UTA,64.0,-0.013,-2.8,0.0
2020-21,Enes Freedom,POR,1758.0,0.204,0.6,1.2
2020-21,Eric Bledsoe,NOP,2111.0,0.053,-2.0,0.0
2020-21,Eric Gordon,HOU,789.0,0.048,-1.0,0.2
2020-21,Eric Paschall,GSW,695.0,0.062,-2.7,-0.1
2020-21,Ersan İlyasova,UTA,148.0,0.122,-0.9,0.0
2020-21,Evan Fournier,2TM,1259.0,0.107,1.1,1.0
2020-21,Facundo Campazzo,DEN,1425.0,0.105,-0.6,0.5
2020-21,Frank Jackson,DET,738.0,0.076,-1.7,0.1
2020-21,Frank Kaminsky,PHO,715.0,0.133,1.3,0.6
2020-21,Frank Mason III,ORL,79.0,-0.018,-7.7,-0.1
2020-21,Frank Ntilikina,NYK,322.0,0.07,-1.7,0.0
2020-21,Fred VanVleet,TOR,1899.0,0.108,2.5,2.2
2020-21,Freddie Gillespie,TOR,392.0,0.116,-3.2,-0.1
2020-21,Furkan Korkmaz,PHI,1062.0,0.092,-0.1,0.5
2020-21,Gabe Vincent,MIA,655.0,0.011,-5.4,-0.6
2020-21,Gabriel Deck,OKC,212.0,0.12,-0.4,0.1
2020-21,Garrett Temple,CHI,1528.0,0.05,-3.0,-0.4
2020-21,Garrison Mathews,WAS,1038.0,0.108,-1.8,0.1
2020-21,Gary Clark,3TM,654.0,0.008,-4.9,-0.5
2020-21,Gary Harris,2TM,1080.0,0.033,-4.2,-0.6
2020-21,Gary Payton II,GSW,40.0,0.331,9.2,0.1
2020-21,Gary Trent Jr.,2TM,1802.0,0.045,-2.3,-0.1
2020-21,George Hill,2TM,672.0,0.1,-1.2,0.1
2020-21,Georges Niang,UTA,1154.0,0.108,-0.3,0.5
2020-21,Giannis Antetokounmpo,MIL,2013.0,0.244,9.0,5.6
2020-21,Glenn Robinson III,SAC,369.0,0.033,-4.0,-0.2
2020-21,Goga Bitadze,IND,561.0,0.129,-1.0,0.1
2020-21,Goran Dragić,MIA,1337.0,0.048,-2.3,-0.1
2020-21,Gordon Hayward,CHO,1496.0,0.114,1.6,1.4
2020-21,Gorgui Dieng,2TM,552.0,0.185,3.4,0.7
2020-21,Grant Riller,CHO,27.0,0.177,5.1,0.0
2020-21,Grant Williams,BOS,1138.0,0.046,-3.7,-0.5
2020-21,Grayson Allen,MEM,1259.0,0.101,-0.2,0.6
2020-21,Greg Whittington,DEN,12.0,-0.259,-17.2,0.0
2020-21,Hamidou Diallo,2TM,1226.0,0.063,-2.1,0.0
2020-21,Harrison Barnes,SAC,2102.0,0.103,0.2,1.1
2020-21,Harry Giles,POR,348.0,0.069,-2.9,-0.1
2020-21,Hassan Whiteside,SAC,546.0,0.081,-2.2,0.0
2020-21,Henry Ellenson,TOR,38.0,0.127,-1.8,0.0
2020-21,Ignas Brazdeikis,3TM,249.0,0.016,-5.3,-0.2
2020-21,Iman Shumpert,BRK,11.0,-0.212,-12.6,0.0
2020-21,Immanuel Quickley,NYK,1243.0,0.125,0.9,0.9
2020-21,Isaac Bonga,WAS,432.0,-0.001,-5.8,-0.4
2020-21,Isaac Okoro,CLE,2173.0,0.02,-5.1,-1.7
2020-21,Isaiah Hartenstein,2TM,559.0,0.134,-0.9,0.2
2020-21,Isaiah Joe,PHI,383.0,0.078,-3.0,-0.1
2020-21,Isaiah Roby,OKC,1425.0,0.043,-3.3,-0.5
2020-21,Isaiah Stewart,DET,1455.0,0.132,-1.1,0.3
2020-21,Isaiah Thomas,NOP,48.0,-0.179,-13.1,-0.1
2020-21,Ish Smith,WAS,924.0,0.056,-1.5,0.1
2020-21,Ivica Zubac,LAC,1609.0,0.206,1.0,1.2
2020-21,JJ Redick,2TM,723.0,0.045,-3.5,-0.3
2020-21,Ja Morant,MEM,2053.0,0.074,-0.4,0.8
2020-21,JaKarr Sampson,IND,316.0,0.044,-7.5,-0.4
2020-21,JaMychal Green,DEN,1120.0,0.11,-1.5,0.1
2020-21,JaVale McGee,2TM,678.0,0.068,-2.5,-0.1
2020-21,Jabari Parker,2TM,165.0,0.089,-0.9,0.0
2020-21,Jaden McDaniels,MIN,1511.0,0.046,-3.5,-0.6
2020-21,Jae Crowder,PHO,1648.0,0.097,1.1,1.3
2020-21,Jae'Sean Tate,HOU,2043.0,0.088,-1.4,0.3
2020-21,Jahlil Okafor,DET,347.0,0.082,-3.2,-0.1
2020-21,Jahmi'us Ramsey,SAC,94.0,0.012,-4.5,-0.1
2020-21,Jake Layman,MIN,627.0,0.051,-2.1,0.0
2020-21,Jakob Poeltl,SAS,1845.0,0.148,0.8,1.3
2020-21,Jalen Brunson,DAL,1697.0,0.143,0.9,1.2
2020-21,Jalen Harris,TOR,172.0,0.079,0.3,0.1
2020-21,Jalen Lecque,IND,12.0,-0.232,-13.0,0.0
2020-21,Jalen McDaniels,CHO,904.0,0.062,-3.2,-0.3
2020-21,Jalen Smith,PHO,156.0,0.022,-6.1,-0.2
2020-21,Jamal Murray,DEN,1704.0,0.129,2.0,1.7
2020-21,James Ennis III,ORL,986.0,0.097,-2.2,-0.1
2020-21,James Harden,2TM,1609.0,0.208,7.2,3.7
2020-21,James Johnson,2TM,1043.0,0.055,-1.2,0.2
2020-21,James Nunnally,NOP,48.0,0.031,-2.7,0.0
2020-21,James Wiseman,GSW,836.0,0.042,-5.0,-0.6
2020-21,Jared Dudley,LAL,81.0,0.053,-3.5,0.0
2020-21,Jared Harper,NYK,16.0,-0.365,-22.1,-0.1
2020-21,Jaren Jackson Jr.,MEM,258.0,0.123,0.1,0.1
2020-21,Jarred Vanderbilt,MIN,1139.0,0.132,-0.1,0.5
2020-21,Jarrell Brantley,UTA,138.0,0.172,2.2,0.1
2020-21,Jarrett Allen,2TM,1864.0,0.166,1.1,1.4
2020-21,Jarrett Culver,MIN,499.0,-0.006,-5.6,-0.5
2020-21,Javonte Green,2TM,473.0,0.107,-0.5,0.2
2020-21,Jaxson Hayes,NOP,964.0,0.176,0.6,0.6
2020-21,Jay Scrubb,LAC,84.0,-0.072,-10.9,-0.2
2020-21,Jaylen Adams,MIL,18.0,-0.252,-19.8,-0.1
2020-21,Jaylen Brown,BOS,1999.0,0.115,2.5,2.3
2020-21,Jaylen Hoard,OKC,320.0,0.07,-2.5,0.0
2020-21,Jaylen Nowell,MIN,759.0,0.044,-2.8,-0.2
2020-21,Jayson Tatum,BOS,2290.0,0.137,3.9,3.4
2020-21,Jeff Green,BRK,1835.0,0.107,-0.8,0.5
2020-21,Jeff Teague,2TM,950.0,0.079,-2.2,-0.1
2020-21,Jerami Grant,DET,1829.0,0.083,1.1,1.4
2020-21,Jeremiah Martin,CLE,75.0,-0.207,-9.5,-0.1
2020-21,Jeremy Lamb,IND,765.0,0.132,1.4,0.7
2020-21,Jerome Robinson,WAS,305.0,-0.057,-7.0,-0.4
2020-21,Jevon Carter,PHO,717.0,0.104,0.5,0.5
2020-21,Jimmy Butler,MIA,1745.0,0.255,7.7,4.3
2020-21,Joe Harris,BRK,2141.0,0.117,0.4,1.3
2020-21,Joe Ingles,UTA,1867.0,0.18,3.5,2.6
2020-21,Joel Embiid,PHI,1585.0,0.266,7.5,3.8
2020-21,John Collins,ATL,1848.0,0.174,2.3,2.0
2020-21,John Konchar,MEM,575.0,0.145,1.2,0.5
2020-21,John Wall,HOU,1288.0,-0.007,-0.7,0.4
2020-21,Jonas Valančiūnas,MEM,1755.0,0.213,3.0,2.2
2020-21,Jontay Porter,MEM,54.0,0.019,-6.5,-0.1
2020-21,Jordan Bell,2TM,82.0,-0.008,-5.8,-0.1
2020-21,Jordan Bone,ORL,196.0,0.045,-4.2,-0.1
2020-21,Jordan Clarkson,UTA,1818.0,0.111,1.4,1.6
2020-21,Jordan McLaughlin,MIN,938.0,0.062,-1.7,0.1
2020-21,Jordan Nwora,MIL,274.0,0.068,-1.1,0.1
2020-21,Jordan Poole,GSW,988.0,0.094,-0.5,0.4
2020-21,Josh Green,DAL,445.0,0.05,-3.6,-0.2
2020-21,Josh Hall,OKC,336.0,-0.126,-11.9,-0.8
2020-21,Josh Hart,NOP,1349.0,0.097,-0.8,0.4
2020-21,Josh Jackson,DET,1560.0,0.004,-3.0,-0.4
2020-21,Josh Okogie,MIN,1197.0,0.051,-3.3,-0.4
2020-21,Josh Richardson,DAL,1790.0,0.066,-1.7,0.1
2020-21,Jrue Holiday,MIL,1907.0,0.165,3.4,2.6
2020-21,Juan Toscano-Anderson,GSW,1107.0,0.13,0.8,0.8
2020-21,Juancho Hernangómez,MIN,900.0,0.06,-2.9,-0.2
2020-21,Julius Randle,NYK,2667.0,0.14,3.8,3.9
2020-21,Justin Holiday,IND,2183.0,0.069,-1.0,0.6
2020-21,Justin Jackson,2TM,577.0,0.018,-3.5,-0.2
2020-21,Justin James,SAC,310.0,0.02,-4.3,-0.2
2020-21,Justin Patton,HOU,247.0,0.076,-2.2,0.0
2020-21,Justin Robinson,OKC,88.0,0.021,-6.8,-0.1
2020-21,Justise Winslow,MEM,507.0,-0.066,-6.0,-0.5
2020-21,Jusuf Nurkić,POR,880.0,0.133,2.5,1.0
2020-21,Juwan Morgan,UTA,147.0,0.105,-2.3,0.0
2020-21,KJ Martin,HOU,1068.0,0.099,-1.8,0.0
2020-21,KZ Okpala,MIA,447.0,0.015,-7.1,-0.6
2020-21,Karim Mané,ORL,88.0,-0.045,-9.9,-0.2
2020-21,Karl-Anthony Towns,MIN,1689.0,0.153,4.5,2.8
2020-21,Kawhi Leonard,LAC,1773.0,0.238,7.3,4.2
2020-21,Keita Bates-Diop,SAS,245.0,0.068,-1.9,0.0
2020-21,Kelan Martin,IND,322.0,0.066,-2.4,0.0
2020-21,Keldon Johnson,SAS,1968.0,0.079,-1.6,0.2
2020-21,Keljin Blevins,POR,75.0,-0.137,-10.7,-0.2
2020-21,Kelly Olynyk,2TM,1997.0,0.121,1.2,1.6
2020-21,Kelly Oubre Jr.,GSW,1687.0,0.062,-1.9,0.0
2020-21,Kemba Walker,BOS,1369.0,0.115,2.1,1.4
2020-21,Kendrick Nunn,MIA,1650.0,0.084,-0.5,0.6
2020-21,Kenrich Williams,OKC,1426.0,0.096,-0.7,0.4
2020-21,Kent Bazemore,GSW,1333.0,0.065,-1.2,0.2
2020-21,Kentavious Caldwell-Pope,LAL,1902.0,0.107,-0.5,0.7
2020-21,Kevin Durant,BRK,1157.0,0.206,7.2,2.7
2020-21,Kevin Huerter,ATL,2126.0,0.08,-0.3,1.0
2020-21,Kevin Knox,NYK,464.0,0.065,-1.4,0.1
2020-21,Kevin Love,CLE,622.0,0.073,-0.1,0.3
2020-21,Kevin Porter Jr.,HOU,835.0,0.0,-3.5,-0.3
2020-21,Kevon Looney,GSW,1161.0,0.139,-0.9,0.3
2020-21,Khem Birch,2TM,1529.0,0.118,-1.0,0.4
2020-21,Khris Middleton,MIL,2269.0,0.135,1.3,1.9
2020-21,Khyri Thomas,HOU,153.0,0.164,2.4,0.2
2020-21,Killian Hayes,DET,670.0,-0.081,-7.2,-0.9
2020-21,Killian Tillie,MEM,182.0,0.055,-3.7,-0.1
2020-21,Kira Lewis Jr.,NOP,904.0,0.045,-3.4,-0.3
2020-21,Kostas Antetokounmpo,LAL,56.0,-0.174,-12.6,-0.1
2020-21,Kris Dunn,ATL,45.0,-0.202,-13.7,-0.1
2020-21,Kristaps Porziņģis,DAL,1327.0,0.154,2.2,1.4
2020-21,Kyle Anderson,MEM,1887.0,0.143,3.3,2.5
2020-21,Kyle Guy,SAC,235.0,-0.015,-5.8,-0.2
2020-21,Kyle Kuzma,LAL,1954.0,0.08,-0.4,0.8
2020-21,Kyle Lowry,TOR,1601.0,0.124,1.6,1.5
2020-21,Kyrie Irving,BRK,1886.0,0.189,5.5,3.6
2020-21,LaMarcus Aldridge,2TM,674.0,0.08,-0.3,0.3
2020-21,LaMelo Ball,CHO,1469.0,0.093,1.8,1.4
2020-21,Lamar Stevens,CLE,499.0,0.043,-4.2,-0.3
2020-21,Landry Shamet,BRK,1403.0,0.063,-2.4,-0.2
2020-21,Langston Galloway,PHO,438.0,0.096,-0.9,0.1
2020-21,Larry Nance Jr.,CLE,1091.0,0.08,0.4,0.7
2020-21,Lauri Markkanen,CHI,1317.0,0.109,0.1,0.7
2020-21,LeBron James,LAL,1504.0,0.179,8.1,3.8
2020-21,League Average,nan,,,,
2020-21,Lonnie Walker IV,SAS,1522.0,0.012,-3.7,-0.7
2020-21,Lonzo Ball,NOP,1747.0,0.089,1.7,1.6
2020-21,Lou Williams,2TM,1423.0,0.056,-2.5,-0.2
2020-21,Louis King,SAC,85.0,0.16,4.9,0.1
2020-21,Luguentz Dort,OKC,1543.0,0.011,-3.5,-0.6
2020-21,Luka Dončić,DAL,2262.0,0.163,6.8,5.1
2020-21,Luka Šamanić,SAS,308.0,0.015,-4.9,-0.2
2020-21,Luke Kennard,LAC,1232.0,0.105,-0.2,0.6
2020-21,Luke Kornet,2TM,348.0,0.095,0.8,0.3
2020-21,Malachi Flynn,TOR,928.0,0.041,-2.6,-0.1
2020-21,Malcolm Brogdon,IND,1930.0,0.105,2.1,2.0
2020-21,Malik Beasley,MIN,1214.0,0.053,-0.2,0.6
2020-21,Malik Fitts,LAC,11.0,0.049,-9.1,0.0
2020-21,Malik Monk,CHO,878.0,0.054,-1.8,0.0
2020-21,Mamadi Diakite,MIL,141.0,0.102,-2.4,0.0
2020-21,Marc Gasol,LAL,993.0,0.133,2.3,1.1
2020-21,Marcus Morris,LAC,1502.0,0.115,0.0,0.8
2020-21,Marcus Smart,BOS,1581.0,0.1,-0.3,0.7
2020-21,Markelle Fultz,ORL,215.0,-0.024,-4.4,-0.1
2020-21,Markieff Morris,LAL,1200.0,0.062,-2.6,-0.2
2020-21,Markus Howard,DEN,205.0,-0.068,-8.7,-0.3
2020-21,Marques Bolden,CLE,29.0,0.063,-3.0,0.0
2020-21,Marquese Chriss,GSW,27.0,-0.03,-2.1,0.0
2020-21,Marvin Bagley III,SAC,1112.0,0.059,-3.1,-0.3
2020-21,Mason Jones,2TM,334.0,0.028,-2.7,-0.1
2020-21,Mason Plumlee,DET,1499.0,0.164,2.2,1.6
2020-21,Matisse Thybulle,PHI,1298.0,0.102,1.9,1.3
2020-21,Matt Thomas,2TM,326.0,0.031,-4.6,-0.2
2020-21,Matthew Dellavedova,CLE,224.0,0.005,-6.4,-0.3
2020-21,Maurice Harkless,2TM,772.0,0.038,-3.7,-0.3
2020-21,Max Strus,MIA,507.0,0.088,-2.2,0.0
2020-21,Maxi Kleber,DAL,1341.0,0.103,0.0,0.7
2020-21,Meyers Leonard,MIA,29.0,0.038,-3.7,0.0
2020-21,Mfiondu Kabengele,2TM,280.0,0.026,-4.3,-0.2
2020-21,Michael Carter-Williams,ORL,800.0,-0.028,-4.8,-0.6
2020-21,Michael Porter Jr.,DEN,1912.0,0.173,3.1,2.5
2020-21,Mikal Bridges,PHO,2348.0,0.164,3.3,3.1
2020-21,Mike Conley,UTA,1498.0,0.197,4.9,2.6
2020-21,Mike James,BRK,236.0,0.028,-4.4,-0.1
2020-21,Mike Muscala,OKC,645.0,0.096,-0.1,0.3
2020-21,Mike Scott,PHI,852.0,0.058,-2.8,-0.2
2020-21,Miles Bridges,CHO,1932.0,0.105,0.2,1.1
2020-21,Mitchell Robinson,NYK,853.0,0.192,1.2,0.7
2020-21,Miye Oni,UTA,519.0,0.081,-1.7,0.0
2020-21,Mo Bamba,ORL,725.0,0.117,0.1,0.4
2020-21,Monte Morris,DEN,1196.0,0.115,-0.3,0.5
2020-21,Montrezl Harrell,LAL,1580.0,0.221,3.0,2.0
2020-21,Moritz Wagner,3TM,722.0,0.082,-2.6,-0.1
2020-21,Moses Brown,OKC,920.0,0.138,-2.4,-0.1
2020-21,Mychal Mulder,GSW,766.0,0.075,-1.8,0.0
2020-21,Myles Turner,IND,1455.0,0.11,0.4,0.9
2020-21,Naji Marshall,NOP,700.0,0.061,-1.3,0.1
2020-21,Nassir Little,POR,640.0,0.082,-2.7,-0.1
2020-21,Nate Darling,CHO,26.0,0.038,-4.0,0.0
2020-21,Nate Hinton,DAL,93.0,-0.015,-3.4,0.0
2020-21,Nathan Knight,ATL,279.0,0.07,-3.7,-0.1
2020-21,Naz Reid,MIN,1347.0,0.113,-0.2,0.6
2020-21,Nemanja Bjelica,2TM,595.0,0.071,-2.2,0.0
2020-21,Nerlens Noel,NYK,1547.0,0.162,1.4,1.3
2020-21,Nic Claxton,BRK,594.0,0.153,0.4,0.4
2020-21,Nick Richards,CHO,63.0,0.026,-8.0,-0.1
2020-21,Nickeil Alexander-Walker,NOP,1007.0,0.035,-1.3,0.2
2020-21,Nico Mannion,GSW,364.0,0.029,-3.9,-0.2
2020-21,Nicolas Batum,LAC,1835.0,0.132,2.1,1.9
2020-21,Nicolò Melli,2TM,566.0,0.048,-3.5,-0.2
2020-21,Nikola Jokić,DEN,2488.0,0.301,12.1,8.8
2020-21,Nikola Vučević,2TM,2348.0,0.129,5.3,4.4
2020-21,Noah Vonleh,BRK,11.0,-0.488,-26.3,-0.1
2020-21,Norman Powell,2TM,2205.0,0.103,0.4,1.3
2020-21,Norvel Pelle,3TM,84.0,0.112,-2.6,0.0
2020-21,OG Anunoby,TOR,1433.0,0.104,1.2,1.2
2020-21,Obi Toppin,NYK,683.0,0.109,-0.7,0.2
2020-21,Onyeka Okongwu,ATL,601.0,0.155,-1.4,0.1
2020-21,Oshae Brissett,IND,519.0,0.165,0.6,0.3
2020-21,Otto Porter Jr.,2TM,606.0,0.101,0.0,0.3
2020-21,P.J. Tucker,2TM,1356.0,0.034,-4.1,-0.7
2020-21,P.J. Washington,CHO,1954.0,0.066,-0.9,0.6
2020-21,PJ Dozier,DEN,1088.0,0.051,-2.6,-0.2
2020-21,Pascal Siakam,TOR,2006.0,0.101,0.8,1.4
2020-21,Pat Connaughton,MIL,1575.0,0.108,0.0,0.8
2020-21,Patrick Beverley,LAC,832.0,0.119,0.7,0.6
2020-21,Patrick McCaw,TOR,33.0,0.209,0.9,0.0
2020-21,Patrick Patterson,LAC,582.0,0.101,-0.6,0.2
2020-21,Patrick Williams,CHI,1983.0,0.06,-2.4,-0.2
2020-21,Patty Mills,SAS,1685.0,0.062,-1.2,0.4
2020-21,Paul George,LAC,1821.0,0.139,4.2,2.9
2020-21,Paul Millsap,DEN,1162.0,0.133,1.0,0.9
2020-21,Paul Reed,PHI,177.0,0.162,-1.0,0.0
2020-21,Paul Watson,TOR,297.0,0.096,-1.3,0.1
2020-21,Payton Pritchard,BOS,1268.0,0.095,-0.7,0.4
2020-21,Precious Achiuwa,MIA,737.0,0.085,-4.1,-0.4
2020-21,Quinn Cook,2TM,157.0,0.061,-1.2,0.0
2020-21,Quinndary Weatherspoon,SAS,121.0,0.023,-5.0,-0.1
2020-21,R.J. Hampton,2TM,888.0,0.021,-3.8,-0.4
2020-21,RJ Barrett,NYK,2511.0,0.078,-1.2,0.5
2020-21,Rajon Rondo,2TM,770.0,0.081,-0.2,0.4
2020-21,Raul Neto,WAS,1403.0,0.097,-0.6,0.5
2020-21,Ray Spalding,HOU,19.0,-0.184,-14.3,-0.1
2020-21,Rayjon Tucker,PHI,68.0,0.166,-3.4,0.0
2020-21,Reggie Bullock,NYK,1949.0,0.114,-0.1,0.9
2020-21,Reggie Jackson,LAC,1544.0,0.115,0.4,0.9
2020-21,Reggie Perry,BRK,211.0,0.04,-6.7,-0.2
2020-21,Richaun Holmes,SAC,1782.0,0.165,0.6,1.2
2020-21,Ricky Rubio,MIN,1772.0,0.085,-1.9,0.0
2020-21,Robert Covington,POR,2243.0,0.08,0.2,1.2
2020-21,Robert Franks,ORL,101.0,0.158,-0.2,0.0
2020-21,Robert Williams,BOS,985.0,0.258,6.0,2.0
2020-21,Robert Woodard II,SAC,45.0,-0.011,-5.3,0.0
2020-21,Robin Lopez,WAS,1354.0,0.131,-1.0,0.4
2020-21,Rodions Kurucs,3TM,125.0,-0.041,-4.6,-0.1
2020-21,Rodney Hood,2TM,942.0,-0.019,-6.4,-1.0
2020-21,Rodney McGruder,DET,194.0,0.121,0.7,0.1
2020-21,Romeo Langford,BOS,283.0,0.003,-4.6,-0.2
2020-21,Rondae Hollis-Jefferson,POR,107.0,0.147,0.1,0.1
2020-21,Royce O'Neale,UTA,2241.0,0.121,1.0,1.7
2020-21,Rudy Gay,SAS,1358.0,0.059,-0.1,0.6
2020-21,Rudy Gobert,UTA,2187.0,0.248,4.9,3.8
2020-21,Rui Hachimura,WAS,1797.0,0.056,-3.1,-0.5
2020-21,Russell Westbrook,WAS,2369.0,0.075,3.7,3.4
2020-21,Ryan Arcidiacono,CHI,450.0,0.093,-2.3,0.0
2020-21,Saben Lee,DET,781.0,0.091,-2.0,0.0
2020-21,Saddiq Bey,DET,1909.0,0.082,-0.5,0.7
2020-21,Sam Merrill,MIL,233.0,0.102,-1.0,0.1
2020-21,Sean McDermott,MEM,158.0,0.05,-4.3,-0.1
2020-21,Sekou Doumbouya,DET,869.0,-0.012,-6.7,-1.0
2020-21,Semi Ojeleye,BOS,950.0,0.063,-2.4,-0.1
2020-21,Serge Ibaka,LAC,955.0,0.15,1.4,0.8
2020-21,Seth Curry,PHI,1638.0,0.118,-0.3,0.7
2020-21,Shai Gilgeous-Alexander,OKC,1180.0,0.143,4.1,1.8
2020-21,Shake Milton,PHI,1461.0,0.091,-1.6,0.1
2020-21,Shaquille Harrison,2TM,333.0,0.03,-4.1,-0.2
2020-21,Sindarius Thornwell,2TM,217.0,0.009,-4.7,-0.2
2020-21,Skylar Mays,ATL,269.0,0.14,1.9,0.3
2020-21,Solomon Hill,ATL,1513.0,0.04,-2.5,-0.2
2020-21,Spencer Dinwiddie,BRK,64.0,0.045,0.2,0.0
2020-21,Stanley Johnson,TOR,1006.0,0.048,-2.5,-0.1
2020-21,Stephen Curry,GSW,2152.0,0.201,8.7,5.8
2020-21,Sterling Brown,HOU,1229.0,0.071,-1.6,0.1
2020-21,Steven Adams,NOP,1605.0,0.119,-0.3,0.7
2020-21,Svi Mykhailiuk,2TM,1324.0,0.01,-2.6,-0.2
2020-21,T.J. Leaf,POR,35.0,0.022,-3.0,0.0
2020-21,T.J. McConnell,IND,1796.0,0.128,1.4,1.5
2020-21,T.J. Warren,IND,117.0,0.045,-5.5,-0.1
2020-21,Tacko Fall,BOS,136.0,0.177,1.2,0.1
2020-21,Taj Gibson,NYK,936.0,0.195,1.3,0.8
2020-21,Talen Horton-Tucker,LAL,1304.0,0.078,-1.2,0.3
2020-21,Taurean Prince,2TM,905.0,0.052,-1.8,0.0
2020-21,Terance Mann,LAC,1263.0,0.141,-0.2,0.6
2020-21,Terence Davis,2TM,1074.0,0.038,-1.7,0.1
2020-21,Terrance Ferguson,PHI,49.0,-0.161,-14.3,-0.2
2020-21,Terrence Ross,ORL,1347.0,0.03,-2.3,-0.1
2020-21,Terry Rozier,CHO,2383.0,0.105,1.6,2.2
2020-21,Thaddeus Young,CHI,1652.0,0.147,3.3,2.2
2020-21,Thanasis Antetokounmpo,MIL,551.0,0.057,-3.5,-0.2
2020-21,Theo Pinson,NYK,34.0,-0.205,-15.7,-0.1
2020-21,Thomas Bryant,WAS,271.0,0.171,0.9,0.2
2020-21,Thon Maker,CLE,76.0,0.174,0.7,0.1
2020-21,Théo Maledon,OKC,1778.0,-0.021,-5.0,-1.3
2020-21,Tim Frazier,MEM,62.0,-0.169,-11.9,-0.2
2020-21,Tim Hardaway Jr.,DAL,1985.0,0.105,0.4,1.2
2020-21,Timothé Luwawu-Cabarrot,BRK,1050.0,0.015,-4.4,-0.6
2020-21,Tobias Harris,PHI,2014.0,0.17,3.7,2.9
2020-21,Tomáš Satoranský,CHI,1307.0,0.113,-0.5,0.5
2020-21,Tony Bradley,2TM,684.0,0.192,1.3,0.6
2020-21,Tony Snell,ATL,992.0,0.099,-0.5,0.4
2020-21,Torrey Craig,2TM,803.0,0.133,0.4,0.5
2020-21,Trae Young,ATL,2125.0,0.163,3.7,3.0
2020-21,Tre Jones,SAS,269.0,0.066,-3.5,-0.1
2020-21,Tremont Waters,BOS,238.0,0.08,0.3,0.1
2020-21,Trent Forrest,UTA,302.0,0.106,-1.3,0.1
2020-21,Trevor Ariza,MIA,841.0,0.091,-1.1,0.2
2020-21,Trey Burke,DAL,911.0,0.071,-1.8,0.0
2020-21,Trey Lyles,SAS,358.0,0.085,-1.8,0.0
2020-21,Tristan Thompson,BOS,1287.0,0.107,-2.5,-0.2
2020-21,Troy Brown Jr.,2TM,524.0,0.043,-4.0,-0.3
2020-21,Ty Jerome,OKC,788.0,0.079,-0.7,0.3
2020-21,Ty-Shon Alexander,PHO,47.0,-0.048,-6.5,-0.1
2020-21,Tyler Bey,DAL,71.0,-0.033,-9.5,-0.1
2020-21,Tyler Cook,2TM,438.0,0.09,-3.0,-0.1
2020-21,Tyler Herro,MIA,1635.0,0.049,-1.3,0.3
2020-21,Tyler Johnson,BRK,684.0,0.049,-3.4,-0.2
2020-21,Tyrell Terry,DAL,56.0,-0.049,-5.0,0.0
2020-21,Tyrese Haliburton,SAC,1746.0,0.096,1.4,1.5
2020-21,Tyrese Maxey,PHI,935.0,0.099,-1.5,0.1
2020-21,Tyus Jones,MEM,1222.0,0.11,0.8,0.9
2020-21,Udoka Azubuike,UTA,57.0,0.119,-3.8,0.0
2020-21,Udonis Haslem,MIA,3.0,0.475,31.1,0.0
2020-21,Vernon Carey Jr.,CHO,115.0,0.066,-6.1,-0.1
2020-21,Victor Oladipo,3TM,1080.0,0.017,-1.7,0.1
2020-21,Vincent Poirier,PHI,39.0,-0.127,-14.8,-0.1
2020-21,Vlatko Čančar,DEN,281.0,0.053,-2.6,0.0
2020-21,Wayne Ellington,DET,1012.0,0.088,-0.2,0.5
2020-21,Wendell Carter Jr.,2TM,1375.0,0.118,-1.3,0.2
2020-21,Wenyen Gabriel,NOP,241.0,0.052,-3.3,-0.1
2020-21,Wes Iwundu,2TM,539.0,-0.003,-6.3,-0.6
2020-21,Wesley Matthews,LAL,1130.0,0.073,-1.7,0.1
2020-21,Will Barton,DEN,1736.0,0.061,-1.9,0.1
2020-21,Will Magnay,NOP,3.0,-0.787,-39.3,0.0
2020-21,Willie Cauley-Stein,DAL,906.0,0.147,-1.3,0.2
2020-21,Willy Hernangómez,NOP,846.0,0.163,0.0,0.4
2020-21,Xavier Tillman Sr.,MEM,1085.0,0.127,-0.2,0.5
2020-21,Yogi Ferrell,2TM,136.0,0.099,0.2,0.1
2020-21,Yuta Watanabe,TOR,723.0,0.102,-0.7,0.2
2020-21,Zach LaVine,CHI,2034.0,0.138,4.0,3.1
2020-21,Zeke Nnaji,DEN,397.0,0.104,-1.7,0.0
2020-21,Zion Williamson,NOP,2026.0,0.205,5.8,4.0
2021-22,Aaron Gordon,DEN,2376.0,0.105,-0.6,0.9
2021-22,Aaron Henry,PHI,17.0,-0.306,-16.5,-0.1
2021-22,Aaron Holiday,2TM,1021.0,0.068,-1.7,0.1
2021-22,Aaron Nesmith,BOS,574.0,0.038,-4.3,-0.3
2021-22,Aaron Wiggins,OKC,1209.0,0.048,-4.3,-0.7
2021-22,Abdel Nader,PHO,145.0,-0.009,-4.9,-0.1
2021-22,Ade Murkey,SAC,1.0,-0.017,-9.7,0.0
2021-22,Admiral Schofield,ORL,469.0,0.027,-5.4,-0.4
2021-22,Ahmad Caver,IND,1.0,1.204,36.9,0.0
2021-22,Al Horford,BOS,2005.0,0.181,4.3,3.2
2021-22,Alec Burks,NYK,2318.0,0.126,0.8,1.7
2021-22,Aleem Ford,ORL,74.0,-0.103,-11.4,-0.2
2021-22,Aleksej Pokusevski,OKC,1233.0,0.014,-2.6,-0.2
2021-22,Alex Caruso,CHI,1147.0,0.082,0.2,0.6
2021-22,Alex Len,SAC,620.0,0.07,-2.9,-0.1
2021-22,Alfonzo McKinnie,CHI,206.0,-0.015,-9.0,-0.4
2021-22,Alize Johnson,3TM,167.0,0.041,-5.5,-0.1
2021-22,Alperen Şengün,HOU,1489.0,0.068,-1.0,0.4
2021-22,Amir Coffey,LAC,1567.0,0.116,-0.3,0.7
2021-22,Andre Drummond,2TM,1437.0,0.17,1.3,1.2
2021-22,Andre Iguodala,GSW,603.0,0.125,2.7,0.7
2021-22,Andrew Wiggins,GSW,2329.0,0.105,0.4,1.4
2021-22,Anfernee Simons,POR,1681.0,0.055,-0.7,0.5
2021-22,Anthony Davis,LAL,1404.0,0.155,3.8,2.0
2021-22,Anthony Edwards,MIN,2466.0,0.084,1.2,2.0
2021-22,Anthony Gill,WAS,463.0,0.14,-1.9,0.0
2021-22,Anthony Lamb,SAS,8.0,-0.138,-8.0,0.0
2021-22,Armoni Brooks,2TM,844.0,0.014,-3.9,-0.4
2021-22,Arnoldas Kulboka,CHO,5.0,-0.217,-21.8,0.0
2021-22,Austin Reaves,LAL,1418.0,0.097,-1.9,0.0
2021-22,Austin Rivers,DEN,1480.0,0.037,-3.8,-0.7
2021-22,Avery Bradley,LAL,1406.0,0.04,-3.6,-0.6
2021-22,Ayo Dosunmu,CHI,2110.0,0.069,-2.0,0.0
2021-22,B.J. Johnson,ORL,65.0,0.065,-4.7,0.0
2021-22,Bam Adebayo,MIA,1825.0,0.188,3.8,2.7
2021-22,Ben McLemore,POR,1285.0,0.031,-3.2,-0.4
2021-22,Bismack Biyombo,PHO,506.0,0.17,-1.3,0.1
2021-22,Blake Griffin,BRK,958.0,0.106,-0.5,0.3
2021-22,Boban Marjanović,DAL,128.0,0.045,-4.4,-0.1
2021-22,Bobby Portis,MIL,2028.0,0.131,0.2,1.1
2021-22,Bogdan Bogdanović,ATL,1848.0,0.095,1.3,1.5
2021-22,Bojan Bogdanović,UTA,2131.0,0.118,0.0,1.1
2021-22,Bol Bol,DEN,81.0,0.065,-1.0,0.0
2021-22,Bones Hyland,DEN,1310.0,0.088,-0.4,0.5
2021-22,Brad Wanamaker,2TM,320.0,0.004,-5.8,-0.3
2021-22,Bradley Beal,WAS,1439.0,0.046,0.8,1.0
2021-22,Brandon Boston Jr.,LAC,760.0,0.026,-3.3,-0.3
2021-22,Brandon Clarke,MEM,1246.0,0.241,4.2,2.0
2021-22,Brandon Goodwin,CLE,502.0,0.069,-1.6,0.1
2021-22,Brandon Ingram,NOP,1869.0,0.099,2.0,1.9
2021-22,Brandon Knight,DAL,65.0,0.091,-4.6,0.0
2021-22,Brandon Williams,POR,640.0,-0.037,-5.7,-0.6
2021-22,Braxton Key,2TM,197.0,0.052,-3.3,-0.1
2021-22,Brodric Thomas,BOS,60.0,0.052,-2.8,0.0
2021-22,Brook Lopez,MIL,298.0,0.108,-1.3,0.1
2021-22,Bruce Brown,BRK,1774.0,0.13,0.7,1.2
2021-22,Bruno Fernando,2TM,152.0,0.14,-0.1,0.1
2021-22,Bryn Forbes,2TM,1286.0,0.054,-2.9,-0.3
2021-22,Buddy Hield,2TM,2499.0,0.036,-1.2,0.5
2021-22,C.J. Miles,BOS,2.0,0.03,-16.3,0.0
2021-22,CJ Elleby,POR,1174.0,0.016,-5.3,-1.0
2021-22,CJ McCollum,2TM,2145.0,0.081,1.9,2.1
2021-22,Cade Cunningham,DET,2088.0,-0.011,-1.6,0.2
2021-22,Caleb Martin,MIA,1372.0,0.139,1.1,1.1
2021-22,Cam Reddish,2TM,1012.0,0.046,-1.3,0.2
2021-22,Cam Thomas,BRK,1176.0,0.033,-3.4,-0.4
2021-22,Cameron Johnson,PHO,1730.0,0.156,2.7,2.1
2021-22,Cameron McGriff,POR,46.0,0.097,-4.0,0.0
2021-22,Cameron Oliver,ATL,43.0,0.219,1.7,0.0
2021-22,Cameron Payne,PHO,1278.0,0.073,0.0,0.7
2021-22,Caris LeVert,2TM,1781.0,0.059,-1.2,0.4
2021-22,Carlik Jones,2TM,23.0,-0.285,-15.5,-0.1
2021-22,Carmelo Anthony,LAL,1793.0,0.097,-0.5,0.7
2021-22,Carsen Edwards,DET,79.0,-0.075,-9.3,-0.1
2021-22,Cassius Stanley,DET,155.0,0.021,-5.8,-0.2
2021-22,Cassius Winston,WAS,39.0,0.015,-9.3,-0.1
2021-22,Cat Barber,ATL,13.0,-0.45,-23.5,-0.1
2021-22,Cedi Osman,CLE,1462.0,0.094,0.2,0.8
2021-22,Chandler Hutchison,PHO,22.0,-0.086,-8.5,0.0
2021-22,Charles Bassey,PHI,168.0,0.22,1.7,0.2
2021-22,Charlie Brown Jr.,2TM,177.0,0.012,-4.8,-0.1
2021-22,Chaundee Brown Jr.,2TM,104.0,0.002,-6.6,-0.1
2021-22,Cheick Diallo,DET,31.0,0.108,-7.5,0.0
2021-22,Chimezie Metu,SAC,1279.0,0.056,-1.5,0.2
2021-22,Chris Boucher,TOR,1690.0,0.169,0.1,0.9
2021-22,Chris Chiozza,GSW,372.0,-0.004,-6.0,-0.4
2021-22,Chris Duarte,IND,1541.0,0.029,-2.3,-0.1
2021-22,Chris Paul,PHO,2139.0,0.21,5.4,4.0
2021-22,Chris Silva,2TM,91.0,0.137,-4.9,-0.1
2021-22,Christian Wood,HOU,2094.0,0.112,1.6,1.9
2021-22,Chuma Okeke,ORL,1749.0,0.06,-0.1,0.8
2021-22,Clint Capela,ATL,2042.0,0.195,2.0,2.1
2021-22,Coby White,CHI,1675.0,0.067,-2.1,0.0
2021-22,Cody Martin,CHO,1866.0,0.101,-0.5,0.7
2021-22,Cody Zeller,POR,355.0,0.143,-2.1,0.0
2021-22,Cole Anthony,ORL,2059.0,0.038,-1.2,0.4
2021-22,Collin Sexton,CLE,316.0,-0.009,-4.1,-0.2
2021-22,Corey Kispert,WAS,1801.0,0.061,-2.3,-0.1
2021-22,Cory Joseph,DET,1600.0,0.075,-2.1,0.0
2021-22,Craig Sword,WAS,19.0,0.158,1.4,0.0
2021-22,D'Angelo Russell,MIN,2077.0,0.101,0.8,1.4
2021-22,D.J. Augustin,2TM,883.0,0.043,-3.6,-0.4
2021-22,D.J. Wilson,TOR,54.0,0.328,5.0,0.1
2021-22,DaQuan Jeffries,MEM,9.0,0.099,-4.9,0.0
2021-22,Daishen Nix,HOU,261.0,-0.033,-6.4,-0.3
2021-22,Dakota Mathias,MEM,16.0,0.114,0.3,0.0
2021-22,Dalano Banton,TOR,696.0,0.03,-3.1,-0.2
2021-22,Damian Jones,SAC,1017.0,0.156,0.3,0.6
2021-22,Damian Lillard,POR,1056.0,0.079,1.3,0.9
2021-22,Damion Lee,GSW,1256.0,0.102,-2.0,0.0
2021-22,Damyean Dotson,NYK,21.0,0.045,-4.9,0.0
2021-22,Daniel Gafford,WAS,1444.0,0.198,1.6,1.3
2021-22,Daniel Oturu,TOR,27.0,0.121,-5.2,0.0
2021-22,Daniel Theis,2TM,977.0,0.093,-2.1,0.0
2021-22,Danilo Gallinari,ATL,1672.0,0.105,-0.2,0.8
2021-22,Danny Green,PHI,1353.0,0.067,-0.5,0.5
2021-22,Danuel House Jr.,3TM,727.0,0.068,-1.1,0.2
2021-22,Darius Bazley,OKC,1924.0,0.044,-1.8,0.1
2021-22,Darius Garland,CLE,2430.0,0.125,2.6,2.8
2021-22,Darren Collison,LAL,37.0,-0.07,-10.9,-0.1
2021-22,David Duke Jr.,BRK,341.0,0.048,-3.9,-0.2
2021-22,David Johnson,TOR,2.0,-0.495,-27.7,0.0
2021-22,David Nwaba,HOU,609.0,0.105,-0.6,0.2
2021-22,Davion Mitchell,SAC,2076.0,0.003,-3.8,-0.9
2021-22,Davon Reed,DEN,668.0,0.117,-0.3,0.3
2021-22,Day'Ron Sharpe,BRK,391.0,0.152,-2.8,-0.1
2021-22,De'Aaron Fox,SAC,2083.0,0.058,-0.6,0.7
2021-22,De'Andre Hunter,ATL,1577.0,0.034,-3.9,-0.8
2021-22,De'Anthony Melton,MEM,1657.0,0.107,1.9,1.6
2021-22,DeAndre Jordan,2TM,622.0,0.145,-1.4,0.1
2021-22,DeAndre' Bembry,2TM,1026.0,0.104,-0.7,0.3
2021-22,DeJon Jarreau,IND,1.0,-0.022,-8.0,0.0
2021-22,DeMar DeRozan,CHI,2743.0,0.154,2.5,3.1
2021-22,DeMarcus Cousins,2TM,718.0,0.104,-1.6,0.1
2021-22,Dean Wade,CLE,980.0,0.111,-0.6,0.4
2021-22,Deandre Ayton,PHO,1713.0,0.203,2.8,2.1
2021-22,Deividas Sirvydis,DET,27.0,-0.139,-8.7,0.0
2021-22,Dejounte Murray,SAS,2366.0,0.149,5.4,4.4
2021-22,Delon Wright,ATL,1452.0,0.121,2.2,1.6
2021-22,Deni Avdija,WAS,1984.0,0.058,-1.7,0.1
2021-22,Dennis Schröder,2TM,1837.0,0.076,-1.9,0.0
2021-22,Dennis Smith Jr.,POR,638.0,0.031,-1.7,0.1
2021-22,Denzel Valentine,2TM,222.0,0.039,-2.7,0.0
2021-22,Derrick Favors,OKC,653.0,0.105,-2.1,0.0
2021-22,Derrick Jones Jr.,CHI,899.0,0.119,-0.9,0.2
2021-22,Derrick Rose,NYK,636.0,0.108,2.3,0.7
2021-22,Derrick Walton,DET,108.0,-0.071,-4.3,-0.1
2021-22,Derrick White,2TM,2199.0,0.111,0.9,1.6
2021-22,Desmond Bane,MEM,2266.0,0.153,2.7,2.7
2021-22,Devin Booker,PHO,2345.0,0.156,4.1,3.6
2021-22,Devin Cannady,ORL,145.0,0.033,-3.2,0.0
2021-22,Devin Vassell,SAS,1937.0,0.082,-0.5,0.7
2021-22,Devon Dotson,CHI,85.0,0.048,-4.9,-0.1
2021-22,Devontae Cacok,SAS,121.0,0.206,4.2,0.2
2021-22,Devonte' Graham,NOP,2162.0,0.062,-1.0,0.5
2021-22,Dewayne Dedmon,MIA,1065.0,0.157,-1.0,0.3
2021-22,Didi Louzada,2TM,129.0,-0.005,-7.5,-0.2
2021-22,Dillon Brooks,MEM,885.0,0.087,-1.8,0.0
2021-22,Domantas Sabonis,2TM,2136.0,0.159,4.1,3.2
2021-22,Donovan Mitchell,UTA,2266.0,0.152,4.3,3.6
2021-22,Donte DiVincenzo,2TM,1006.0,0.035,-2.3,-0.1
2021-22,Dorian Finney-Smith,DAL,2644.0,0.121,0.8,1.9
2021-22,Doug McDermott,SAS,1223.0,0.062,-2.5,-0.1
2021-22,Draymond Green,GSW,1329.0,0.131,3.2,1.8
2021-22,Drew Eubanks,2TM,1245.0,0.13,-1.4,0.2
2021-22,Duane Washington Jr.,IND,968.0,-0.002,-4.7,-0.7
2021-22,Duncan Robinson,MIA,2043.0,0.092,-0.6,0.7
2021-22,Dwight Howard,LAL,971.0,0.174,-0.2,0.4
2021-22,Dwight Powell,DAL,1798.0,0.219,0.9,1.3
2021-22,Dylan Windler,CLE,459.0,0.084,-1.7,0.0
2021-22,Dāvis Bertāns,2TM,807.0,0.053,-2.6,-0.1
2021-22,Ed Davis,CLE,201.0,0.126,-1.8,0.0
2021-22,Elfrid Payton,PHO,549.0,-0.014,-3.5,-0.2
2021-22,Elijah Hughes,2TM,434.0,-0.043,-6.9,-0.5
2021-22,Emanuel Terry,PHO,18.0,-0.256,-18.3,-0.1
2021-22,Emmanuel Mudiay,SAC,11.0,0.023,-1.2,0.0
2021-22,Enes Freedom,BOS,411.0,0.16,-1.4,0.1
2021-22,Eric Bledsoe,LAC,1361.0,0.047,-0.8,0.4
2021-22,Eric Gordon,HOU,1669.0,0.04,-2.3,-0.1
2021-22,Eric Paschall,UTA,736.0,0.128,-0.5,0.3
2021-22,Eugene Omoruyi,DAL,18.0,0.201,4.0,0.0
2021-22,Evan Fournier,NYK,2358.0,0.075,-0.7,0.7
2021-22,Evan Mobley,CLE,2331.0,0.107,0.6,1.5
2021-22,Facundo Campazzo,DEN,1184.0,0.081,-0.8,0.4
2021-22,Feron Hunt,NYK,8.0,-0.234,-11.3,0.0
2021-22,Frank Jackson,DET,1164.0,0.031,-3.5,-0.4
2021-22,Frank Kaminsky,PHO,181.0,0.228,4.9,0.3
2021-22,Frank Ntilikina,DAL,685.0,0.065,-1.9,0.0
2021-22,Franz Wagner,ORL,2429.0,0.079,-0.7,0.8
2021-22,Fred VanVleet,TOR,2462.0,0.131,3.6,3.5
2021-22,Freddie Gillespie,ORL,119.0,0.049,-4.6,-0.1
2021-22,Furkan Korkmaz,PHI,1414.0,0.041,-3.1,-0.4
2021-22,Gabe Vincent,MIA,1589.0,0.076,-1.4,0.2
2021-22,Gabe York,IND,21.0,0.059,-1.5,0.0
2021-22,Gabriel Deck,OKC,56.0,0.08,-2.5,0.0
2021-22,Gabriel Lundberg,PHO,44.0,-0.005,-4.8,0.0
2021-22,Garrett Temple,NOP,1098.0,0.037,-2.5,-0.1
2021-22,Garrison Mathews,HOU,1712.0,0.077,-2.3,-0.1
2021-22,Gary Clark,NOP,378.0,0.092,0.1,0.2
2021-22,Gary Harris,ORL,1730.0,0.06,-2.4,-0.2
2021-22,Gary Payton II,GSW,1247.0,0.199,3.7,1.8
2021-22,Gary Trent Jr.,TOR,2448.0,0.11,0.2,1.3
2021-22,George Hill,MIL,1253.0,0.087,-1.6,0.1
2021-22,George King,DAL,19.0,-0.296,-20.1,-0.1
2021-22,Georges Niang,PHI,1736.0,0.077,-1.9,0.0
2021-22,Georgios Kalaitzakis,2TM,214.0,-0.024,-7.0,-0.3
2021-22,Giannis Antetokounmpo,MIL,2204.0,0.281,11.2,7.4
2021-22,Goga Bitadze,IND,729.0,0.122,-0.8,0.2
2021-22,Goran Dragić,2TM,498.0,0.034,-3.3,-0.2
2021-22,Gordon Hayward,CHO,1564.0,0.087,-0.7,0.5
2021-22,Gorgui Dieng,ATL,371.0,0.155,2.1,0.4
2021-22,Grant Williams,BOS,1875.0,0.13,-0.4,0.8
2021-22,Grayson Allen,MIL,1805.0,0.11,0.4,1.1
2021-22,Greg Brown III,POR,640.0,0.029,-4.7,-0.4
2021-22,Greg Monroe,4TM,195.0,0.169,0.4,0.1
2021-22,Hamidou Diallo,DET,1269.0,0.079,-0.5,0.5
2021-22,Harrison Barnes,SAC,2587.0,0.112,0.2,1.4
2021-22,Hassan Whiteside,UTA,1162.0,0.238,2.1,1.2
2021-22,Hassani Gravett,ORL,171.0,0.071,-2.3,0.0
2021-22,Haywood Highsmith,MIA,163.0,0.041,-4.6,-0.1
2021-22,Herbert Jones,NOP,2335.0,0.096,-0.5,0.9
2021-22,Ignas Brazdeikis,ORL,536.0,0.041,-4.3,-0.3
2021-22,Immanuel Quickley,NYK,1802.0,0.113,0.2,1.0
2021-22,Isaac Bonga,TOR,69.0,0.06,-0.4,0.0
2021-22,Isaac Okoro,CLE,1981.0,0.103,-1.7,0.1
2021-22,Isaiah Hartenstein,LAC,1216.0,0.215,4.5,2.0
2021-22,Isaiah Jackson,IND,541.0,0.126,-1.6,0.0
2021-22,Isaiah Joe,PHI,609.0,0.035,-4.6,-0.4
2021-22,Isaiah Livers,DET,383.0,0.085,-1.5,0.0
2021-22,Isaiah Roby,OKC,948.0,0.147,0.6,0.6
2021-22,Isaiah Stewart,DET,1816.0,0.091,-3.3,-0.6
2021-22,Isaiah Thomas,3TM,333.0,0.026,-4.5,-0.2
2021-22,Isaiah Todd,WAS,74.0,-0.104,-6.9,-0.1
2021-22,Ish Smith,2TM,1126.0,0.023,-2.9,-0.2
2021-22,Ish Wainright,PHO,359.0,0.079,-2.0,0.0
2021-22,Ivica Zubac,LAC,1852.0,0.187,0.7,1.3
2021-22,JT Thor,CHO,262.0,0.058,-3.0,-0.1
2021-22,Ja Morant,MEM,1889.0,0.171,6.1,3.9
2021-22,JaMychal Green,DEN,1085.0,0.118,-1.8,0.0
2021-22,JaQuori McLaughlin,DAL,11.0,-0.101,-13.6,0.0
2021-22,JaVale McGee,PHO,1172.0,0.201,0.8,0.8
2021-22,Jabari Parker,BOS,112.0,0.141,0.7,0.1
2021-22,Jaden McDaniels,MIN,1803.0,0.065,-2.9,-0.4
2021-22,Jaden Springer,PHI,6.0,0.138,17.1,0.0
2021-22,Jae Crowder,PHO,1886.0,0.11,1.1,1.5
2021-22,Jae'Sean Tate,HOU,2056.0,0.071,-1.8,0.1
2021-22,Jahmi'us Ramsey,SAC,134.0,-0.048,-6.9,-0.2
2021-22,Jaime Echenique,WAS,3.0,-0.012,-8.5,0.0
2021-22,Jake Layman,MIN,231.0,0.024,-3.9,-0.1
2021-22,Jakob Poeltl,SAS,1970.0,0.168,1.6,1.7
2021-22,Jalen Brunson,DAL,2524.0,0.143,0.9,1.9
2021-22,Jalen Green,HOU,2138.0,0.015,-2.9,-0.5
2021-22,Jalen Johnson,ATL,120.0,0.013,-4.9,-0.1
2021-22,Jalen McDaniels,CHO,895.0,0.093,-2.3,-0.1
2021-22,Jalen Smith,2TM,925.0,0.145,-0.5,0.3
2021-22,Jalen Suggs,ORL,1307.0,-0.06,-5.6,-1.2
2021-22,James Bouknight,CHO,304.0,0.001,-7.1,-0.4
2021-22,James Ennis III,3TM,56.0,0.114,-1.1,0.0
2021-22,James Harden,2TM,2419.0,0.152,4.0,3.7
2021-22,James Johnson,BRK,1191.0,0.068,-2.2,-0.1
2021-22,Jamorko Pickett,DET,176.0,0.015,-5.0,-0.1
2021-22,Jared Butler,UTA,360.0,0.057,-1.6,0.0
2021-22,Jared Harper,NOP,43.0,0.422,17.3,0.2
2021-22,Jaren Jackson Jr.,MEM,2126.0,0.121,-0.1,1.0
2021-22,Jarred Vanderbilt,MIN,1880.0,0.153,0.2,1.1
2021-22,Jarrett Allen,CLE,1809.0,0.225,3.9,2.7
2021-22,Jarrett Culver,MEM,338.0,0.012,-5.4,-0.3
2021-22,Jarron Cumberland,POR,12.0,0.079,-6.6,0.0
2021-22,Javin DeLaurier,MIL,3.0,0.26,7.0,0.0
2021-22,Javonte Green,CHI,1519.0,0.139,0.1,0.8
2021-22,Javonte Smart,2TM,200.0,-0.038,-6.6,-0.2
2021-22,Jaxson Hayes,NOP,1398.0,0.174,0.2,0.8
2021-22,Jay Huff,LAL,20.0,-0.117,-7.4,0.0
2021-22,Jay Scrubb,LAC,121.0,0.002,-4.8,-0.1
2021-22,Jaylen Brown,BOS,2220.0,0.124,2.1,2.2
2021-22,Jaylen Hoard,OKC,240.0,0.118,-0.9,0.1
2021-22,Jaylen Morris,SAS,16.0,-0.376,-21.5,-0.1
2021-22,Jaylen Nowell,MIN,975.0,0.138,0.8,0.7
2021-22,Jaysean Paige,DET,7.0,-0.574,-31.5,0.0
2021-22,Jayson Tatum,BOS,2731.0,0.169,5.0,4.8
2021-22,Jeff Dowtin Jr.,3TM,108.0,-0.01,-5.6,-0.1
2021-22,Jeff Green,DEN,1849.0,0.101,-2.5,-0.2
2021-22,Jemerrio Jones,LAL,15.0,0.17,-1.0,0.0
2021-22,Jerami Grant,DET,1500.0,0.075,1.2,1.2
2021-22,Jeremiah Robinson-Earl,OKC,1087.0,0.066,-2.2,-0.1
2021-22,Jeremy Lamb,2TM,935.0,0.063,-0.8,0.3
2021-22,Jericho Sims,NYK,555.0,0.128,-1.7,0.0
2021-22,Jevon Carter,2TM,905.0,0.062,-2.2,-0.1
2021-22,Jimmy Butler,MIA,1931.0,0.228,6.3,4.0
2021-22,Jock Landale,SAS,589.0,0.121,-0.4,0.2
2021-22,Joe Harris,BRK,423.0,0.06,-1.4,0.1
2021-22,Joe Ingles,UTA,1122.0,0.094,-0.3,0.5
2021-22,Joe Johnson,BOS,2.0,0.335,15.0,0.0
2021-22,Joe Wieskamp,SAS,205.0,0.035,-3.9,-0.1
2021-22,Joel Ayayi,WAS,20.0,-0.098,-6.0,0.0
2021-22,Joel Embiid,PHI,2297.0,0.252,9.2,6.5
2021-22,John Collins,ATL,1663.0,0.146,1.5,1.5
2021-22,John Konchar,MEM,1292.0,0.155,1.5,1.2
2021-22,Jon Teske,MEM,8.0,-0.08,-4.8,0.0
2021-22,Jonas Valančiūnas,NOP,2240.0,0.156,1.9,2.2
2021-22,Jonathan Kuminga,GSW,1185.0,0.123,-1.5,0.1
2021-22,Jordan Bell,CHI,2.0,0.6,2.7,0.0
2021-22,Jordan Clarkson,UTA,2141.0,0.079,-0.6,0.7
2021-22,Jordan Goodwin,WAS,6.0,-0.533,-34.1,0.0
2021-22,Jordan McLaughlin,MIN,902.0,0.123,0.4,0.6
2021-22,Jordan Nwora,MIL,1185.0,0.025,-4.1,-0.6
2021-22,Jordan Poole,GSW,2283.0,0.126,1.0,1.7
2021-22,Jordan Schakel,WAS,30.0,-0.204,-13.0,-0.1
2021-22,Jose Alvarado,NOP,834.0,0.121,1.9,0.8
2021-22,Josh Christopher,HOU,1334.0,0.01,-3.5,-0.5
2021-22,Josh Giddey,OKC,1700.0,0.01,-0.9,0.5
2021-22,Josh Green,DAL,1039.0,0.111,-1.0,0.3
2021-22,Josh Hart,2TM,1791.0,0.117,0.9,1.3
2021-22,Josh Jackson,2TM,830.0,0.001,-4.5,-0.5
2021-22,Josh Okogie,MIN,516.0,0.062,-2.7,-0.1
2021-22,Josh Richardson,2TM,1600.0,0.106,0.1,0.9
2021-22,Joshua Primo,SAS,965.0,0.001,-5.0,-0.7
2021-22,Jrue Holiday,MIL,2207.0,0.15,3.2,2.9
2021-22,Juan Toscano-Anderson,GSW,994.0,0.098,-0.8,0.3
2021-22,Juancho Hernangómez,3TM,445.0,0.095,-0.6,0.2
2021-22,Julius Randle,NYK,2544.0,0.059,0.5,1.6
2021-22,Justin Anderson,2TM,316.0,0.054,-3.2,-0.1
2021-22,Justin Champagnie,TOR,281.0,0.138,-2.0,0.0
2021-22,Justin Holiday,2TM,2057.0,0.033,-2.2,-0.1
2021-22,Justin Jackson,2TM,37.0,0.032,-3.3,0.0
2021-22,Justin Robinson,3TM,304.0,-0.055,-7.6,-0.4
2021-22,Justise Winslow,2TM,774.0,0.048,-1.7,0.1
2021-22,Jusuf Nurkić,POR,1579.0,0.11,0.3,0.9
2021-22,Juwan Morgan,2TM,31.0,0.124,-7.1,0.0
2021-22,KJ Martin,HOU,1656.0,0.084,-1.2,0.4
2021-22,KZ Okpala,MIA,244.0,0.097,-2.8,-0.1
2021-22,Kai Jones,CHO,63.0,0.009,-6.6,-0.1
2021-22,Karl-Anthony Towns,MIN,2476.0,0.199,5.0,4.4
2021-22,Keifer Sykes,IND,566.0,-0.04,-6.9,-0.7
2021-22,Keita Bates-Diop,SAS,956.0,0.08,-2.6,-0.1
2021-22,Kelan Martin,2TM,450.0,0.005,-3.6,-0.2
2021-22,Keldon Johnson,SAS,2392.0,0.099,-0.5,0.9
2021-22,Keljin Blevins,POR,349.0,-0.066,-8.5,-0.6
2021-22,Kelly Olynyk,DET,764.0,0.104,1.6,0.7
2021-22,Kelly Oubre Jr.,CHO,1999.0,0.079,-1.4,0.3
2021-22,Kemba Walker,NYK,948.0,0.093,0.4,0.6
2021-22,Kenrich Williams,OKC,1072.0,0.081,-0.3,0.5
2021-22,Kent Bazemore,LAL,545.0,0.006,-4.3,-0.3
2021-22,Kentavious Caldwell-Pope,WAS,2329.0,0.058,-1.5,0.3
2021-22,Keon Johnson,2TM,697.0,-0.031,-5.9,-0.7
2021-22,Kessler Edwards,BRK,987.0,0.031,-3.8,-0.5
2021-22,Kevin Durant,BRK,2047.0,0.198,7.2,4.8
2021-22,Kevin Huerter,ATL,2188.0,0.062,-1.2,0.4
2021-22,Kevin Knox,2TM,222.0,0.047,-4.1,-0.1
2021-22,Kevin Love,CLE,1665.0,0.164,4.5,2.7
2021-22,Kevin Pangos,CLE,166.0,0.016,-6.1,-0.2
2021-22,Kevin Porter Jr.,HOU,1907.0,0.021,-1.6,0.2
2021-22,Kevon Looney,GSW,1732.0,0.187,0.9,1.3
2021-22,Khem Birch,TOR,991.0,0.126,-1.3,0.2
2021-22,Khris Middleton,MIL,2141.0,0.119,1.6,1.9
2021-22,Killian Hayes,DET,1647.0,0.014,-3.5,-0.6
2021-22,Killian Tillie,MEM,461.0,0.058,-2.7,-0.1
2021-22,Kira Lewis Jr.,NOP,341.0,-0.017,-4.0,-0.2
2021-22,Klay Thompson,GSW,941.0,0.091,1.1,0.7
2021-22,Kris Dunn,POR,336.0,0.024,-5.4,-0.3
2021-22,Kristaps Porziņģis,2TM,1481.0,0.18,3.9,2.2
2021-22,Kyle Anderson,MEM,1484.0,0.113,1.2,1.2
2021-22,Kyle Guy,MIA,186.0,0.035,-3.4,-0.1
2021-22,Kyle Kuzma,WAS,2204.0,0.044,-0.2,1.0
2021-22,Kyle Lowry,MIA,2133.0,0.143,2.0,2.1
2021-22,Kyrie Irving,BRK,1091.0,0.147,3.0,1.4
2021-22,LaMarcus Aldridge,BRK,1050.0,0.141,0.7,0.7
2021-22,LaMelo Ball,CHO,2422.0,0.116,3.4,3.3
2021-22,Lamar Stevens,CLE,1015.0,0.078,-2.9,-0.2
2021-22,Lance Stephenson,2TM,814.0,0.048,-3.2,-0.2
2021-22,Landry Shamet,PHO,1437.0,0.085,-1.2,0.3
2021-22,Langston Galloway,2TM,107.0,-0.1,-9.8,-0.2
2021-22,Larry Nance Jr.,2TM,1040.0,0.104,-0.1,0.5
2021-22,Lauri Markkanen,CLE,1878.0,0.127,0.4,1.1
2021-22,LeBron James,LAL,2084.0,0.172,7.7,5.1
2021-22,League Average,nan,,,,
2021-22,Leandro Bolmaro,MIN,241.0,0.004,-5.8,-0.2
2021-22,Lindell Wigginton,MIL,199.0,0.044,-5.0,-0.2
2021-22,Lindy Waters III,OKC,465.0,0.081,-1.6,0.1
2021-22,Lonnie Walker IV,SAS,1612.0,0.037,-2.5,-0.2
2021-22,Lonzo Ball,CHI,1212.0,0.088,2.5,1.4
2021-22,Lou Williams,ATL,799.0,0.034,-3.4,-0.3
2021-22,Louis King,SAC,104.0,0.0,-4.6,-0.1
2021-22,Luguentz Dort,OKC,1665.0,0.04,-2.3,-0.1
2021-22,Luka Dončić,DAL,2301.0,0.159,8.2,5.9
2021-22,Luka Garza,DET,389.0,0.093,-2.5,-0.1
2021-22,Luke Kennard,LAC,1919.0,0.113,0.5,1.2
2021-22,Luke Kornet,3TM,103.0,0.194,-0.5,0.0
2021-22,M.J. Walker,PHO,8.0,-0.276,-9.6,0.0
2021-22,Mac McClung,2TM,25.0,-0.043,-9.6,0.0
2021-22,Malachi Flynn,TOR,537.0,0.092,-1.5,0.1
2021-22,Malcolm Brogdon,IND,1206.0,0.106,2.3,1.3
2021-22,Malcolm Hill,2TM,212.0,0.126,-1.6,0.0
2021-22,Malik Beasley,MIN,1976.0,0.069,-0.7,0.7
2021-22,Malik Fitts,2TM,63.0,0.097,-1.1,0.0
2021-22,Malik Monk,LAL,2139.0,0.081,-0.5,0.8
2021-22,Malik Newman,CLE,8.0,0.179,6.4,0.0
2021-22,Mamadi Diakite,OKC,188.0,0.08,-5.0,-0.1
2021-22,Marcus Garrett,MIA,128.0,0.032,-5.4,-0.1
2021-22,Marcus Morris,LAC,1564.0,0.074,-1.4,0.3
2021-22,Marcus Smart,BOS,2296.0,0.116,0.5,1.5
2021-22,Markelle Fultz,ORL,360.0,0.053,0.2,0.2
2021-22,Markieff Morris,MIA,298.0,0.054,-1.9,0.0
2021-22,Marko Simonovic,CHI,35.0,-0.011,-11.1,-0.1
2021-22,Markus Howard,DEN,176.0,0.082,-1.2,0.0
2021-22,Marquese Chriss,DAL,346.0,0.108,-3.8,-0.2
2021-22,Marvin Bagley III,2TM,1146.0,0.085,-2.3,-0.1
2021-22,Mason Jones,LAL,51.0,0.201,-0.9,0.0
2021-22,Mason Plumlee,CHO,1793.0,0.127,0.0,0.9
2021-22,Matisse Thybulle,PHI,1685.0,0.107,1.1,1.3
2021-22,Matt Mooney,NYK,2.0,-0.915,-22.3,0.0
2021-22,Matt Ryan,BOS,5.0,-0.25,-13.7,0.0
2021-22,Matt Thomas,CHI,459.0,0.058,-2.6,-0.1
2021-22,Maurice Harkless,SAC,863.0,0.026,-3.3,-0.3
2021-22,Max Strus,MIA,1587.0,0.11,0.9,1.2
2021-22,Maxi Kleber,DAL,1450.0,0.098,-0.4,0.6
2021-22,McKinley Wright IV,MIN,19.0,0.092,-4.2,0.0
2021-22,Melvin Frazier,OKC,120.0,-0.16,-16.4,-0.4
2021-22,Micah Potter,DET,31.0,0.073,-7.1,0.0
2021-22,Michael Porter Jr.,DEN,265.0,-0.032,-3.5,-0.1
2021-22,Mikal Bridges,PHO,2854.0,0.15,1.6,2.6
2021-22,Mike Conley,UTA,2058.0,0.157,3.1,2.7
2021-22,Mike Muscala,OKC,592.0,0.17,5.0,1.1
2021-22,Miles Bridges,CHO,2837.0,0.123,1.5,2.5
2021-22,Miles McBride,NYK,372.0,0.032,-4.5,-0.2
2021-22,Mitchell Robinson,NYK,1848.0,0.221,2.2,2.0
2021-22,Miye Oni,UTA,44.0,-0.032,-7.9,-0.1
2021-22,Mo Bamba,ORL,1824.0,0.118,0.7,1.2
2021-22,Monte Morris,DEN,2239.0,0.116,0.0,1.1
2021-22,Montrezl Harrell,2TM,1641.0,0.213,3.9,2.4
2021-22,Moritz Wagner,ORL,960.0,0.138,1.6,0.9
2021-22,Moses Brown,2TM,345.0,0.16,-3.3,-0.1
2021-22,Moses Moody,GSW,607.0,0.101,-2.5,-0.1
2021-22,Moses Wright,2TM,14.0,0.18,1.4,0.0
2021-22,Mychal Mulder,2TM,239.0,-0.05,-7.7,-0.3
2021-22,Myles Powell,PHI,52.0,-0.109,-12.7,-0.1
2021-22,Myles Turner,IND,1235.0,0.12,1.4,1.1
2021-22,Naji Marshall,NOP,735.0,0.05,-3.2,-0.2
2021-22,Nassir Little,POR,1088.0,0.076,-1.4,0.2
2021-22,Nate Hinton,IND,2.0,-1.231,-42.6,0.0
2021-22,Nathan Knight,MIN,267.0,0.171,-0.6,0.1
2021-22,Naz Reid,MIN,1215.0,0.125,0.0,0.6
2021-22,Neemias Queta,SAC,120.0,0.051,-5.1,-0.1
2021-22,Nemanja Bjelica,GSW,1142.0,0.128,1.4,1.0
2021-22,Nerlens Noel,NYK,562.0,0.128,0.3,0.3
2021-22,Nic Claxton,BRK,974.0,0.171,0.5,0.6
2021-22,Nick Richards,CHO,367.0,0.125,-2.8,-0.1
2021-22,Nickeil Alexander-Walker,2TM,1466.0,0.003,-2.9,-0.3
2021-22,Nicolas Batum,LAC,1462.0,0.123,2.3,1.6
2021-22,Nik Stauskas,2TM,39.0,0.078,-3.6,0.0
2021-22,Nikola Jokić,DEN,2476.0,0.296,13.7,9.8
2021-22,Nikola Vučević,CHI,2418.0,0.09,0.9,1.8
2021-22,Norman Powell,2TM,1458.0,0.093,-0.3,0.6
2021-22,Norvel Pelle,UTA,19.0,0.038,-7.1,0.0
2021-22,OG Anunoby,TOR,1728.0,0.104,0.5,1.1
2021-22,Obi Toppin,NYK,1230.0,0.153,2.0,1.2
2021-22,Olivier Sarr,OKC,421.0,0.117,-4.0,-0.2
2021-22,Omer Yurtseven,MIA,706.0,0.145,-1.0,0.2
2021-22,Onyeka Okongwu,ATL,992.0,0.202,0.8,0.7
2021-22,Oshae Brissett,IND,1564.0,0.069,-2.2,-0.1
2021-22,Otto Porter Jr.,GSW,1396.0,0.168,3.1,1.8
2021-22,P.J. Tucker,MIA,1981.0,0.121,0.6,1.3
2021-22,P.J. Washington,CHO,1768.0,0.091,-0.1,0.9
2021-22,PJ Dozier,DEN,340.0,0.038,-2.0,0.0
2021-22,Paris Bass,PHO,7.0,-0.17,-12.4,0.0
2021-22,Pascal Siakam,TOR,2578.0,0.151,3.5,3.6
2021-22,Pat Connaughton,MIL,1691.0,0.125,1.2,1.4
2021-22,Patrick Beverley,MIN,1476.0,0.132,2.7,1.7
2021-22,Patrick Williams,CHI,422.0,0.099,-1.5,0.0
2021-22,Patty Mills,BRK,2346.0,0.058,-1.7,0.2
2021-22,Paul George,LAC,1077.0,0.057,3.7,1.6
2021-22,Paul Millsap,2TM,376.0,0.061,-3.5,-0.1
2021-22,Paul Reed,PHI,302.0,0.212,2.1,0.3
2021-22,Paul Watson,OKC,156.0,0.001,-5.4,-0.1
2021-22,Payton Pritchard,BOS,1001.0,0.148,1.8,1.0
2021-22,Petr Cornelie,DEN,38.0,-0.015,-8.8,-0.1
2021-22,Precious Achiuwa,TOR,1725.0,0.07,-2.6,-0.2
2021-22,Quentin Grimes,NYK,786.0,0.087,-0.3,0.3
2021-22,Quinndary Weatherspoon,GSW,73.0,0.148,-4.4,0.0
2021-22,R.J. Hampton,ORL,1402.0,-0.005,-4.1,-0.7
2021-22,RJ Barrett,NYK,2417.0,0.046,-1.6,0.2
2021-22,RJ Nembhard Jr.,CLE,63.0,0.01,-6.0,-0.1
2021-22,Rajon Rondo,2TM,697.0,0.048,-1.7,0.1
2021-22,Raul Neto,WAS,1372.0,0.053,-2.9,-0.4
2021-22,Rayjon Tucker,2TM,71.0,0.243,3.5,0.1
2021-22,Reggie Bullock,DAL,1902.0,0.08,-1.4,0.3
2021-22,Reggie Jackson,LAC,2337.0,0.008,-3.0,-0.6
2021-22,Reggie Perry,2TM,187.0,0.058,-4.1,-0.1
2021-22,Richaun Holmes,SAC,1074.0,0.145,-0.5,0.4
2021-22,Ricky Rubio,CLE,970.0,0.064,0.2,0.5
2021-22,Rob Edwards,OKC,11.0,-0.181,-11.2,0.0
2021-22,Robert Covington,2TM,1940.0,0.08,0.2,1.1
2021-22,Robert Williams,BOS,1804.0,0.262,5.5,3.4
2021-22,Robert Woodard II,SAC,42.0,-0.147,-10.4,-0.1
2021-22,Robin Lopez,ORL,612.0,0.064,-3.8,-0.3
2021-22,Rodney Hood,2TM,709.0,0.048,-3.3,-0.2
2021-22,Rodney McGruder,DET,754.0,0.075,-1.4,0.1
2021-22,Romeo Langford,2TM,771.0,0.082,-1.4,0.1
2021-22,Royce O'Neale,UTA,2406.0,0.109,0.8,1.7
2021-22,Rudy Gay,UTA,1038.0,0.097,-1.0,0.3
2021-22,Rudy Gobert,UTA,2120.0,0.264,4.6,3.6
2021-22,Rui Hachimura,WAS,943.0,0.073,-1.4,0.1
2021-22,Russell Westbrook,LAL,2678.0,0.03,-1.6,0.2
2021-22,Ryan Arcidiacono,NYK,76.0,0.052,-4.6,-0.1
2021-22,Saben Lee,DET,604.0,0.073,-0.4,0.2
2021-22,Saddiq Bey,DET,2704.0,0.071,-0.3,1.2
2021-22,Sam Dekker,TOR,1.0,0.003,-9.6,0.0
2021-22,Sam Hauser,BOS,158.0,0.171,2.3,0.2
2021-22,Sam Merrill,MEM,58.0,0.029,-5.6,-0.1
2021-22,Sandro Mamukelashvili,MIL,407.0,0.135,-0.3,0.2
2021-22,Santi Aldama,MEM,360.0,0.044,-5.7,-0.3
2021-22,Scottie Barnes,TOR,2617.0,0.122,0.9,1.9
2021-22,Scottie Lewis,CHO,7.0,0.164,6.0,0.0
2021-22,Scotty Hopson,OKC,18.0,-0.132,-11.6,0.0
2021-22,Sekou Doumbouya,LAL,16.0,0.3,18.8,0.1
2021-22,Semi Ojeleye,2TM,406.0,0.029,-5.7,-0.4
2021-22,Serge Ibaka,2TM,877.0,0.108,-1.5,0.1
2021-22,Seth Curry,2TM,2135.0,0.095,-0.6,0.8
2021-22,Shai Gilgeous-Alexander,OKC,1942.0,0.113,3.4,2.7
2021-22,Shake Milton,PHI,1179.0,0.069,-2.2,-0.1
2021-22,Shaq Buchanan,MEM,10.0,-0.23,-10.7,0.0
2021-22,Shaquille Harrison,BRK,23.0,-0.067,-8.3,0.0
2021-22,Sharife Cooper,ATL,39.0,-0.297,-16.3,-0.1
2021-22,Skylar Mays,ATL,220.0,0.061,-2.0,0.0
2021-22,Solomon Hill,ATL,139.0,-0.006,-4.0,-0.1
2021-22,Spencer Dinwiddie,2TM,1980.0,0.098,0.3,1.1
2021-22,Stanley Johnson,LAL,1094.0,0.079,-2.7,-0.2
2021-22,Stephen Curry,GSW,2211.0,0.173,5.8,4.4
2021-22,Sterling Brown,DAL,628.0,0.061,-2.9,-0.1
2021-22,Steven Adams,MEM,1999.0,0.163,2.0,2.0
2021-22,Svi Mykhailiuk,TOR,716.0,0.052,-2.9,-0.2
2021-22,T.J. McConnell,IND,652.0,0.098,0.9,0.5
2021-22,Tacko Fall,CLE,59.0,0.043,-3.4,0.0
2021-22,Taj Gibson,NYK,946.0,0.135,-2.0,0.0
2021-22,Talen Horton-Tucker,LAL,1511.0,0.033,-3.3,-0.5
2021-22,Taurean Prince,MIN,1177.0,0.09,-0.9,0.3
2021-22,Terance Mann,LAC,2317.0,0.113,-0.6,0.8
2021-22,Terence Davis,SAC,536.0,0.044,-0.9,0.2
2021-22,Terrence Ross,ORL,1448.0,0.011,-3.7,-0.6
2021-22,Terry Rozier,CHO,2458.0,0.115,1.7,2.3
2021-22,Terry Taylor,IND,714.0,0.16,-0.6,0.2
2021-22,Thaddeus Young,2TM,845.0,0.126,2.2,0.9
2021-22,Thanasis Antetokounmpo,MIL,473.0,0.095,-3.5,-0.2
2021-22,Theo Pinson,DAL,148.0,0.122,-0.5,0.1
2021-22,Thomas Bryant,WAS,439.0,0.118,-1.0,0.1
2021-22,Théo Maledon,OKC,908.0,0.015,-4.4,-0.6
2021-22,Tim Frazier,2TM,208.0,-0.046,-8.6,-0.3
2021-22,Tim Hardaway Jr.,DAL,1245.0,0.077,-0.2,0.6
2021-22,Timothé Luwawu-Cabarrot,ATL,685.0,0.061,-3.3,-0.2
2021-22,Tobias Harris,PHI,2543.0,0.105,0.0,1.3
2021-22,Tomáš Satoranský,3TM,906.0,0.055,-3.7,-0.4
2021-22,Tony Bradley,CHI,549.0,0.112,-1.8,0.0
2021-22,Tony Snell,2TM,823.0,0.023,-4.2,-0.5
2021-22,Torrey Craig,2TM,1596.0,0.07,-1.8,0.1
2021-22,Trae Young,ATL,2652.0,0.181,5.2,4.8
2021-22,Trayvon Palmer,DET,17.0,-0.133,-15.0,-0.1
2021-22,Tre Jones,SAS,1148.0,0.121,-0.5,0.4
2021-22,Tre Mann,OKC,1367.0,0.002,-4.4,-0.8
2021-22,Tre Scott,CLE,11.0,0.138,-3.0,0.0
2021-22,Tremont Waters,2TM,50.0,-0.042,-7.7,-0.1
2021-22,Trendon Watford,POR,869.0,0.104,-1.7,0.1
2021-22,Trent Forrest,UTA,765.0,0.084,-1.0,0.2
2021-22,Trevelin Queen,HOU,74.0,0.08,1.9,0.1
2021-22,Trevor Ariza,LAL,462.0,0.02,-3.4,-0.2
2021-22,Trey Burke,DAL,441.0,0.003,-5.0,-0.3
2021-22,Trey Lyles,2TM,1537.0,0.111,-0.3,0.7
2021-22,Trey Murphy III,NOP,864.0,0.104,-1.2,0.2
2021-22,Tristan Thompson,3TM,897.0,0.087,-3.1,-0.3
2021-22,Troy Brown Jr.,CHI,1055.0,0.065,-1.8,0.1
2021-22,Ty Jerome,OKC,801.0,0.032,-2.3,-0.1
2021-22,Tyler Cook,CHI,200.0,0.127,-4.1,-0.1
2021-22,Tyler Hall,NYK,2.0,0.007,-8.5,0.0
2021-22,Tyler Herro,MIA,2151.0,0.084,0.7,1.5
2021-22,Tyler Johnson,2TM,91.0,0.033,-3.0,0.0
2021-22,Tyrell Terry,MEM,3.0,0.222,-1.0,0.0
2021-22,Tyrese Haliburton,2TM,2695.0,0.125,2.6,3.1
2021-22,Tyrese Maxey,PHI,2650.0,0.132,0.6,1.8
2021-22,Tyrone Wallace,NOP,75.0,-0.057,-8.2,-0.1
2021-22,Tyus Jones,MEM,1549.0,0.158,1.7,1.4
2021-22,Udoka Azubuike,UTA,195.0,0.157,-1.4,0.0
2021-22,Udonis Haslem,MIA,83.0,0.033,-7.1,-0.1
2021-22,Usman Garuba,HOU,239.0,0.105,-0.9,0.1
2021-22,Vernon Carey Jr.,2TM,44.0,0.068,-7.5,-0.1
2021-22,Victor Oladipo,MIA,173.0,0.124,1.3,0.1
2021-22,Vit Krejci,OKC,690.0,0.042,-5.3,-0.6
2021-22,Vlatko Čančar,DEN,176.0,0.114,-1.7,0.0
2021-22,Wayne Ellington,LAL,810.0,0.062,-1.4,0.1
2021-22,Wayne Selden,NYK,19.0,0.016,-5.9,0.0
2021-22,Wendell Carter Jr.,ORL,1852.0,0.129,1.6,1.7
2021-22,Wenyen Gabriel,3TM,358.0,0.09,-5.9,-0.4
2021-22,Wes Iwundu,ATL,82.0,0.046,-6.8,-0.1
2021-22,Wesley Matthews,MIL,1002.0,0.056,-3.3,-0.3
2021-22,Will Barton,DEN,2277.0,0.067,-0.5,0.9
2021-22,Willie Cauley-Stein,2TM,183.0,0.066,-3.0,0.0
2021-22,Willy Hernangómez,NOP,839.0,0.18,0.2,0.5
2021-22,Xavier Moon,LAC,137.0,0.121,-0.1,0.1
2021-22,Xavier Sneed,2TM,39.0,-0.056,-10.6,-0.1
2021-22,Xavier Tillman Sr.,MEM,701.0,0.121,0.7,0.5
2021-22,Yuta Watanabe,TOR,445.0,0.075,-2.0,0.0
2021-22,Yves Pons,MEM,71.0,0.03,-6.6,-0.1
2021-22,Zach Collins,SAS,502.0,0.118,-0.2,0.2
2021-22,Zach LaVine,CHI,2328.0,0.12,2.4,2.6
2021-22,Zavier Simpson,OKC,174.0,-0.018,-7.9,-0.3
2021-22,Zeke Nnaji,DEN,698.0,0.123,-2.2,0.0
2021-22,Ziaire Williams,MEM,1346.0,0.08,-3.0,-0.3
2021-22,Zylan Cheatham,UTA,5.0,-0.61,-30.6,0.0
2022-23,A.J. Green,MIL,345.0,0.111,-0.9,0.1
2022-23,A.J. Lawson,2TM,108.0,0.063,-4.4,-0.1
2022-23,AJ Griffin,ATL,1401.0,0.075,-0.8,0.4
2022-23,Aaron Gordon,DEN,2055.0,0.158,2.1,2.1
2022-23,Aaron Holiday,ATL,845.0,0.053,-2.0,0.0
2022-23,Aaron Nesmith,IND,1816.0,0.052,-3.0,-0.4
2022-23,Aaron Wiggins,OKC,1297.0,0.097,-2.1,0.0
2022-23,Admiral Schofield,ORL,451.0,0.089,-2.9,-0.1
2022-23,Al Horford,BOS,1922.0,0.157,3.3,2.5
2022-23,Alec Burks,DET,1122.0,0.109,1.2,0.9
2022-23,Aleksej Pokusevski,OKC,701.0,0.066,0.0,0.3
2022-23,Alex Caruso,CHI,1575.0,0.109,1.1,1.2
2022-23,Alex Len,SAC,161.0,0.085,-4.0,-0.1
2022-23,Alize Johnson,SAS,30.0,-0.099,-9.1,-0.1
2022-23,Alondes Williams,BRK,5.0,-0.517,-26.5,0.0
2022-23,Alperen Şengün,HOU,2171.0,0.115,1.4,1.9
2022-23,Amir Coffey,LAC,625.0,0.033,-5.0,-0.5
2022-23,Andre Drummond,CHI,849.0,0.159,-0.8,0.3
2022-23,Andre Iguodala,GSW,113.0,0.044,-2.5,0.0
2022-23,Andrew Nembhard,IND,2073.0,0.029,-3.2,-0.6
2022-23,Andrew Wiggins,GSW,1190.0,0.091,-0.5,0.5
2022-23,Anfernee Simons,POR,2171.0,0.054,-1.1,0.5
2022-23,Anthony Davis,LAL,1904.0,0.226,6.3,4.0
2022-23,Anthony Edwards,MIN,2842.0,0.064,1.0,2.1
2022-23,Anthony Gill,WAS,624.0,0.101,-3.3,-0.2
2022-23,Anthony Lamb,GSW,1195.0,0.096,-1.1,0.3
2022-23,Austin Reaves,LAL,1843.0,0.142,0.7,1.2
2022-23,Austin Rivers,MIN,1016.0,0.061,-2.8,-0.2
2022-23,Ayo Dosunmu,CHI,2098.0,0.067,-2.5,-0.2
2022-23,Bam Adebayo,MIA,2598.0,0.137,1.5,2.3
2022-23,Ben Simmons,BRK,1105.0,0.097,0.4,0.7
2022-23,Bennedict Mathurin,IND,2222.0,0.038,-3.7,-1.0
2022-23,Bismack Biyombo,PHO,874.0,0.102,-0.9,0.2
2022-23,Blake Griffin,BOS,569.0,0.153,0.1,0.3
2022-23,Blake Wesley,SAS,669.0,-0.114,-9.6,-1.3
2022-23,Boban Marjanović,HOU,171.0,0.158,1.6,0.2
2022-23,Bobby Portis,MIL,1818.0,0.139,0.7,1.2
2022-23,Bogdan Bogdanović,ATL,1508.0,0.088,0.5,0.9
2022-23,Bojan Bogdanović,DET,1893.0,0.09,0.8,1.4
2022-23,Bol Bol,ORL,1505.0,0.072,-0.9,0.4
2022-23,Bones Hyland,2TM,1085.0,0.062,-0.8,0.3
2022-23,Bradley Beal,WAS,1673.0,0.099,1.8,1.6
2022-23,Brandon Boston Jr.,LAC,248.0,0.04,-2.2,0.0
2022-23,Brandon Clarke,MEM,1090.0,0.199,2.5,1.3
2022-23,Brandon Ingram,NOP,1538.0,0.108,1.7,1.5
2022-23,Braxton Key,DET,9.0,0.242,2.9,0.0
2022-23,Brook Lopez,MIL,2373.0,0.161,2.1,2.5
2022-23,Bruce Brown,DEN,2280.0,0.09,-0.5,0.9
2022-23,Bruno Fernando,2TM,405.0,0.109,-2.0,0.0
2022-23,Bryce McGowens,CHO,787.0,0.005,-6.0,-0.8
2022-23,Bryn Forbes,MIN,268.0,0.0,-6.3,-0.3
2022-23,Buddy Boeheim,DET,90.0,-0.091,-9.5,-0.2
2022-23,Buddy Hield,IND,2482.0,0.085,1.9,2.4
2022-23,CJ McCollum,NOP,2649.0,0.078,0.8,1.9
2022-23,Cade Cunningham,DET,400.0,-0.018,-0.7,0.1
2022-23,Caleb Houstan,ORL,812.0,0.039,-4.0,-0.4
2022-23,Caleb Martin,MIA,2077.0,0.086,-1.2,0.4
2022-23,Cam Reddish,2TM,990.0,0.046,-3.4,-0.4
2022-23,Cam Thomas,BRK,948.0,0.049,-2.7,-0.2
2022-23,Cameron Johnson,2TM,1199.0,0.142,2.6,1.4
2022-23,Cameron Payne,PHO,968.0,0.053,-1.2,0.2
2022-23,Caris LeVert,CLE,2237.0,0.095,-0.2,1.0
2022-23,Carlik Jones,CHI,56.0,0.078,-2.5,0.0
2022-23,Cedi Osman,CLE,1548.0,0.103,-0.7,0.5
2022-23,Chance Comanche,POR,21.0,0.043,-7.5,0.0
2022-23,Charles Bassey,SAS,508.0,0.123,0.7,0.3
2022-23,Chima Moneke,SAC,8.0,-0.288,-20.7,0.0
2022-23,Chimezie Metu,SAC,689.0,0.143,-0.1,0.3
2022-23,Chris Boucher,TOR,1523.0,0.156,-0.1,0.7
2022-23,Chris Duarte,IND,897.0,-0.003,-4.5,-0.6
2022-23,Chris Paul,PHO,1889.0,0.156,3.2,2.5
2022-23,Chris Silva,DAL,3.0,-0.26,-22.6,0.0
2022-23,Christian Braun,DEN,1181.0,0.079,-2.4,-0.1
2022-23,Christian Koloko,TOR,802.0,0.104,-3.5,-0.3
2022-23,Christian Wood,DAL,1738.0,0.132,1.7,1.6
2022-23,Chuma Okeke,ORL,518.0,0.061,-1.6,0.1
2022-23,Clint Capela,ATL,1730.0,0.201,2.2,1.8
2022-23,Coby White,CHI,1730.0,0.087,-0.8,0.5
2022-23,Cody Martin,CHO,134.0,0.045,-4.6,-0.1
2022-23,Cody Zeller,MIA,217.0,0.147,-2.8,0.0
2022-23,Cole Anthony,ORL,1552.0,0.116,1.3,1.3
2022-23,Cole Swider,LAL,41.0,0.08,-3.4,0.0
2022-23,Collin Sexton,UTA,1145.0,0.105,-1.3,0.2
2022-23,Corey Kispert,WAS,2093.0,0.088,-1.5,0.2
2022-23,Cory Joseph,DET,1227.0,0.07,-1.5,0.2
2022-23,D'Angelo Russell,2TM,2304.0,0.106,1.5,2.0
2022-23,Daishen Nix,HOU,914.0,-0.062,-6.5,-1.0
2022-23,Dalano Banton,TOR,279.0,0.064,-0.5,0.1
2022-23,Dalen Terry,CHI,214.0,0.105,0.0,0.1
2022-23,Damian Jones,2TM,477.0,0.119,-1.7,0.0
2022-23,Damian Lillard,POR,2107.0,0.205,7.1,4.9
2022-23,Damion Lee,PHO,1506.0,0.081,-1.7,0.1
2022-23,Daniel Gafford,WAS,1604.0,0.184,1.0,1.2
2022-23,Daniel Theis,IND,109.0,0.046,-1.4,0.0
2022-23,Danny Green,2TM,138.0,0.059,-1.9,0.0
2022-23,Danuel House Jr.,PHI,807.0,0.075,-3.0,-0.2
2022-23,Dario Šarić,2TM,806.0,0.099,-1.4,0.1
2022-23,Darius Bazley,2TM,616.0,0.078,-1.0,0.2
2022-23,Darius Days,HOU,25.0,0.156,3.5,0.0
2022-23,Darius Garland,CLE,2447.0,0.148,2.4,2.7
2022-23,David Duke Jr.,BRK,228.0,-0.011,-7.3,-0.3
2022-23,David Roddy,MEM,1258.0,0.043,-3.9,-0.6
2022-23,Davion Mitchell,SAC,1447.0,0.05,-2.8,-0.3
2022-23,Davon Reed,2TM,342.0,0.008,-5.3,-0.3
2022-23,Day'Ron Sharpe,BRK,552.0,0.139,-2.3,0.0
2022-23,De'Aaron Fox,SAC,2435.0,0.146,2.5,2.7
2022-23,De'Andre Hunter,ATL,2126.0,0.057,-3.3,-0.7
2022-23,De'Anthony Melton,PHI,2150.0,0.095,0.9,1.6
2022-23,DeAndre Jordan,DEN,586.0,0.112,-1.8,0.0
2022-23,DeMar DeRozan,CHI,2682.0,0.153,2.0,2.6
2022-23,Dean Wade,CLE,891.0,0.097,-0.7,0.3
2022-23,Deandre Ayton,PHO,2035.0,0.147,0.9,1.5
2022-23,Dejounte Murray,ATL,2693.0,0.084,1.0,2.1
2022-23,Delon Wright,WAS,1221.0,0.146,3.4,1.7
2022-23,Deni Avdija,WAS,2020.0,0.054,-2.3,-0.1
2022-23,Dennis Schröder,LAL,1986.0,0.068,-2.9,-0.4
2022-23,Dennis Smith Jr.,CHO,1390.0,0.039,-2.2,-0.1
2022-23,Deonte Burton,SAC,6.0,-0.347,-24.2,0.0
2022-23,Dereon Seabron,NOP,12.0,-0.034,-11.3,0.0
2022-23,Derrick Jones Jr.,CHI,893.0,0.131,-0.4,0.3
2022-23,Derrick Rose,NYK,338.0,-0.001,-3.7,-0.1
2022-23,Derrick White,BOS,2319.0,0.154,2.4,2.6
2022-23,Desmond Bane,MEM,1841.0,0.151,3.5,2.5
2022-23,Devin Booker,PHO,1835.0,0.157,4.2,2.9
2022-23,Devin Vassell,SAS,1178.0,0.051,0.4,0.7
2022-23,Devon Dotson,WAS,53.0,-0.025,-5.3,0.0
2022-23,Devonte' Graham,2TM,1338.0,0.091,-0.1,0.6
2022-23,Dewayne Dedmon,2TM,426.0,0.115,-1.6,0.0
2022-23,Dillon Brooks,MEM,2214.0,0.034,-3.9,-1.1
2022-23,Domantas Sabonis,SAC,2736.0,0.221,5.8,5.4
2022-23,Dominick Barlow,SAS,408.0,0.082,-4.6,-0.3
2022-23,Donovan Mitchell,CLE,2432.0,0.176,6.3,5.0
2022-23,Donovan Williams,ATL,4.0,-0.225,-15.2,0.0
2022-23,Donte DiVincenzo,GSW,1894.0,0.106,0.7,1.3
2022-23,Dorian Finney-Smith,2TM,2009.0,0.051,-2.0,0.0
2022-23,Doug McDermott,SAS,1314.0,0.035,-3.2,-0.4
2022-23,Draymond Green,GSW,2297.0,0.098,0.8,1.6
2022-23,Drew Eubanks,POR,1584.0,0.134,0.1,0.8
2022-23,Dru Smith,2TM,158.0,0.099,-0.9,0.0
2022-23,Duane Washington Jr.,PHO,394.0,-0.065,-4.6,-0.3
2022-23,Duncan Robinson,MIA,691.0,0.035,-5.0,-0.5
2022-23,Dwight Powell,DAL,1458.0,0.168,-1.2,0.3
2022-23,Dylan Windler,CLE,10.0,0.149,6.7,0.0
2022-23,Dyson Daniels,NOP,1042.0,0.061,-1.8,0.0
2022-23,Dāvis Bertāns,DAL,492.0,0.09,-1.2,0.1
2022-23,Edmond Sumner,BRK,736.0,0.086,-2.6,-0.1
2022-23,Eric Gordon,2TM,1965.0,0.056,-1.9,0.1
2022-23,Eugene Omoruyi,2TM,645.0,0.042,-4.4,-0.4
2022-23,Evan Fournier,NYK,459.0,0.01,-4.0,-0.2
2022-23,Evan Mobley,CLE,2715.0,0.151,1.7,2.5
2022-23,Facundo Campazzo,DAL,52.0,-0.012,-1.2,0.0
2022-23,Frank Jackson,UTA,5.0,-0.378,-22.2,0.0
2022-23,Frank Kaminsky,2TM,235.0,0.141,2.8,0.3
2022-23,Frank Ntilikina,DAL,607.0,-0.01,-6.7,-0.7
2022-23,Franz Wagner,ORL,2609.0,0.099,-0.1,1.3
2022-23,Fred VanVleet,TOR,2535.0,0.123,2.5,2.9
2022-23,Furkan Korkmaz,PHI,353.0,0.019,-4.4,-0.2
2022-23,Gabe Vincent,MIA,1759.0,0.038,-3.4,-0.6
2022-23,Gabe York,IND,56.0,0.091,-3.5,0.0
2022-23,Garrett Temple,NOP,162.0,0.094,-1.0,0.0
2022-23,Garrison Mathews,2TM,686.0,0.067,-2.4,-0.1
2022-23,Gary Harris,ORL,1184.0,0.095,-0.7,0.4
2022-23,Gary Payton II,2TM,367.0,0.125,0.3,0.2
2022-23,Gary Trent Jr.,TOR,2118.0,0.102,0.2,1.2
2022-23,George Hill,2TM,834.0,0.107,-1.5,0.1
2022-23,Georges Niang,PHI,1512.0,0.078,-1.4,0.2
2022-23,Giannis Antetokounmpo,MIL,2024.0,0.204,8.5,5.4
2022-23,Goga Bitadze,2TM,457.0,0.141,0.3,0.3
2022-23,Goran Dragić,2TM,870.0,0.025,-3.9,-0.4
2022-23,Gordon Hayward,CHO,1577.0,0.059,-1.4,0.2
2022-23,Gorgui Dieng,SAS,358.0,0.001,-3.9,-0.2
2022-23,Grant Williams,BOS,2045.0,0.104,-1.1,0.5
2022-23,Grayson Allen,MIL,1972.0,0.123,0.1,1.0
2022-23,Greg Brown III,POR,93.0,-0.074,-8.5,-0.2
2022-23,Hamidou Diallo,DET,996.0,0.063,-1.4,0.1
2022-23,Harrison Barnes,SAC,2662.0,0.118,-1.0,0.7
2022-23,Haywood Highsmith,MIA,969.0,0.046,-3.1,-0.3
2022-23,Herbert Jones,NOP,1951.0,0.104,-0.3,0.8
2022-23,Immanuel Quickley,NYK,2344.0,0.137,1.7,2.1
2022-23,Isaac Okoro,CLE,1652.0,0.122,-0.3,0.7
2022-23,Isaiah Hartenstein,NYK,1626.0,0.136,-0.3,0.7
2022-23,Isaiah Jackson,IND,1042.0,0.124,-0.8,0.3
2022-23,Isaiah Joe,OKC,1395.0,0.131,0.9,1.0
2022-23,Isaiah Livers,DET,1199.0,0.041,-2.4,-0.1
2022-23,Isaiah Mobley,CLE,84.0,0.135,-1.4,0.0
2022-23,Isaiah Roby,SAS,474.0,-0.011,-4.6,-0.3
2022-23,Isaiah Stewart,DET,1414.0,0.068,-2.1,0.0
2022-23,Isaiah Todd,WAS,61.0,-0.147,-14.2,-0.2
2022-23,Ish Smith,DEN,398.0,-0.056,-6.6,-0.5
2022-23,Ish Wainright,PHO,915.0,0.089,-1.2,0.2
2022-23,Ivica Zubac,LAC,2170.0,0.149,-0.9,0.6
2022-23,JD Davison,BOS,66.0,0.059,-4.2,0.0
2022-23,JT Thor,CHO,969.0,0.009,-4.7,-0.7
2022-23,Ja Morant,MEM,1948.0,0.148,5.7,3.8
2022-23,JaMychal Green,GSW,797.0,0.133,-0.5,0.3
2022-23,JaVale McGee,DAL,355.0,0.076,-3.7,-0.1
2022-23,Jabari Smith Jr.,HOU,2451.0,0.037,-3.7,-1.1
2022-23,Jabari Walker,POR,619.0,0.015,-6.1,-0.6
2022-23,Jack White,DEN,66.0,0.108,-1.9,0.0
2022-23,Jacob Gilyard,MEM,41.0,0.079,-6.1,0.0
2022-23,Jaden Hardy,DAL,708.0,0.048,-2.3,0.0
2022-23,Jaden Ivey,DET,2304.0,-0.001,-3.3,-0.7
2022-23,Jaden McDaniels,MIN,2416.0,0.087,-1.2,0.5
2022-23,Jaden Springer,PHI,89.0,0.145,0.3,0.1
2022-23,Jae Crowder,MIL,340.0,0.165,1.2,0.3
2022-23,Jae'Sean Tate,HOU,677.0,0.049,-3.5,-0.3
2022-23,Jake LaRavia,MEM,414.0,0.054,-3.5,-0.2
2022-23,Jakob Poeltl,2TM,1906.0,0.15,1.9,1.9
2022-23,Jalen Brunson,NYK,2379.0,0.175,3.9,3.5
2022-23,Jalen Duren,DET,1670.0,0.129,-0.8,0.5
2022-23,Jalen Green,HOU,2602.0,0.034,-2.1,0.0
2022-23,Jalen Johnson,ATL,1042.0,0.099,0.3,0.6
2022-23,Jalen McDaniels,2TM,1913.0,0.068,-2.1,-0.1
2022-23,Jalen Smith,IND,1279.0,0.085,-2.1,0.0
2022-23,Jalen Suggs,ORL,1246.0,0.053,-1.0,0.3
2022-23,Jalen Williams,OKC,2276.0,0.119,0.3,1.3
2022-23,Jamal Cain,MIA,240.0,0.169,0.8,0.2
2022-23,Jamal Murray,DEN,2133.0,0.116,1.3,1.8
2022-23,Jamaree Bouyea,2TM,71.0,0.013,-4.2,0.0
2022-23,James Bouknight,CHO,515.0,-0.04,-6.5,-0.6
2022-23,James Harden,PHI,2135.0,0.188,5.4,4.0
2022-23,James Johnson,IND,162.0,0.017,-4.4,-0.1
2022-23,James Wiseman,2TM,867.0,0.077,-3.5,-0.3
2022-23,Jared Butler,OKC,77.0,0.061,-2.6,0.0
2022-23,Jared Rhoden,DET,198.0,0.027,-6.1,-0.2
2022-23,Jaren Jackson Jr.,MEM,1787.0,0.177,2.8,2.2
2022-23,Jarred Vanderbilt,2TM,1879.0,0.132,1.1,1.5
2022-23,Jarrell Brantley,UTA,39.0,0.16,3.5,0.1
2022-23,Jarrett Allen,CLE,2220.0,0.205,2.4,2.4
2022-23,Jarrett Culver,ATL,137.0,0.014,-4.2,-0.1
2022-23,Jason Preston,LAC,124.0,0.021,-2.6,0.0
2022-23,Javonte Green,CHI,480.0,0.142,1.4,0.4
2022-23,Jaxson Hayes,NOP,610.0,0.118,-1.2,0.1
2022-23,Jay Huff,WAS,95.0,0.261,4.0,0.1
2022-23,Jay Scrubb,ORL,30.0,0.083,-1.9,0.0
2022-23,Jaylen Brown,BOS,2405.0,0.1,1.3,2.0
2022-23,Jaylen Nowell,MIN,1252.0,0.046,-2.5,-0.2
2022-23,Jaylin Williams,OKC,914.0,0.099,-1.7,0.1
2022-23,Jayson Tatum,BOS,2732.0,0.185,5.5,5.1
2022-23,Jeenathan Williams,POR,127.0,0.12,-3.0,0.0
2022-23,Jeff Dowtin Jr.,TOR,259.0,0.076,-1.9,0.0
2022-23,Jeff Green,DEN,1091.0,0.074,-3.4,-0.4
2022-23,Jerami Grant,POR,2246.0,0.087,-0.2,1.0
2022-23,Jeremiah Robinson-Earl,OKC,814.0,0.111,-1.5,0.1
2022-23,Jeremy Sochan,SAS,1458.0,0.005,-4.0,-0.7
2022-23,Jericho Sims,NYK,812.0,0.153,-0.5,0.3
2022-23,Jevon Carter,MIL,1810.0,0.092,-0.6,0.6
2022-23,Jimmy Butler,MIA,2138.0,0.277,8.7,5.8
2022-23,Jock Landale,PHO,979.0,0.132,-1.1,0.2
2022-23,Joe Harris,BRK,1527.0,0.083,-1.1,0.3
2022-23,Joe Ingles,MIL,1044.0,0.107,-0.7,0.3
2022-23,Joe Wieskamp,TOR,50.0,-0.076,-10.6,-0.1
2022-23,Joel Embiid,PHI,2284.0,0.259,9.2,6.4
2022-23,John Butler,POR,221.0,0.001,-6.2,-0.2
2022-23,John Collins,ATL,2130.0,0.095,-1.3,0.4
2022-23,John Konchar,MEM,1494.0,0.111,0.5,0.9
2022-23,John Wall,LAC,755.0,0.02,-1.2,0.1
2022-23,Johnny Davis,WAS,423.0,-0.033,-7.4,-0.6
2022-23,Johnny Juzang,UTA,232.0,-0.032,-6.5,-0.3
2022-23,Jonas Valančiūnas,NOP,1968.0,0.142,-0.4,0.8
2022-23,Jonathan Isaac,ORL,124.0,0.13,4.0,0.2
2022-23,Jonathan Kuminga,GSW,1394.0,0.084,-1.7,0.1
2022-23,Jordan Clarkson,UTA,1988.0,0.042,-1.4,0.3
2022-23,Jordan Goodwin,WAS,1106.0,0.097,0.7,0.8
2022-23,Jordan Hall,SAS,83.0,-0.077,-7.6,-0.1
2022-23,Jordan McLaughlin,MIN,678.0,0.094,-0.7,0.2
2022-23,Jordan Nwora,2TM,1188.0,0.06,-2.1,0.0
2022-23,Jordan Poole,GSW,2458.0,0.063,-1.9,0.1
2022-23,Jordan Schakel,WAS,6.0,0.314,17.0,0.0
2022-23,Jose Alvarado,NOP,1310.0,0.066,-1.2,0.3
2022-23,Josh Christopher,HOU,786.0,-0.001,-4.3,-0.5
2022-23,Josh Giddey,OKC,2367.0,0.081,1.2,1.9
2022-23,Josh Green,DAL,1539.0,0.082,-2.4,-0.2
2022-23,Josh Hart,2TM,2454.0,0.118,0.9,1.8
2022-23,Josh Minott,MIN,96.0,0.146,-1.6,0.0
2022-23,Josh Okogie,PHO,1350.0,0.101,-0.2,0.6
2022-23,Josh Richardson,2TM,1530.0,0.055,-1.2,0.3
2022-23,Joshua Primo,SAS,93.0,-0.073,-6.3,-0.1
2022-23,Jrue Holiday,MIL,2183.0,0.148,3.1,2.8
2022-23,Juan Toscano-Anderson,2TM,700.0,0.038,-3.8,-0.3
2022-23,Juancho Hernangómez,TOR,614.0,0.053,-3.3,-0.2
2022-23,Julian Champagnie,2TM,320.0,0.061,-3.3,-0.1
2022-23,Julius Randle,NYK,2737.0,0.142,3.7,3.9
2022-23,Justin Champagnie,2TM,34.0,0.009,-7.9,-0.1
2022-23,Justin Holiday,2TM,706.0,0.008,-3.9,-0.3
2022-23,Justin Jackson,BOS,107.0,0.025,-2.6,0.0
2022-23,Justin Minaya,POR,89.0,-0.067,-9.0,-0.2
2022-23,Justise Winslow,POR,776.0,0.022,-2.8,-0.2
2022-23,Jusuf Nurkić,POR,1391.0,0.092,0.1,0.7
2022-23,KJ Martin,HOU,2292.0,0.103,-0.7,0.7
2022-23,KZ Okpala,SAC,248.0,0.057,-3.2,-0.1
2022-23,Kai Jones,CHO,550.0,0.062,-4.0,-0.3
2022-23,Karl-Anthony Towns,MIN,957.0,0.133,3.0,1.2
2022-23,Kawhi Leonard,LAC,1748.0,0.194,6.1,3.5
2022-23,Keegan Murray,SAC,2382.0,0.087,-0.6,0.8
2022-23,Keita Bates-Diop,SAS,1452.0,0.089,-0.6,0.5
2022-23,Keldon Johnson,SAS,2063.0,0.03,-1.8,0.1
2022-23,Kelly Olynyk,UTA,1942.0,0.106,0.4,1.2
2022-23,Kelly Oubre Jr.,CHO,1548.0,0.051,-1.1,0.3
2022-23,Kemba Walker,DAL,144.0,0.098,-0.3,0.1
2022-23,Kendall Brown,IND,40.0,0.071,-2.9,0.0
2022-23,Kendrick Nunn,2TM,964.0,0.008,-3.5,-0.4
2022-23,Kennedy Chandler,MEM,281.0,0.044,-2.7,0.0
2022-23,Kenneth Lofton Jr.,MEM,176.0,0.145,-0.4,0.1
2022-23,Kenrich Williams,OKC,1206.0,0.133,0.5,0.8
2022-23,Kentavious Caldwell-Pope,DEN,2381.0,0.091,-1.0,0.6
2022-23,Keon Ellis,SAC,71.0,0.162,1.3,0.1
2022-23,Keon Johnson,POR,416.0,-0.057,-5.4,-0.4
2022-23,Kessler Edwards,2TM,385.0,0.048,-3.9,-0.2
2022-23,Kevin Durant,2TM,1672.0,0.194,7.1,3.9
2022-23,Kevin Huerter,SAC,2203.0,0.107,1.0,1.7
2022-23,Kevin Knox,2TM,952.0,0.034,-3.5,-0.4
2022-23,Kevin Love,2TM,1240.0,0.099,0.6,0.8
2022-23,Kevin Porter Jr.,HOU,2024.0,0.068,0.6,1.3
2022-23,Kevon Harris,ORL,457.0,0.065,-3.6,-0.2
2022-23,Kevon Looney,GSW,1958.0,0.212,2.1,2.0
2022-23,Khem Birch,TOR,162.0,0.072,-3.5,-0.1
2022-23,Khris Middleton,MIL,801.0,0.117,0.8,0.6
2022-23,Killian Hayes,DET,2154.0,-0.012,-3.8,-1.0
2022-23,Kira Lewis Jr.,NOP,235.0,0.122,-0.3,0.1
2022-23,Klay Thompson,GSW,2279.0,0.066,-0.3,1.0
2022-23,Kobi Simmons,CHO,28.0,0.019,-0.9,0.0
2022-23,Kris Dunn,UTA,568.0,0.162,2.4,0.6
2022-23,Kristaps Porziņģis,WAS,2120.0,0.174,4.3,3.4
2022-23,Kyle Anderson,MIN,1957.0,0.125,2.5,2.2
2022-23,Kyle Kuzma,WAS,2239.0,0.019,-1.7,0.2
2022-23,Kyle Lowry,MIA,1718.0,0.096,0.2,0.9
2022-23,Kyrie Irving,2TM,2241.0,0.159,4.1,3.5
2022-23,LaMelo Ball,CHO,1268.0,0.068,2.4,1.4
2022-23,Lamar Stevens,CLE,1120.0,0.08,-2.8,-0.2
2022-23,Landry Shamet,PHO,807.0,0.071,-1.4,0.1
2022-23,Larry Nance Jr.,NOP,1381.0,0.171,2.0,1.4
2022-23,Lauri Markkanen,UTA,2273.0,0.173,3.8,3.3
2022-23,LeBron James,LAL,1954.0,0.138,6.1,4.0
2022-23,League Average,nan,,,,
2022-23,Leandro Bolmaro,UTA,68.0,-0.231,-14.7,-0.2
2022-23,Lester Quiñones,GSW,18.0,-0.103,-10.2,0.0
2022-23,Lindell Wigginton,MIL,87.0,0.028,-6.7,-0.1
2022-23,Lindy Waters III,OKC,531.0,0.101,0.1,0.3
2022-23,Lonnie Walker IV,LAL,1297.0,0.066,-1.4,0.2
2022-23,Louis King,PHI,29.0,0.157,2.3,0.0
2022-23,Luguentz Dort,OKC,2272.0,0.062,-3.0,-0.6
2022-23,Luka Dončić,DAL,2391.0,0.204,8.9,6.6
2022-23,Luka Garza,MIN,243.0,0.211,-0.4,0.1
2022-23,Luka Šamanić,UTA,161.0,0.045,-2.1,0.0
2022-23,Luke Kennard,2TM,1315.0,0.124,0.5,0.8
2022-23,Luke Kornet,BOS,804.0,0.198,1.0,0.6
2022-23,Mac McClung,PHI,41.0,0.14,0.5,0.0
2022-23,Malachi Flynn,TOR,691.0,0.034,-4.1,-0.4
2022-23,Malaki Branham,SAS,1550.0,-0.004,-5.2,-1.3
2022-23,Malcolm Brogdon,BOS,1744.0,0.161,2.8,2.1
2022-23,Malcolm Hill,CHI,9.0,0.125,2.4,0.0
2022-23,Malik Beasley,2TM,2093.0,0.032,-2.0,0.0
2022-23,Malik Monk,SAC,1719.0,0.091,0.3,1.0
2022-23,Mamadi Diakite,CLE,176.0,0.051,-3.4,-0.1
2022-23,MarJon Beauchamp,MIL,701.0,0.027,-4.8,-0.5
2022-23,Marcus Morris,LAC,1825.0,0.053,-1.9,0.0
2022-23,Marcus Smart,BOS,1957.0,0.092,-1.0,0.5
2022-23,Mark Williams,CHO,828.0,0.163,0.1,0.4
2022-23,Markelle Fultz,ORL,1778.0,0.1,0.5,1.2
2022-23,Markieff Morris,2TM,355.0,0.059,-2.7,-0.1
2022-23,Marko Simonovic,CHI,20.0,-0.052,-14.4,-0.1
2022-23,Marvin Bagley III,DET,990.0,0.095,-0.9,0.3
2022-23,Mason Plumlee,2TM,2054.0,0.185,2.2,2.2
2022-23,Matisse Thybulle,2TM,1200.0,0.086,-0.5,0.4
2022-23,Matt Ryan,2TM,310.0,0.044,-3.4,-0.1
2022-23,Matthew Dellavedova,SAC,213.0,0.021,-5.2,-0.2
2022-23,Max Christie,LAL,512.0,0.058,-3.1,-0.1
2022-23,Max Strus,MIA,2272.0,0.071,-1.7,0.2
2022-23,Maxi Kleber,DAL,930.0,0.067,-2.2,0.0
2022-23,McKinley Wright IV,DAL,335.0,0.069,-2.7,-0.1
2022-23,Meyers Leonard,MIL,114.0,0.126,-5.0,-0.1
2022-23,Mfiondu Kabengele,BOS,36.0,0.067,-8.9,-0.1
2022-23,Micah Potter,UTA,52.0,0.186,3.5,0.1
2022-23,Michael Carter-Williams,ORL,44.0,-0.003,-6.3,0.0
2022-23,Michael Foster Jr.,PHI,1.0,0.01,-9.2,0.0
2022-23,Michael Porter Jr.,DEN,1798.0,0.116,0.2,1.0
2022-23,Mikal Bridges,2TM,2963.0,0.121,1.7,2.8
2022-23,Mike Conley,2TM,2029.0,0.13,0.9,1.5
2022-23,Mike Muscala,2TM,945.0,0.128,-0.4,0.4
2022-23,Miles McBride,NYK,760.0,0.047,-2.3,-0.1
2022-23,Mitchell Robinson,NYK,1591.0,0.197,2.4,1.7
2022-23,Mo Bamba,2TM,769.0,0.139,0.5,0.5
2022-23,Monte Morris,WAS,1695.0,0.12,0.5,1.1
2022-23,Montrezl Harrell,PHI,681.0,0.153,-1.3,0.1
2022-23,Moritz Wagner,ORL,1109.0,0.149,0.6,0.7
2022-23,Moses Brown,2TM,294.0,0.179,-0.6,0.1
2022-23,Moses Moody,GSW,817.0,0.076,-2.6,-0.1
2022-23,Moussa Diabaté,LAC,195.0,0.105,-2.8,0.0
2022-23,Myles Turner,IND,1825.0,0.142,2.1,1.9
2022-23,Naji Marshall,NOP,1792.0,0.068,-1.9,0.1
2022-23,Nassir Little,POR,976.0,0.032,-3.0,-0.3
2022-23,Nathan Knight,MIN,291.0,0.116,-3.2,-0.1
2022-23,Naz Reid,MIN,1251.0,0.114,1.0,1.0
2022-23,Neemias Queta,SAC,29.0,0.149,-3.4,0.0
2022-23,Nerlens Noel,2TM,195.0,0.007,-3.8,-0.1
2022-23,Nic Claxton,BRK,2271.0,0.195,3.1,2.9
2022-23,Nick Richards,CHO,1217.0,0.165,-1.3,0.2
2022-23,Nickeil Alexander-Walker,2TM,884.0,0.062,-0.9,0.2
2022-23,Nicolas Batum,LAC,1709.0,0.101,0.5,1.0
2022-23,Nikola Jokić,DEN,2323.0,0.308,13.0,8.8
2022-23,Nikola Jović,MIA,204.0,0.053,-3.4,-0.1
2022-23,Nikola Vučević,CHI,2746.0,0.145,2.7,3.2
2022-23,Noah Vonleh,BOS,171.0,0.06,-6.3,-0.2
2022-23,Norman Powell,LAC,1567.0,0.107,0.3,0.9
2022-23,OG Anunoby,TOR,2386.0,0.094,0.4,1.5
2022-23,Obi Toppin,NYK,1050.0,0.095,-0.5,0.4
2022-23,Ochai Agbaji,UTA,1209.0,0.053,-3.0,-0.3
2022-23,Olivier Sarr,OKC,114.0,0.094,-4.9,-0.1
2022-23,Omer Yurtseven,MIA,83.0,0.159,-3.9,0.0
2022-23,Onyeka Okongwu,ATL,1849.0,0.185,0.8,1.3
2022-23,Orlando Robinson,MIA,425.0,0.129,-2.1,0.0
2022-23,Oshae Brissett,IND,1083.0,0.05,-3.2,-0.3
2022-23,Otto Porter Jr.,TOR,146.0,0.142,0.7,0.1
2022-23,Ousmane Dieng,OKC,569.0,0.038,-3.6,-0.2
2022-23,P.J. Tucker,PHI,1920.0,0.064,-3.0,-0.5
2022-23,P.J. Washington,CHO,2380.0,0.052,-1.3,0.4
2022-23,PJ Dozier,SAC,79.0,-0.097,-7.8,-0.1
2022-23,Paolo Banchero,ORL,2430.0,0.047,-1.5,0.3
2022-23,Pascal Siakam,TOR,2652.0,0.141,3.1,3.4
2022-23,Pat Connaughton,MIL,1443.0,0.085,-1.0,0.3
2022-23,Patrick Baldwin Jr.,GSW,226.0,0.029,-2.1,0.0
2022-23,Patrick Beverley,2TM,1816.0,0.079,-1.2,0.3
2022-23,Patrick Williams,CHI,2323.0,0.072,-1.3,0.4
2022-23,Patty Mills,BRK,567.0,0.035,-3.1,-0.2
2022-23,Paul George,LAC,1939.0,0.114,2.8,2.3
2022-23,Paul Reed,PHI,755.0,0.18,-0.1,0.4
2022-23,Payton Pritchard,BOS,643.0,0.045,-3.4,-0.2
2022-23,Peyton Watson,DEN,186.0,0.073,-2.8,0.0
2022-23,Precious Achiuwa,TOR,1140.0,0.093,-2.3,-0.1
2022-23,Quentin Grimes,NYK,2121.0,0.108,-0.1,1.0
2022-23,Quenton Jackson,WAS,135.0,0.078,-5.1,-0.1
2022-23,R.J. Hampton,2TM,750.0,0.042,-2.9,-0.2
2022-23,RJ Barrett,NYK,2475.0,0.043,-3.1,-0.7
2022-23,RaiQuan Gray,BRK,35.0,0.106,-2.0,0.0
2022-23,Raul Neto,CLE,505.0,0.142,-0.2,0.2
2022-23,Reggie Bullock,DAL,2364.0,0.056,-2.6,-0.4
2022-23,Reggie Jackson,2TM,1657.0,0.018,-3.9,-0.8
2022-23,Richaun Holmes,SAC,348.0,0.113,-2.9,-0.1
2022-23,Ricky Rubio,CLE,566.0,0.062,-2.8,-0.1
2022-23,Robert Covington,LAC,779.0,0.117,1.7,0.7
2022-23,Robert Williams,BOS,824.0,0.224,3.3,1.1
2022-23,Robin Lopez,CLE,299.0,0.094,-3.0,-0.1
2022-23,Rodney McGruder,DET,524.0,0.068,-1.5,0.1
2022-23,Romeo Langford,SAS,844.0,0.029,-4.2,-0.5
2022-23,Ron Harper Jr.,TOR,48.0,0.158,1.2,0.0
2022-23,Royce O'Neale,BRK,2409.0,0.057,-1.1,0.5
2022-23,Rudy Gay,UTA,816.0,0.018,-4.0,-0.4
2022-23,Rudy Gobert,MIN,2148.0,0.174,0.7,1.4
2022-23,Rui Hachimura,2TM,1466.0,0.06,-2.2,-0.1
2022-23,Russell Westbrook,2TM,2126.0,0.044,0.2,1.2
2022-23,Ryan Arcidiacono,2TM,172.0,-0.043,-8.8,-0.3
2022-23,Ryan Rollins,GSW,62.0,-0.218,-15.0,-0.2
2022-23,Saben Lee,2TM,373.0,0.088,-1.8,0.0
2022-23,Saddiq Bey,2TM,2129.0,0.087,-0.3,0.9
2022-23,Sam Hauser,BOS,1290.0,0.128,1.0,1.0
2022-23,Sam Merrill,CLE,59.0,0.16,1.2,0.0
2022-23,Sandro Mamukelashvili,2TM,660.0,0.063,-2.4,-0.1
2022-23,Santi Aldama,MEM,1682.0,0.13,0.5,1.1
2022-23,Scottie Barnes,TOR,2678.0,0.09,0.4,1.6
2022-23,Scotty Pippen Jr.,LAL,32.0,-0.017,-5.9,0.0
2022-23,Serge Ibaka,MIL,185.0,0.058,-4.5,-0.1
2022-23,Seth Curry,BRK,1211.0,0.07,-2.1,0.0
2022-23,Shaedon Sharpe,POR,1779.0,0.032,-3.3,-0.6
2022-23,Shai Gilgeous-Alexander,OKC,2416.0,0.226,7.3,5.6
2022-23,Shake Milton,PHI,1567.0,0.087,-2.0,0.0
2022-23,Shaquille Harrison,POR,120.0,0.137,0.1,0.1
2022-23,Simone Fontecchio,UTA,766.0,-0.004,-5.2,-0.6
2022-23,Skylar Mays,POR,189.0,0.171,0.0,0.1
2022-23,Spencer Dinwiddie,2TM,2725.0,0.111,0.7,1.8
2022-23,Stanley Johnson,SAS,469.0,0.076,-1.0,0.1
2022-23,Stanley Umude,DET,2.0,0.626,48.6,0.0
2022-23,Stephen Curry,GSW,1941.0,0.192,7.5,4.7
2022-23,Sterling Brown,LAL,24.0,0.04,-3.3,0.0
2022-23,Steven Adams,MEM,1133.0,0.144,0.6,0.7
2022-23,Svi Mykhailiuk,2TM,468.0,0.081,-0.1,0.2
2022-23,T.J. McConnell,IND,1526.0,0.098,0.5,1.0
2022-23,T.J. Warren,2TM,687.0,0.081,-2.0,0.0
2022-23,Taj Gibson,WAS,480.0,0.082,-3.2,-0.1
2022-23,Talen Horton-Tucker,UTA,1313.0,0.029,-1.6,0.2
2022-23,Tari Eason,HOU,1767.0,0.07,-1.7,0.1
2022-23,Taurean Prince,MIN,1192.0,0.052,-3.3,-0.4
2022-23,Terance Mann,LAC,1872.0,0.111,-0.2,0.8
2022-23,Terence Davis,SAC,841.0,0.054,-1.5,0.1
2022-23,Terrence Ross,2TM,1330.0,0.059,-2.1,0.0
2022-23,Terry Rozier,CHO,2221.0,0.037,-0.6,0.8
2022-23,Terry Taylor,2TM,264.0,0.054,-4.1,-0.1
2022-23,Thaddeus Young,TOR,795.0,0.109,0.1,0.4
2022-23,Thanasis Antetokounmpo,MIL,206.0,0.022,-7.6,-0.3
2022-23,Theo Pinson,DAL,323.0,0.071,-3.4,-0.1
2022-23,Thomas Bryant,2TM,1081.0,0.183,0.6,0.7
2022-23,Théo Maledon,CHO,854.0,0.047,-2.5,-0.1
2022-23,Tim Hardaway Jr.,DAL,2152.0,0.051,-1.8,0.1
2022-23,Tobias Harris,PHI,2436.0,0.116,0.7,1.7
2022-23,Tony Bradley,CHI,33.0,0.22,4.9,0.1
2022-23,Torrey Craig,PHO,1948.0,0.098,-0.6,0.7
2022-23,Trae Young,ATL,2541.0,0.126,3.3,3.4
2022-23,Tre Jones,SAS,1984.0,0.082,-1.0,0.5
2022-23,Tre Mann,OKC,1183.0,0.021,-3.9,-0.6
2022-23,Trendon Watford,POR,1182.0,0.084,-1.8,0.1
2022-23,Trent Forrest,ATL,277.0,-0.011,-5.1,-0.2
2022-23,Trevelin Queen,IND,70.0,-0.133,-7.2,-0.1
2022-23,Trevor Hudgins,HOU,28.0,-0.035,-8.4,0.0
2022-23,Trevor Keels,NYK,8.0,-0.062,-13.0,0.0
2022-23,Trey Lyles,SAC,1247.0,0.098,-1.0,0.3
2022-23,Trey Murphy III,NOP,2448.0,0.15,1.8,2.3
2022-23,Troy Brown Jr.,LAL,1860.0,0.075,-1.0,0.5
2022-23,Ty Jerome,GSW,816.0,0.124,-0.8,0.3
2022-23,TyTy Washington Jr.,HOU,433.0,-0.016,-6.3,-0.5
2022-23,Tyler Dorsey,DAL,8.0,0.367,17.8,0.0
2022-23,Tyler Herro,MIA,2337.0,0.072,0.6,1.6
2022-23,Tyrese Haliburton,IND,1883.0,0.195,7.2,4.4
2022-23,Tyrese Martin,ATL,66.0,-0.01,-7.4,-0.1
2022-23,Tyrese Maxey,PHI,2016.0,0.128,0.6,1.3
2022-23,Tyus Jones,MEM,1940.0,0.141,1.6,1.7
2022-23,Udoka Azubuike,UTA,359.0,0.134,-0.6,0.1
2022-23,Udonis Haslem,MIA,71.0,-0.009,-12.1,-0.2
2022-23,Usman Garuba,HOU,970.0,0.091,-1.4,0.2
2022-23,Vernon Carey Jr.,WAS,28.0,0.014,-5.0,0.0
2022-23,Victor Oladipo,MIA,1106.0,0.024,-2.1,0.0
2022-23,Vince Williams Jr.,MEM,105.0,-0.049,-8.5,-0.2
2022-23,Vit Krejci,ATL,165.0,0.042,-3.6,-0.1
2022-23,Vlatko Čančar,DEN,889.0,0.093,-1.8,0.0
2022-23,Walker Kessler,UTA,1703.0,0.2,2.9,2.1
2022-23,Wendell Carter Jr.,ORL,1690.0,0.13,1.0,1.3
2022-23,Wendell Moore Jr.,MIN,153.0,0.028,-2.4,0.0
2022-23,Wenyen Gabriel,LAL,1024.0,0.132,-2.2,-0.1
2022-23,Wesley Matthews,MIL,820.0,0.073,-2.7,-0.1
2022-23,Will Barton,2TM,993.0,0.021,-2.6,-0.2
2022-23,Willy Hernangómez,NOP,458.0,0.171,0.3,0.3
2022-23,Xavier Cooks,WAS,126.0,0.094,-3.6,-0.1
2022-23,Xavier Moon,LAC,20.0,-0.03,-5.1,0.0
2022-23,Xavier Sneed,CHO,48.0,0.086,-3.6,0.0
2022-23,Xavier Tillman Sr.,MEM,1180.0,0.171,1.9,1.2
2022-23,Yuta Watanabe,BRK,928.0,0.111,-0.6,0.3
2022-23,Zach Collins,SAS,1441.0,0.074,-0.2,0.6
2022-23,Zach LaVine,CHI,2768.0,0.123,1.9,2.7
2022-23,Zeke Nnaji,DEN,728.0,0.106,-3.7,-0.3
2022-23,Ziaire Williams,MEM,561.0,0.011,-5.6,-0.5
2022-23,Zion Williamson,NOP,956.0,0.18,5.8,1.9
2023-24,A.J. Green,MIL,614.0,0.084,-2.1,0.0
2023-24,A.J. Lawson,DAL,311.0,0.036,-4.6,-0.2
2023-24,AJ Griffin,ATL,171.0,-0.12,-9.6,-0.3
2023-24,Aaron Gordon,DEN,2297.0,0.148,1.3,1.9
2023-24,Aaron Holiday,HOU,1269.0,0.094,-1.5,0.2
2023-24,Aaron Nesmith,IND,1995.0,0.098,-0.5,0.8
2023-24,Aaron Wiggins,OKC,1228.0,0.144,0.7,0.8
2023-24,Adam Flagler,OKC,14.0,-0.159,-10.6,0.0
2023-24,Adama Sanogo,CHI,66.0,0.133,-6.7,-0.1
2023-24,Admiral Schofield,ORL,84.0,0.006,-4.9,-0.1
2023-24,Al Horford,BOS,1740.0,0.172,3.6,2.5
2023-24,Alec Burks,2TM,1212.0,0.054,-2.3,-0.1
2023-24,Aleksej Pokusevski,2TM,405.0,0.05,-1.9,0.0
2023-24,Alex Caruso,CHI,2040.0,0.115,2.5,2.3
2023-24,Alex Fudge,2TM,40.0,-0.007,-5.2,0.0
2023-24,Alex Len,SAC,444.0,0.138,0.2,0.2
2023-24,Alondes Williams,MIA,16.0,-0.357,-23.2,-0.1
2023-24,Alperen Şengün,HOU,2046.0,0.163,4.9,3.5
2023-24,Amari Bailey,CHO,65.0,-0.044,-8.3,-0.1
2023-24,Amen Thompson,HOU,1388.0,0.149,1.8,1.3
2023-24,Amir Coffey,LAC,1460.0,0.084,-2.2,-0.1
2023-24,Andre Drummond,CHI,1351.0,0.175,0.1,0.7
2023-24,Andre Jackson Jr.,MIL,572.0,0.081,-3.6,-0.2
2023-24,Andrew Funk,CHI,13.0,-0.252,-14.4,0.0
2023-24,Andrew Nembhard,IND,1697.0,0.057,-2.2,-0.1
2023-24,Andrew Wiggins,GSW,1920.0,0.07,-2.5,-0.3
2023-24,Anfernee Simons,POR,1582.0,0.068,0.2,0.8
2023-24,Anthony Black,ORL,1164.0,0.067,-3.0,-0.3
2023-24,Anthony Davis,LAL,2700.0,0.21,5.1,4.9
2023-24,Anthony Edwards,MIN,2770.0,0.13,3.3,3.7
2023-24,Anthony Gill,WAS,466.0,0.038,-4.1,-0.3
2023-24,Armoni Brooks,BRK,104.0,-0.018,-5.8,-0.1
2023-24,Ashton Hagans,POR,316.0,0.006,-3.5,-0.1
2023-24,Ausar Thompson,DET,1583.0,0.053,-2.2,-0.1
2023-24,Austin Reaves,LAL,2629.0,0.108,0.4,1.6
2023-24,Ayo Dosunmu,CHI,2212.0,0.089,-0.8,0.7
2023-24,Bam Adebayo,MIA,2416.0,0.144,2.4,2.7
2023-24,Ben Sheppard,IND,814.0,0.046,-3.4,-0.3
2023-24,Ben Simmons,BRK,359.0,0.133,2.4,0.4
2023-24,Bennedict Mathurin,IND,1538.0,0.045,-3.4,-0.6
2023-24,Bilal Coulibaly,WAS,1715.0,0.013,-4.2,-0.9
2023-24,Bismack Biyombo,2TM,791.0,0.066,-3.4,-0.3
2023-24,Blake Wesley,SAS,876.0,0.05,-4.0,-0.4
2023-24,Boban Marjanović,HOU,71.0,0.128,-0.3,0.0
2023-24,Bobby Portis,MIL,2008.0,0.112,-0.8,0.6
2023-24,Bogdan Bogdanović,ATL,2401.0,0.079,0.2,1.4
2023-24,Bojan Bogdanović,2TM,1478.0,0.034,-3.2,-0.4
2023-24,Bol Bol,PHO,469.0,0.168,2.1,0.5
2023-24,Bones Hyland,LAC,540.0,0.003,-3.6,-0.2
2023-24,Bradley Beal,PHO,1767.0,0.107,0.4,1.1
2023-24,Brandin Podziemski,GSW,1968.0,0.1,-0.1,0.9
2023-24,Brandon Boston Jr.,LAC,345.0,-0.04,-9.0,-0.6
2023-24,Brandon Clarke,MEM,134.0,0.108,1.0,0.1
2023-24,Brandon Ingram,NOP,2103.0,0.117,1.2,1.7
2023-24,Brandon Miller,CHO,2383.0,0.015,-2.6,-0.3
2023-24,Brandon Williams,DAL,113.0,-0.044,-5.5,-0.1
2023-24,Braxton Key,DEN,60.0,0.18,2.1,0.1
2023-24,Brice Sensabaugh,UTA,584.0,-0.024,-5.5,-0.5
2023-24,Brook Lopez,MIL,2411.0,0.117,1.0,1.8
2023-24,Bruce Brown,2TM,1866.0,0.058,-3.3,-0.6
2023-24,Bruno Fernando,ATL,682.0,0.103,-2.3,-0.1
2023-24,Bryce McGowens,CHO,882.0,0.034,-4.9,-0.6
2023-24,Buddy Boeheim,DET,84.0,0.047,-3.5,0.0
2023-24,Buddy Hield,2TM,2160.0,0.077,0.4,1.3
2023-24,CJ McCollum,NOP,2159.0,0.132,3.1,2.8
2023-24,Cade Cunningham,DET,2074.0,0.041,0.3,1.2
2023-24,Caleb Houstan,ORL,815.0,0.089,-1.9,0.0
2023-24,Caleb Martin,MIA,1756.0,0.066,-2.0,0.0
2023-24,Cam Reddish,LAL,984.0,0.03,-3.2,-0.3
2023-24,Cam Thomas,BRK,2075.0,0.058,-1.2,0.4
2023-24,Cam Whitmore,HOU,880.0,0.082,0.1,0.5
2023-24,Cameron Johnson,BRK,1599.0,0.1,0.4,1.0
2023-24,Cameron Payne,2TM,1304.0,0.089,-1.1,0.3
2023-24,Caris LeVert,CLE,1958.0,0.088,0.2,1.1
2023-24,Cason Wallace,OKC,1692.0,0.115,0.1,0.9
2023-24,Cedi Osman,SAS,1269.0,0.071,-2.1,0.0
2023-24,Charles Bassey,SAS,205.0,0.157,1.3,0.2
2023-24,Charlie Brown Jr.,NYK,37.0,-0.124,-13.6,-0.1
2023-24,Chet Holmgren,OKC,2413.0,0.178,3.4,3.3
2023-24,Chimezie Metu,2TM,859.0,0.085,-1.3,0.2
2023-24,Chris Boucher,TOR,705.0,0.119,-1.7,0.1
2023-24,Chris Duarte,SAC,719.0,0.047,-3.4,-0.2
2023-24,Chris Livingston,MIL,90.0,0.027,-8.0,-0.1
2023-24,Chris Paul,GSW,1531.0,0.136,1.0,1.2
2023-24,Christian Braun,DEN,1655.0,0.1,-1.9,0.0
2023-24,Christian Wood,LAL,872.0,0.064,-2.8,-0.2
2023-24,Chuma Okeke,ORL,432.0,0.029,-3.4,-0.2
2023-24,Clint Capela,ATL,1883.0,0.161,0.1,1.0
2023-24,Coby White,CHI,2881.0,0.078,-0.7,0.9
2023-24,Cody Martin,CHO,753.0,-0.012,-3.5,-0.3
2023-24,Cody Zeller,NOP,320.0,0.124,-2.6,0.0
2023-24,Colby Jones,SAC,192.0,0.007,-5.0,-0.1
2023-24,Cole Anthony,ORL,1817.0,0.096,0.1,1.0
2023-24,Cole Swider,MIA,87.0,-0.05,-4.5,-0.1
2023-24,Colin Castleton,LAL,59.0,0.128,-5.2,0.0
2023-24,Collin Gillespie,DEN,225.0,0.076,-2.7,0.0
2023-24,Collin Sexton,UTA,2075.0,0.127,1.9,2.0
2023-24,Corey Kispert,WAS,2067.0,0.048,-2.1,-0.1
2023-24,Cory Joseph,GSW,296.0,0.034,-4.7,-0.2
2023-24,Craig Porter Jr.,CLE,649.0,0.108,0.5,0.4
2023-24,D'Angelo Russell,LAL,2484.0,0.099,0.9,1.8
2023-24,D'Moi Hodge,LAL,41.0,-0.019,-6.3,0.0
2023-24,D.J. Carton,TOR,36.0,0.062,-5.3,0.0
2023-24,D.J. Wilson,PHI,15.0,0.355,22.4,0.1
2023-24,DaQuan Jeffries,NYK,46.0,-0.087,-8.1,-0.1
2023-24,Daishen Nix,MIN,50.0,0.014,-1.4,0.0
2023-24,Dalano Banton,2TM,1047.0,0.024,-1.3,0.2
2023-24,Dalen Terry,CHI,681.0,0.06,-2.3,0.0
2023-24,Damian Jones,CLE,270.0,0.15,-0.5,0.1
2023-24,Damian Lillard,MIL,2579.0,0.143,2.1,2.7
2023-24,Daniel Gafford,2TM,1815.0,0.205,2.6,2.1
2023-24,Daniel Theis,2TM,1015.0,0.119,-1.6,0.1
2023-24,Danilo Gallinari,3TM,630.0,0.098,-1.9,0.0
2023-24,Danny Green,PHI,18.0,-0.035,-6.6,0.0
2023-24,Dante Exum,DAL,1088.0,0.127,-0.6,0.4
2023-24,Danuel House Jr.,PHI,509.0,0.066,-4.0,-0.3
2023-24,Dario Šarić,GSW,1098.0,0.123,1.0,0.9
2023-24,Dariq Whitehead,BRK,24.0,-0.03,-7.9,0.0
2023-24,Darius Bazley,2TM,152.0,0.084,-0.4,0.1
2023-24,Darius Garland,CLE,1901.0,0.067,-1.0,0.5
2023-24,David Duke Jr.,SAS,51.0,0.119,1.4,0.0
2023-24,David Roddy,2TM,1177.0,0.004,-5.0,-0.9
2023-24,Davion Mitchell,SAC,1101.0,0.059,-3.4,-0.4
2023-24,Day'Ron Sharpe,BRK,921.0,0.152,0.0,0.5
2023-24,De'Aaron Fox,SAC,2659.0,0.117,2.7,3.2
2023-24,De'Andre Hunter,ATL,1681.0,0.062,-2.4,-0.2
2023-24,De'Anthony Melton,PHI,1023.0,0.099,0.5,0.7
2023-24,DeAndre Jordan,DEN,396.0,0.147,-1.7,0.0
2023-24,DeJon Jarreau,MEM,150.0,0.002,-4.0,-0.1
2023-24,DeMar DeRozan,CHI,2989.0,0.147,1.8,2.8
2023-24,Dean Wade,CLE,1108.0,0.11,0.1,0.6
2023-24,Deandre Ayton,POR,1784.0,0.106,0.3,1.0
2023-24,Dejounte Murray,ATL,2783.0,0.084,1.7,2.6
2023-24,Delon Wright,2TM,742.0,0.109,0.4,0.5
2023-24,Deni Avdija,WAS,2257.0,0.068,-0.9,0.6
2023-24,Dennis Schröder,2TM,2486.0,0.063,-1.8,0.1
2023-24,Dennis Smith Jr.,BRK,1059.0,0.08,-0.8,0.3
2023-24,Dereck Lively II,DAL,1294.0,0.183,0.5,0.8
2023-24,Dereon Seabron,NOP,55.0,0.087,-1.5,0.0
2023-24,Derrick Jones Jr.,DAL,1783.0,0.083,-1.5,0.2
2023-24,Derrick Rose,MEM,399.0,0.046,-2.8,-0.1
2023-24,Derrick White,BOS,2381.0,0.171,3.8,3.5
2023-24,Desmond Bane,MEM,1443.0,0.102,2.8,1.7
2023-24,Devin Booker,PHO,2447.0,0.181,3.0,3.1
2023-24,Devin Vassell,SAS,2248.0,0.077,0.0,1.1
2023-24,Devonte' Graham,SAS,313.0,0.018,-3.9,-0.1
2023-24,Dexter Dennis,DAL,30.0,0.004,1.7,0.0
2023-24,Dillon Brooks,HOU,2227.0,0.058,-3.6,-0.9
2023-24,Dmytro Skapintsev,NYK,2.0,-0.483,-25.9,0.0
2023-24,Domantas Sabonis,SAC,2928.0,0.206,6.5,6.2
2023-24,Dominick Barlow,SAS,420.0,0.126,-1.7,0.0
2023-24,Donovan Mitchell,CLE,1942.0,0.159,5.8,3.9
2023-24,Donte DiVincenzo,NYK,2360.0,0.135,3.4,3.2
2023-24,Dorian Finney-Smith,BRK,1934.0,0.065,-2.0,0.0
2023-24,Doug McDermott,2TM,904.0,0.046,-3.4,-0.3
2023-24,Draymond Green,GSW,1490.0,0.116,2.4,1.6
2023-24,Drew Eubanks,PHO,1169.0,0.129,-1.2,0.2
2023-24,Drew Peterson,BOS,23.0,0.194,5.3,0.0
2023-24,Dru Smith,MIA,131.0,0.125,1.4,0.1
2023-24,Duncan Robinson,MIA,1905.0,0.091,-0.9,0.6
2023-24,Duop Reath,POR,1214.0,0.095,-0.9,0.3
2023-24,Dwight Powell,DAL,836.0,0.181,-0.3,0.4
2023-24,Dylan Windler,3TM,108.0,0.14,0.7,0.1
2023-24,Dyson Daniels,NOP,1358.0,0.103,0.6,0.9
2023-24,Dāvis Bertāns,2TM,674.0,0.061,-1.4,0.1
2023-24,E.J. Liddell,NOP,23.0,-0.091,-4.7,0.0
2023-24,Emoni Bates,CLE,133.0,-0.092,-9.2,-0.2
2023-24,Eric Gordon,PHO,1893.0,0.063,-1.7,0.1
2023-24,Eugene Omoruyi,WAS,393.0,0.074,-2.3,0.0
2023-24,Evan Fournier,2TM,580.0,-0.005,-4.3,-0.3
2023-24,Evan Mobley,CLE,1532.0,0.174,2.9,1.9
2023-24,Filip Petrušev,2TM,10.0,0.029,-8.0,0.0
2023-24,Frank Ntilikina,CHO,43.0,-0.099,-13.4,-0.1
2023-24,Franz Wagner,ORL,2337.0,0.131,1.2,1.9
2023-24,Fred VanVleet,HOU,2684.0,0.15,3.4,3.6
2023-24,Furkan Korkmaz,PHI,300.0,0.057,-2.7,-0.1
2023-24,GG Jackson II,MEM,1233.0,0.048,-2.0,0.0
2023-24,Gabe Vincent,LAL,218.0,-0.033,-6.5,-0.2
2023-24,Garrett Temple,TOR,289.0,0.032,-4.7,-0.2
2023-24,Garrison Mathews,ATL,992.0,0.077,-3.0,-0.2
2023-24,Gary Harris,ORL,1297.0,0.099,-1.2,0.3
2023-24,Gary Payton II,GSW,680.0,0.125,0.9,0.5
2023-24,Gary Trent Jr.,TOR,1994.0,0.04,-2.6,-0.3
2023-24,Georges Niang,CLE,1831.0,0.064,-2.9,-0.4
2023-24,Giannis Antetokounmpo,MIL,2567.0,0.246,9.0,7.2
2023-24,Goga Bitadze,ORL,957.0,0.186,2.1,1.0
2023-24,Gordon Hayward,2TM,1245.0,0.058,-2.1,0.0
2023-24,Gradey Dick,TOR,1268.0,0.01,-5.4,-1.1
2023-24,Grant Williams,2TM,2130.0,0.059,-2.6,-0.3
2023-24,Grayson Allen,PHO,2513.0,0.132,1.3,2.0
2023-24,Greg Brown III,DAL,40.0,0.0,-4.4,0.0
2023-24,Gui Santos,GSW,192.0,0.169,-0.5,0.1
2023-24,Hamidou Diallo,WAS,5.0,0.204,18.7,0.0
2023-24,Harrison Barnes,SAC,2381.0,0.094,-1.8,0.1
2023-24,Harry Giles,2TM,100.0,0.027,-4.8,-0.1
2023-24,Haywood Highsmith,MIA,1366.0,0.108,-0.7,0.5
2023-24,Henri Drell,CHI,30.0,0.047,-4.9,0.0
2023-24,Herbert Jones,NOP,2321.0,0.131,0.6,1.6
2023-24,Hunter Tyson,DEN,48.0,0.007,-8.9,-0.1
2023-24,Ibou Badji,POR,226.0,0.046,-5.8,-0.2
2023-24,Immanuel Quickley,2TM,1985.0,0.115,1.3,1.7
2023-24,Isaac Okoro,CLE,1887.0,0.106,-1.1,0.4
2023-24,Isaiah Hartenstein,NYK,1896.0,0.204,3.5,2.6
2023-24,Isaiah Jackson,IND,771.0,0.204,1.7,0.7
2023-24,Isaiah Joe,OKC,1445.0,0.116,0.9,1.0
2023-24,Isaiah Livers,DET,469.0,-0.015,-6.5,-0.5
2023-24,Isaiah Mobley,CLE,72.0,0.032,-6.6,-0.1
2023-24,Isaiah Stewart,DET,1423.0,0.056,-2.3,-0.1
2023-24,Isaiah Thomas,PHO,19.0,-0.03,-6.9,0.0
2023-24,Isaiah Wong,IND,4.0,-0.277,-19.0,0.0
2023-24,Ish Smith,CHO,741.0,-0.025,-6.8,-0.9
2023-24,Ish Wainright,2TM,62.0,0.029,-2.4,0.0
2023-24,Ivica Zubac,LAC,1794.0,0.182,0.8,1.3
2023-24,Izaiah Brockington,NOP,3.0,-0.177,-17.8,0.0
2023-24,JD Davison,BOS,39.0,0.228,3.3,0.1
2023-24,JT Thor,CHO,781.0,0.034,-4.5,-0.5
2023-24,Ja Morant,MEM,318.0,0.124,3.1,0.4
2023-24,JaVale McGee,SAC,339.0,0.101,-1.3,0.1
2023-24,Jabari Smith Jr.,HOU,2424.0,0.111,-0.4,1.0
2023-24,Jabari Walker,POR,1700.0,0.083,-3.3,-0.6
2023-24,Jack White,MEM,64.0,-0.1,-10.3,-0.1
2023-24,Jacob Gilyard,2TM,699.0,0.095,-1.4,0.1
2023-24,Jacob Toppin,NYK,38.0,0.161,-0.7,0.0
2023-24,Jaden Hardy,DAL,989.0,0.014,-4.1,-0.5
2023-24,Jaden Ivey,DET,2217.0,0.01,-3.1,-0.6
2023-24,Jaden McDaniels,MIN,2105.0,0.077,-2.6,-0.3
2023-24,Jaden Springer,2TM,507.0,0.052,-3.4,-0.2
2023-24,Jae Crowder,MIL,1156.0,0.065,-2.6,-0.2
2023-24,Jae'Sean Tate,HOU,1031.0,0.082,-2.3,-0.1
2023-24,Jahmi'us Ramsey,TOR,121.0,0.021,-4.4,-0.1
2023-24,Jaime Jaquez Jr.,MIA,2113.0,0.092,-1.9,0.1
2023-24,Jake LaRavia,MEM,806.0,0.062,-2.5,-0.1
2023-24,Jakob Poeltl,TOR,1319.0,0.138,0.7,0.9
2023-24,Jalen Brunson,NYK,2726.0,0.198,5.8,5.4
2023-24,Jalen Crutcher,NOP,3.0,-0.334,-26.2,0.0
2023-24,Jalen Duren,DET,1777.0,0.13,-0.1,0.9
2023-24,Jalen Green,HOU,2601.0,0.056,-0.5,1.0
2023-24,Jalen Hood-Schifino,LAL,109.0,-0.222,-16.1,-0.4
2023-24,Jalen Johnson,ATL,1889.0,0.098,1.2,1.5
2023-24,Jalen McDaniels,TOR,538.0,-0.074,-9.0,-1.0
2023-24,Jalen Pickett,DEN,122.0,0.065,-3.3,0.0
2023-24,Jalen Slawson,SAC,37.0,0.058,-6.4,0.0
2023-24,Jalen Smith,IND,1047.0,0.182,2.4,1.2
2023-24,Jalen Suggs,ORL,2025.0,0.112,1.0,1.5
2023-24,Jalen Williams,OKC,2223.0,0.157,2.3,2.4
2023-24,Jalen Wilson,BRK,664.0,0.077,-2.9,-0.2
2023-24,Jamal Cain,MIA,259.0,0.089,-2.3,0.0
2023-24,Jamal Murray,DEN,1861.0,0.153,4.1,2.9
2023-24,Jamaree Bouyea,2TM,95.0,-0.129,-12.3,-0.2
2023-24,James Bouknight,CHO,81.0,0.062,2.2,0.1
2023-24,James Harden,LAC,2470.0,0.163,4.1,3.8
2023-24,James Johnson,IND,47.0,-0.05,-5.8,0.0
2023-24,James Wiseman,DET,1091.0,0.094,-3.5,-0.4
2023-24,Jarace Walker,IND,340.0,0.058,0.2,0.2
2023-24,Jared Butler,WAS,566.0,0.054,-2.1,0.0
2023-24,Jared Rhoden,DET,245.0,0.06,-2.5,0.0
2023-24,Jaren Jackson Jr.,MEM,2124.0,0.067,0.4,1.3
2023-24,Jarred Vanderbilt,LAL,581.0,0.089,-1.6,0.0
2023-24,Jarrett Allen,CLE,2442.0,0.21,3.0,3.1
2023-24,Jason Preston,UTA,71.0,0.026,-2.6,0.0
2023-24,Javon Freeman-Liberty,TOR,403.0,0.029,-5.2,-0.3
2023-24,Javonte Green,CHI,230.0,0.18,2.0,0.2
2023-24,Javonte Smart,PHI,1.0,0.005,-8.3,0.0
2023-24,Jaxson Hayes,LAL,877.0,0.135,-1.9,0.0
2023-24,Jay Huff,DEN,49.0,0.212,1.3,0.0
2023-24,Jaylen Brown,BOS,2343.0,0.121,0.7,1.6
2023-24,Jaylen Nowell,2TM,214.0,0.016,-5.4,-0.2
2023-24,Jaylin Williams,OKC,897.0,0.13,1.1,0.7
2023-24,Jayson Tatum,BOS,2645.0,0.189,5.1,4.7
2023-24,Jeenathan Williams,HOU,129.0,0.11,-1.6,0.0
2023-24,Jeff Dowtin Jr.,PHI,142.0,0.193,3.3,0.2
2023-24,Jeff Green,HOU,1307.0,0.095,-2.1,0.0
2023-24,Jerami Grant,POR,1830.0,0.071,-0.1,0.9
2023-24,Jeremiah Robinson-Earl,NOP,334.0,0.086,-2.2,0.0
2023-24,Jeremy Sochan,SAS,2193.0,0.03,-3.4,-0.8
2023-24,Jericho Sims,NYK,585.0,0.127,-1.8,0.0
2023-24,Jermaine Samuels,HOU,60.0,0.178,0.8,0.0
2023-24,Jerome Robinson,GSW,81.0,-0.04,-8.3,-0.1
2023-24,Jett Howard,ORL,67.0,0.005,-1.8,0.0
2023-24,Jevon Carter,CHI,1004.0,0.009,-4.0,-0.5
2023-24,Jimmy Butler,MIA,2042.0,0.214,4.6,3.4
2023-24,Jock Landale,HOU,763.0,0.146,-0.1,0.4
2023-24,Joe Harris,DET,170.0,0.001,-5.9,-0.2
2023-24,Joe Ingles,ORL,1169.0,0.108,-0.5,0.5
2023-24,Joel Embiid,PHI,1309.0,0.275,11.6,4.5
2023-24,John Collins,UTA,1901.0,0.11,-0.9,0.5
2023-24,John Konchar,MEM,1173.0,0.091,-0.4,0.5
2023-24,Johnny Davis,WAS,613.0,-0.009,-6.6,-0.7
2023-24,Johnny Juzang,UTA,372.0,0.047,-3.7,-0.2
2023-24,Jonas Valančiūnas,NOP,1925.0,0.177,1.2,1.6
2023-24,Jonathan Isaac,ORL,914.0,0.188,3.8,1.4
2023-24,Jonathan Kuminga,GSW,1949.0,0.113,-0.4,0.8
2023-24,Jontay Porter,TOR,360.0,0.089,1.7,0.3
2023-24,Jordan Clarkson,UTA,1682.0,0.006,-4.5,-1.1
2023-24,Jordan Ford,SAC,22.0,0.157,2.2,0.0
2023-24,Jordan Goodwin,2TM,1055.0,0.054,-1.0,0.3
2023-24,Jordan Hawkins,NOP,1160.0,0.053,-3.1,-0.3
2023-24,Jordan McLaughlin,MIN,626.0,0.193,4.2,1.0
2023-24,Jordan Miller,LAC,28.0,0.116,-3.8,0.0
2023-24,Jordan Nwora,2TM,712.0,0.034,-2.5,-0.1
2023-24,Jordan Poole,WAS,2346.0,-0.013,-3.9,-1.2
2023-24,Jordan Walsh,BOS,83.0,0.089,-3.8,0.0
2023-24,Jose Alvarado,NOP,1028.0,0.097,-0.1,0.5
2023-24,Josh Giddey,OKC,2011.0,0.102,1.5,1.8
2023-24,Josh Green,DAL,1505.0,0.071,-2.7,-0.3
2023-24,Josh Hart,NYK,2707.0,0.1,0.0,1.4
2023-24,Josh Minott,MIN,91.0,0.222,5.1,0.2
2023-24,Josh Okogie,PHO,960.0,0.104,-0.5,0.4
2023-24,Josh Richardson,MIA,1103.0,0.093,-1.3,0.2
2023-24,Joshua Primo,LAC,10.0,-0.585,-25.0,-0.1
2023-24,Jrue Holiday,BOS,2263.0,0.133,2.1,2.4
2023-24,Juan Toscano-Anderson,SAC,53.0,-0.024,-9.4,-0.1
2023-24,Jules Bernard,WAS,149.0,0.026,-3.0,0.0
2023-24,Julian Champagnie,SAS,1468.0,0.059,-1.9,0.0
2023-24,Julian Phillips,CHI,323.0,0.031,-5.3,-0.3
2023-24,Julian Strawther,DEN,545.0,0.015,-6.0,-0.6
2023-24,Julius Randle,NYK,1630.0,0.113,1.9,1.6
2023-24,Justin Champagnie,WAS,235.0,0.058,-1.8,0.0
2023-24,Justin Holiday,DEN,862.0,0.101,-1.6,0.1
2023-24,Justin Jackson,MIN,1.0,0.031,-7.5,0.0
2023-24,Justin Minaya,POR,381.0,0.009,-5.6,-0.3
2023-24,Jusuf Nurkić,PHO,2078.0,0.133,1.1,1.6
2023-24,KJ Martin,2TM,746.0,0.071,-4.1,-0.4
2023-24,Kaiser Gates,NOP,7.0,-0.558,-28.8,-0.1
2023-24,Karl-Anthony Towns,MIN,2026.0,0.148,2.5,2.3
2023-24,Kawhi Leonard,LAC,2330.0,0.184,5.5,4.4
2023-24,Keegan Murray,SAC,2588.0,0.096,-0.9,0.8
2023-24,Keita Bates-Diop,2TM,665.0,0.091,-1.0,0.2
2023-24,Keldon Johnson,SAS,2038.0,0.071,-1.7,0.2
2023-24,Kelly Olynyk,2TM,1759.0,0.133,1.8,1.7
2023-24,Kelly Oubre Jr.,PHI,2055.0,0.07,-2.3,-0.1
2023-24,Kendall Brown,IND,63.0,0.045,-6.8,-0.1
2023-24,Kenneth Lofton Jr.,3TM,199.0,0.068,-0.3,0.1
2023-24,Kenrich Williams,OKC,1029.0,0.115,-0.8,0.3
2023-24,Kentavious Caldwell-Pope,DEN,2402.0,0.096,-1.4,0.4
2023-24,Keon Ellis,SAC,978.0,0.114,1.2,0.8
2023-24,Keon Johnson,BRK,61.0,0.068,-2.7,0.0
2023-24,Kessler Edwards,SAC,275.0,0.083,-1.5,0.0
2023-24,Kevin Durant,PHO,2791.0,0.142,4.0,4.3
2023-24,Kevin Huerter,SAC,1562.0,0.089,-0.8,0.5
2023-24,Kevin Knox,DET,560.0,0.033,-4.6,-0.4
2023-24,Kevin Love,MIA,924.0,0.17,3.6,1.3
2023-24,Kevon Harris,ORL,6.0,0.038,-15.8,0.0
2023-24,Kevon Looney,GSW,1195.0,0.162,0.6,0.8
2023-24,Keyontae Johnson,OKC,66.0,-0.068,-9.8,-0.1
2023-24,Keyonte George,UTA,2023.0,-0.008,-4.4,-1.2
2023-24,Khris Middleton,MIL,1487.0,0.109,1.1,1.2
2023-24,Killian Hayes,DET,1008.0,0.032,-2.7,-0.2
2023-24,Kira Lewis Jr.,3TM,265.0,-0.005,-5.8,-0.3
2023-24,Klay Thompson,GSW,2284.0,0.075,-0.4,0.9
2023-24,Kobe Brown,LAC,394.0,0.055,-3.8,-0.2
2023-24,Kobe Bufkin,ATL,196.0,-0.031,-4.5,-0.1
2023-24,Kobi Simmons,TOR,67.0,0.098,-1.0,0.0
2023-24,Kris Dunn,UTA,1249.0,0.076,-0.1,0.6
2023-24,Kris Murray,POR,1348.0,0.024,-3.6,-0.6
2023-24,Kristaps Porziņģis,BOS,1690.0,0.226,5.1,3.0
2023-24,Kyle Anderson,MIN,1782.0,0.121,1.1,1.4
2023-24,Kyle Kuzma,WAS,2281.0,0.004,-1.1,0.5
2023-24,Kyle Lowry,2TM,1690.0,0.1,-1.0,0.4
2023-24,Kyrie Irving,DAL,2030.0,0.163,4.9,3.6
2023-24,LaMelo Ball,CHO,711.0,0.074,3.3,1.0
2023-24,Lamar Stevens,2TM,559.0,0.068,-2.2,0.0
2023-24,Landry Shamet,WAS,726.0,0.022,-4.0,-0.4
2023-24,Larry Nance Jr.,NOP,1216.0,0.16,2.0,1.2
2023-24,Lauri Markkanen,UTA,1820.0,0.163,3.6,2.6
2023-24,LeBron James,LAL,2504.0,0.164,6.5,5.4
2023-24,League Average,nan,,,,
2023-24,Leaky Black,CHO,284.0,0.084,-2.4,0.0
2023-24,Leonard Miller,MIN,52.0,0.323,9.6,0.2
2023-24,Lester Quiñones,GSW,394.0,0.068,-3.3,-0.1
2023-24,Lindell Wigginton,MIL,8.0,-0.154,-23.9,0.0
2023-24,Lindy Waters III,OKC,280.0,0.15,1.9,0.3
2023-24,Lonnie Walker IV,BRK,1011.0,0.038,-1.4,0.2
2023-24,Luguentz Dort,OKC,2246.0,0.097,-1.6,0.2
2023-24,Luka Dončić,DAL,2624.0,0.22,9.9,8.0
2023-24,Luka Garza,MIN,122.0,0.166,-2.1,0.0
2023-24,Luka Šamanić,UTA,404.0,-0.029,-7.8,-0.6
2023-24,Luke Kennard,MEM,999.0,0.099,-0.3,0.4
2023-24,Luke Kornet,BOS,983.0,0.248,3.4,1.3
2023-24,Malachi Flynn,3TM,876.0,0.029,-2.2,0.0
2023-24,Malaki Branham,SAS,1594.0,-0.008,-5.6,-1.5
2023-24,Malcolm Brogdon,POR,1121.0,0.111,2.0,1.1
2023-24,Malcolm Cazalon,DET,3.0,-0.012,-9.1,0.0
2023-24,Malik Beasley,MIL,2337.0,0.073,-1.8,0.1
2023-24,Malik Monk,SAC,1872.0,0.09,0.6,1.2
2023-24,Malik Williams,TOR,107.0,-0.069,-11.5,-0.3
2023-24,Mamadi Diakite,2TM,24.0,0.168,3.5,0.0
2023-24,MarJon Beauchamp,MIL,608.0,0.056,-3.2,-0.2
2023-24,Marcus Morris,2TM,817.0,0.06,-3.8,-0.4
2023-24,Marcus Sasser,DET,1351.0,0.033,-2.6,-0.2
2023-24,Marcus Smart,MEM,605.0,0.02,-2.4,0.0
2023-24,Mark Williams,CHO,508.0,0.198,0.8,0.3
2023-24,Markelle Fultz,ORL,910.0,0.069,-1.4,0.1
2023-24,Markieff Morris,DAL,216.0,-0.014,-5.3,-0.2
2023-24,Markquis Nowell,TOR,4.0,0.665,43.3,0.0
2023-24,Marques Bolden,2TM,121.0,0.134,-2.7,0.0
2023-24,Marvin Bagley III,2TM,1053.0,0.122,-0.4,0.4
2023-24,Mason Jones,SAC,28.0,-0.018,-5.5,0.0
2023-24,Mason Plumlee,LAC,674.0,0.146,-0.8,0.2
2023-24,Matisse Thybulle,POR,1487.0,0.072,0.6,0.9
2023-24,Matt Ryan,NOP,390.0,0.065,-2.7,-0.1
2023-24,Matthew Hurt,MEM,113.0,0.031,-3.7,-0.1
2023-24,Max Christie,LAL,944.0,0.036,-3.6,-0.4
2023-24,Max Strus,CLE,2239.0,0.083,-0.6,0.8
2023-24,Maxi Kleber,DAL,871.0,0.08,-1.3,0.2
2023-24,Maxwell Lewis,LAL,103.0,-0.195,-13.5,-0.3
2023-24,Micah Potter,UTA,186.0,0.075,-2.3,0.0
2023-24,Michael Porter Jr.,DEN,2565.0,0.115,0.1,1.3
2023-24,Mikal Bridges,BRK,2854.0,0.07,-0.4,1.2
2023-24,Mike Conley,MIN,2193.0,0.18,3.4,3.0
2023-24,Mike Muscala,3TM,600.0,0.009,-5.3,-0.5
2023-24,Miles Bridges,CHO,2581.0,0.04,-1.1,0.6
2023-24,Miles McBride,NYK,1328.0,0.131,-0.1,0.6
2023-24,Mitchell Robinson,NYK,768.0,0.155,0.0,0.4
2023-24,Mo Bamba,PHI,740.0,0.128,-1.0,0.2
2023-24,Monte Morris,2TM,476.0,0.123,0.7,0.3
2023-24,Moritz Wagner,ORL,1415.0,0.188,2.0,1.4
2023-24,Moses Brown,POR,200.0,0.044,-6.5,-0.2
2023-24,Moses Moody,GSW,1156.0,0.101,-0.1,0.6
2023-24,Mouhamadou Gueye,TOR,120.0,-0.147,-11.9,-0.3
2023-24,Mouhamed Gueye,ATL,73.0,0.127,-1.5,0.0
2023-24,Moussa Diabaté,LAC,64.0,0.25,3.5,0.1
2023-24,Myles Turner,IND,2076.0,0.134,0.9,1.5
2023-24,Mãozinha Pereira,MEM,122.0,0.123,-0.5,0.0
2023-24,Naji Marshall,NOP,1257.0,0.1,-0.7,0.4
2023-24,Nassir Little,PHO,458.0,0.074,-3.0,-0.1
2023-24,Nate Hinton,HOU,75.0,0.187,3.6,0.1
2023-24,Nathan Mensah,CHO,307.0,0.023,-8.8,-0.5
2023-24,Naz Reid,MIN,1964.0,0.12,1.5,1.7
2023-24,Neemias Queta,BOS,333.0,0.259,1.5,0.3
2023-24,Nic Claxton,BRK,2116.0,0.152,1.2,1.7
2023-24,Nick Richards,CHO,1759.0,0.14,-2.3,-0.1
2023-24,Nick Smith Jr.,CHO,729.0,-0.036,-5.9,-0.7
2023-24,Nickeil Alexander-Walker,MIN,1921.0,0.107,0.2,1.1
2023-24,Nicolas Batum,2TM,1529.0,0.103,-0.4,0.6
2023-24,Nikola Jokić,DEN,2737.0,0.299,13.2,10.6
2023-24,Nikola Jović,MIA,896.0,0.103,0.3,0.5
2023-24,Nikola Vučević,CHI,2610.0,0.1,0.1,1.4
2023-24,Noah Clowney,BRK,370.0,0.111,-0.7,0.1
2023-24,Norman Powell,LAC,1990.0,0.099,-0.8,0.6
2023-24,OG Anunoby,2TM,1702.0,0.073,-0.6,0.6
2023-24,Obi Toppin,IND,1730.0,0.132,1.5,1.5
2023-24,Ochai Agbaji,2TM,1641.0,0.002,-4.4,-1.0
2023-24,Olivier Sarr,OKC,98.0,0.186,-2.6,0.0
2023-24,Olivier-Maxence Prosper,DAL,336.0,0.076,-2.9,-0.1
2023-24,Omer Yurtseven,UTA,545.0,0.062,-3.0,-0.1
2023-24,Onuralp Bitim,CHI,268.0,-0.027,-7.4,-0.4
2023-24,Onyeka Okongwu,ATL,1405.0,0.153,-0.4,0.5
2023-24,Orlando Robinson,MIA,304.0,0.135,-1.1,0.1
2023-24,Oscar Tshiebwe,IND,42.0,0.221,2.2,0.0
2023-24,Oshae Brissett,BOS,630.0,0.131,-1.8,0.0
2023-24,Otto Porter Jr.,TOR,174.0,0.07,-3.2,-0.1
2023-24,Ousmane Dieng,OKC,365.0,0.055,-3.0,-0.1
2023-24,P.J. Tucker,2TM,486.0,0.068,-3.6,-0.2
2023-24,P.J. Washington,2TM,2221.0,0.04,-2.1,-0.1
2023-24,Paolo Banchero,ORL,2799.0,0.09,1.3,2.3
2023-24,Pascal Siakam,2TM,2657.0,0.124,1.9,2.7
2023-24,Pat Connaughton,MIL,1676.0,0.08,-1.6,0.2
2023-24,Pat Spencer,GSW,26.0,0.084,-6.4,0.0
2023-24,Patrick Baldwin Jr.,WAS,493.0,0.019,-4.6,-0.3
2023-24,Patrick Beverley,2TM,1462.0,0.09,-1.1,0.3
2023-24,Patrick Williams,CHI,1174.0,0.048,-2.3,-0.1
2023-24,Patty Mills,2TM,415.0,0.009,-4.6,-0.3
2023-24,Paul George,LAC,2502.0,0.14,3.2,3.3
2023-24,Paul Reed,PHI,1590.0,0.154,0.4,0.9
2023-24,Payton Pritchard,BOS,1825.0,0.16,1.0,1.4
2023-24,Pete Nance,CLE,27.0,-0.154,-15.2,-0.1
2023-24,Peyton Watson,DEN,1488.0,0.079,-2.2,-0.1
2023-24,Precious Achiuwa,2TM,1624.0,0.102,-1.4,0.2
2023-24,Quentin Grimes,2TM,1025.0,0.06,-2.2,-0.1
2023-24,Quenton Jackson,IND,11.0,0.203,3.3,0.0
2023-24,R.J. Hampton,MIA,76.0,-0.038,-9.5,-0.1
2023-24,RJ Barrett,2TM,1838.0,0.075,-0.8,0.6
2023-24,RaiQuan Gray,SAS,39.0,0.187,7.4,0.1
2023-24,Rayan Rupert,POR,633.0,-0.009,-6.7,-0.8
2023-24,Reggie Bullock,HOU,417.0,0.072,-2.4,0.0
2023-24,Reggie Jackson,DEN,1817.0,0.056,-3.2,-0.6
2023-24,Richaun Holmes,2TM,555.0,0.114,-3.3,-0.2
2023-24,Ricky Council IV,PHI,289.0,0.173,1.3,0.2
2023-24,Robert Covington,2TM,488.0,0.145,2.2,0.5
2023-24,Robert Williams,POR,119.0,0.144,0.7,0.1
2023-24,Robin Lopez,MIL,65.0,0.007,-6.1,-0.1
2023-24,Ron Harper Jr.,TOR,4.0,0.087,-8.8,0.0
2023-24,Royce O'Neale,2TM,1954.0,0.085,0.0,1.0
2023-24,Rudy Gobert,MIN,2593.0,0.216,1.8,2.5
2023-24,Rui Hachimura,LAL,1826.0,0.108,-0.9,0.5
2023-24,Russell Westbrook,LAC,1529.0,0.066,0.5,1.0
2023-24,Ryan Arcidiacono,NYK,45.0,-0.089,-9.6,-0.1
2023-24,Ryan Rollins,2TM,78.0,0.155,5.7,0.2
2023-24,Saben Lee,PHO,185.0,0.099,-1.4,0.0
2023-24,Saddiq Bey,ATL,2062.0,0.081,-1.8,0.1
2023-24,Sam Hauser,BOS,1741.0,0.134,1.2,1.4
2023-24,Sam Merrill,CLE,1069.0,0.125,0.5,0.7
2023-24,Sandro Mamukelashvili,SAS,451.0,0.11,-0.5,0.2
2023-24,Santi Aldama,MEM,1618.0,0.07,-0.2,0.7
2023-24,Sasha Vezenkov,SAC,511.0,0.098,-0.9,0.1
2023-24,Scoot Henderson,POR,1765.0,-0.045,-5.8,-1.7
2023-24,Scottie Barnes,TOR,2094.0,0.098,3.7,3.0
2023-24,Scotty Pippen Jr.,MEM,527.0,0.09,1.3,0.4
2023-24,Seth Curry,2TM,616.0,0.04,-3.3,-0.2
2023-24,Seth Lundy,ATL,52.0,-0.092,-12.7,-0.1
2023-24,Shaedon Sharpe,POR,1059.0,0.022,-2.8,-0.2
2023-24,Shai Gilgeous-Alexander,OKC,2553.0,0.275,9.0,7.1
2023-24,Shake Milton,3TM,581.0,0.048,-3.7,-0.3
2023-24,Shaquille Harrison,MEM,6.0,0.09,4.6,0.0
2023-24,Sidy Cissoko,SAS,141.0,0.11,-2.7,0.0
2023-24,Simone Fontecchio,2TM,1644.0,0.061,-1.0,0.4
2023-24,Skylar Mays,2TM,433.0,0.044,-2.0,0.0
2023-24,Spencer Dinwiddie,2TM,2152.0,0.081,-1.9,0.1
2023-24,Stanley Umude,DET,307.0,0.085,-1.6,0.0
2023-24,Stephen Curry,GSW,2421.0,0.142,5.2,4.4
2023-24,Svi Mykhailiuk,BOS,413.0,0.106,-1.8,0.0
2023-24,T.J. McConnell,IND,1291.0,0.143,3.0,1.6
2023-24,T.J. Warren,MIN,125.0,0.06,-4.5,-0.1
2023-24,Taj Gibson,2TM,204.0,0.044,-5.3,-0.2
2023-24,Talen Horton-Tucker,UTA,1009.0,0.039,-1.2,0.2
2023-24,Tari Eason,HOU,480.0,0.125,1.6,0.4
2023-24,Taurean Prince,LAL,2108.0,0.043,-2.8,-0.4
2023-24,Taylor Hendricks,UTA,856.0,0.07,-1.6,0.1
2023-24,Taze Moore,POR,40.0,-0.017,-3.1,0.0
2023-24,Terance Mann,LAC,1873.0,0.106,-1.5,0.2
2023-24,Terquavion Smith,PHI,84.0,0.05,0.8,0.1
2023-24,Terry Rozier,2TM,2040.0,0.091,1.5,1.8
2023-24,Terry Taylor,CHI,188.0,0.07,-3.2,0.0
2023-24,Thaddeus Young,2TM,439.0,0.138,0.3,0.2
2023-24,Thanasis Antetokounmpo,MIL,155.0,-0.01,-6.4,-0.2
2023-24,Thomas Bryant,MIA,441.0,0.177,-0.4,0.2
2023-24,Théo Maledon,2TM,213.0,-0.122,-10.3,-0.5
2023-24,Tim Hardaway Jr.,DAL,2120.0,0.05,-2.9,-0.5
2023-24,Timmy Allen,MEM,125.0,-0.041,-11.1,-0.3
2023-24,Tobias Harris,PHI,2368.0,0.121,0.9,1.7
2023-24,Torrey Craig,CHI,1049.0,0.087,-2.0,0.0
2023-24,Tosan Evbuomwan,2TM,367.0,0.071,-3.0,-0.1
2023-24,Toumani Camara,POR,1739.0,0.055,-3.1,-0.5
2023-24,Trae Young,ATL,1942.0,0.114,2.6,2.2
2023-24,Trayce Jackson-Davis,GSW,1130.0,0.205,2.8,1.4
2023-24,Tre Jones,SAS,2138.0,0.111,-0.4,0.9
2023-24,Tre Mann,2TM,987.0,0.058,-1.3,0.2
2023-24,Trendon Watford,BRK,856.0,0.1,-0.5,0.3
2023-24,Trent Forrest,ATL,414.0,0.027,-4.4,-0.3
2023-24,Trevelin Queen,ORL,165.0,0.056,-3.4,-0.1
2023-24,Trey Jemison,2TM,573.0,0.073,-5.1,-0.5
2023-24,Trey Lyles,SAC,1158.0,0.098,-1.1,0.3
2023-24,Trey Murphy III,NOP,1690.0,0.154,2.5,1.9
2023-24,Tristan Thompson,CLE,549.0,0.119,-1.4,0.1
2023-24,Tristan Vukcevic,WAS,153.0,0.045,-3.6,-0.1
2023-24,Troy Brown Jr.,2TM,827.0,0.048,-2.6,-0.1
2023-24,Ty Jerome,CLE,15.0,0.04,-4.9,0.0
2023-24,TyTy Washington Jr.,MIL,56.0,-0.072,-8.2,-0.1
2023-24,Tyler Herro,MIA,1407.0,0.068,0.8,1.0
2023-24,Tyrese Haliburton,IND,2224.0,0.195,6.9,5.0
2023-24,Tyrese Maxey,PHI,2626.0,0.147,3.1,3.4
2023-24,Tyus Jones,WAS,1933.0,0.113,0.7,1.3
2023-24,Udoka Azubuike,PHO,113.0,0.1,-3.2,0.0
2023-24,Usman Garuba,GSW,18.0,-0.124,-10.9,0.0
2023-24,Vasilije Micić,2TM,1176.0,0.015,-4.6,-0.8
2023-24,Victor Wembanyama,SAS,2106.0,0.085,5.2,3.8
2023-24,Vince Williams Jr.,MEM,1436.0,0.093,-0.7,0.5
2023-24,Vit Krejci,ATL,541.0,0.056,-3.7,-0.2
2023-24,Walker Kessler,UTA,1493.0,0.131,0.9,1.1
2023-24,Wendell Carter Jr.,ORL,1406.0,0.149,0.9,1.0
2023-24,Wendell Moore Jr.,MIN,75.0,0.052,-2.8,0.0
2023-24,Wenyen Gabriel,MEM,81.0,-0.123,-12.5,-0.2
2023-24,Wesley Matthews,ATL,413.0,0.049,-2.8,-0.1
2023-24,Xavier Moon,LAC,119.0,-0.026,-6.1,-0.1
2023-24,Xavier Tillman Sr.,2TM,974.0,0.071,-1.2,0.2
2023-24,Yuta Watanabe,2TM,464.0,-0.009,-6.4,-0.5
2023-24,Zach Collins,SAS,1526.0,0.057,-2.0,0.0
2023-24,Zach LaVine,CHI,872.0,0.08,0.1,0.5
2023-24,Zavier Simpson,MEM,161.0,-0.046,-5.9,-0.2
2023-24,Zeke Nnaji,DEN,576.0,0.099,-3.7,-0.2
2023-24,Ziaire Williams,MEM,1038.0,0.01,-4.5,-0.6
2023-24,Zion Williamson,NOP,2207.0,0.164,3.8,3.3
2024-25,A.J. Green,MIL,1659.0,0.082,-2.2,-0.1
2024-25,A.J. Lawson,TOR,486.0,0.081,-2.5,-0.1
2024-25,AJ Johnson,2TM,639.0,-0.032,-8.1,-1.0
2024-25,Aaron Gordon,DEN,1447.0,0.143,1.2,1.2
2024-25,Aaron Holiday,HOU,792.0,0.122,-0.2,0.3
2024-25,Aaron Nesmith,IND,1123.0,0.126,-0.5,0.4
2024-25,Aaron Wiggins,OKC,1744.0,0.148,1.1,1.4
2024-25,Adam Flagler,OKC,203.0,-0.062,-10.3,-0.4
2024-25,Adama Sanogo,CHI,21.0,0.105,-2.6,0.0
2024-25,Adem Bona,PHI,905.0,0.121,-2.7,-0.2
2024-25,Ajay Mitchell,OKC,597.0,0.122,-1.6,0.1
2024-25,Al Horford,BOS,1659.0,0.129,1.2,1.3
2024-25,Alec Burks,MIA,863.0,0.1,0.3,0.5
2024-25,Alex Caruso,OKC,1041.0,0.18,4.0,1.6
2024-25,Alex Ducas,OKC,125.0,0.125,-2.0,0.0
2024-25,Alex Len,2TM,380.0,0.083,-2.6,-0.1
2024-25,Alex Reese,2TM,216.0,0.109,-1.2,0.0
2024-25,Alex Sarr,WAS,1814.0,-0.007,-3.3,-0.6
2024-25,Alondes Williams,DET,4.0,0.565,44.1,0.0
2024-25,Alperen Şengün,HOU,2395.0,0.166,4.4,3.9
2024-25,Amen Thompson,HOU,2225.0,0.172,4.1,3.4
2024-25,Amir Coffey,LAC,1748.0,0.111,-1.7,0.1
2024-25,Andre Drummond,PHI,751.0,0.078,-3.2,-0.2
2024-25,Andre Jackson Jr.,MIL,980.0,0.059,-3.4,-0.3
2024-25,Andrew Nembhard,IND,1881.0,0.071,-2.3,-0.1
2024-25,Andrew Wiggins,2TM,1842.0,0.104,0.9,1.4
2024-25,Anfernee Simons,POR,2292.0,0.087,-0.1,1.1
2024-25,Anthony Black,ORL,1887.0,0.061,-1.9,0.0
2024-25,Anthony Davis,2TM,1706.0,0.188,5.4,3.2
2024-25,Anthony Edwards,MIN,2871.0,0.14,4.3,4.6
2024-25,Anthony Gill,WAS,397.0,0.058,-4.5,-0.3
2024-25,Anton Watson,NYK,22.0,-0.07,-10.1,0.0
2024-25,Antonio Reeves,NOP,660.0,0.029,-3.2,-0.2
2024-25,Ariel Hukporti,NYK,217.0,0.02,-5.6,-0.2
2024-25,Armel Traoré,LAL,67.0,-0.092,-9.8,-0.1
2024-25,Ausar Thompson,DET,1328.0,0.138,1.7,1.2
2024-25,Austin Reaves,LAL,2550.0,0.144,1.9,2.6
2024-25,Ayo Dosunmu,CHI,1394.0,0.087,-1.6,0.1
2024-25,Bam Adebayo,MIA,2674.0,0.135,2.0,2.7
2024-25,Baylor Scheierman,BOS,384.0,0.089,-1.7,0.0
2024-25,Ben Sheppard,IND,1228.0,0.081,-2.0,0.0
2024-25,Ben Simmons,2TM,1120.0,0.078,-0.5,0.4
2024-25,Bennedict Mathurin,IND,2149.0,0.068,-2.9,-0.5
2024-25,Bilal Coulibaly,WAS,1948.0,0.008,-3.7,-0.8
2024-25,Bismack Biyombo,SAS,528.0,0.071,-3.6,-0.2
2024-25,Blake Wesley,SAS,683.0,0.011,-4.2,-0.4
2024-25,Bobby Portis,MIL,1244.0,0.106,0.2,0.7
2024-25,Bobi Klintman,DET,42.0,0.208,1.0,0.0
2024-25,Bogdan Bogdanović,2TM,1348.0,0.069,-2.0,0.0
2024-25,Bol Bol,PHO,448.0,0.097,0.8,0.3
2024-25,Bones Hyland,2TM,239.0,0.095,2.7,0.3
2024-25,Bradley Beal,PHO,1702.0,0.068,-1.1,0.4
2024-25,Branden Carlson,OKC,246.0,0.177,1.3,0.2
2024-25,Brandin Podziemski,GSW,1716.0,0.117,0.7,1.2
2024-25,Brandon Boston Jr.,NOP,993.0,0.033,-2.5,-0.1
2024-25,Brandon Clarke,MEM,1207.0,0.174,0.8,0.9
2024-25,Brandon Ingram,NOP,595.0,0.001,-0.3,0.3
2024-25,Brandon Miller,CHO,924.0,0.023,0.0,0.4
2024-25,Brandon Williams,DAL,487.0,0.129,1.0,0.4
2024-25,Braxton Key,GSW,11.0,-0.259,-13.6,0.0
2024-25,Brice Sensabaugh,UTA,1432.0,0.042,-1.2,0.3
2024-25,Bronny James,LAL,181.0,-0.043,-7.2,-0.2
2024-25,Brook Lopez,MIL,2546.0,0.124,0.8,1.8
2024-25,Bruce Brown,2TM,922.0,0.035,-3.8,-0.4
2024-25,Bruno Fernando,TOR,147.0,0.085,-0.7,0.1
2024-25,Bryce McGowens,POR,32.0,-0.172,-13.6,-0.1
2024-25,Bub Carrington,WAS,2458.0,0.005,-4.6,-1.6
2024-25,Buddy Hield,GSW,1863.0,0.073,-1.0,0.5
2024-25,CJ McCollum,NOP,1832.0,0.038,-1.4,0.3
2024-25,Cade Cunningham,DET,2452.0,0.115,3.9,3.7
2024-25,Caleb Houstan,ORL,788.0,0.109,-2.2,0.0
2024-25,Caleb Martin,2TM,1218.0,0.025,-3.2,-0.4
2024-25,Cam Christie,LAC,59.0,-0.005,-2.5,0.0
2024-25,Cam Reddish,LAL,589.0,0.054,-2.7,-0.1
2024-25,Cam Spencer,MEM,252.0,0.16,0.5,0.2
2024-25,Cam Thomas,BRK,781.0,0.071,0.3,0.5
2024-25,Cam Whitmore,HOU,827.0,0.106,0.3,0.5
2024-25,Cameron Johnson,BRK,1800.0,0.137,3.1,2.3
2024-25,Cameron Payne,NYK,1090.0,0.099,-0.2,0.5
2024-25,Caris LeVert,2TM,1596.0,0.119,0.9,1.2
2024-25,Cason Wallace,OKC,1876.0,0.133,1.0,1.5
2024-25,Charles Bassey,SAS,376.0,0.136,-1.1,0.1
2024-25,Chet Holmgren,OKC,877.0,0.173,2.4,1.0
2024-25,Chris Boucher,TOR,862.0,0.148,2.3,0.9
2024-25,Chris Duarte,CHI,74.0,0.171,1.2,0.1
2024-25,Chris Livingston,MIL,106.0,0.035,-6.1,-0.1
2024-25,Chris Paul,SAS,2292.0,0.12,0.8,1.6
2024-25,Christian Braun,DEN,2675.0,0.144,0.3,1.6
2024-25,Christian Koloko,LAL,342.0,0.13,-2.8,-0.1
2024-25,Chuma Okeke,2TM,196.0,0.145,-0.2,0.1
2024-25,Clint Capela,ATL,1176.0,0.131,-1.0,0.3
2024-25,Coby White,CHI,2450.0,0.088,-0.9,0.7
2024-25,Cody Martin,2TM,1173.0,0.054,-1.7,0.1
2024-25,Cody Williams,UTA,1060.0,-0.053,-7.3,-1.4
2024-25,Colby Jones,2TM,515.0,0.053,-2.8,-0.1
2024-25,Cole Anthony,ORL,1234.0,0.078,0.1,0.7
2024-25,Cole Swider,2TM,169.0,-0.009,-7.3,-0.2
2024-25,Colin Castleton,3TM,432.0,0.075,-5.0,-0.3
2024-25,Collin Gillespie,PHO,461.0,0.131,2.5,0.5
2024-25,Collin Sexton,UTA,1758.0,0.066,-0.6,0.6
2024-25,Corey Kispert,WAS,1602.0,0.032,-3.7,-0.7
2024-25,Cory Joseph,ORL,612.0,0.114,-0.8,0.2
2024-25,Craig Porter Jr.,CLE,513.0,0.102,1.1,0.4
2024-25,Cui Yongxi,BRK,10.0,-0.473,-24.9,-0.1
2024-25,D'Angelo Russell,2TM,1480.0,0.063,-0.4,0.6
2024-25,D.J. Carton,TOR,33.0,-0.199,-11.1,-0.1
2024-25,DaQuan Jeffries,CHO,1071.0,0.027,-4.7,-0.7
2024-25,Daeqwon Plowden,ATL,72.0,0.125,-0.1,0.0
2024-25,Daishen Nix,MIN,13.0,-0.327,-16.2,0.0
2024-25,Dalano Banton,POR,1120.0,0.033,-0.8,0.3
2024-25,Dalen Terry,CHI,987.0,0.052,-3.8,-0.5
2024-25,Dalton Knecht,LAL,1494.0,0.086,-1.8,0.1
2024-25,Damian Lillard,MIL,2093.0,0.175,4.0,3.2
2024-25,Damion Baugh,CHO,370.0,-0.069,-7.1,-0.5
2024-25,Damion Lee,PHO,144.0,-0.031,-5.1,-0.1
2024-25,Daniel Gafford,DAL,1226.0,0.232,3.8,1.8
2024-25,Daniel Theis,NOP,621.0,0.077,-3.3,-0.2
2024-25,Daniss Jenkins,DET,23.0,-0.15,-15.8,-0.1
2024-25,Dante Exum,DAL,372.0,0.083,-2.3,0.0
2024-25,Dario Šarić,DEN,210.0,0.001,-4.8,-0.1
2024-25,Dariq Whitehead,BRK,246.0,0.01,-3.7,-0.1
2024-25,Darius Garland,CLE,2301.0,0.169,3.1,3.0
2024-25,David Duke Jr.,SAS,34.0,0.023,-1.5,0.0
2024-25,David Roddy,3TM,410.0,0.062,-1.5,0.1
2024-25,Davion Mitchell,2TM,2027.0,0.07,-2.6,-0.3
2024-25,Day'Ron Sharpe,BRK,907.0,0.141,0.9,0.7
2024-25,De'Aaron Fox,2TM,2241.0,0.093,0.4,1.3
2024-25,De'Andre Hunter,2TM,1740.0,0.122,0.4,1.0
2024-25,De'Anthony Melton,GSW,121.0,0.076,-0.8,0.0
2024-25,DeAndre Jordan,DEN,691.0,0.127,-1.2,0.2
2024-25,DeMar DeRozan,SAC,2768.0,0.123,-0.1,1.3
2024-25,Dean Wade,CLE,1252.0,0.113,0.3,0.7
2024-25,Deandre Ayton,POR,1206.0,0.113,-0.7,0.4
2024-25,Dejounte Murray,NOP,1012.0,0.009,-1.6,0.1
2024-25,Delon Wright,2TM,635.0,0.053,-1.4,0.1
2024-25,Deni Avdija,POR,2161.0,0.124,2.1,2.2
2024-25,Dennis Schröder,3TM,2105.0,0.073,-2.2,-0.1
2024-25,Dereck Lively II,DAL,833.0,0.199,3.3,1.1
2024-25,Derrick Jones Jr.,LAC,1873.0,0.12,-0.3,0.8
2024-25,Derrick White,BOS,2574.0,0.158,3.5,3.6
2024-25,Desmond Bane,MEM,2205.0,0.142,3.2,2.9
2024-25,Devin Booker,PHO,2795.0,0.111,0.4,1.7
2024-25,Devin Carter,SAC,396.0,0.043,-3.2,-0.1
2024-25,Devin Vassell,SAS,1983.0,0.054,-1.1,0.4
2024-25,Dillon Brooks,HOU,2388.0,0.103,-1.4,0.4
2024-25,Dillon Jones,OKC,551.0,0.067,-4.0,-0.3
2024-25,Domantas Sabonis,SAC,2429.0,0.199,5.2,4.4
2024-25,Dominick Barlow,ATL,375.0,0.131,-2.2,0.0
2024-25,Donovan Clingan,POR,1324.0,0.144,-0.3,0.6
2024-25,Donovan Mitchell,CLE,2232.0,0.163,3.7,3.2
2024-25,Donte DiVincenzo,MIN,1606.0,0.115,1.9,1.6
2024-25,Dorian Finney-Smith,2TM,1818.0,0.078,-1.0,0.5
2024-25,Doug McDermott,SAC,342.0,0.061,-3.2,-0.1
2024-25,Draymond Green,GSW,1983.0,0.088,0.5,1.3
2024-25,Drew Eubanks,2TM,746.0,0.107,-0.7,0.3
2024-25,Drew Peterson,BOS,186.0,0.115,-0.8,0.1
2024-25,Drew Timme,BRK,254.0,0.009,-6.7,-0.3
2024-25,Dru Smith,MIA,268.0,0.118,2.1,0.3
2024-25,Duncan Robinson,MIA,1785.0,0.071,-1.7,0.1
2024-25,Duop Reath,POR,469.0,0.105,-0.3,0.2
2024-25,Dwight Powell,DAL,551.0,0.147,0.0,0.3
2024-25,Dyson Daniels,ATL,2571.0,0.093,1.5,2.3
2024-25,E.J. Liddell,CHI,53.0,0.108,-4.1,0.0
2024-25,Elfrid Payton,2TM,511.0,-0.057,-6.4,-0.6
2024-25,Elijah Harkless,UTA,138.0,0.023,-3.8,-0.1
2024-25,Emanuel Miller,CHI,25.0,0.201,-1.8,0.0
2024-25,Emoni Bates,CLE,75.0,0.038,-1.5,0.0
2024-25,Enrique Freeman,IND,181.0,0.046,-6.3,-0.2
2024-25,Eric Gordon,PHI,768.0,0.053,-1.6,0.1
2024-25,Evan Mobley,CLE,2167.0,0.2,4.6,3.6
2024-25,Franz Wagner,ORL,2023.0,0.133,3.1,2.6
2024-25,Fred VanVleet,HOU,2111.0,0.119,0.9,1.5
2024-25,GG Jackson II,MEM,459.0,0.009,-5.3,-0.4
2024-25,Gabe Vincent,LAL,1527.0,0.039,-4.0,-0.8
2024-25,Garrett Temple,TOR,227.0,0.033,-3.6,-0.1
2024-25,Garrison Mathews,ATL,830.0,0.087,-1.6,0.1
2024-25,Gary Harris,ORL,711.0,0.067,-2.7,-0.1
2024-25,Gary Payton II,GSW,927.0,0.155,1.4,0.8
2024-25,Gary Trent Jr.,MIL,1893.0,0.084,-1.6,0.2
2024-25,Georges Niang,2TM,1697.0,0.081,-2.3,-0.1
2024-25,Giannis Antetokounmpo,MIL,2289.0,0.241,9.5,6.6
2024-25,Goga Bitadze,ORL,1430.0,0.195,2.5,1.6
2024-25,Gradey Dick,TOR,1587.0,0.042,-3.2,-0.5
2024-25,Grant Williams,CHO,479.0,0.071,-1.6,0.1
2024-25,Grayson Allen,PHO,1544.0,0.079,-0.3,0.7
2024-25,Guerschon Yabusele,PHI,1895.0,0.099,-1.0,0.5
2024-25,Gui Santos,GSW,762.0,0.11,-1.7,0.1
2024-25,Harrison Barnes,SAS,2230.0,0.12,0.0,1.2
2024-25,Harrison Ingram,SAS,35.0,0.093,-1.2,0.0
2024-25,Haywood Highsmith,MIA,1818.0,0.088,-1.9,0.1
2024-25,Herbert Jones,NOP,648.0,0.033,-3.6,-0.3
2024-25,Hunter Tyson,DEN,400.0,0.047,-4.8,-0.3
2024-25,Immanuel Quickley,TOR,918.0,0.128,2.2,1.0
2024-25,Isaac Jones,SAC,304.0,0.115,-1.7,0.0
2024-25,Isaac Okoro,CLE,1053.0,0.115,-0.5,0.4
2024-25,Isaiah Collier,UTA,1839.0,-0.021,-5.3,-1.6
2024-25,Isaiah Crawford,SAC,46.0,0.037,-4.1,0.0
2024-25,Isaiah Hartenstein,OKC,1590.0,0.205,3.2,2.1
2024-25,Isaiah Jackson,IND,84.0,0.153,0.8,0.1
2024-25,Isaiah Joe,OKC,1604.0,0.153,1.3,1.4
2024-25,Isaiah Mobley,PHI,17.0,0.119,4.7,0.0
2024-25,Isaiah Stevens,MIA,6.0,-0.196,-11.8,0.0
2024-25,Isaiah Stewart,DET,1434.0,0.144,0.6,0.9
2024-25,Isaiah Wong,CHO,265.0,0.01,-4.0,-0.1
2024-25,Ivica Zubac,LAC,2624.0,0.215,3.1,3.4
2024-25,JD Davison,BOS,93.0,-0.081,-6.2,-0.1
2024-25,JT Thor,2TM,249.0,0.033,-5.4,-0.2
2024-25,Ja Morant,MEM,1519.0,0.112,2.4,1.7
2024-25,Ja'Kobe Walter,TOR,1103.0,0.052,-3.0,-0.3
2024-25,Jabari Smith Jr.,HOU,1716.0,0.117,-0.7,0.6
2024-25,Jabari Walker,POR,749.0,0.128,-0.8,0.2
2024-25,Jack McVeigh,HOU,43.0,-0.031,-7.7,-0.1
2024-25,Jackson Rowe,GSW,52.0,0.153,1.0,0.0
2024-25,Jacob Toppin,2TM,76.0,0.03,-2.6,0.0
2024-25,Jaden Hardy,DAL,907.0,-0.016,-4.7,-0.6
2024-25,Jaden Ivey,DET,898.0,0.062,0.0,0.5
2024-25,Jaden McDaniels,MIN,2614.0,0.115,0.0,1.4
2024-25,Jaden Springer,2TM,365.0,0.07,-2.7,-0.1
2024-25,Jae Crowder,SAC,103.0,0.026,-4.3,-0.1
2024-25,Jae'Sean Tate,HOU,588.0,0.133,-0.7,0.2
2024-25,Jahlil Okafor,IND,3.0,0.196,7.5,0.0
2024-25,Jahmir Young,CHI,30.0,0.22,0.5,0.0
2024-25,Jaime Jaquez Jr.,MIA,1368.0,0.081,-0.9,0.4
2024-25,Jake LaRavia,2TM,1349.0,0.104,0.2,0.8
2024-25,Jakob Poeltl,TOR,1686.0,0.158,2.0,1.7
2024-25,Jalen Bridges,PHO,30.0,-0.178,-12.5,-0.1
2024-25,Jalen Brunson,NYK,2301.0,0.172,3.3,3.1
2024-25,Jalen Duren,DET,2034.0,0.218,3.1,2.7
2024-25,Jalen Green,HOU,2697.0,0.092,0.5,1.7
2024-25,Jalen Hood-Schifino,2TM,315.0,-0.015,-6.9,-0.4
2024-25,Jalen Johnson,ATL,1284.0,0.089,1.8,1.2
2024-25,Jalen McDaniels,WAS,7.0,0.114,5.6,0.0
2024-25,Jalen Pickett,DEN,666.0,0.078,-1.5,0.1
2024-25,Jalen Smith,CHI,962.0,0.146,0.9,0.7
2024-25,Jalen Suggs,ORL,1002.0,0.052,0.4,0.6
2024-25,Jalen Williams,OKC,2237.0,0.168,4.0,3.4
2024-25,Jalen Wilson,BRK,2031.0,0.046,-3.9,-1.0
2024-25,Jamal Cain,NOP,502.0,0.036,-3.4,-0.2
2024-25,Jamal Murray,DEN,2418.0,0.123,0.8,1.7
2024-25,Jamal Shead,TOR,1467.0,0.027,-4.1,-0.8
2024-25,Jamaree Bouyea,MIL,62.0,0.007,-5.4,0.0
2024-25,James Harden,LAC,2789.0,0.143,4.3,4.4
2024-25,James Johnson,IND,37.0,-0.162,-9.7,-0.1
2024-25,James Wiseman,IND,5.0,0.237,1.6,0.0
2024-25,Jamison Battle,TOR,1042.0,0.079,-2.3,-0.1
2024-25,Jarace Walker,IND,1187.0,0.065,-0.9,0.3
2024-25,Jared Butler,2TM,1044.0,0.063,-1.0,0.3
2024-25,Jared McCain,PHI,592.0,0.057,0.2,0.3
2024-25,Jared Rhoden,2TM,227.0,0.131,-0.5,0.1
2024-25,Jaren Jackson Jr.,MEM,2207.0,0.139,2.3,2.4
2024-25,Jarred Vanderbilt,LAL,581.0,0.114,-1.0,0.2
2024-25,Jarrett Allen,CLE,2296.0,0.243,4.2,3.6
2024-25,Javonte Green,2TM,1258.0,0.063,-2.3,-0.1
2024-25,Jaxson Hayes,LAL,1093.0,0.162,-0.3,0.5
2024-25,Jay Huff,MEM,748.0,0.162,3.5,1.1
2024-25,Jaylen Brown,BOS,2158.0,0.115,0.0,1.1
2024-25,Jaylen Clark,MIN,522.0,0.147,-0.2,0.2
2024-25,Jaylen Martin,2TM,239.0,-0.004,-6.3,-0.3
2024-25,Jaylen Nowell,NOP,168.0,-0.069,-5.7,-0.2
2024-25,Jaylen Sims,CHO,112.0,0.048,-4.1,-0.1
2024-25,Jaylen Wells,MEM,2043.0,0.083,-2.2,-0.1
2024-25,Jaylin Williams,OKC,784.0,0.199,4.3,1.2
2024-25,Jaylon Tyson,CLE,453.0,0.083,-2.7,-0.1
2024-25,Jayson Tatum,BOS,2624.0,0.174,5.2,4.8
2024-25,Jazian Gortman,DAL,57.0,-0.056,-6.3,-0.1
2024-25,Jeenathan Williams,HOU,147.0,-0.007,-5.7,-0.1
2024-25,Jeff Dowtin Jr.,PHI,621.0,0.103,0.2,0.3
2024-25,Jeff Green,HOU,396.0,0.159,0.4,0.2
2024-25,Jerami Grant,POR,1524.0,0.057,-1.6,0.1
2024-25,Jeremiah Robinson-Earl,NOP,1239.0,0.067,-2.5,-0.2
2024-25,Jeremy Sochan,SAS,1364.0,0.096,-1.2,0.3
2024-25,Jericho Sims,2TM,632.0,0.096,-3.0,-0.2
2024-25,Jesse Edwards,MIN,5.0,0.111,-4.0,0.0
2024-25,Jett Howard,ORL,701.0,0.01,-5.3,-0.6
2024-25,Jevon Carter,CHI,321.0,0.046,-2.1,0.0
2024-25,Jimmy Butler,2TM,1746.0,0.238,4.9,3.0
2024-25,Jock Landale,HOU,500.0,0.159,0.4,0.3
2024-25,Joe Ingles,MIN,114.0,-0.035,-7.0,-0.1
2024-25,Joel Embiid,PHI,574.0,0.118,3.5,0.8
2024-25,John Collins,UTA,1220.0,0.098,1.0,0.9
2024-25,John Konchar,MEM,558.0,0.131,1.7,0.5
2024-25,Johnny Davis,WAS,242.0,0.01,-2.8,0.0
2024-25,Johnny Furphy,IND,379.0,0.07,-2.5,0.0
2024-25,Johnny Juzang,UTA,1270.0,0.06,-2.3,-0.1
2024-25,Jonas Valančiūnas,2TM,1524.0,0.137,0.6,1.0
2024-25,Jonathan Isaac,ORL,1090.0,0.148,0.7,0.7
2024-25,Jonathan Kuminga,GSW,1144.0,0.08,-0.6,0.4
2024-25,Jonathan Mogbo,TOR,1286.0,0.071,-1.9,0.0
2024-25,Jordan Clarkson,UTA,962.0,0.021,-1.5,0.1
2024-25,Jordan Goodwin,LAL,543.0,0.084,-0.8,0.2
2024-25,Jordan Hawkins,NOP,1321.0,-0.02,-5.4,-1.2
2024-25,Jordan McLaughlin,2TM,314.0,0.098,-1.6,0.0
2024-25,Jordan Miller,LAC,420.0,0.049,-2.8,-0.1
2024-25,Jordan Poole,WAS,2001.0,0.047,0.4,1.2
2024-25,Jordan Walsh,BOS,403.0,0.044,-3.9,-0.2
2024-25,Jose Alvarado,NOP,1366.0,0.043,-1.4,0.2
2024-25,Josh Christopher,MIA,69.0,-0.073,-7.9,-0.1
2024-25,Josh Giddey,CHI,2117.0,0.121,3.0,2.7
2024-25,Josh Green,CHO,1887.0,0.037,-4.3,-1.1
2024-25,Josh Hart,NYK,2897.0,0.153,2.8,3.6
2024-25,Josh Minott,MIN,276.0,0.153,2.2,0.3
2024-25,Josh Okogie,2TM,625.0,0.1,1.5,0.6
2024-25,Josh Richardson,MIA,150.0,-0.021,-6.7,-0.2
2024-25,Jrue Holiday,BOS,1896.0,0.13,0.7,1.3
2024-25,Julian Champagnie,SAS,1932.0,0.062,-1.3,0.4
2024-25,Julian Phillips,CHI,1123.0,0.08,-3.0,-0.3
2024-25,Julian Strawther,DEN,1384.0,0.043,-4.5,-0.9
2024-25,Julius Randle,MIN,2226.0,0.134,1.3,1.8
2024-25,Justin Champagnie,WAS,1340.0,0.1,-0.5,0.5
2024-25,Justin Edwards,PHI,1155.0,0.039,-3.7,-0.5
2024-25,Justin Minaya,POR,101.0,-0.007,-5.4,-0.1
2024-25,Jusuf Nurkić,2TM,1063.0,0.066,-1.3,0.2
2024-25,KJ Martin,2TM,912.0,0.068,-3.6,-0.4
2024-25,KJ Simpson,CHO,842.0,-0.025,-5.4,-0.7
2024-25,Kai Jones,2TM,468.0,0.216,2.9,0.6
2024-25,Karl-Anthony Towns,NYK,2517.0,0.193,3.6,3.5
2024-25,Karlo Matković,NOP,791.0,0.096,-2.0,0.0
2024-25,Kawhi Leonard,LAC,1180.0,0.141,3.1,1.5
2024-25,Keaton Wallace,ATL,501.0,0.034,-2.3,0.0
2024-25,Keegan Murray,SAC,2610.0,0.082,-1.6,0.2
2024-25,Keion Brooks Jr.,NOP,332.0,0.057,-3.5,-0.1
2024-25,Kel'el Ware,MIA,1422.0,0.14,-0.1,0.7
2024-25,Keldon Johnson,SAS,1838.0,0.083,-1.6,0.2
2024-25,Kelly Olynyk,2TM,891.0,0.092,-0.7,0.3
2024-25,Kelly Oubre Jr.,PHI,2078.0,0.061,-2.3,-0.1
2024-25,Kenrich Williams,OKC,1132.0,0.151,0.6,0.7
2024-25,Kentavious Caldwell-Pope,ORL,2279.0,0.096,-1.4,0.3
2024-25,Keon Ellis,SAC,1948.0,0.122,1.9,1.9
2024-25,Keon Johnson,BRK,1925.0,0.014,-3.3,-0.6
2024-25,Keshad Johnson,MIA,98.0,0.181,-0.1,0.0
2024-25,Kessler Edwards,DAL,608.0,0.096,-1.4,0.1
2024-25,Kevin Durant,PHO,2265.0,0.111,3.2,3.0
2024-25,Kevin Huerter,2TM,1679.0,0.054,-2.0,0.0
2024-25,Kevin Knox,GSW,84.0,0.121,-1.3,0.0
2024-25,Kevin Love,MIA,251.0,0.083,0.4,0.2
2024-25,Kevin McCullar Jr.,NYK,29.0,0.06,-7.2,0.0
2024-25,Kevin Porter Jr.,2TM,1482.0,0.072,-0.6,0.5
2024-25,Kevon Looney,GSW,1142.0,0.182,0.3,0.7
2024-25,Keyonte George,UTA,2109.0,0.024,-2.7,-0.3
2024-25,Khris Middleton,2TM,843.0,0.116,0.7,0.6
2024-25,Killian Hayes,BRK,162.0,0.095,-0.6,0.1
2024-25,Klay Thompson,DAL,1965.0,0.045,-1.0,0.5
2024-25,Kobe Brown,LAC,272.0,0.085,-2.1,0.0
2024-25,Kobe Bufkin,ATL,124.0,0.018,-4.0,-0.1
2024-25,Kris Dunn,LAC,1783.0,0.108,0.6,1.2
2024-25,Kris Murray,POR,1040.0,0.033,-3.0,-0.3
2024-25,Kristaps Porziņģis,BOS,1210.0,0.212,4.7,2.1
2024-25,Kyle Anderson,2TM,1002.0,0.135,1.5,0.9
2024-25,Kyle Filipowski,UTA,1522.0,0.078,-1.0,0.4
2024-25,Kyle Kuzma,2TM,1936.0,-0.024,-4.9,-1.4
2024-25,Kyle Lowry,PHI,659.0,0.07,-1.3,0.1
2024-25,Kylor Kelley,2TM,126.0,0.102,-5.4,-0.1
2024-25,Kyrie Irving,DAL,1804.0,0.124,3.4,2.5
2024-25,Kyshawn George,WAS,1802.0,0.003,-4.1,-0.9
2024-25,LaMelo Ball,CHO,1505.0,0.065,3.2,2.0
2024-25,Lamar Stevens,MEM,155.0,0.052,-4.2,-0.1
2024-25,Landry Shamet,NYK,762.0,0.065,-2.4,-0.1
2024-25,Larry Nance Jr.,ATL,463.0,0.131,1.8,0.4
2024-25,Lauri Markkanen,UTA,1476.0,0.07,-0.3,0.7
2024-25,LeBron James,LAL,2444.0,0.152,5.6,4.7
2024-25,League Average,nan,,,,
2024-25,Leonard Miller,MIN,32.0,0.145,-3.7,0.0
2024-25,Lester Quiñones,2TM,183.0,-0.025,-6.1,-0.2
2024-25,Liam Robbins,MIL,57.0,-0.066,-10.5,-0.1
2024-25,Lindy Waters III,2TM,778.0,0.062,-2.8,-0.2
2024-25,Lonnie Walker IV,PHI,477.0,0.033,-2.4,0.0
2024-25,Lonzo Ball,CHI,777.0,0.075,0.2,0.4
2024-25,Luguentz Dort,OKC,2073.0,0.129,0.2,1.2
2024-25,Luka Dončić,2TM,1769.0,0.16,6.7,3.9
2024-25,Luka Garza,MIN,219.0,0.144,-2.3,0.0
2024-25,Luke Kennard,MEM,1472.0,0.127,1.1,1.2
2024-25,Luke Kornet,BOS,1361.0,0.246,3.3,1.8
2024-25,Luke Travers,CLE,88.0,-0.082,-9.7,-0.2
2024-25,Mac McClung,ORL,10.0,-0.047,-11.0,0.0
2024-25,Malachi Flynn,CHO,44.0,0.043,-2.8,0.0
2024-25,Malaki Branham,SAS,427.0,0.007,-3.2,-0.1
2024-25,Malcolm Brogdon,WAS,564.0,0.061,-1.5,0.1
2024-25,Malevy Leons,OKC,21.0,-0.052,-12.4,-0.1
2024-25,Malik Beasley,DET,2283.0,0.1,0.8,1.6
2024-25,Malik Monk,SAC,2054.0,0.065,-0.8,0.6
2024-25,MarJon Beauchamp,3TM,156.0,0.02,-4.3,-0.1
2024-25,Marcus Bagley,PHI,253.0,0.045,-4.3,-0.1
2024-25,Marcus Garrett,CHO,79.0,-0.002,-7.6,-0.1
2024-25,Marcus Sasser,DET,811.0,0.108,-0.6,0.3
2024-25,Marcus Smart,2TM,680.0,0.051,-1.5,0.1
2024-25,Mark Williams,CHO,1171.0,0.195,3.5,1.6
2024-25,Markelle Fultz,SAC,184.0,-0.026,-4.7,-0.1
2024-25,Markieff Morris,2TM,165.0,-0.044,-7.6,-0.2
2024-25,Marvin Bagley III,2TM,265.0,0.108,-1.2,0.1
2024-25,Mason Jones,SAC,45.0,0.198,2.9,0.1
2024-25,Mason Plumlee,PHO,1300.0,0.136,-0.6,0.5
2024-25,Matas Buzelis,CHI,1511.0,0.06,-2.5,-0.2
2024-25,Matisse Thybulle,POR,312.0,0.146,5.0,0.6
2024-25,Matt Ryan,NYK,68.0,-0.057,-7.5,-0.1
2024-25,Max Christie,2TM,2127.0,0.06,-2.5,-0.3
2024-25,Max Strus,CLE,1273.0,0.13,1.3,1.1
2024-25,Maxi Kleber,DAL,637.0,0.023,-3.8,-0.3
2024-25,Maxwell Lewis,2TM,327.0,0.03,-4.4,-0.2
2024-25,Micah Potter,UTA,705.0,0.03,-3.5,-0.3
2024-25,Michael Porter Jr.,DEN,2593.0,0.118,-0.1,1.2
2024-25,Mikal Bridges,NYK,3036.0,0.09,-0.5,1.2
2024-25,Mike Conley,MIN,1756.0,0.142,1.2,1.4
2024-25,Miles Bridges,CHO,2029.0,0.075,1.8,2.0
2024-25,Miles McBride,NYK,1593.0,0.098,0.0,0.8
2024-25,Miles Norris,BOS,35.0,0.049,-1.9,0.0
2024-25,Mitchell Robinson,NYK,290.0,0.221,3.3,0.4
2024-25,Mo Bamba,2TM,413.0,0.117,-0.9,0.1
2024-25,Monte Morris,PHO,571.0,0.064,-1.8,0.0
2024-25,Moritz Wagner,ORL,564.0,0.174,4.0,0.9
2024-25,Moses Brown,2TM,119.0,0.146,0.1,0.1
2024-25,Moses Moody,GSW,1649.0,0.102,-0.9,0.5
2024-25,Mouhamed Gueye,ATL,533.0,0.106,-0.6,0.2
2024-25,Moussa Diabaté,CHO,1241.0,0.125,-1.9,0.0
2024-25,Myles Turner,IND,2174.0,0.104,0.4,1.3
2024-25,N'Faly Dante,HOU,51.0,0.283,2.4,0.1
2024-25,Nae'Qwan Tomlin,CLE,63.0,0.093,-5.5,-0.1
2024-25,Naji Marshall,DAL,1919.0,0.087,-0.8,0.6
2024-25,Naz Reid,MIN,2200.0,0.125,1.6,2.0
2024-25,Neemias Queta,BOS,863.0,0.179,-0.7,0.3
2024-25,Nic Claxton,BRK,1882.0,0.11,0.4,1.1
2024-25,Nick Richards,2TM,1256.0,0.114,-3.3,-0.4
2024-25,Nick Smith Jr.,CHO,1369.0,-0.019,-5.7,-1.3
2024-25,Nickeil Alexander-Walker,MIN,2073.0,0.099,-0.4,0.8
2024-25,Nicolas Batum,LAC,1367.0,0.124,0.8,1.0
2024-25,Nikola Jokić,DEN,2571.0,0.307,13.3,9.8
2024-25,Nikola Jović,MIA,1156.0,0.104,0.3,0.7
2024-25,Nikola Vučević,CHI,2278.0,0.153,2.6,2.7
2024-25,Noah Clowney,BRK,1042.0,0.023,-4.1,-0.5
2024-25,Norman Powell,LAC,1958.0,0.129,1.5,1.8
2024-25,OG Anunoby,NYK,2706.0,0.116,0.7,1.9
2024-25,Obi Toppin,IND,1545.0,0.135,1.7,1.4
2024-25,Ochai Agbaji,TOR,1739.0,0.087,-0.7,0.5
2024-25,Olivier-Maxence Prosper,DAL,584.0,0.072,-2.1,0.0
2024-25,Onyeka Okongwu,ATL,2064.0,0.168,1.3,1.7
2024-25,Orlando Robinson,2TM,770.0,0.072,-3.4,-0.3
2024-25,Oscar Tshiebwe,UTA,255.0,0.182,-1.4,0.0
2024-25,Oshae Brissett,PHI,142.0,0.019,-6.3,-0.1
2024-25,Oso Ighodaro,PHO,1045.0,0.075,-2.6,-0.2
2024-25,Ousmane Dieng,OKC,405.0,0.104,-0.9,0.1
2024-25,P.J. Tucker,NYK,58.0,0.07,-7.2,-0.1
2024-25,P.J. Washington,DAL,1835.0,0.062,-0.9,0.5
2024-25,PJ Dozier,MIN,35.0,0.107,0.7,0.0
2024-25,PJ Hall,DEN,66.0,0.168,-1.3,0.0
2024-25,Pacome Dadiet,NYK,111.0,0.002,-6.5,-0.1
2024-25,Paolo Banchero,ORL,1582.0,0.106,3.5,2.2
2024-25,Pascal Siakam,IND,2548.0,0.142,1.7,2.4
2024-25,Pat Connaughton,MIL,603.0,0.093,-2.3,0.0
2024-25,Pat Spencer,GSW,250.0,0.055,-1.6,0.0
2024-25,Patrick Baldwin Jr.,2TM,107.0,0.098,1.5,0.1
2024-25,Patrick Williams,CHI,1576.0,0.012,-3.7,-0.7
2024-25,Patty Mills,2TM,321.0,0.017,-3.2,-0.1
2024-25,Paul George,PHI,1334.0,0.036,-0.4,0.5
2024-25,Paul Reed,DET,438.0,0.173,2.9,0.5
2024-25,Payton Pritchard,BOS,2271.0,0.183,3.5,3.2
2024-25,Pelle Larsson,MIA,782.0,0.086,-3.1,-0.2
2024-25,Pete Nance,2TM,138.0,0.064,-4.9,-0.1
2024-25,Peyton Watson,DEN,1656.0,0.073,-1.8,0.1
2024-25,Phillip Wheeler,PHI,44.0,-0.283,-18.2,-0.2
2024-25,Precious Achiuwa,NYK,1170.0,0.095,-1.9,0.0
2024-25,Quentin Grimes,2TM,2013.0,0.081,0.4,1.2
2024-25,Quenton Jackson,IND,381.0,0.126,-0.3,0.2
2024-25,Quincy Olivari,LAL,10.0,-0.3,-18.6,0.0
2024-25,Quinten Post,GSW,686.0,0.116,0.1,0.4
2024-25,RJ Barrett,TOR,1869.0,0.061,0.6,1.2
2024-25,RayJ Dennis,IND,70.0,0.036,0.7,0.0
2024-25,Rayan Rupert,POR,460.0,0.007,-4.7,-0.3
2024-25,Reece Beekman,2TM,469.0,0.01,-5.4,-0.4
2024-25,Reed Sheppard,HOU,654.0,0.055,-1.7,0.1
2024-25,Reggie Jackson,PHI,384.0,0.015,-4.0,-0.2
2024-25,Richaun Holmes,WAS,534.0,0.178,1.1,0.4
2024-25,Ricky Council IV,PHI,1250.0,0.023,-4.3,-0.7
2024-25,Riley Minix,SAS,7.0,-0.114,-11.8,0.0
2024-25,Rob Dillingham,MIN,516.0,0.012,-4.2,-0.3
2024-25,Robert Williams,POR,351.0,0.175,3.0,0.4
2024-25,Ron Harper Jr.,DET,17.0,-0.06,-14.7,0.0
2024-25,Ron Holland,DET,1266.0,0.067,-3.0,-0.3
2024-25,Royce O'Neale,PHO,1837.0,0.073,0.1,1.0
2024-25,Rudy Gobert,MIN,2388.0,0.204,1.9,2.4
2024-25,Rui Hachimura,LAL,1869.0,0.11,-0.7,0.6
2024-25,Russell Westbrook,DEN,2092.0,0.045,-1.1,0.5
2024-25,Ryan Dunn,PHO,1410.0,0.034,-4.1,-0.7
2024-25,Ryan Rollins,MIL,820.0,0.101,-0.5,0.3
2024-25,Sam Hauser,BOS,1541.0,0.136,0.8,1.1
2024-25,Sam Merrill,CLE,1401.0,0.113,0.3,0.8
2024-25,Sandro Mamukelashvili,SAS,681.0,0.152,2.3,0.7
2024-25,Santi Aldama,MEM,1660.0,0.144,3.2,2.2
2024-25,Scoot Henderson,POR,1759.0,0.049,-2.2,-0.1
2024-25,Scottie Barnes,TOR,2134.0,0.078,2.4,2.3
2024-25,Scotty Pippen Jr.,MEM,1683.0,0.133,1.9,1.7
2024-25,Seth Curry,CHO,1062.0,0.08,-1.7,0.1
2024-25,Shaedon Sharpe,POR,2252.0,0.064,-1.3,0.4
2024-25,Shai Gilgeous-Alexander,OKC,2598.0,0.309,11.5,8.9
2024-25,Shake Milton,2TM,837.0,0.077,-2.2,0.0
2024-25,Sidy Cissoko,2TM,114.0,-0.045,-5.1,-0.1
2024-25,Simone Fontecchio,DET,1237.0,0.063,-2.9,-0.3
2024-25,Skal Labissière,SAC,12.0,0.165,2.1,0.0
2024-25,Spencer Dinwiddie,DAL,2136.0,0.082,-1.6,0.2
2024-25,Spencer Jones,DEN,125.0,-0.031,-8.5,-0.2
2024-25,Stanley Umude,MIL,86.0,-0.086,-8.1,-0.1
2024-25,Stephen Curry,GSW,2252.0,0.168,6.3,4.8
2024-25,Stephon Castle,SAS,2162.0,0.025,-3.2,-0.6
2024-25,Steven Adams,HOU,794.0,0.137,0.3,0.5
2024-25,Svi Mykhailiuk,UTA,760.0,-0.009,-3.5,-0.3
2024-25,T.J. McConnell,IND,1415.0,0.109,1.2,1.2
2024-25,Taj Gibson,CHO,409.0,0.043,-5.3,-0.3
2024-25,Talen Horton-Tucker,CHI,724.0,0.075,-2.4,-0.1
2024-25,Tari Eason,HOU,1420.0,0.169,3.6,2.0
2024-25,Taurean Prince,MIL,2166.0,0.077,-1.7,0.1
2024-25,Taylor Hendricks,UTA,75.0,-0.008,-3.5,0.0
2024-25,Taze Moore,POR,20.0,-0.15,-4.3,0.0
2024-25,Terance Mann,2TM,1414.0,0.101,-1.3,0.2
2024-25,Terence Davis,SAC,8.0,-0.191,-16.9,0.0
2024-25,Terrence Shannon Jr.,MIN,339.0,0.091,-2.1,0.0
2024-25,Terry Rozier,MIA,1658.0,0.029,-3.7,-0.7
2024-25,Terry Taylor,SAC,6.0,0.049,3.3,0.0
2024-25,Thomas Bryant,2TM,963.0,0.152,0.6,0.6
2024-25,Tidjane Salaün,CHO,1244.0,0.002,-5.2,-1.0
2024-25,Tim Hardaway Jr.,DET,2153.0,0.077,-2.1,0.0
2024-25,Tobias Harris,DET,2305.0,0.108,0.1,1.2
2024-25,Tolu Smith,DET,22.0,0.128,-8.9,0.0
2024-25,Tony Bradley,IND,113.0,0.187,1.2,0.1
2024-25,Torrey Craig,2TM,314.0,0.122,-0.9,0.1
2024-25,Tosan Evbuomwan,BRK,665.0,0.044,-3.2,-0.2
2024-25,Toumani Camara,POR,2548.0,0.097,-0.1,1.2
2024-25,Trae Young,ATL,2739.0,0.1,0.5,1.7
2024-25,Trayce Jackson-Davis,GSW,967.0,0.167,1.2,0.8
2024-25,Tre Jones,2TM,905.0,0.155,1.5,0.8
2024-25,Tre Mann,CHO,319.0,0.019,-2.4,0.0
2024-25,Trendon Watford,BRK,913.0,0.038,-3.1,-0.3
2024-25,Trentyn Flowers,LAC,27.0,-0.033,-8.3,0.0
2024-25,Trevelin Queen,ORL,430.0,0.074,-0.3,0.2
2024-25,Trey Alexander,DEN,117.0,-0.077,-9.7,-0.2
2024-25,Trey Jemison,2TM,392.0,0.037,-6.8,-0.5
2024-25,Trey Lyles,SAC,1349.0,0.091,-0.7,0.4
2024-25,Trey Murphy III,NOP,1854.0,0.091,0.8,1.3
2024-25,Tristan Da Silva,ORL,1629.0,0.073,-2.6,-0.3
2024-25,Tristan Thompson,CLE,328.0,0.057,-4.6,-0.2
2024-25,Tristan Vukcevic,WAS,513.0,0.069,-0.5,0.2
2024-25,Tristen Newton,2TM,16.0,-0.33,-20.7,-0.1
2024-25,Ty Jerome,CLE,1392.0,0.204,4.3,2.2
2024-25,TyTy Washington Jr.,PHO,118.0,-0.065,-8.0,-0.2
2024-25,Tyler Herro,MIA,2725.0,0.131,3.1,3.5
2024-25,Tyler Kolek,NYK,296.0,0.058,-2.8,-0.1
2024-25,Tyler Smith,MIL,122.0,0.083,-0.9,0.0
2024-25,Tyrese Haliburton,IND,2451.0,0.204,5.8,4.9
2024-25,Tyrese Martin,BRK,1315.0,0.033,-2.6,-0.2
2024-25,Tyrese Maxey,PHI,1960.0,0.094,2.0,2.0
2024-25,Tyson Etienne,BRK,151.0,-0.021,-8.8,-0.3
2024-25,Tyus Jones,PHO,2174.0,0.096,0.1,1.1
2024-25,Ulrich Chomche,TOR,32.0,0.001,-7.4,0.0
2024-25,Vasilije Micić,2TM,785.0,-0.06,-7.0,-1.0
2024-25,Victor Wembanyama,SAS,1527.0,0.118,6.5,3.3
2024-25,Vince Williams Jr.,MEM,499.0,0.04,-2.8,-0.1
2024-25,Vit Krejci,ATL,1153.0,0.11,0.7,0.8
2024-25,Vlatko Čančar,DEN,136.0,-0.034,-7.1,-0.2
2024-25,Walker Kessler,UTA,1740.0,0.149,1.8,1.7
2024-25,Wendell Carter Jr.,ORL,1758.0,0.125,-1.2,0.3
2024-25,Wendell Moore Jr.,2TM,499.0,0.063,-2.7,-0.1
2024-25,Xavier Tillman Sr.,BOS,231.0,-0.057,-8.1,-0.4
2024-25,Yuki Kawamura,MEM,93.0,0.095,-2.8,0.0
2024-25,Yuri Collins,GSW,16.0,0.214,0.3,0.0
2024-25,Yves Missi,NOP,1956.0,0.089,-3.0,-0.5
2024-25,Zaccharie Risacher,ATL,1843.0,0.046,-3.5,-0.7
2024-25,Zach Collins,2TM,977.0,0.132,0.0,0.5
2024-25,Zach Edey,MEM,1416.0,0.165,-0.1,0.7
2024-25,Zach LaVine,2TM,2602.0,0.094,0.7,1.8
2024-25,Zeke Nnaji,DEN,608.0,0.097,-1.3,0.1
2024-25,Ziaire Williams,BRK,1541.0,0.065,-2.3,-0.1
2024-25,Zion Williamson,NOP,857.0,0.141,7.0,1.9
2024-25,Zyon Pullin,MEM,3.0,-0.304,-22.7,0.0
