Season,Team,PG_Team_G,PG_Team_MP,PG_Team_FG,PG_Team_FGA,PG_Team_FG%,PG_Team_3P,PG_Team_3PA,PG_Team_3P%,PG_Team_2P,PG_Team_2PA,PG_Team_2P%,PG_Team_FT,PG_Team_FTA,PG_Team_FT%,PG_Team_ORB,PG_Team_DRB,PG_Team_TRB,PG_Team_AST,PG_Team_STL,PG_Team_BLK,PG_Team_TOV,PG_Team_PF,PG_Team_PTS,PG_Opp_G,PG_Opp_MP,PG_Opp_FG,PG_Opp_FGA,PG_Opp_FG%,PG_Opp_3P,PG_Opp_3PA,PG_Opp_3P%,PG_Opp_2P,PG_Opp_2PA,PG_Opp_2P%,PG_Opp_FT,PG_Opp_FTA,PG_Opp_FT%,PG_Opp_ORB,PG_Opp_DRB,PG_Opp_TRB,PG_Opp_AST,PG_Opp_STL,PG_Opp_BLK,PG_Opp_TOV,PG_Opp_PF,PG_Opp_PTS,Tot_Team_G,Tot_Team_MP,Tot_Team_FG,Tot_Team_FGA,Tot_Team_FG%,Tot_Team_3P,Tot_Team_3PA,Tot_Team_3P%,Tot_Team_2P,Tot_Team_2PA,Tot_Team_2P%,Tot_Team_FT,Tot_Team_FTA,Tot_Team_FT%,Tot_Team_ORB,Tot_Team_DRB,Tot_Team_TRB,Tot_Team_AST,Tot_Team_STL,Tot_Team_BLK,Tot_Team_TOV,Tot_Team_PF,Tot_Team_PTS,Tot_Opp_G,Tot_Opp_MP,Tot_Opp_FG,Tot_Opp_FGA,Tot_Opp_FG%,Tot_Opp_3P,Tot_Opp_3PA,Tot_Opp_3P%,Tot_Opp_2P,Tot_Opp_2PA,Tot_Opp_2P%,Tot_Opp_FT,Tot_Opp_FTA,Tot_Opp_FT%,Tot_Opp_ORB,Tot_Opp_DRB,Tot_Opp_TRB,Tot_Opp_AST,Tot_Opp_STL,Tot_Opp_BLK,Tot_Opp_TOV,Tot_Opp_PF,Tot_Opp_PTS,Adv_Age,Adv_W,Adv_L,Adv_PW,Adv_PL,Adv_MOV,Adv_SOS,Adv_SRS,Adv_ORtg,Adv_DRtg,Adv_NRtg,Adv_Pace,Adv_FTr,Adv_3PAr,Adv_TS%,Adv_Offense Four Factors_eFG%,Adv_Offense Four Factors_TOV%,Adv_Offense Four Factors_ORB%,Adv_Offense Four Factors_FT/FGA,Adv_Defense Four Factors_eFG%,Adv_Defense Four Factors_TOV%,Adv_Defense Four Factors_DRB%,Adv_Defense Four Factors_FT/FGA,Adv_Arena,Adv_Attend.,Adv_Attend./G,Shoot_Team_G,Shoot_Team_MP,Shoot_Team_FG%,Shoot_Team_Dist.,Shoot_Team_% of FGA by Distance_2P,Shoot_Team_% of FGA by Distance_0-3,Shoot_Team_% of FGA by Distance_3-10,Shoot_Team_% of FGA by Distance_10-16,Shoot_Team_% of FGA by Distance_16-3P,Shoot_Team_% of FGA by Distance_3P,Shoot_Team_FG% by Distance_2P,Shoot_Team_FG% by Distance_0-3,Shoot_Team_FG% by Distance_3-10,Shoot_Team_FG% by Distance_10-16,Shoot_Team_FG% by Distance_16-3P,Shoot_Team_FG% by Distance_3P,Shoot_Team_% of FG Ast'd_2P,Shoot_Team_% of FG Ast'd_3P,Shoot_Team_Dunks_%FGA,Shoot_Team_Dunks_Md.,Shoot_Team_Layups_%FGA,Shoot_Team_Layups_Md.,Shoot_Team_Corner_%3PA,Shoot_Team_Corner_3P%,Shoot_Team_1/2 Court_Att.,Shoot_Team_1/2 Court_Md.,Shoot_Opp_G,Shoot_Opp_MP,Shoot_Opp_FG%,Shoot_Opp_Dist.,Shoot_Opp_% of FGA by Distance_2P,Shoot_Opp_% of FGA by Distance_0-3,Shoot_Opp_% of FGA by Distance_3-10,Shoot_Opp_% of FGA by Distance_10-16,Shoot_Opp_% of FGA by Distance_16-3P,Shoot_Opp_% of FGA by Distance_3P,Shoot_Opp_FG% by Distance_2P,Shoot_Opp_FG% by Distance_0-3,Shoot_Opp_FG% by Distance_3-10,Shoot_Opp_FG% by Distance_10-16,Shoot_Opp_FG% by Distance_16-3P,Shoot_Opp_FG% by Distance_3P,Shoot_Opp_% of FG Ast'd_2P,Shoot_Opp_% of FG Ast'd_3P,Shoot_Opp_Dunks_%FGA,Shoot_Opp_Dunks_Md.,Shoot_Opp_Layups_%FGA,Shoot_Opp_Layups_Md.,Shoot_Opp_Corner_%3PA,Shoot_Opp_Corner_3P%,ORtg_A,DRtg_A,NRtg_A
2017-18,Atlanta Hawks,82,240.3,38.2,85.5,0.446,11.2,31.0,0.36,27.0,54.5,0.495,15.8,20.2,0.785,9.1,32.8,41.9,23.7,7.8,4.2,15.5,19.6,103.4,82,240.3,40.7,86.7,0.469,11.6,30.7,0.377,29.1,56.0,0.52,15.9,20.6,0.772,10.3,34.0,44.2,26.1,8.7,5.5,15.1,20.3,108.8,82,19705,3130,7015,0.446,917,2544,0.36,2213,4471,0.495,1298,1654,0.785,743,2693,3436,1946,638,348,1275,1606,8475,82,19705,3336,7107,0.469,949,2519,0.377,2387,4588,0.52,1301,1686,0.772,841,2785,3626,2137,710,453,1238,1661,8922,25.4,24.0,58.0,27,55,-5.45,0.15,-5.3,105.0,110.6,-5.6,98.3,0.236,0.363,0.547,0.512,14.1,21.1,0.185,0.536,13.6,76.2,0.183,Philips Arena,590769.0,14409.0,82,19705,0.446,13.6,0.637,0.279,0.131,0.105,0.122,0.363,0.495,0.635,0.351,0.399,0.411,0.36,0.52,0.869,0.052,309,0.288,1064,0.243,0.426,22.0,0.0,82,19705,0.469,13.7,0.646,0.271,0.127,0.116,0.132,0.354,0.52,0.648,0.43,0.438,0.416,0.377,0.548,0.872,0.051,318,0.259,1024,0.216,0.381,105.81,111.12,-5.31
2017-18,Boston Celtics,82,241.5,38.3,85.1,0.45,11.5,30.4,0.377,26.9,54.7,0.491,16.0,20.7,0.771,9.4,35.1,44.5,22.5,7.4,4.5,14.0,19.7,104.0,82,241.5,37.4,85.0,0.44,9.4,27.7,0.339,28.0,57.4,0.488,16.3,21.3,0.763,9.6,34.2,43.8,21.3,7.2,4.4,14.1,19.2,100.4,82,19805,3141,6975,0.45,939,2492,0.377,2202,4483,0.491,1308,1697,0.771,767,2878,3645,1842,604,373,1148,1618,8529,82,19805,3066,6973,0.44,769,2270,0.339,2297,4703,0.488,1334,1748,0.763,791,2804,3595,1744,594,364,1159,1571,8235,24.7,55.0,27.0,51,31,3.59,-0.35,3.23,107.6,103.9,3.7,96.0,0.243,0.357,0.552,0.518,12.9,21.5,0.188,0.495,13.0,78.4,0.191,TD Garden,763584.0,18624.0,82,19805,0.45,13.7,0.643,0.259,0.158,0.106,0.12,0.357,0.491,0.628,0.364,0.419,0.426,0.377,0.49,0.813,0.047,274,0.261,935,0.213,0.408,18.0,0.0,82,19805,0.44,13.1,0.674,0.286,0.162,0.103,0.124,0.326,0.488,0.651,0.365,0.361,0.379,0.339,0.485,0.818,0.046,294,0.286,1094,0.181,0.417,108.14,104.75,3.39
2017-18,Brooklyn Nets,82,242.1,38.2,86.8,0.441,12.7,35.7,0.356,25.5,51.1,0.5,17.4,22.6,0.772,9.7,34.8,44.4,23.7,6.2,4.8,15.2,20.6,106.6,82,242.1,41.7,89.4,0.466,9.0,24.5,0.369,32.6,64.9,0.503,17.9,23.4,0.766,10.4,36.4,46.8,21.7,7.7,5.5,12.4,19.7,110.3,82,19855,3136,7114,0.441,1041,2924,0.356,2095,4190,0.5,1428,1850,0.772,792,2852,3644,1941,512,390,1245,1688,8741,82,19855,3418,7334,0.466,741,2010,0.369,2677,5324,0.503,1471,1921,0.766,853,2981,3834,1782,630,450,1015,1615,9048,25.1,28.0,54.0,31,51,-3.74,0.07,-3.67,106.9,110.6,-3.7,98.9,0.26,0.411,0.551,0.514,13.6,21.0,0.201,0.517,11.0,77.0,0.201,Barclays Center,640010.0,15376.0,82,19855,0.441,13.7,0.589,0.269,0.175,0.083,0.062,0.411,0.5,0.643,0.379,0.4,0.354,0.356,0.507,0.844,0.043,269,0.287,1098,0.201,0.376,13.0,1.0,82,19855,0.466,12.6,0.726,0.26,0.185,0.135,0.146,0.274,0.503,0.632,0.43,0.432,0.43,0.369,0.45,0.78,0.043,275,0.277,1080,0.186,0.401,107.83,111.55,-3.72
2017-18,Charlotte Hornets,82,241.2,39.0,86.7,0.45,10.0,27.2,0.369,28.9,59.4,0.487,20.2,27.0,0.747,10.1,35.4,45.5,21.6,6.8,4.5,12.7,17.2,108.2,82,241.2,41.1,87.8,0.468,11.3,30.1,0.375,29.8,57.7,0.516,14.5,18.2,0.795,8.4,35.3,43.7,24.7,6.6,4.9,13.6,22.4,108.0,82,19780,3197,7106,0.45,824,2233,0.369,2373,4873,0.487,1656,2216,0.747,827,2901,3728,1770,559,373,1041,1409,8874,82,19780,3370,7199,0.468,926,2467,0.375,2444,4732,0.516,1187,1494,0.795,692,2891,3583,2029,542,404,1112,1839,8853,26.6,36.0,46.0,42,40,0.26,-0.19,0.07,109.4,109.1,0.3,98.4,0.312,0.314,0.549,0.508,11.4,22.2,0.233,0.532,12.4,80.7,0.165,Spectrum Center,671404.0,16376.0,82,19780,0.45,13.2,0.686,0.273,0.16,0.114,0.138,0.314,0.487,0.642,0.38,0.408,0.37,0.369,0.484,0.756,0.046,300,0.268,1030,0.154,0.369,21.0,0.0,82,19780,0.468,13.7,0.657,0.262,0.144,0.116,0.134,0.343,0.516,0.683,0.395,0.436,0.393,0.375,0.507,0.853,0.049,314,0.258,1064,0.194,0.418,109.93,109.89,0.04
2017-18,Chicago Bulls,82,242.1,38.7,88.8,0.435,11.0,31.1,0.355,27.6,57.8,0.478,14.6,19.2,0.759,9.6,35.0,44.7,23.5,7.6,3.5,14.0,19.2,102.9,82,242.1,41.0,86.8,0.472,12.1,32.7,0.37,28.9,54.1,0.534,15.9,20.2,0.787,8.4,37.2,45.7,25.9,7.2,5.2,13.6,17.4,110.0,82,19855,3170,7285,0.435,906,2549,0.355,2264,4736,0.478,1194,1574,0.759,790,2872,3662,1923,626,289,1147,1571,8440,82,19855,3360,7115,0.472,990,2678,0.37,2370,4437,0.534,1307,1660,0.787,691,3053,3744,2123,588,423,1112,1425,9017,24.4,27.0,55.0,23,59,-7.04,0.2,-6.84,103.8,110.9,-7.1,98.3,0.216,0.35,0.529,0.497,12.6,20.6,0.164,0.542,12.4,80.6,0.184,United Center,851824.0,20776.0,82,19855,0.435,13.6,0.65,0.254,0.165,0.095,0.135,0.35,0.478,0.624,0.39,0.388,0.377,0.355,0.51,0.848,0.039,261,0.25,942,0.184,0.372,15.0,0.0,82,19855,0.472,13.7,0.624,0.292,0.122,0.09,0.119,0.376,0.534,0.681,0.394,0.425,0.401,0.37,0.535,0.864,0.051,330,0.264,1110,0.213,0.393,104.46,111.47,-7.01
2017-18,Cleveland Cavaliers,82,240.6,40.4,84.8,0.476,12.0,32.1,0.372,28.4,52.6,0.54,18.1,23.3,0.779,8.5,33.7,42.1,23.4,7.1,3.8,13.7,18.6,110.9,82,240.6,41.8,88.3,0.474,11.7,31.7,0.368,30.2,56.6,0.533,14.6,19.4,0.756,9.9,33.7,43.6,25.9,7.5,4.1,13.5,20.7,109.9,82,19730,3311,6950,0.476,981,2636,0.372,2330,4314,0.54,1488,1909,0.779,694,2761,3455,1916,582,312,1126,1524,9091,82,19730,3429,7238,0.474,956,2596,0.368,2473,4642,0.533,1200,1588,0.756,812,2766,3578,2122,613,340,1105,1696,9014,30.6,50.0,32.0,43,39,0.94,-0.35,0.59,112.9,111.9,1.0,98.0,0.275,0.379,0.584,0.547,12.6,20.1,0.214,0.54,12.2,77.3,0.166,Quicken Loans Arena,843042.0,20562.0,82,19730,0.476,13.8,0.621,0.297,0.113,0.092,0.119,0.379,0.54,0.706,0.368,0.413,0.387,0.372,0.478,0.819,0.051,319,0.269,1163,0.252,0.417,13.0,0.0,82,19730,0.474,13.4,0.641,0.299,0.132,0.104,0.107,0.359,0.533,0.672,0.399,0.429,0.409,0.368,0.537,0.832,0.055,362,0.276,1148,0.213,0.446,113.61,112.94,0.67
2017-18,Dallas Mavericks,82,241.5,38.1,85.9,0.444,11.8,32.8,0.36,26.4,53.1,0.496,14.2,18.7,0.763,8.1,33.1,41.3,22.7,7.0,3.8,12.3,19.2,102.3,82,241.5,39.3,83.8,0.469,10.7,29.4,0.363,28.6,54.4,0.526,16.2,21.4,0.757,8.8,36.9,45.8,23.5,7.2,4.5,13.7,19.6,105.4,82,19805,3128,7042,0.444,967,2688,0.36,2161,4354,0.496,1167,1530,0.763,666,2717,3383,1858,578,310,1007,1578,8390,82,19805,3219,6870,0.469,874,2411,0.363,2345,4459,0.526,1327,1754,0.757,725,3027,3752,1929,594,369,1126,1604,8639,27.7,24.0,58.0,33,49,-3.04,0.34,-2.7,106.3,109.5,-3.2,95.6,0.217,0.382,0.544,0.513,11.5,18.0,0.166,0.532,12.8,78.9,0.193,American Airlines Center,811453.0,19792.0,82,19805,0.444,14.4,0.618,0.241,0.135,0.105,0.137,0.382,0.496,0.652,0.4,0.385,0.405,0.36,0.491,0.824,0.048,295,0.222,850,0.169,0.416,20.0,0.0,82,19805,0.469,13.8,0.649,0.238,0.167,0.113,0.13,0.351,0.526,0.698,0.412,0.457,0.421,0.363,0.515,0.826,0.051,314,0.216,855,0.19,0.384,106.96,109.7,-2.74
2017-18,Denver Nuggets,82,242.4,40.7,86.6,0.47,11.5,30.9,0.371,29.2,55.7,0.525,17.1,22.3,0.767,11.0,33.5,44.5,25.1,7.6,4.9,15.0,18.7,110.0,82,242.4,41.3,86.7,0.476,10.9,28.8,0.378,30.4,57.9,0.525,15.0,20.4,0.738,9.8,31.9,41.6,24.7,8.0,4.8,13.8,20.7,108.5,82,19880,3338,7102,0.47,940,2536,0.371,2398,4566,0.525,1404,1830,0.767,902,2748,3650,2059,627,404,1226,1533,9020,82,19880,3386,7113,0.476,893,2364,0.378,2493,4749,0.525,1234,1671,0.738,800,2613,3413,2028,654,391,1131,1699,8899,25.1,46.0,36.0,45,37,1.48,0.09,1.57,112.5,111.0,1.5,96.8,0.258,0.357,0.57,0.536,13.4,25.7,0.198,0.539,12.6,77.5,0.173,Pepsi Center,702796.0,17141.0,82,19880,0.47,12.8,0.643,0.275,0.204,0.09,0.074,0.357,0.525,0.664,0.424,0.441,0.391,0.371,0.526,0.848,0.055,356,0.302,1157,0.167,0.417,26.0,0.0,82,19880,0.476,12.8,0.668,0.268,0.191,0.101,0.108,0.332,0.525,0.682,0.412,0.45,0.407,0.378,0.515,0.835,0.049,310,0.291,1188,0.247,0.39,113.21,111.5,1.71
2017-18,Detroit Pistons,82,241.5,39.1,86.9,0.45,10.8,28.9,0.373,28.3,58.0,0.488,14.7,19.8,0.745,10.1,33.6,43.7,22.8,7.7,3.9,13.4,18.4,103.8,82,241.5,39.1,85.2,0.459,11.1,30.8,0.359,28.0,54.4,0.515,14.6,18.9,0.776,9.2,34.5,43.8,25.2,7.3,4.9,14.8,18.4,103.9,82,19805,3208,7129,0.45,886,2373,0.373,2322,4756,0.488,1207,1621,0.745,830,2756,3586,1868,628,317,1102,1508,8509,82,19805,3206,6988,0.459,908,2527,0.359,2298,4461,0.515,1201,1548,0.776,756,2833,3589,2064,597,398,1215,1511,8521,25.9,39.0,43.0,41,41,-0.15,-0.11,-0.26,107.2,107.3,-0.1,96.2,0.227,0.333,0.543,0.512,12.3,22.7,0.169,0.524,13.7,78.5,0.172,Little Caesars Arena,713945.0,17413.0,82,19805,0.45,13.1,0.667,0.26,0.185,0.107,0.116,0.333,0.488,0.657,0.346,0.433,0.388,0.373,0.465,0.889,0.044,271,0.28,1047,0.227,0.392,19.0,1.0,82,19805,0.459,13.6,0.638,0.251,0.177,0.105,0.105,0.362,0.515,0.703,0.373,0.405,0.417,0.359,0.541,0.904,0.046,288,0.271,1059,0.233,0.387,107.84,108.14,-0.3
2017-18,Golden State Warriors,82,240.6,42.8,85.1,0.503,11.3,28.9,0.391,31.5,56.2,0.56,16.6,20.3,0.815,8.4,35.1,43.5,29.3,8.0,7.5,15.4,19.6,113.5,82,240.6,40.2,90.0,0.447,10.4,29.2,0.357,29.8,60.8,0.49,16.7,22.0,0.758,10.9,31.6,42.5,23.6,8.7,3.7,14.3,18.5,107.5,82,19730,3509,6980,0.503,926,2369,0.391,2583,4611,0.56,1360,1668,0.815,691,2877,3568,2402,656,612,1265,1607,9304,82,19730,3296,7380,0.447,853,2392,0.357,2443,4988,0.49,1369,1807,0.758,893,2592,3485,1934,717,301,1175,1516,8814,28.8,58.0,24.0,56,26,5.98,-0.19,5.79,113.6,107.7,5.9,99.6,0.239,0.339,0.603,0.569,14.1,21.0,0.195,0.504,12.6,76.3,0.186,Oracle Arena,803436.0,19596.0,82,19730,0.503,14.0,0.661,0.267,0.111,0.139,0.144,0.339,0.56,0.708,0.424,0.485,0.463,0.391,0.643,0.801,0.071,454,0.229,952,0.158,0.405,26.0,0.0,82,19730,0.447,13.0,0.676,0.278,0.166,0.112,0.12,0.324,0.49,0.652,0.38,0.39,0.359,0.357,0.512,0.802,0.052,347,0.274,1089,0.189,0.378,114.33,108.62,5.7
2017-18,Houston Rockets,82,240.9,38.7,84.2,0.46,15.3,42.3,0.362,23.4,41.9,0.558,19.6,25.1,0.781,9.0,34.5,43.5,21.5,8.5,4.8,13.8,19.5,112.4,82,240.9,39.6,85.6,0.462,10.1,28.8,0.351,29.5,56.7,0.519,14.6,19.6,0.746,8.7,33.4,42.0,22.4,7.4,4.4,14.5,20.4,103.9,82,19755,3174,6906,0.46,1256,3470,0.362,1918,3436,0.558,1609,2061,0.781,739,2825,3564,1767,699,392,1135,1597,9213,82,19755,3244,7017,0.462,829,2365,0.351,2415,4652,0.519,1201,1610,0.746,710,2738,3448,1837,609,363,1193,1670,8518,29.8,65.0,17.0,61,21,8.48,-0.27,8.21,114.7,106.1,8.6,97.6,0.298,0.502,0.59,0.551,12.7,21.3,0.233,0.521,13.4,79.9,0.171,Toyota Center,732722.0,17871.0,82,19755,0.46,15.0,0.498,0.288,0.104,0.062,0.044,0.502,0.558,0.669,0.369,0.454,0.43,0.362,0.47,0.689,0.062,392,0.261,1004,0.228,0.4,17.0,1.0,82,19755,0.462,12.8,0.663,0.304,0.157,0.097,0.104,0.337,0.519,0.67,0.412,0.396,0.358,0.351,0.485,0.802,0.05,315,0.294,1193,0.214,0.38,115.45,107.08,8.37
2017-18,Indiana Pacers,82,240.9,40.8,86.4,0.472,9.0,24.5,0.369,31.8,61.9,0.513,14.9,19.2,0.779,9.6,32.7,42.3,22.2,8.8,4.1,13.3,18.8,105.6,82,240.9,39.4,84.8,0.465,10.6,30.4,0.349,28.8,54.4,0.53,14.8,19.5,0.757,10.2,32.7,43.0,23.2,7.0,5.2,15.5,18.5,104.2,82,19755,3345,7083,0.472,741,2010,0.369,2604,5073,0.513,1225,1573,0.779,788,2684,3472,1819,721,340,1088,1544,8656,82,19755,3230,6953,0.465,870,2496,0.349,2360,4457,0.53,1213,1602,0.757,837,2685,3522,1905,577,428,1272,1514,8543,26.2,48.0,34.0,45,37,1.38,-0.2,1.18,109.5,108.1,1.4,96.0,0.222,0.284,0.557,0.525,12.3,22.7,0.173,0.527,14.2,76.2,0.174,Bankers Life Fieldhouse,658119.0,16052.0,82,19755,0.472,13.0,0.716,0.293,0.136,0.096,0.191,0.284,0.513,0.638,0.42,0.449,0.422,0.369,0.465,0.819,0.041,250,0.294,1168,0.22,0.425,21.0,0.0,82,19755,0.465,13.6,0.641,0.285,0.138,0.098,0.121,0.359,0.53,0.669,0.434,0.421,0.398,0.349,0.49,0.861,0.055,340,0.27,1073,0.198,0.397,110.17,108.94,1.24
2017-18,League Average,82,241.4,39.6,86.1,0.46,10.5,29.0,0.362,29.1,57.1,0.51,16.6,21.7,0.767,9.7,33.8,43.5,23.2,7.7,4.8,14.3,19.9,106.3,82,241.4,39.6,86.1,0.46,10.5,29.0,0.362,29.1,57.1,0.51,16.6,21.7,0.767,9.7,33.8,43.5,23.2,7.7,4.8,14.3,19.9,106.3,82,19795,3248,7057,0.46,860,2378,0.362,2388,4679,0.51,1363,1778,0.767,796,2772,3568,1905,633,395,1170,1628,8719,82,19795,3248,7057,0.46,860,2378,0.362,2388,4679,0.51,1363,1778,0.767,796,2772,3568,1905,633,395,1170,1628,8719,26.6,,,41,41,0.0,0.0,0.0,108.6,108.6,,97.3,0.252,0.337,0.556,0.521,13.0,22.3,0.193,0.521,13.0,77.7,0.193,,737485.0,17989.0,82,19795,0.46,13.2,0.663,0.281,0.156,0.106,0.12,0.337,0.51,0.658,0.394,0.415,0.4,0.362,0.499,0.83,0.053,331,0.273,1064,0.208,0.394,17.5,0.2,82,19795,0.46,13.2,0.663,0.281,0.156,0.106,0.12,0.337,0.51,0.658,0.394,0.415,0.4,0.362,0.499,0.83,0.053,331,0.273,1064,0.208,0.394,,,
2017-18,Los Angeles Clippers,82,240.3,40.3,85.4,0.471,9.5,26.8,0.354,30.8,58.6,0.525,19.0,25.5,0.743,10.1,33.7,43.9,22.3,7.7,4.5,14.7,20.0,109.0,82,240.3,40.2,87.7,0.458,10.7,30.2,0.356,29.5,57.5,0.512,17.8,22.7,0.782,10.6,33.0,43.6,24.6,8.5,5.6,14.1,22.0,109.0,82,19705,3302,7004,0.471,777,2196,0.354,2525,4808,0.525,1556,2095,0.743,832,2766,3598,1832,628,373,1204,1638,8937,82,19705,3298,7194,0.458,881,2477,0.356,2417,4717,0.512,1457,1864,0.782,871,2706,3577,2015,699,462,1154,1803,8934,27.0,42.0,40.0,41,41,0.04,0.11,0.15,110.3,110.2,0.1,98.7,0.299,0.314,0.564,0.527,13.2,23.5,0.222,0.52,12.6,76.1,0.203,STAPLES Center,697812.0,17020.0,82,19705,0.471,11.8,0.686,0.347,0.164,0.083,0.091,0.314,0.525,0.659,0.378,0.424,0.378,0.354,0.502,0.726,0.082,512,0.301,1153,0.219,0.338,15.0,1.0,82,19705,0.458,13.4,0.656,0.279,0.139,0.109,0.128,0.344,0.512,0.658,0.391,0.424,0.403,0.356,0.54,0.806,0.058,372,0.252,1027,0.233,0.387,111.06,111.0,0.07
2017-18,Los Angeles Lakers,82,242.7,40.7,88.4,0.461,10.0,29.1,0.345,30.7,59.3,0.517,16.6,23.3,0.714,10.7,35.7,46.4,23.8,7.7,4.7,15.8,21.2,108.1,82,242.7,41.0,89.9,0.456,10.4,30.1,0.346,30.6,59.8,0.512,17.1,22.5,0.761,10.2,34.6,44.8,23.6,8.3,5.5,14.3,20.5,109.6,82,19905,3338,7248,0.461,822,2384,0.345,2516,4864,0.517,1364,1910,0.714,876,2927,3803,1949,633,388,1295,1736,8862,82,19905,3366,7374,0.456,855,2469,0.346,2511,4905,0.512,1402,1843,0.761,840,2835,3675,1932,682,447,1170,1679,8989,23.7,35.0,47.0,37,45,-1.55,0.11,-1.44,106.5,108.0,-1.5,100.3,0.264,0.329,0.548,0.517,13.8,23.6,0.188,0.514,12.5,77.7,0.19,STAPLES Center,776327.0,18935.0,82,19905,0.461,12.4,0.671,0.321,0.168,0.086,0.096,0.329,0.517,0.67,0.39,0.354,0.378,0.345,0.492,0.865,0.059,385,0.299,1253,0.159,0.372,17.0,0.0,82,19905,0.456,12.9,0.665,0.304,0.156,0.092,0.113,0.335,0.512,0.648,0.393,0.399,0.403,0.346,0.495,0.806,0.059,384,0.28,1142,0.196,0.364,106.96,108.39,-1.43
2017-18,Memphis Grizzlies,82,240.3,36.7,82.8,0.444,9.2,26.2,0.352,27.5,56.5,0.486,16.6,21.1,0.786,9.5,31.0,40.5,21.5,7.5,4.8,15.0,23.2,99.3,82,240.3,37.1,80.3,0.462,10.7,29.0,0.368,26.5,51.3,0.516,20.6,26.8,0.769,9.5,33.0,42.5,22.1,8.1,5.1,14.8,20.4,105.5,82,19705,3013,6788,0.444,758,2152,0.352,2255,4636,0.486,1361,1732,0.786,779,2544,3323,1767,613,396,1227,1900,8145,82,19705,3046,6587,0.462,874,2377,0.368,2172,4210,0.516,1688,2196,0.769,782,2703,3485,1816,662,421,1211,1674,8654,26.0,22.0,60.0,25,57,-6.21,0.39,-5.81,104.5,111.0,-6.5,94.9,0.255,0.317,0.539,0.5,14.0,22.4,0.201,0.529,13.8,76.5,0.256,FedEx Forum,653863.0,15948.0,82,19705,0.444,12.8,0.683,0.312,0.139,0.1,0.132,0.317,0.486,0.62,0.352,0.372,0.398,0.352,0.51,0.815,0.049,296,0.304,1087,0.189,0.35,26.0,0.0,82,19705,0.462,13.3,0.639,0.296,0.131,0.102,0.111,0.361,0.516,0.659,0.39,0.4,0.39,0.368,0.501,0.833,0.059,353,0.268,993,0.223,0.425,105.44,111.59,-6.15
2017-18,Miami Heat,82,243.0,38.8,85.3,0.455,11.0,30.6,0.36,27.8,54.8,0.508,14.7,19.5,0.755,9.3,34.2,43.5,22.7,7.6,5.3,14.4,20.1,103.4,82,243.0,37.7,83.8,0.45,9.6,26.6,0.36,28.1,57.2,0.491,18.0,23.0,0.783,9.1,34.0,43.1,21.0,7.5,4.6,14.1,19.4,102.9,82,19930,3184,6997,0.455,903,2506,0.36,2281,4491,0.508,1209,1601,0.755,763,2801,3564,1862,620,437,1178,1648,8480,82,19930,3090,6873,0.45,785,2181,0.36,2305,4692,0.491,1476,1885,0.783,744,2791,3535,1720,616,378,1160,1587,8441,26.5,44.0,38.0,42,40,0.48,-0.33,0.15,106.8,106.3,0.5,95.6,0.229,0.358,0.551,0.52,13.3,21.5,0.173,0.507,13.1,79.0,0.215,AmericanAirlines Arena,804850.0,19630.0,82,19930,0.455,13.2,0.642,0.28,0.163,0.095,0.104,0.358,0.508,0.657,0.416,0.383,0.366,0.36,0.457,0.908,0.053,336,0.268,1067,0.256,0.388,18.0,0.0,82,19930,0.45,12.7,0.683,0.279,0.188,0.102,0.113,0.317,0.491,0.621,0.392,0.399,0.422,0.36,0.467,0.82,0.05,307,0.273,995,0.199,0.363,107.47,107.28,0.18
2017-18,Milwaukee Bucks,82,241.8,39.7,83.0,0.478,8.8,24.7,0.355,31.0,58.3,0.531,18.3,23.4,0.783,8.4,31.5,39.8,23.2,8.8,5.4,13.8,21.4,106.5,82,241.8,39.1,83.7,0.468,10.1,27.1,0.372,29.0,56.6,0.513,18.4,23.5,0.783,10.0,32.8,42.7,23.6,7.1,4.5,15.6,19.9,106.8,82,19830,3257,6807,0.478,718,2024,0.355,2539,4783,0.531,1499,1915,0.783,688,2579,3267,1905,722,443,1135,1752,8731,82,19830,3209,6864,0.468,829,2226,0.372,2380,4638,0.513,1509,1926,0.783,817,2686,3503,1939,585,366,1279,1633,8756,25.9,44.0,38.0,40,42,-0.3,-0.15,-0.45,109.8,110.1,-0.3,96.3,0.281,0.297,0.571,0.531,12.9,20.4,0.22,0.528,14.2,75.9,0.22,BMO Harris Bradley Center,685303.0,16856.0,82,19830,0.478,12.4,0.703,0.31,0.152,0.114,0.127,0.297,0.531,0.685,0.373,0.463,0.406,0.355,0.501,0.883,0.068,419,0.279,1065,0.263,0.405,12.0,0.0,82,19830,0.468,12.5,0.676,0.327,0.145,0.1,0.103,0.324,0.513,0.675,0.329,0.402,0.367,0.372,0.519,0.848,0.058,349,0.316,1189,0.222,0.417,110.7,111.16,-0.46
2017-18,Minnesota Timberwolves,82,241.5,41.0,86.1,0.476,8.0,22.5,0.357,33.0,63.6,0.519,19.4,24.1,0.804,10.3,31.6,42.0,22.7,8.4,4.2,12.5,18.2,109.5,82,241.5,40.2,84.7,0.475,10.9,29.6,0.366,29.4,55.0,0.534,16.0,20.5,0.779,9.8,32.0,41.8,23.9,6.5,4.7,15.1,20.9,107.3,82,19805,3365,7063,0.476,658,1845,0.357,2707,5218,0.519,1592,1980,0.804,848,2593,3441,1861,689,345,1021,1495,8980,82,19805,3298,6942,0.475,890,2431,0.366,2408,4511,0.534,1311,1683,0.779,803,2626,3429,1962,529,382,1238,1711,8797,27.1,47.0,35.0,47,35,2.23,0.12,2.35,113.4,111.1,2.3,96.0,0.28,0.261,0.566,0.523,11.4,24.4,0.225,0.539,13.9,76.4,0.189,Target Center,699308.0,17056.0,82,19805,0.476,12.3,0.739,0.264,0.196,0.129,0.15,0.261,0.519,0.69,0.433,0.432,0.403,0.357,0.487,0.825,0.053,343,0.255,1029,0.226,0.403,12.0,0.0,82,19805,0.475,13.1,0.65,0.297,0.141,0.095,0.116,0.35,0.534,0.69,0.393,0.404,0.416,0.366,0.504,0.84,0.06,392,0.273,1112,0.228,0.374,114.41,111.91,2.5
2017-18,New Orleans Pelicans,82,243.4,42.7,88.3,0.483,10.2,28.2,0.362,32.5,60.1,0.54,16.1,20.9,0.772,8.7,35.7,44.3,26.8,8.0,5.9,14.9,19.1,111.7,82,243.4,41.7,91.9,0.454,10.9,30.6,0.355,30.9,61.3,0.503,16.1,20.5,0.784,10.8,34.7,45.5,23.7,8.2,4.2,14.5,20.4,110.4,82,19955,3500,7241,0.483,837,2312,0.362,2663,4929,0.54,1324,1716,0.772,712,2924,3636,2195,657,485,1223,1570,9161,82,19955,3423,7539,0.454,891,2509,0.355,2532,5030,0.503,1317,1679,0.784,887,2843,3730,1947,670,344,1186,1669,9054,27.6,48.0,34.0,44,38,1.3,0.18,1.48,109.6,108.3,1.3,100.5,0.237,0.319,0.573,0.541,13.3,20.0,0.183,0.513,12.5,76.7,0.175,Smoothie King Center,673920.0,16437.0,82,19955,0.483,12.5,0.681,0.295,0.179,0.099,0.109,0.319,0.54,0.667,0.475,0.441,0.396,0.362,0.549,0.876,0.054,362,0.307,1294,0.233,0.399,14.0,0.0,82,19955,0.454,13.3,0.667,0.278,0.155,0.109,0.125,0.333,0.503,0.65,0.41,0.399,0.385,0.355,0.476,0.833,0.056,376,0.277,1129,0.201,0.379,110.37,108.95,1.42
2017-18,New York Knicks,82,241.8,40.7,87.7,0.464,8.2,23.3,0.352,32.5,64.4,0.504,14.9,19.0,0.787,10.5,33.6,44.0,23.3,6.7,5.1,14.7,20.5,104.5,82,241.8,39.4,86.3,0.457,11.2,30.4,0.368,28.2,55.9,0.505,18.0,23.2,0.774,10.2,33.0,43.2,24.0,8.2,4.7,13.3,18.4,108.0,82,19830,3334,7193,0.464,673,1914,0.352,2661,5279,0.504,1225,1557,0.787,859,2752,3611,1912,552,421,1208,1682,8566,82,19830,3233,7078,0.457,917,2494,0.368,2316,4584,0.505,1475,1906,0.774,838,2702,3540,1965,670,389,1094,1509,8858,26.3,29.0,53.0,32,50,-3.56,0.03,-3.53,107.1,110.7,-3.6,96.8,0.216,0.266,0.544,0.51,13.3,24.1,0.17,0.522,12.1,76.7,0.208,Madison Square Garden (IV),792608.0,19332.0,82,19830,0.464,12.7,0.734,0.278,0.156,0.14,0.159,0.266,0.504,0.656,0.398,0.442,0.399,0.352,0.499,0.869,0.04,259,0.276,1119,0.194,0.406,20.0,0.0,82,19830,0.457,13.3,0.648,0.291,0.142,0.093,0.121,0.352,0.505,0.63,0.387,0.411,0.418,0.368,0.513,0.848,0.059,359,0.271,1016,0.243,0.405,107.77,111.38,-3.61
2017-18,Oklahoma City Thunder,82,241.8,39.9,88.1,0.453,10.7,30.4,0.354,29.1,57.7,0.505,17.3,24.2,0.716,12.5,32.6,45.1,21.3,9.1,5.0,14.0,20.2,107.9,82,241.8,38.5,84.0,0.458,11.2,30.6,0.367,27.3,53.4,0.511,16.2,21.1,0.769,9.5,32.6,42.2,23.3,7.7,4.6,16.0,21.3,104.4,82,19830,3271,7221,0.453,881,2491,0.354,2390,4730,0.505,1421,1985,0.716,1024,2671,3695,1750,743,412,1147,1653,8844,82,19830,3156,6885,0.458,920,2507,0.367,2236,4378,0.511,1332,1733,0.769,781,2676,3457,1911,630,377,1314,1750,8564,27.3,48.0,34.0,50,32,3.41,0.0,3.42,110.7,107.2,3.5,96.7,0.275,0.345,0.546,0.514,12.4,27.7,0.197,0.525,14.7,77.4,0.193,Chesapeake Energy Arena,746322.0,18203.0,82,19830,0.453,13.2,0.655,0.315,0.096,0.105,0.138,0.345,0.505,0.639,0.367,0.404,0.375,0.354,0.426,0.831,0.067,408,0.272,1082,0.239,0.372,21.0,0.0,82,19830,0.458,13.1,0.636,0.302,0.144,0.096,0.094,0.364,0.511,0.647,0.372,0.425,0.375,0.367,0.508,0.842,0.059,349,0.27,1020,0.239,0.402,111.5,108.03,3.47
2017-18,Orlando Magic,82,240.6,38.8,85.9,0.452,10.3,29.3,0.351,28.5,56.5,0.504,15.5,20.5,0.757,8.8,32.8,41.6,23.4,7.6,4.9,14.5,19.3,103.4,82,240.6,40.9,87.5,0.468,10.0,27.6,0.362,30.9,60.0,0.516,16.4,21.2,0.773,10.6,35.3,45.9,24.4,7.8,4.9,14.2,19.0,108.2,82,19730,3182,7042,0.452,844,2405,0.351,2338,4637,0.504,1271,1678,0.757,722,2692,3414,1921,622,400,1192,1579,8479,82,19730,3355,7176,0.468,819,2260,0.362,2536,4916,0.516,1345,1741,0.773,868,2892,3760,1998,639,402,1166,1556,8874,25.6,25.0,57.0,28,54,-4.82,-0.1,-4.92,105.2,110.1,-4.9,98.1,0.238,0.342,0.545,0.512,13.3,20.0,0.18,0.525,12.8,75.6,0.187,Amway Center,734531.0,17915.0,82,19730,0.452,13.3,0.658,0.259,0.18,0.108,0.112,0.342,0.504,0.688,0.398,0.347,0.403,0.351,0.515,0.851,0.052,335,0.272,1088,0.178,0.374,8.0,0.0,82,19730,0.468,12.7,0.685,0.28,0.18,0.1,0.126,0.315,0.516,0.678,0.392,0.441,0.391,0.362,0.519,0.834,0.057,365,0.296,1189,0.23,0.426,105.77,110.88,-5.11
2017-18,Philadelphia 76ers,82,241.2,40.8,86.6,0.472,11.0,29.8,0.369,29.9,56.7,0.526,17.1,22.8,0.752,10.9,36.5,47.4,27.1,8.3,5.1,16.5,22.1,109.8,82,241.2,38.0,87.6,0.434,10.1,29.6,0.342,27.9,58.0,0.482,19.1,25.6,0.745,10.0,32.2,42.2,21.7,8.5,5.1,14.3,20.4,105.3,82,19780,3349,7098,0.472,901,2445,0.369,2448,4653,0.526,1405,1868,0.752,893,2996,3889,2221,682,420,1353,1811,9004,82,19780,3120,7185,0.434,829,2427,0.342,2291,4758,0.482,1566,2102,0.745,818,2641,3459,1782,697,417,1173,1670,8635,25.8,52.0,30.0,53,29,4.5,-0.2,4.3,109.5,105.0,4.5,99.8,0.263,0.344,0.568,0.535,14.6,25.3,0.198,0.492,12.6,78.6,0.218,Wells Fargo Center,833503.0,20361.0,82,19780,0.472,13.3,0.656,0.272,0.168,0.109,0.107,0.344,0.526,0.702,0.401,0.383,0.421,0.369,0.556,0.954,0.06,386,0.27,1105,0.151,0.397,20.0,0.0,82,19780,0.434,13.6,0.662,0.239,0.176,0.119,0.128,0.338,0.482,0.661,0.357,0.408,0.387,0.342,0.486,0.807,0.049,315,0.255,936,0.187,0.385,110.12,105.81,4.31
2017-18,Phoenix Suns,82,240.3,38.5,87.1,0.442,9.3,27.9,0.334,29.1,59.2,0.492,17.7,23.9,0.741,10.3,33.9,44.1,21.3,6.9,4.5,15.7,22.0,103.9,82,240.3,41.8,88.7,0.471,10.9,29.2,0.373,30.9,59.5,0.519,18.8,24.6,0.766,10.4,35.4,45.9,23.3,8.7,6.0,13.4,20.9,113.3,82,19705,3153,7141,0.442,763,2286,0.334,2390,4855,0.492,1453,1962,0.741,842,2776,3618,1743,569,370,1289,1807,8522,82,19705,3426,7274,0.471,895,2398,0.373,2531,4876,0.519,1543,2014,0.766,855,2906,3761,1910,712,488,1098,1715,9290,23.7,21.0,61.0,19,63,-9.37,0.57,-8.8,103.5,112.9,-9.4,100.3,0.275,0.32,0.532,0.495,13.9,22.5,0.203,0.533,11.9,76.5,0.212,Talking Stick Resort Arena,690576.0,16843.0,82,19705,0.442,12.5,0.68,0.313,0.145,0.115,0.107,0.32,0.492,0.618,0.387,0.399,0.369,0.334,0.467,0.823,0.063,387,0.293,1079,0.209,0.366,16.0,0.0,82,19705,0.471,13.0,0.67,0.306,0.133,0.106,0.125,0.33,0.519,0.639,0.417,0.441,0.4,0.373,0.466,0.817,0.054,352,0.277,1126,0.19,0.401,104.5,113.19,-8.69
2017-18,Portland Trail Blazers,82,240.9,39.3,87.0,0.452,10.3,28.1,0.366,29.0,58.8,0.493,16.7,20.9,0.8,10.2,35.3,45.5,19.5,7.0,5.2,13.5,19.5,105.6,82,240.9,38.4,85.9,0.447,9.7,26.6,0.364,28.7,59.3,0.484,16.6,22.0,0.755,9.3,33.6,42.9,20.2,7.3,5.1,12.6,19.1,103.0,82,19755,3222,7132,0.452,845,2308,0.366,2377,4824,0.493,1372,1715,0.8,835,2893,3728,1599,573,423,1109,1599,8661,82,19755,3146,7042,0.447,794,2179,0.364,2352,4863,0.484,1362,1803,0.755,763,2755,3518,1655,602,418,1036,1564,8448,25.6,49.0,33.0,48,34,2.6,0.0,2.6,109.1,106.4,2.7,96.5,0.24,0.324,0.549,0.511,12.3,23.3,0.192,0.503,11.7,79.1,0.193,Moda Center,795750.0,19409.0,82,19755,0.452,13.0,0.676,0.283,0.155,0.111,0.127,0.324,0.493,0.609,0.383,0.434,0.418,0.366,0.416,0.721,0.039,246,0.266,998,0.175,0.386,4.0,0.0,82,19755,0.447,12.9,0.691,0.281,0.152,0.121,0.136,0.309,0.484,0.582,0.415,0.409,0.425,0.364,0.427,0.819,0.037,219,0.267,976,0.186,0.405,109.44,106.79,2.66
2017-18,Sacramento Kings,82,240.9,38.8,86.1,0.45,9.0,24.0,0.375,29.8,62.1,0.479,12.3,16.7,0.735,9.5,31.4,40.9,21.6,7.8,4.1,13.7,20.0,98.8,82,240.9,38.7,82.4,0.47,11.9,31.5,0.377,26.8,50.9,0.527,16.4,21.5,0.765,9.1,34.7,43.8,23.6,7.8,4.7,14.3,17.3,105.8,82,19755,3179,7063,0.45,738,1967,0.375,2441,5096,0.479,1008,1371,0.735,777,2578,3355,1768,643,340,1125,1639,8104,82,19755,3177,6759,0.47,976,2586,0.377,2201,4173,0.527,1347,1760,0.765,745,2843,3588,1939,636,389,1175,1422,8677,26.4,27.0,55.0,23,59,-6.99,0.39,-6.6,103.7,111.1,-7.4,94.9,0.194,0.278,0.529,0.502,12.8,21.5,0.143,0.542,13.5,77.6,0.199,Golden 1 Center,714680.0,17431.0,82,19755,0.45,12.9,0.722,0.242,0.205,0.115,0.159,0.278,0.479,0.642,0.395,0.385,0.407,0.375,0.477,0.817,0.045,290,0.248,907,0.2,0.409,25.0,0.0,82,19755,0.47,13.8,0.617,0.26,0.166,0.081,0.11,0.383,0.527,0.685,0.424,0.416,0.396,0.377,0.514,0.828,0.052,319,0.271,1037,0.205,0.405,104.6,111.62,-7.02
2017-18,San Antonio Spurs,82,240.6,39.0,85.4,0.457,8.5,24.1,0.352,30.6,61.2,0.499,16.1,20.9,0.772,10.4,33.9,44.2,22.8,7.7,5.6,13.1,17.2,102.7,82,240.6,38.2,84.3,0.453,9.1,26.3,0.348,29.0,58.0,0.501,14.3,18.9,0.759,9.2,33.3,42.5,21.8,7.6,3.9,14.1,19.7,99.8,82,19730,3202,6999,0.457,696,1977,0.352,2506,5022,0.499,1324,1715,0.772,849,2777,3626,1868,628,460,1078,1408,8424,82,19730,3131,6911,0.453,750,2154,0.348,2381,4757,0.501,1175,1549,0.759,756,2731,3487,1786,622,318,1155,1619,8187,29.3,47.0,35.0,49,33,2.89,0.0,2.89,107.9,104.8,3.1,95.0,0.245,0.282,0.543,0.507,12.2,23.7,0.189,0.507,13.2,78.6,0.17,AT&T Center,754562.0,18404.0,82,19730,0.457,12.7,0.718,0.261,0.169,0.143,0.144,0.282,0.499,0.66,0.406,0.416,0.4,0.352,0.497,0.897,0.031,192,0.263,1080,0.235,0.4,16.0,0.0,82,19730,0.453,12.8,0.688,0.281,0.161,0.121,0.125,0.312,0.501,0.634,0.396,0.425,0.409,0.348,0.49,0.827,0.055,337,0.267,968,0.213,0.358,108.35,105.23,3.12
2017-18,Toronto Raptors,82,241.8,41.3,87.4,0.472,11.8,33.0,0.358,29.5,54.4,0.541,17.3,21.8,0.794,9.8,34.2,44.0,24.3,7.6,6.1,13.4,21.7,111.7,82,241.8,38.4,85.6,0.449,8.9,25.0,0.357,29.5,60.6,0.486,18.2,23.7,0.767,9.8,32.6,42.4,21.8,7.2,4.9,14.3,19.9,103.9,82,19830,3383,7169,0.472,968,2705,0.358,2415,4464,0.541,1422,1790,0.794,800,2807,3607,1995,626,500,1095,1783,9156,82,19830,3149,7017,0.449,731,2046,0.357,2418,4971,0.486,1489,1941,0.767,806,2672,3478,1785,588,401,1176,1633,8518,25.8,59.0,23.0,60,22,7.78,-0.49,7.29,113.8,105.9,7.9,97.4,0.25,0.377,0.575,0.539,12.1,23.0,0.198,0.501,13.0,77.7,0.212,Air Canada Centre,813431.0,19840.0,82,19830,0.472,13.2,0.623,0.291,0.16,0.098,0.074,0.377,0.541,0.681,0.414,0.428,0.419,0.358,0.499,0.816,0.05,338,0.272,1114,0.243,0.396,19.0,1.0,82,19830,0.449,12.2,0.708,0.298,0.177,0.121,0.112,0.292,0.486,0.617,0.359,0.432,0.401,0.357,0.493,0.813,0.05,300,0.287,1039,0.196,0.363,114.5,106.96,7.54
2017-18,Utah Jazz,82,240.9,38.3,82.9,0.462,10.8,29.6,0.366,27.5,53.3,0.515,16.8,21.5,0.779,9.0,34.2,43.3,22.4,8.6,5.1,14.7,19.6,104.1,82,240.9,37.3,83.0,0.449,9.5,26.0,0.365,27.8,57.0,0.488,15.8,20.5,0.771,8.7,33.0,41.6,20.0,8.3,4.6,14.9,20.5,99.8,82,19755,3139,6797,0.462,887,2425,0.366,2252,4372,0.515,1375,1766,0.779,740,2807,3547,1839,708,420,1205,1608,8540,82,19755,3057,6804,0.449,778,2131,0.365,2279,4673,0.488,1295,1680,0.771,710,2702,3412,1636,678,380,1224,1683,8187,26.7,48.0,34.0,53,29,4.3,0.17,4.47,108.4,103.9,4.5,95.7,0.26,0.357,0.564,0.527,13.7,21.5,0.202,0.506,14.0,79.8,0.19,Vivint Smart Home Arena,734806.0,17922.0,82,19755,0.462,13.2,0.643,0.284,0.151,0.1,0.108,0.357,0.515,0.674,0.37,0.398,0.408,0.366,0.5,0.805,0.069,434,0.273,994,0.268,0.418,14.0,0.0,82,19755,0.449,13.1,0.687,0.254,0.179,0.123,0.131,0.313,0.488,0.655,0.384,0.376,0.409,0.365,0.444,0.801,0.052,316,0.26,943,0.183,0.404,108.92,104.24,4.68
2017-18,Washington Wizards,82,242.1,39.9,85.6,0.467,9.9,26.5,0.375,30.0,59.1,0.508,16.8,21.8,0.772,10.0,33.1,43.1,25.2,7.9,4.3,14.6,21.3,106.6,82,242.1,39.0,84.4,0.462,10.2,29.2,0.349,28.8,55.2,0.522,17.9,23.5,0.761,9.8,32.7,42.5,22.3,7.8,4.7,14.9,20.0,106.0,82,19855,3275,7018,0.467,814,2173,0.375,2461,4845,0.508,1378,1786,0.772,823,2713,3536,2065,645,353,1196,1746,8742,82,19855,3195,6918,0.462,835,2393,0.349,2360,4525,0.522,1469,1931,0.761,805,2682,3487,1831,641,383,1223,1639,8694,26.9,43.0,39.0,43,39,0.59,-0.06,0.53,109.3,108.7,0.6,96.6,0.254,0.31,0.56,0.525,13.3,23.5,0.196,0.522,13.6,77.1,0.212,Capital One Arena,739302.0,18032.0,82,19855,0.467,13.4,0.69,0.243,0.159,0.139,0.149,0.31,0.508,0.673,0.418,0.436,0.405,0.375,0.548,0.88,0.042,248,0.252,1008,0.192,0.376,17.0,0.0,82,19855,0.462,13.3,0.654,0.279,0.154,0.1,0.12,0.346,0.522,0.695,0.392,0.388,0.399,0.349,0.49,0.808,0.055,355,0.286,1118,0.192,0.364,110.0,109.49,0.5
2018-19,Atlanta Hawks,82,242.1,41.4,91.8,0.451,13.0,37.0,0.352,28.4,54.8,0.518,17.6,23.4,0.752,11.6,34.5,46.1,25.8,8.2,5.1,17.0,23.6,113.3,82,242.1,42.8,90.5,0.473,12.4,34.4,0.359,30.4,56.1,0.543,21.5,28.3,0.758,10.6,35.4,46.0,26.9,9.9,5.5,15.0,22.2,119.4,82,19855,3392,7524,0.451,1067,3034,0.352,2325,4490,0.518,1443,1918,0.752,955,2825,3780,2118,675,419,1397,1932,9294,82,19855,3508,7417,0.473,1013,2820,0.359,2495,4597,0.543,1759,2321,0.758,871,2904,3775,2202,810,448,1234,1817,9788,25.1,29.0,53.0,27,55,-6.02,-0.04,-6.06,108.1,113.9,-5.8,103.9,0.255,0.403,0.555,0.522,14.3,24.7,0.192,0.541,12.8,76.4,0.237,State Farm Arena,628440.0,15328.0,82,19855,0.451,13.6,0.597,0.332,0.134,0.083,0.047,0.403,0.518,0.64,0.356,0.374,0.374,0.352,0.533,0.824,0.081,528,0.306,1175,0.245,0.393,21.0,0.0,82,19855,0.473,13.8,0.62,0.307,0.127,0.089,0.096,0.38,0.543,0.658,0.431,0.429,0.429,0.359,0.543,0.837,0.058,380,0.289,1184,0.234,0.381,108.83,114.59,-5.76
2018-19,Boston Celtics,82,241.2,42.1,90.5,0.465,12.6,34.5,0.365,29.5,56.0,0.527,15.6,19.5,0.802,9.8,34.7,44.5,26.3,8.6,5.3,12.8,20.4,112.4,82,241.2,39.5,88.1,0.448,11.5,33.5,0.344,28.0,54.6,0.513,17.4,22.8,0.764,10.4,35.5,45.9,23.7,6.8,3.9,15.1,19.5,108.0,82,19780,3451,7423,0.465,1032,2829,0.365,2419,4594,0.527,1282,1598,0.802,804,2849,3653,2155,706,435,1052,1670,9216,82,19780,3239,7222,0.448,944,2748,0.344,2295,4474,0.513,1430,1872,0.764,852,2912,3764,1940,556,317,1241,1602,8852,25.7,49.0,33.0,52,30,4.44,-0.54,3.9,112.2,107.8,4.4,99.6,0.215,0.381,0.567,0.534,11.5,21.6,0.173,0.514,13.4,77.0,0.198,TD Garden,763584.0,18624.0,82,19780,0.465,14.5,0.619,0.248,0.147,0.114,0.109,0.381,0.527,0.677,0.42,0.448,0.41,0.365,0.527,0.854,0.051,337,0.247,1028,0.196,0.355,7.0,0.0,82,19780,0.448,14.0,0.619,0.266,0.183,0.086,0.085,0.381,0.513,0.659,0.411,0.38,0.411,0.344,0.498,0.844,0.051,333,0.279,1087,0.205,0.38,112.57,108.69,3.88
2018-19,Brooklyn Nets,82,243.7,40.3,89.7,0.449,12.8,36.2,0.353,27.5,53.6,0.513,19.0,25.5,0.745,11.0,35.6,46.6,23.8,6.6,4.1,15.1,21.5,112.2,82,243.7,42.2,92.5,0.456,10.3,30.3,0.341,31.9,62.1,0.513,17.6,22.8,0.77,11.0,35.2,46.2,23.7,7.8,5.3,13.5,22.0,112.3,82,19980,3301,7358,0.449,1047,2965,0.353,2254,4393,0.513,1555,2088,0.745,900,2919,3819,1954,539,339,1236,1763,9204,82,19980,3460,7581,0.456,848,2486,0.341,2612,5095,0.513,1442,1872,0.77,902,2889,3791,1944,638,432,1104,1807,9210,25.4,42.0,40.0,41,41,-0.07,-0.33,-0.4,109.6,109.7,-0.1,100.8,0.284,0.403,0.556,0.52,13.0,23.8,0.211,0.512,11.6,76.4,0.19,Barclays Center,612597.0,14941.0,82,19980,0.449,13.7,0.597,0.299,0.166,0.084,0.048,0.403,0.513,0.639,0.373,0.423,0.366,0.353,0.508,0.774,0.051,326,0.309,1207,0.185,0.377,14.0,1.0,82,19980,0.456,13.4,0.672,0.274,0.174,0.119,0.105,0.328,0.513,0.641,0.425,0.466,0.375,0.341,0.489,0.788,0.051,331,0.27,1113,0.196,0.342,110.15,110.56,-0.41
2018-19,Charlotte Hornets,82,241.8,40.2,89.8,0.448,11.9,33.9,0.351,28.3,55.8,0.507,18.4,23.1,0.797,9.9,33.9,43.8,23.2,7.2,4.9,12.2,18.9,110.7,82,241.8,41.9,89.2,0.47,12.1,33.5,0.361,29.8,55.6,0.536,15.9,20.2,0.787,10.1,35.7,45.8,26.0,6.9,6.0,13.5,20.6,111.8,82,19830,3297,7362,0.448,977,2783,0.351,2320,4579,0.507,1510,1895,0.797,814,2778,3592,1905,591,405,1001,1550,9081,82,19830,3436,7311,0.47,992,2748,0.361,2444,4563,0.536,1307,1660,0.787,825,2931,3756,2133,565,492,1109,1686,9171,26.6,39.0,43.0,38,44,-1.1,-0.22,-1.32,111.4,112.5,-1.1,98.7,0.257,0.378,0.554,0.514,10.9,21.7,0.205,0.538,12.1,77.1,0.179,Spectrum Center,676570.0,16502.0,82,19830,0.448,13.9,0.622,0.289,0.165,0.083,0.084,0.378,0.507,0.625,0.387,0.44,0.401,0.351,0.494,0.777,0.041,264,0.305,1181,0.194,0.415,37.0,2.0,82,19830,0.47,13.7,0.624,0.308,0.143,0.083,0.091,0.376,0.536,0.669,0.396,0.412,0.416,0.361,0.522,0.865,0.065,433,0.289,1169,0.214,0.422,112.11,113.41,-1.3
2018-19,Chicago Bulls,82,242.7,39.8,87.9,0.453,9.1,25.9,0.351,30.7,62.0,0.496,16.2,20.7,0.783,8.8,34.1,42.9,21.9,7.4,4.3,14.1,20.3,104.9,82,242.7,42.2,89.2,0.473,12.1,33.0,0.365,30.2,56.2,0.537,16.8,22.0,0.763,10.0,36.4,46.4,25.5,7.3,5.8,13.3,18.7,113.4,82,19905,3266,7205,0.453,745,2123,0.351,2521,5082,0.496,1328,1695,0.783,718,2799,3517,1796,603,351,1159,1663,8605,82,19905,3464,7316,0.473,990,2709,0.365,2474,4607,0.537,1377,1805,0.763,824,2984,3808,2094,600,473,1092,1534,9295,24.0,22.0,60.0,21,61,-8.41,0.1,-8.32,104.8,113.2,-8.4,99.0,0.235,0.295,0.541,0.505,12.7,19.4,0.184,0.541,11.9,77.3,0.188,United Center,823475.0,20085.0,82,19905,0.453,12.4,0.705,0.31,0.191,0.104,0.101,0.295,0.496,0.627,0.408,0.392,0.368,0.351,0.465,0.838,0.052,340,0.295,1112,0.218,0.4,14.0,0.0,82,19905,0.473,13.7,0.63,0.301,0.149,0.085,0.095,0.37,0.537,0.669,0.41,0.428,0.417,0.365,0.522,0.811,0.058,386,0.283,1154,0.205,0.41,105.49,113.9,-8.41
2018-19,Cleveland Cavaliers,82,240.9,38.9,87.6,0.444,10.3,29.1,0.355,28.6,58.5,0.488,16.4,20.7,0.792,10.7,31.9,42.7,20.7,6.5,2.4,13.5,20.0,104.5,82,240.9,43.2,87.2,0.495,12.0,31.6,0.38,31.2,55.6,0.561,15.8,20.5,0.77,9.5,34.6,44.1,25.7,6.9,5.6,12.5,19.4,114.1,82,19755,3189,7184,0.444,847,2388,0.355,2342,4796,0.488,1342,1694,0.792,879,2619,3498,1698,534,195,1106,1642,8567,82,19755,3539,7148,0.495,984,2590,0.38,2555,4558,0.561,1293,1680,0.77,782,2835,3617,2107,568,459,1022,1592,9355,25.2,19.0,63.0,19,63,-9.61,0.22,-9.39,107.7,117.6,-9.9,96.6,0.236,0.332,0.54,0.503,12.2,23.7,0.187,0.564,11.5,77.0,0.181,Quicken Loans Arena,793337.0,19350.0,82,19755,0.444,13.4,0.668,0.277,0.171,0.114,0.105,0.332,0.488,0.619,0.39,0.411,0.387,0.355,0.435,0.802,0.04,248,0.272,1042,0.207,0.36,11.0,0.0,82,19755,0.495,13.7,0.638,0.305,0.137,0.101,0.095,0.362,0.561,0.699,0.429,0.439,0.433,0.38,0.512,0.812,0.066,437,0.269,1182,0.221,0.407,108.83,118.64,-9.82
2018-19,Dallas Mavericks,82,241.2,38.8,86.9,0.447,12.5,36.6,0.34,26.3,50.2,0.524,18.8,25.3,0.742,10.1,35.2,45.3,23.4,6.5,4.3,14.2,20.1,108.9,82,241.2,40.9,89.2,0.459,11.2,32.5,0.344,29.7,56.7,0.525,17.1,22.0,0.777,10.2,34.6,44.8,24.5,7.8,4.5,13.0,23.2,110.1,82,19780,3182,7122,0.447,1022,3002,0.34,2160,4120,0.524,1541,2076,0.742,832,2884,3716,1918,533,351,1167,1650,8927,82,19780,3357,7315,0.459,918,2667,0.344,2439,4648,0.525,1400,1802,0.777,836,2840,3676,2011,643,368,1065,1905,9032,26.9,33.0,49.0,38,44,-1.28,0.42,-0.87,109.4,110.7,-1.3,99.0,0.291,0.422,0.555,0.519,12.7,22.7,0.216,0.522,11.6,77.5,0.191,American Airlines Center,820569.0,20014.0,82,19780,0.447,14.5,0.578,0.268,0.157,0.088,0.065,0.422,0.524,0.677,0.4,0.397,0.371,0.34,0.506,0.806,0.067,428,0.233,917,0.194,0.383,27.0,1.0,82,19780,0.459,13.8,0.635,0.267,0.17,0.1,0.098,0.365,0.525,0.693,0.399,0.396,0.417,0.344,0.516,0.82,0.062,407,0.238,986,0.215,0.361,110.29,111.08,-0.79
2018-19,Denver Nuggets,82,240.6,41.9,90.0,0.466,11.0,31.4,0.351,30.9,58.7,0.527,15.8,20.9,0.755,11.9,34.5,46.4,27.4,7.7,4.4,13.4,20.0,110.7,82,240.6,39.6,86.4,0.458,10.8,31.9,0.339,28.8,54.5,0.528,16.7,22.2,0.753,9.7,32.7,42.5,24.6,7.4,5.0,13.5,20.4,106.7,82,19730,3439,7384,0.466,903,2571,0.351,2536,4813,0.527,1294,1714,0.755,972,2832,3804,2245,634,363,1102,1644,9075,82,19730,3246,7084,0.458,887,2618,0.339,2359,4466,0.528,1372,1822,0.753,799,2685,3484,2016,610,407,1109,1675,8751,24.9,54.0,28.0,51,31,3.95,0.24,4.19,113.0,108.9,4.1,97.7,0.232,0.348,0.558,0.527,11.9,26.6,0.175,0.521,12.3,78.0,0.194,Pepsi Center,756457.0,18450.0,82,19730,0.466,13.1,0.652,0.277,0.203,0.101,0.07,0.348,0.527,0.674,0.407,0.457,0.394,0.351,0.571,0.883,0.053,348,0.27,1103,0.183,0.406,17.0,1.0,82,19730,0.458,13.2,0.63,0.302,0.168,0.084,0.076,0.37,0.528,0.666,0.408,0.428,0.36,0.339,0.543,0.83,0.069,424,0.275,1087,0.254,0.382,113.74,109.35,4.39
2018-19,Detroit Pistons,82,242.1,38.8,88.3,0.44,12.1,34.8,0.348,26.7,53.5,0.5,17.3,23.1,0.747,11.4,33.6,45.0,22.5,6.9,4.0,13.8,22.1,107.0,82,242.1,39.9,85.0,0.469,9.6,27.8,0.345,30.3,57.2,0.53,17.9,23.7,0.755,9.1,34.6,43.7,23.7,6.9,5.1,14.1,21.3,107.3,82,19855,3185,7238,0.44,993,2854,0.348,2192,4384,0.5,1415,1893,0.747,936,2752,3688,1845,569,331,1135,1811,8778,82,19855,3271,6969,0.469,786,2278,0.345,2485,4691,0.53,1470,1947,0.755,747,2834,3581,1940,566,419,1153,1748,8798,26.9,41.0,41.0,40,42,-0.24,-0.31,-0.56,109.0,109.2,-0.2,97.4,0.262,0.394,0.544,0.509,12.3,24.8,0.195,0.526,12.8,78.7,0.211,Little Caesars Arena,675963.0,16487.0,82,19855,0.44,14.0,0.606,0.263,0.197,0.074,0.073,0.394,0.5,0.638,0.396,0.365,0.419,0.348,0.465,0.831,0.044,277,0.304,1133,0.252,0.38,29.0,0.0,82,19855,0.469,13.1,0.673,0.278,0.199,0.103,0.093,0.327,0.53,0.679,0.439,0.428,0.39,0.345,0.522,0.817,0.058,355,0.295,1188,0.21,0.393,109.86,110.38,-0.53
2018-19,Golden State Warriors,82,241.5,44.0,89.8,0.491,13.3,34.4,0.385,30.8,55.3,0.557,16.3,20.4,0.801,9.7,36.5,46.2,29.4,7.6,6.4,14.3,21.4,117.7,82,241.5,40.4,91.1,0.444,11.6,33.6,0.347,28.8,57.5,0.5,18.7,24.2,0.773,10.8,33.5,44.3,24.3,7.7,3.6,13.5,19.5,111.2,82,19805,3612,7361,0.491,1087,2824,0.385,2525,4537,0.557,1339,1672,0.801,797,2990,3787,2413,625,525,1169,1757,9650,82,19805,3315,7471,0.444,955,2753,0.347,2360,4718,0.5,1535,1987,0.773,886,2750,3636,1989,630,295,1105,1601,9120,28.4,57.0,25.0,56,26,6.46,-0.04,6.42,115.9,109.5,6.4,100.9,0.227,0.384,0.596,0.565,12.6,22.5,0.182,0.508,11.7,77.1,0.205,Oracle Arena,803436.0,19596.0,82,19805,0.491,15.2,0.616,0.25,0.107,0.121,0.138,0.384,0.557,0.703,0.433,0.477,0.458,0.385,0.61,0.803,0.074,504,0.216,916,0.195,0.427,19.0,2.0,82,19805,0.444,14.2,0.632,0.245,0.19,0.101,0.095,0.368,0.5,0.681,0.377,0.393,0.394,0.347,0.522,0.794,0.051,354,0.255,1045,0.206,0.363,116.6,110.24,6.37
2018-19,Houston Rockets,82,241.8,39.2,87.4,0.449,16.1,45.4,0.356,23.1,42.0,0.551,19.3,24.4,0.791,10.2,31.9,42.1,21.2,8.5,4.9,13.3,22.0,113.9,82,241.8,40.4,86.7,0.466,10.1,29.8,0.34,30.3,56.9,0.532,18.2,23.7,0.768,11.0,34.5,45.4,23.5,7.4,4.5,15.0,20.0,109.1,82,19830,3218,7163,0.449,1323,3721,0.356,1895,3442,0.551,1582,2001,0.791,836,2613,3449,1741,700,405,1094,1803,9341,82,19830,3313,7106,0.466,831,2444,0.34,2482,4662,0.532,1493,1944,0.768,899,2825,3724,1929,607,369,1232,1640,8950,29.2,53.0,29.0,53,29,4.77,0.19,4.96,115.5,110.7,4.8,97.9,0.279,0.519,0.581,0.542,12.0,22.8,0.221,0.525,13.4,74.4,0.21,Toyota Center,740392.0,18058.0,82,19830,0.449,15.6,0.481,0.261,0.145,0.05,0.025,0.519,0.551,0.67,0.4,0.415,0.452,0.356,0.482,0.626,0.06,392,0.255,969,0.242,0.372,8.0,1.0,82,19830,0.466,13.0,0.656,0.293,0.195,0.094,0.073,0.344,0.532,0.7,0.396,0.421,0.37,0.34,0.504,0.817,0.055,360,0.301,1249,0.264,0.359,116.45,111.43,5.03
2018-19,Indiana Pacers,82,240.3,41.3,87.0,0.475,9.5,25.4,0.374,31.8,61.6,0.517,15.8,21.1,0.752,9.3,33.7,43.0,26.0,8.7,4.9,13.7,19.4,108.0,82,240.3,38.7,86.1,0.45,11.4,32.1,0.354,27.4,54.0,0.507,15.8,21.0,0.756,10.5,33.1,43.7,24.5,7.4,5.2,15.7,20.0,104.7,82,19705,3390,7135,0.475,779,2081,0.374,2611,5054,0.517,1298,1727,0.752,762,2766,3528,2128,713,404,1122,1594,8857,82,19705,3177,7059,0.45,932,2633,0.354,2245,4426,0.507,1298,1718,0.756,862,2718,3580,2006,608,425,1284,1642,8584,27.0,48.0,34.0,50,32,3.33,-0.57,2.76,109.9,106.5,3.4,98.1,0.242,0.292,0.561,0.53,12.4,21.9,0.182,0.516,14.1,76.2,0.184,Bankers Life Fieldhouse,689310.0,16812.0,82,19705,0.475,12.9,0.708,0.311,0.158,0.086,0.152,0.292,0.517,0.651,0.407,0.416,0.414,0.374,0.557,0.864,0.035,224,0.317,1304,0.229,0.432,10.0,1.0,82,19705,0.45,13.8,0.627,0.307,0.146,0.083,0.091,0.373,0.507,0.634,0.378,0.39,0.392,0.354,0.53,0.876,0.061,387,0.275,1034,0.213,0.371,110.31,107.5,2.8
2018-19,League Average,82,241.6,41.1,89.2,0.461,11.4,32.0,0.355,29.7,57.2,0.52,17.7,23.1,0.766,10.3,34.8,45.2,24.6,7.6,5.0,14.1,20.9,111.2,82,241.6,41.1,89.2,0.461,11.4,32.0,0.355,29.7,57.2,0.52,17.7,23.1,0.766,10.3,34.8,45.2,24.6,7.6,5.0,14.1,20.9,111.2,82,19815,3369,7315,0.461,932,2625,0.355,2437,4691,0.52,1450,1892,0.766,848,2855,3704,2016,626,406,1155,1714,9119,82,19815,3369,7315,0.461,932,2625,0.355,2437,4691,0.52,1450,1892,0.766,848,2855,3704,2016,626,406,1155,1714,9119,26.4,,,41,41,0.0,0.0,0.0,110.4,110.4,,100.0,0.259,0.359,0.56,0.524,12.4,22.9,0.198,0.524,12.4,77.1,0.198,,732148.0,17853.0,82,19818,0.461,13.5,0.641,0.292,0.162,0.096,0.092,0.359,0.52,0.658,0.4,0.413,0.401,0.355,0.513,0.823,0.058,380,0.278,1113,0.214,0.383,15.7,0.5,82,19815,0.461,13.5,0.641,0.292,0.162,0.096,0.092,0.359,0.52,0.658,0.4,0.413,0.401,0.355,0.513,0.823,0.058,380,0.278,1113,0.214,0.383,,,
2018-19,Los Angeles Clippers,82,241.8,41.3,87.5,0.471,10.0,25.8,0.388,31.3,61.7,0.507,22.6,28.5,0.792,9.7,35.8,45.5,24.0,6.8,4.7,14.5,23.3,115.1,82,241.8,41.7,91.3,0.457,10.4,30.2,0.343,31.4,61.1,0.513,20.5,26.3,0.777,11.3,34.5,45.7,24.1,8.3,6.1,13.2,24.0,114.3,82,19830,3384,7178,0.471,821,2118,0.388,2563,5060,0.507,1853,2340,0.792,796,2936,3732,1970,561,385,1193,1913,9442,82,19830,3423,7490,0.457,849,2477,0.343,2574,5013,0.513,1677,2159,0.777,925,2826,3751,1976,677,498,1081,1969,9372,27.2,48.0,34.0,43,39,0.85,0.23,1.09,112.4,111.5,0.9,101.7,0.326,0.295,0.575,0.529,12.7,22.0,0.258,0.514,11.4,76.0,0.224,STAPLES Center,710327.0,17325.0,82,19830,0.471,12.4,0.705,0.312,0.182,0.113,0.098,0.295,0.507,0.638,0.397,0.426,0.385,0.388,0.497,0.849,0.063,408,0.288,1081,0.21,0.409,15.0,0.0,82,19830,0.457,13.1,0.669,0.302,0.167,0.109,0.091,0.331,0.513,0.659,0.382,0.393,0.416,0.343,0.504,0.799,0.058,401,0.276,1143,0.176,0.372,113.29,112.22,1.06
2018-19,Los Angeles Lakers,82,241.2,42.6,90.5,0.47,10.3,31.0,0.333,32.2,59.6,0.541,16.3,23.3,0.699,10.2,36.4,46.6,25.6,7.5,5.4,15.7,20.7,111.8,82,241.2,41.9,92.8,0.452,11.8,34.0,0.349,30.1,58.9,0.511,17.8,22.7,0.784,11.3,35.6,46.9,25.0,8.3,5.1,14.2,20.8,113.5,82,19780,3491,7425,0.47,847,2541,0.333,2644,4884,0.541,1336,1910,0.699,835,2985,3820,2096,618,440,1284,1701,9165,82,19780,3438,7610,0.452,971,2784,0.349,2467,4826,0.511,1459,1862,0.784,924,2918,3842,2053,683,421,1167,1706,9306,26.2,37.0,45.0,37,45,-1.72,0.39,-1.33,107.8,109.5,-1.7,103.2,0.257,0.342,0.554,0.527,13.4,22.2,0.18,0.516,12.2,76.4,0.192,STAPLES Center,778877.0,18997.0,82,19780,0.47,12.7,0.658,0.345,0.155,0.078,0.08,0.342,0.541,0.677,0.387,0.372,0.419,0.333,0.539,0.793,0.084,572,0.307,1257,0.208,0.348,11.0,0.0,82,19780,0.452,13.4,0.634,0.314,0.15,0.087,0.084,0.366,0.511,0.632,0.394,0.401,0.382,0.349,0.51,0.818,0.068,435,0.274,1117,0.21,0.366,108.46,109.71,-1.26
2018-19,Memphis Grizzlies,82,242.4,38.0,84.4,0.45,9.9,28.9,0.342,28.1,55.6,0.505,17.7,23.0,0.772,8.8,33.0,41.8,23.9,8.3,5.5,14.0,22.0,103.5,82,242.4,37.6,83.4,0.451,11.6,32.2,0.36,26.0,51.2,0.508,19.3,24.7,0.784,9.5,35.2,44.7,23.4,7.6,4.9,15.2,21.4,106.1,82,19880,3113,6924,0.45,811,2368,0.342,2302,4556,0.505,1453,1882,0.772,723,2703,3426,1963,684,448,1147,1801,8490,82,19880,3083,6836,0.451,951,2639,0.36,2132,4197,0.508,1586,2023,0.784,781,2883,3664,1920,625,402,1249,1758,8703,27.7,33.0,49.0,34,48,-2.6,0.51,-2.08,106.1,108.8,-2.7,96.6,0.272,0.342,0.548,0.508,12.9,20.0,0.21,0.521,13.9,77.6,0.232,FedEx Forum,638332.0,15569.0,82,19880,0.45,13.3,0.658,0.278,0.184,0.101,0.095,0.342,0.505,0.643,0.419,0.39,0.393,0.342,0.562,0.826,0.044,274,0.265,1019,0.232,0.359,15.0,0.0,82,19880,0.451,13.8,0.614,0.301,0.136,0.091,0.086,0.386,0.508,0.63,0.395,0.408,0.366,0.36,0.522,0.85,0.056,337,0.274,996,0.234,0.403,106.93,109.09,-2.17
2018-19,Miami Heat,82,240.6,39.6,88.0,0.45,11.3,32.4,0.349,28.3,55.6,0.509,15.1,21.7,0.695,11.2,35.1,46.3,24.3,7.6,5.5,14.7,20.9,105.7,82,240.6,38.3,86.8,0.441,11.9,33.1,0.358,26.4,53.6,0.493,17.5,22.7,0.769,10.1,34.0,44.2,23.3,7.5,4.7,14.1,20.1,105.9,82,19730,3251,7218,0.45,928,2658,0.349,2323,4560,0.509,1238,1782,0.695,921,2879,3800,1991,627,448,1208,1712,8668,82,19730,3141,7116,0.441,973,2717,0.358,2168,4399,0.493,1432,1861,0.769,831,2792,3623,1913,612,389,1159,1652,8687,27.0,39.0,43.0,40,42,-0.23,-0.22,-0.45,107.3,107.6,-0.3,98.2,0.247,0.368,0.542,0.515,13.1,24.8,0.172,0.51,12.7,77.6,0.201,AmericanAirlines Arena,805264.0,19641.0,82,19730,0.45,13.3,0.632,0.291,0.175,0.102,0.064,0.368,0.509,0.637,0.427,0.375,0.364,0.349,0.505,0.88,0.066,437,0.27,1058,0.256,0.375,16.0,1.0,82,19730,0.441,14.0,0.618,0.271,0.155,0.098,0.095,0.382,0.493,0.607,0.396,0.413,0.407,0.358,0.507,0.837,0.051,325,0.258,918,0.251,0.38,108.03,108.39,-0.36
2018-19,Milwaukee Bucks,82,241.2,43.4,91.1,0.476,13.5,38.2,0.353,29.9,52.9,0.565,17.9,23.2,0.773,9.3,40.4,49.7,26.0,7.5,5.9,13.9,19.6,118.1,82,241.2,40.5,93.5,0.433,13.1,36.3,0.361,27.4,57.2,0.479,15.1,20.7,0.733,9.9,35.4,45.3,24.8,6.8,4.8,13.4,20.2,109.3,82,19780,3555,7471,0.476,1105,3134,0.353,2450,4337,0.565,1471,1904,0.773,762,3316,4078,2136,615,486,1137,1608,9686,82,19780,3322,7669,0.433,1073,2976,0.361,2249,4693,0.479,1242,1694,0.733,813,2902,3715,2031,557,395,1096,1653,8959,26.9,60.0,22.0,61,21,8.87,-0.82,8.04,113.8,105.2,8.6,103.3,0.255,0.419,0.583,0.55,12.0,20.8,0.197,0.503,11.5,80.3,0.162,Fiserv Forum,721692.0,17602.0,82,19780,0.476,13.9,0.581,0.34,0.122,0.066,0.053,0.419,0.565,0.698,0.346,0.424,0.389,0.353,0.5,0.825,0.073,488,0.307,1342,0.195,0.386,8.0,0.0,82,19780,0.433,14.8,0.612,0.239,0.144,0.128,0.101,0.388,0.479,0.616,0.361,0.408,0.414,0.361,0.499,0.847,0.044,296,0.236,898,0.198,0.413,113.89,106.23,7.66
2018-19,Minnesota Timberwolves,82,241.8,41.6,91.3,0.456,10.1,28.7,0.351,31.5,62.5,0.504,19.1,24.3,0.787,11.3,33.5,44.8,24.6,8.3,5.0,13.1,20.3,112.5,82,241.8,42.1,90.1,0.467,12.7,33.6,0.378,29.4,56.5,0.52,17.1,22.3,0.767,11.2,34.4,45.6,26.2,6.6,5.5,14.7,21.9,114.0,82,19830,3413,7483,0.456,827,2357,0.351,2586,5126,0.504,1570,1995,0.787,923,2750,3673,2018,683,411,1074,1664,9223,82,19830,3452,7386,0.467,1041,2752,0.378,2411,4634,0.52,1401,1827,0.767,921,2822,3743,2145,539,455,1209,1795,9346,26.2,36.0,46.0,37,45,-1.5,0.48,-1.02,111.4,112.9,-1.5,100.2,0.267,0.315,0.552,0.511,11.4,24.6,0.21,0.538,12.9,74.9,0.19,Target Center,627543.0,15306.0,82,19830,0.456,13.1,0.685,0.288,0.176,0.099,0.121,0.315,0.504,0.66,0.391,0.395,0.388,0.351,0.505,0.862,0.046,319,0.286,1183,0.215,0.387,16.0,0.0,82,19830,0.467,13.4,0.627,0.309,0.15,0.088,0.08,0.373,0.52,0.657,0.381,0.398,0.387,0.378,0.527,0.84,0.063,424,0.287,1162,0.239,0.409,112.31,113.32,-1.01
2018-19,New Orleans Pelicans,82,240.9,43.7,92.2,0.473,10.3,29.9,0.344,33.4,62.4,0.536,17.8,23.4,0.761,11.1,36.2,47.3,27.0,7.4,5.4,14.8,21.1,115.4,82,240.9,43.3,92.8,0.466,12.3,33.7,0.364,31.0,59.1,0.525,17.9,23.5,0.764,11.0,34.8,45.8,26.5,8.6,5.4,13.6,21.0,116.8,82,19755,3581,7563,0.473,842,2449,0.344,2739,5114,0.536,1462,1921,0.761,909,2969,3878,2216,610,441,1215,1732,9466,82,19755,3549,7610,0.466,1006,2766,0.364,2543,4844,0.525,1471,1926,0.764,898,2855,3753,2174,702,445,1113,1722,9575,25.7,33.0,49.0,38,44,-1.33,0.23,-1.1,111.4,112.6,-1.2,103.3,0.254,0.324,0.563,0.529,12.6,24.1,0.193,0.532,11.6,76.8,0.193,Smoothie King Center,656183.0,16004.0,82,19755,0.473,12.4,0.676,0.315,0.199,0.094,0.068,0.324,0.536,0.674,0.423,0.447,0.344,0.344,0.542,0.869,0.054,379,0.312,1371,0.206,0.351,12.0,0.0,82,19755,0.466,13.5,0.637,0.303,0.155,0.089,0.089,0.363,0.525,0.664,0.4,0.403,0.39,0.364,0.532,0.817,0.062,417,0.289,1230,0.212,0.394,111.98,112.98,-1.01
2018-19,New York Knicks,82,241.2,38.2,88.3,0.433,10.0,29.5,0.34,28.2,58.8,0.479,18.1,23.9,0.759,10.5,34.3,44.7,20.1,6.8,5.1,14.0,20.9,104.6,82,241.2,41.9,89.7,0.467,11.8,32.6,0.363,30.1,57.1,0.527,18.2,23.8,0.766,10.7,36.8,47.5,25.6,7.4,5.6,13.2,20.8,113.8,82,19780,3134,7241,0.433,823,2421,0.34,2311,4820,0.479,1484,1956,0.759,857,2811,3668,1646,557,422,1151,1713,8575,82,19780,3434,7352,0.467,969,2673,0.363,2465,4679,0.527,1493,1948,0.766,881,3016,3897,2098,607,458,1084,1708,9330,23.4,17.0,65.0,19,63,-9.21,0.28,-8.93,104.5,113.7,-9.2,99.6,0.27,0.334,0.529,0.49,12.4,22.1,0.205,0.533,11.7,76.1,0.203,Madison Square Garden (IV),779087.0,19002.0,82,19780,0.433,13.5,0.666,0.311,0.129,0.103,0.122,0.334,0.479,0.603,0.345,0.386,0.385,0.34,0.418,0.826,0.052,315,0.288,1083,0.166,0.342,8.0,0.0,82,19780,0.467,13.3,0.636,0.33,0.135,0.085,0.086,0.364,0.527,0.65,0.395,0.424,0.364,0.363,0.526,0.828,0.062,402,0.298,1210,0.233,0.402,105.31,114.3,-8.98
2018-19,Oklahoma City Thunder,82,242.1,42.6,94.0,0.454,11.4,32.6,0.348,31.3,61.3,0.51,17.8,25.0,0.713,12.6,35.5,48.1,23.4,9.3,5.2,14.0,22.4,114.5,82,242.1,40.8,88.7,0.46,11.2,31.6,0.356,29.5,57.1,0.517,18.3,24.0,0.761,9.9,35.8,45.7,24.9,8.2,5.1,16.7,22.5,111.1,82,19855,3497,7706,0.454,932,2677,0.348,2565,5029,0.51,1461,2049,0.713,1031,2911,3942,1917,766,425,1145,1839,9387,82,19855,3343,7272,0.46,922,2592,0.356,2421,4680,0.517,1500,1971,0.761,811,2936,3747,2039,672,415,1372,1844,9108,25.7,49.0,33.0,50,32,3.4,0.15,3.56,110.3,107.0,3.3,102.8,0.266,0.347,0.545,0.514,11.7,26.0,0.19,0.523,14.4,78.2,0.206,Chesapeake Energy Arena,746323.0,18203.0,82,19855,0.454,12.9,0.653,0.339,0.132,0.102,0.08,0.347,0.51,0.637,0.362,0.372,0.393,0.348,0.451,0.814,0.068,459,0.294,1206,0.256,0.376,21.0,2.0,82,19855,0.46,13.1,0.644,0.331,0.139,0.089,0.084,0.356,0.517,0.628,0.4,0.411,0.39,0.356,0.536,0.804,0.064,403,0.293,1138,0.242,0.382,110.71,107.22,3.49
2018-19,Orlando Magic,82,241.2,40.4,89.1,0.454,11.4,32.1,0.356,29.0,57.0,0.509,15.0,19.2,0.782,10.0,35.4,45.4,25.5,6.6,5.4,13.2,18.6,107.3,82,241.2,39.9,87.6,0.456,10.5,30.2,0.347,29.5,57.4,0.513,16.3,20.9,0.778,9.0,35.6,44.6,23.1,7.0,4.4,13.0,18.7,106.6,82,19780,3316,7307,0.454,937,2633,0.356,2379,4674,0.509,1231,1575,0.782,822,2902,3724,2095,543,445,1082,1526,8800,82,19780,3274,7185,0.456,858,2475,0.347,2416,4710,0.513,1336,1717,0.778,739,2922,3661,1892,575,362,1064,1537,8742,25.7,42.0,40.0,43,39,0.71,-0.43,0.28,108.9,108.1,0.8,98.1,0.216,0.36,0.55,0.518,11.9,22.0,0.168,0.515,11.8,79.7,0.186,Amway Center,720024.0,17431.0,82,19780,0.454,14.4,0.64,0.246,0.161,0.104,0.128,0.36,0.509,0.674,0.422,0.384,0.401,0.356,0.553,0.832,0.053,353,0.239,954,0.191,0.38,23.0,0.0,82,19780,0.456,13.6,0.656,0.271,0.173,0.115,0.097,0.344,0.513,0.663,0.394,0.4,0.44,0.347,0.494,0.815,0.051,318,0.275,1071,0.189,0.38,109.26,109.05,0.21
2018-19,Philadelphia 76ers,82,241.5,41.5,88.2,0.471,10.8,30.2,0.359,30.7,58.0,0.529,21.2,27.5,0.771,10.9,36.9,47.8,26.9,7.4,5.3,14.9,21.3,115.2,82,241.5,41.7,91.5,0.455,10.3,30.0,0.342,31.4,61.5,0.511,18.8,24.5,0.768,10.0,33.5,43.5,23.4,7.7,4.1,12.7,22.1,112.5,82,19805,3407,7233,0.471,889,2474,0.359,2518,4759,0.529,1742,2258,0.771,892,3025,3917,2207,606,432,1223,1745,9445,82,19805,3418,7506,0.455,843,2464,0.342,2575,5042,0.511,1545,2011,0.768,823,2743,3566,1917,634,336,1045,1816,9224,26.4,51.0,31.0,48,34,2.7,-0.44,2.25,112.6,110.0,2.6,101.6,0.312,0.342,0.574,0.532,12.9,24.5,0.241,0.512,11.1,78.6,0.206,Wells Fargo Center,838342.0,20447.0,82,19805,0.471,13.5,0.658,0.285,0.166,0.105,0.101,0.342,0.529,0.696,0.401,0.401,0.401,0.359,0.546,0.937,0.064,412,0.261,1089,0.178,0.367,12.0,0.0,82,19805,0.455,13.2,0.672,0.292,0.184,0.092,0.104,0.328,0.511,0.656,0.394,0.413,0.396,0.342,0.492,0.77,0.057,385,0.284,1123,0.171,0.344,113.16,110.97,2.19
2018-19,Phoenix Suns,82,242.4,40.1,87.4,0.459,9.6,29.3,0.329,30.5,58.1,0.525,17.6,22.7,0.779,9.1,31.3,40.4,23.9,9.0,5.1,15.6,23.6,107.5,82,242.4,42.5,88.2,0.482,11.1,29.9,0.372,31.3,58.2,0.538,20.8,27.6,0.753,11.8,35.3,47.2,25.9,9.0,5.0,15.7,20.7,116.8,82,19880,3289,7164,0.459,790,2400,0.329,2499,4764,0.525,1447,1858,0.779,748,2563,3311,1957,735,418,1279,1932,8815,82,19880,3482,7230,0.482,912,2454,0.372,2570,4776,0.538,1705,2263,0.753,971,2897,3868,2126,737,411,1285,1694,9581,24.0,19.0,63.0,19,63,-9.34,0.73,-8.61,105.9,115.1,-9.2,100.5,0.259,0.335,0.552,0.514,13.8,20.5,0.202,0.545,13.5,72.5,0.236,Talking Stick Resort Arena,627023.0,15293.0,82,19880,0.459,13.1,0.665,0.301,0.158,0.114,0.093,0.335,0.525,0.656,0.407,0.44,0.4,0.329,0.528,0.808,0.068,434,0.267,1033,0.234,0.339,14.0,1.0,82,19880,0.482,12.7,0.661,0.341,0.154,0.08,0.085,0.339,0.538,0.654,0.418,0.399,0.423,0.372,0.535,0.823,0.073,479,0.301,1208,0.201,0.419,106.59,115.11,-8.52
2018-19,Portland Trail Blazers,82,242.1,42.3,90.6,0.467,11.0,30.7,0.359,31.3,59.8,0.523,19.0,23.3,0.814,11.8,36.2,48.0,23.0,6.7,5.0,13.8,20.4,114.7,82,242.1,41.1,90.0,0.457,10.7,29.8,0.359,30.4,60.3,0.505,17.5,22.8,0.77,10.3,32.6,42.8,23.2,7.4,5.1,12.4,20.7,110.5,82,19855,3470,7427,0.467,904,2520,0.359,2566,4907,0.523,1558,1914,0.814,967,2968,3935,1887,546,413,1135,1669,9402,82,19855,3371,7384,0.457,878,2443,0.359,2493,4941,0.505,1438,1868,0.77,842,2670,3512,1906,603,420,1014,1699,9058,26.2,53.0,29.0,51,31,4.2,0.24,4.43,114.7,110.5,4.2,99.1,0.258,0.339,0.568,0.528,12.1,26.6,0.21,0.516,11.0,77.9,0.195,Moda Center,799345.0,19496.0,82,19855,0.467,13.2,0.661,0.329,0.133,0.09,0.109,0.339,0.523,0.621,0.404,0.454,0.428,0.359,0.472,0.749,0.06,383,0.273,1103,0.151,0.366,8.0,0.0,82,19855,0.457,13.3,0.669,0.299,0.15,0.109,0.111,0.331,0.505,0.633,0.411,0.39,0.399,0.359,0.475,0.823,0.047,312,0.268,1086,0.175,0.364,115.63,111.01,4.62
2018-19,Sacramento Kings,82,240.6,43.2,93.1,0.464,11.3,29.9,0.378,31.9,63.2,0.504,16.5,22.7,0.726,11.0,34.4,45.4,25.4,8.3,4.4,13.4,21.4,114.2,82,240.6,42.3,90.6,0.466,12.0,34.6,0.348,30.2,56.0,0.54,18.8,24.4,0.77,11.2,36.8,48.0,24.7,7.5,5.1,15.9,21.4,115.3,82,19730,3541,7637,0.464,927,2455,0.378,2614,5182,0.504,1354,1865,0.726,906,2819,3725,2083,679,363,1095,1751,9363,82,19730,3465,7430,0.466,986,2837,0.348,2479,4593,0.54,1539,1998,0.77,917,3015,3932,2024,618,420,1304,1753,9455,24.8,39.0,43.0,38,44,-1.12,0.31,-0.81,110.4,111.5,-1.1,103.1,0.244,0.321,0.554,0.524,11.5,23.1,0.177,0.533,13.6,75.5,0.207,Golden 1 Center,700975.0,17097.0,82,19730,0.464,13.1,0.679,0.277,0.199,0.097,0.104,0.321,0.504,0.674,0.375,0.404,0.395,0.378,0.507,0.818,0.063,437,0.274,1125,0.2,0.39,17.0,0.0,82,19730,0.466,13.6,0.618,0.296,0.169,0.075,0.078,0.382,0.54,0.696,0.405,0.394,0.381,0.348,0.505,0.784,0.064,420,0.29,1225,0.22,0.357,111.29,112.0,-0.71
2018-19,San Antonio Spurs,82,241.5,42.3,88.4,0.478,9.9,25.3,0.392,32.4,63.1,0.513,17.2,21.0,0.819,9.2,35.5,44.7,24.5,6.1,4.7,12.1,18.1,111.7,82,241.5,41.5,89.7,0.463,11.7,32.7,0.359,29.8,57.0,0.522,15.2,20.2,0.755,9.2,34.7,43.9,24.7,7.2,4.0,12.2,19.6,110.0,82,19805,3468,7248,0.478,812,2071,0.392,2656,5177,0.513,1408,1720,0.819,757,2910,3667,2013,501,386,992,1487,9156,82,19805,3404,7354,0.463,961,2678,0.359,2443,4676,0.522,1249,1654,0.755,756,2844,3600,2025,589,332,999,1611,9018,28.8,48.0,34.0,45,37,1.68,0.12,1.8,112.9,111.2,1.7,98.3,0.237,0.286,0.572,0.534,11.0,21.0,0.194,0.528,11.0,79.4,0.17,AT&T Center,750616.0,18308.0,82,19805,0.478,13.9,0.714,0.214,0.179,0.156,0.165,0.286,0.513,0.68,0.457,0.436,0.431,0.392,0.494,0.865,0.029,186,0.23,995,0.196,0.456,16.0,0.0,82,19805,0.463,14.0,0.636,0.256,0.176,0.1,0.104,0.364,0.522,0.659,0.416,0.465,0.423,0.359,0.503,0.829,0.047,308,0.258,1050,0.196,0.401,113.3,111.42,1.88
2018-19,Toronto Raptors,82,242.4,42.2,89.1,0.474,12.4,33.8,0.366,29.8,55.3,0.539,17.7,22.0,0.804,9.6,35.6,45.2,25.4,8.3,5.3,14.0,21.0,114.4,82,242.4,40.3,89.7,0.449,10.8,31.2,0.345,29.5,58.5,0.505,17.1,22.3,0.765,10.6,34.2,44.8,24.5,7.6,4.5,14.9,20.5,108.4,82,19880,3460,7305,0.474,1015,2771,0.366,2445,4534,0.539,1449,1803,0.804,786,2920,3706,2085,680,437,1150,1724,9384,82,19880,3302,7352,0.449,882,2559,0.345,2420,4793,0.505,1399,1829,0.765,867,2804,3671,2012,622,368,1225,1683,8885,27.3,58.0,24.0,56,26,6.09,-0.6,5.49,113.1,107.1,6.0,100.2,0.247,0.379,0.579,0.543,12.4,21.9,0.198,0.509,13.1,77.1,0.19,Scotiabank Arena,812822.0,19825.0,82,19880,0.474,13.8,0.621,0.279,0.169,0.09,0.083,0.379,0.539,0.659,0.452,0.431,0.432,0.366,0.499,0.852,0.044,294,0.263,1101,0.276,0.425,15.0,0.0,82,19880,0.449,13.3,0.652,0.287,0.171,0.107,0.087,0.348,0.505,0.638,0.386,0.442,0.378,0.345,0.514,0.872,0.053,359,0.271,1045,0.243,0.362,113.78,108.4,5.38
2018-19,Utah Jazz,82,240.9,40.4,86.4,0.468,12.1,34.0,0.356,28.3,52.4,0.541,18.8,25.5,0.736,10.0,36.4,46.4,26.0,8.1,5.9,15.1,21.1,111.7,82,240.9,40.0,88.5,0.452,9.8,27.7,0.355,30.1,60.7,0.496,16.7,22.2,0.753,8.9,33.7,42.6,21.6,8.5,4.6,13.9,22.4,106.5,82,19755,3314,7082,0.468,993,2789,0.356,2321,4293,0.541,1540,2092,0.736,820,2981,3801,2133,663,483,1240,1728,9161,82,19755,3276,7253,0.452,806,2273,0.355,2470,4980,0.496,1372,1822,0.753,733,2762,3495,1770,695,376,1136,1835,8730,27.3,50.0,32.0,54,28,5.26,0.03,5.28,110.9,105.7,5.2,100.3,0.295,0.394,0.572,0.538,13.4,22.9,0.217,0.507,12.4,80.3,0.189,Vivint Smart Home Arena,750546.0,18306.0,82,19755,0.468,13.5,0.606,0.315,0.153,0.073,0.064,0.394,0.541,0.684,0.369,0.398,0.412,0.356,0.556,0.848,0.091,573,0.288,1098,0.277,0.374,19.0,1.0,82,19755,0.452,13.1,0.687,0.259,0.206,0.122,0.1,0.313,0.496,0.64,0.406,0.407,0.418,0.355,0.463,0.778,0.051,333,0.275,1021,0.191,0.348,111.23,105.94,5.28
2018-19,Washington Wizards,82,243.0,42.1,90.1,0.468,11.3,33.3,0.341,30.8,56.8,0.543,18.4,23.9,0.768,9.7,32.7,42.4,26.3,8.3,4.6,14.1,20.7,114.0,82,243.0,43.4,90.5,0.48,12.1,32.8,0.37,31.3,57.7,0.542,18.0,23.1,0.778,11.4,35.8,47.3,26.2,7.7,4.6,15.8,21.2,116.9,82,19930,3456,7387,0.468,930,2731,0.341,2526,4656,0.543,1508,1963,0.768,794,2679,3473,2154,683,379,1154,1701,9350,82,19930,3560,7424,0.48,994,2689,0.37,2566,4735,0.542,1474,1895,0.778,936,2939,3875,2151,631,378,1292,1741,9588,26.5,32.0,50.0,34,48,-2.9,-0.4,-3.3,111.1,113.9,-2.8,101.4,0.266,0.37,0.567,0.531,12.3,21.3,0.204,0.546,13.5,74.1,0.199,Capital One Arena,716996.0,17448.0,82,19930,0.468,13.8,0.63,0.306,0.137,0.086,0.101,0.37,0.543,0.698,0.403,0.386,0.393,0.341,0.533,0.868,0.067,454,0.282,1210,0.213,0.36,12.0,0.0,82,19930,0.48,13.5,0.638,0.314,0.155,0.08,0.089,0.362,0.542,0.7,0.367,0.386,0.429,0.37,0.519,0.824,0.066,452,0.305,1276,0.191,0.391,111.72,114.97,-3.25
2019-20,Atlanta Hawks,67,243.0,40.6,90.6,0.449,12.0,36.1,0.333,28.6,54.5,0.525,18.5,23.4,0.79,9.9,33.4,43.3,24.0,7.8,5.1,16.2,23.1,111.8,67,243.0,43.3,90.7,0.478,11.9,32.7,0.363,31.4,58.0,0.542,21.2,27.4,0.772,11.2,35.9,47.0,25.0,9.0,6.4,15.0,21.0,119.7,67,16280,2723,6067,0.449,805,2416,0.333,1918,3651,0.525,1237,1566,0.79,661,2237,2898,1605,523,341,1086,1548,7488,67,16280,2903,6078,0.478,797,2194,0.363,2106,3884,0.542,1419,1839,0.772,748,2402,3150,1674,600,428,1006,1404,8022,24.1,20.0,47.0,18,49,-7.97,0.27,-7.71,107.2,114.8,-7.6,103.0,0.258,0.398,0.554,0.515,13.8,21.6,0.204,0.543,12.7,74.9,0.233,State Farm Arena,545453.0,16043.0,67,16280,0.449,14.1,0.602,0.291,0.155,0.097,0.059,0.398,0.525,0.658,0.414,0.394,0.376,0.333,0.525,0.743,0.086,448,0.268,829,0.201,0.342,13.0,1.0,67,16280,0.478,13.2,0.639,0.322,0.152,0.09,0.075,0.361,0.542,0.673,0.389,0.442,0.413,0.363,0.482,0.826,0.069,369,0.303,1017,0.192,0.373,108.18,115.56,-7.37
2019-20,Boston Celtics,72,242.1,41.3,89.6,0.461,12.6,34.5,0.364,28.7,55.0,0.522,18.6,23.2,0.801,10.7,35.4,46.1,23.0,8.3,5.6,13.8,21.6,113.7,72,242.1,38.4,87.1,0.441,11.8,34.8,0.34,26.6,52.3,0.508,18.8,24.5,0.767,10.3,34.0,44.3,22.4,7.1,5.5,15.2,20.7,107.3,72,17430,2971,6448,0.461,905,2487,0.364,2066,3961,0.522,1336,1668,0.801,768,2549,3317,1655,595,406,995,1553,8183,72,17430,2764,6268,0.441,851,2504,0.34,1913,3764,0.508,1350,1761,0.767,743,2449,3192,1613,514,396,1097,1487,7729,25.3,48.0,24.0,50,22,6.31,-0.47,5.83,113.3,107.0,6.3,99.5,0.259,0.386,0.57,0.531,12.2,23.9,0.207,0.509,13.5,77.4,0.215,TD Garden,610864.0,19090.0,72,17430,0.461,13.9,0.614,0.276,0.173,0.094,0.071,0.386,0.522,0.662,0.387,0.437,0.416,0.364,0.491,0.707,0.053,302,0.307,1039,0.181,0.396,22.0,0.0,72,17430,0.441,14.4,0.601,0.25,0.186,0.087,0.078,0.399,0.508,0.663,0.399,0.402,0.391,0.34,0.479,0.818,0.055,305,0.275,895,0.198,0.388,114.01,108.15,5.86
2019-20,Brooklyn Nets,72,242.8,40.4,90.3,0.448,13.1,38.1,0.343,27.3,52.1,0.524,17.9,24.1,0.745,10.6,37.3,47.9,24.5,6.4,4.5,15.3,21.0,111.8,72,242.8,41.4,92.9,0.446,12.2,34.8,0.35,29.2,58.1,0.503,17.4,22.6,0.769,10.6,35.3,45.9,22.6,7.7,5.3,12.8,21.1,112.3,72,17480,2908,6498,0.448,941,2746,0.343,1967,3752,0.524,1291,1732,0.745,766,2683,3449,1761,464,323,1099,1510,8048,72,17480,2981,6688,0.446,877,2505,0.35,2104,4183,0.503,1250,1625,0.769,766,2541,3307,1630,554,379,919,1521,8089,26.3,35.0,37.0,35,37,-0.57,-0.44,-1.01,108.9,109.5,-0.6,101.4,0.267,0.423,0.554,0.52,13.1,23.2,0.199,0.511,11.0,77.8,0.187,Barclays Center,524907.0,16403.0,72,17480,0.448,13.8,0.577,0.315,0.15,0.07,0.042,0.423,0.524,0.651,0.358,0.381,0.413,0.343,0.518,0.789,0.068,383,0.318,1061,0.213,0.369,13.0,0.0,72,17480,0.446,14.2,0.625,0.241,0.173,0.117,0.094,0.375,0.503,0.65,0.404,0.433,0.396,0.35,0.451,0.777,0.049,282,0.252,901,0.203,0.358,109.63,110.64,-1.01
2019-20,Charlotte Hornets,65,242.3,37.3,85.9,0.434,12.1,34.3,0.352,25.2,51.6,0.489,16.2,21.6,0.748,11.0,31.8,42.8,23.8,6.6,4.1,14.6,18.8,102.9,65,242.3,41.7,87.5,0.476,12.4,35.1,0.352,29.3,52.5,0.558,14.0,18.4,0.758,10.9,35.0,46.0,26.6,8.0,5.0,14.4,20.6,109.6,65,15750,2425,5586,0.434,785,2231,0.352,1640,3355,0.489,1052,1406,0.748,715,2066,2781,1549,428,268,949,1223,6687,65,15750,2708,5690,0.476,803,2279,0.352,1905,3411,0.558,907,1197,0.758,711,2276,2987,1732,523,328,935,1337,7126,24.3,23.0,42.0,19,46,-6.75,-0.28,-7.03,106.3,113.3,-7.0,95.8,0.252,0.399,0.539,0.504,13.3,23.9,0.188,0.546,13.1,74.4,0.159,Spectrum Center,478591.0,15428.0,65,15750,0.434,13.5,0.601,0.303,0.192,0.062,0.044,0.399,0.489,0.627,0.357,0.321,0.352,0.352,0.56,0.803,0.061,307,0.299,828,0.201,0.397,14.0,0.0,65,15750,0.476,13.7,0.599,0.316,0.15,0.073,0.06,0.401,0.558,0.681,0.408,0.47,0.398,0.352,0.55,0.853,0.069,351,0.295,955,0.25,0.38,107.38,114.56,-7.18
2019-20,Chicago Bulls,65,241.2,39.6,88.6,0.447,12.2,35.1,0.348,27.4,53.5,0.511,15.5,20.5,0.755,10.5,31.4,41.9,23.2,10.0,4.1,15.5,21.8,106.8,65,241.2,39.5,82.5,0.479,11.2,31.6,0.353,28.3,50.9,0.557,19.7,26.0,0.759,10.2,35.4,45.5,25.4,8.2,5.9,18.3,19.2,109.9,65,15675,2573,5762,0.447,793,2282,0.348,1780,3480,0.511,1006,1332,0.755,680,2041,2721,1510,652,265,1005,1417,6945,65,15675,2568,5364,0.479,726,2057,0.353,1842,3307,0.557,1283,1691,0.759,660,2299,2959,1653,530,384,1187,1246,7145,24.4,22.0,43.0,26,39,-3.08,-0.93,-4.0,106.7,109.8,-3.1,99.7,0.231,0.396,0.547,0.515,13.7,22.8,0.175,0.546,16.3,75.6,0.239,United Center,639352.0,18804.0,65,15675,0.447,13.3,0.604,0.34,0.152,0.057,0.055,0.396,0.511,0.627,0.362,0.375,0.354,0.348,0.487,0.812,0.072,372,0.305,900,0.225,0.383,13.0,0.0,65,15675,0.479,13.1,0.617,0.344,0.147,0.071,0.055,0.383,0.557,0.687,0.369,0.435,0.401,0.353,0.564,0.847,0.072,350,0.31,957,0.249,0.412,107.22,111.29,-4.07
2019-20,Cleveland Cavaliers,65,241.9,40.3,87.9,0.458,11.2,31.8,0.351,29.1,56.1,0.519,15.1,19.9,0.758,10.8,33.4,44.2,23.1,6.9,3.2,16.5,18.3,106.9,65,241.9,43.9,89.4,0.491,12.4,33.0,0.375,31.5,56.4,0.558,14.7,19.2,0.767,9.7,33.1,42.9,26.1,9.4,6.3,13.0,19.6,114.8,65,15725,2619,5715,0.458,727,2070,0.351,1892,3645,0.519,983,1296,0.758,704,2172,2876,1500,447,211,1073,1188,6948,65,15725,2851,5811,0.491,804,2143,0.375,2047,3668,0.558,955,1245,0.767,633,2154,2787,1699,613,412,844,1277,7461,25.0,19.0,46.0,18,47,-7.89,0.12,-7.77,107.5,115.4,-7.9,98.7,0.227,0.362,0.553,0.522,14.6,24.6,0.172,0.56,11.7,77.4,0.164,Rocket Mortgage Fieldhouse,643008.0,17861.0,65,15725,0.458,13.2,0.638,0.297,0.183,0.101,0.057,0.362,0.519,0.64,0.407,0.443,0.385,0.351,0.472,0.835,0.057,295,0.267,833,0.188,0.396,7.0,0.0,65,15725,0.491,13.3,0.631,0.33,0.148,0.079,0.075,0.369,0.558,0.689,0.421,0.409,0.406,0.375,0.514,0.803,0.068,360,0.281,989,0.232,0.414,108.46,116.41,-7.94
2019-20,Dallas Mavericks,75,242.3,41.7,90.3,0.461,15.1,41.3,0.367,26.5,49.0,0.541,18.6,23.8,0.779,10.5,36.4,46.9,24.7,6.1,4.8,12.7,19.5,117.0,75,242.3,41.9,91.6,0.458,12.3,34.9,0.351,29.7,56.7,0.523,16.0,21.0,0.76,10.4,35.0,45.4,23.9,7.0,4.1,11.9,21.3,112.1,75,18175,3124,6772,0.461,1136,3095,0.367,1988,3677,0.541,1392,1787,0.779,791,2729,3520,1849,460,363,953,1462,8776,75,18175,3143,6868,0.458,919,2615,0.351,2224,4253,0.523,1200,1578,0.76,782,2625,3407,1794,525,311,896,1601,8405,26.1,43.0,32.0,49,26,4.95,-0.07,4.87,116.7,111.7,5.0,99.3,0.264,0.457,0.581,0.545,11.2,23.2,0.206,0.525,10.6,77.7,0.175,American Airlines Center,682096.0,20062.0,75,18175,0.461,15.2,0.543,0.245,0.162,0.082,0.053,0.457,0.541,0.696,0.407,0.413,0.431,0.367,0.483,0.783,0.054,325,0.236,927,0.204,0.408,20.0,0.0,75,18175,0.458,13.8,0.619,0.274,0.177,0.092,0.076,0.381,0.523,0.67,0.394,0.416,0.423,0.351,0.48,0.79,0.059,360,0.268,989,0.184,0.388,117.41,112.52,4.9
2019-20,Denver Nuggets,73,243.1,42.0,88.9,0.473,11.0,30.6,0.359,31.1,58.3,0.533,16.2,20.9,0.777,10.8,33.4,44.1,26.7,8.0,4.6,13.8,20.3,111.3,73,243.1,40.0,86.5,0.463,12.1,33.9,0.358,27.9,52.6,0.53,17.1,22.5,0.759,10.1,32.6,42.6,25.4,7.2,4.4,14.3,20.5,109.2,73,17745,3069,6488,0.473,801,2234,0.359,2268,4254,0.533,1185,1526,0.777,786,2436,3222,1952,586,337,1005,1485,8124,73,17745,2919,6311,0.463,885,2473,0.358,2034,3838,0.53,1247,1643,0.759,736,2377,3113,1852,525,324,1041,1494,7970,25.6,46.0,27.0,41,32,2.11,0.24,2.35,113.1,111.0,2.1,97.1,0.235,0.344,0.567,0.535,12.3,24.8,0.183,0.533,12.9,76.8,0.198,Pepsi Center,633153.0,19186.0,73,17745,0.473,13.3,0.656,0.278,0.18,0.105,0.092,0.344,0.533,0.687,0.402,0.417,0.456,0.359,0.56,0.853,0.056,326,0.27,1003,0.208,0.401,19.0,1.0,73,17745,0.463,13.7,0.608,0.294,0.163,0.087,0.064,0.392,0.53,0.678,0.397,0.402,0.365,0.358,0.55,0.829,0.069,391,0.277,959,0.238,0.403,114.06,111.66,2.4
2019-20,Detroit Pistons,66,241.9,39.3,85.7,0.459,12.0,32.7,0.367,27.3,53.0,0.515,16.6,22.4,0.743,9.8,32.0,41.7,24.1,7.4,4.5,15.3,19.7,107.2,66,241.9,41.9,87.3,0.48,10.7,29.6,0.361,31.3,57.8,0.541,16.2,20.9,0.777,10.1,33.4,43.5,24.6,8.2,5.6,14.0,19.8,110.8,66,15965,2595,5658,0.459,791,2157,0.367,1804,3501,0.515,1097,1476,0.743,644,2109,2753,1589,490,299,1008,1299,7078,66,15965,2768,5764,0.48,705,1952,0.361,2063,3812,0.541,1072,1379,0.777,668,2204,2872,1625,543,369,923,1308,7313,25.9,20.0,46.0,26,40,-3.56,-0.82,-4.38,109.0,112.7,-3.7,97.6,0.261,0.381,0.561,0.529,13.8,22.6,0.194,0.541,12.7,75.9,0.186,Little Caesars Arena,509469.0,15294.0,66,15965,0.459,13.2,0.619,0.282,0.214,0.072,0.05,0.381,0.515,0.66,0.4,0.369,0.401,0.367,0.499,0.871,0.061,314,0.304,891,0.284,0.422,13.0,1.0,66,15965,0.48,13.1,0.661,0.293,0.193,0.094,0.081,0.339,0.541,0.685,0.415,0.469,0.409,0.361,0.507,0.821,0.067,342,0.288,931,0.216,0.415,109.77,114.23,-4.45
2019-20,Golden State Warriors,65,241.9,38.6,88.2,0.438,10.4,31.3,0.334,28.2,56.9,0.495,18.7,23.2,0.803,10.0,32.9,42.8,25.6,8.2,4.6,14.9,20.1,106.3,65,241.9,42.2,88.6,0.476,13.5,34.8,0.389,28.7,53.8,0.533,17.1,21.9,0.783,10.2,36.3,46.5,26.1,8.2,4.9,15.6,20.1,115.0,65,15725,2510,5730,0.438,678,2032,0.334,1832,3698,0.495,1214,1511,0.803,647,2138,2785,1663,534,299,969,1304,6912,65,15725,2743,5760,0.476,879,2261,0.389,1864,3499,0.533,1113,1422,0.783,661,2359,3020,1698,536,321,1016,1308,7478,24.4,15.0,50.0,16,49,-8.71,0.59,-8.12,105.2,113.8,-8.6,100.3,0.264,0.355,0.54,0.497,13.2,21.5,0.212,0.553,13.7,76.4,0.193,Chase Center,614176.0,18064.0,65,15725,0.438,14.4,0.645,0.244,0.166,0.108,0.128,0.355,0.495,0.666,0.382,0.416,0.384,0.334,0.597,0.841,0.068,343,0.252,733,0.182,0.405,11.0,0.0,65,15725,0.476,14.2,0.607,0.262,0.186,0.089,0.071,0.393,0.533,0.693,0.4,0.421,0.428,0.389,0.519,0.83,0.066,338,0.281,888,0.211,0.452,105.98,114.11,-8.13
2019-20,Houston Rockets,72,241.4,40.8,90.4,0.451,15.6,45.3,0.345,25.1,45.2,0.557,20.6,26.1,0.791,9.8,34.5,44.3,21.6,8.7,5.2,14.7,21.8,117.8,72,241.4,42.3,91.5,0.462,12.2,35.0,0.349,30.1,56.5,0.532,18.0,23.7,0.761,11.2,36.7,47.9,25.3,8.0,4.9,16.2,21.0,114.8,72,17380,2936,6512,0.451,1126,3261,0.345,1810,3251,0.557,1484,1876,0.791,704,2484,3188,1557,627,371,1057,1566,8482,72,17380,3045,6589,0.462,880,2522,0.349,2165,4067,0.532,1299,1706,0.761,803,2645,3448,1819,578,354,1163,1515,8269,29.2,44.0,28.0,42,30,2.96,0.17,3.13,112.9,110.1,2.8,103.7,0.288,0.501,0.578,0.537,12.6,21.0,0.228,0.529,13.7,75.6,0.197,Toyota Center,578458.0,18077.0,72,17380,0.451,15.2,0.499,0.297,0.126,0.04,0.036,0.501,0.557,0.672,0.379,0.403,0.402,0.345,0.43,0.692,0.05,297,0.293,1075,0.245,0.378,10.0,0.0,72,17380,0.462,13.7,0.617,0.296,0.164,0.089,0.067,0.383,0.532,0.69,0.386,0.377,0.402,0.349,0.516,0.798,0.054,333,0.294,1108,0.259,0.345,113.68,110.59,3.08
2019-20,Indiana Pacers,73,241.4,42.1,88.5,0.476,10.2,28.0,0.363,31.9,60.4,0.529,15.0,19.1,0.787,8.7,34.1,42.8,25.9,7.4,5.2,13.2,19.8,109.4,73,241.4,39.5,88.5,0.446,11.5,33.6,0.341,28.0,54.8,0.511,17.0,21.6,0.788,10.4,34.9,45.2,23.1,6.9,4.6,14.7,18.8,107.5,73,17620,3075,6457,0.476,743,2046,0.363,2332,4411,0.529,1096,1393,0.787,636,2489,3125,1888,543,376,967,1445,7989,73,17620,2883,6459,0.446,837,2455,0.341,2046,4004,0.511,1243,1577,0.788,757,2545,3302,1686,504,335,1071,1373,7846,25.6,45.0,28.0,41,32,1.96,-0.33,1.63,110.0,108.0,2.0,98.9,0.216,0.317,0.565,0.534,12.0,20.0,0.17,0.511,13.0,76.7,0.192,Bankers Life Fieldhouse,529002.0,16531.0,73,17620,0.476,13.3,0.683,0.298,0.151,0.119,0.116,0.317,0.529,0.651,0.428,0.456,0.42,0.363,0.533,0.867,0.037,216,0.302,1130,0.232,0.389,10.0,0.0,73,17620,0.446,13.8,0.62,0.3,0.163,0.082,0.075,0.38,0.511,0.625,0.418,0.403,0.376,0.341,0.488,0.821,0.058,337,0.289,961,0.203,0.349,110.94,109.17,1.77
2019-20,League Average,71,241.8,40.9,88.8,0.46,12.2,34.1,0.358,28.7,54.7,0.524,17.9,23.1,0.773,10.1,34.8,44.8,24.4,7.6,4.9,14.5,20.8,111.8,71,241.8,40.9,88.8,0.46,12.2,34.1,0.358,28.7,54.7,0.524,17.9,23.1,0.773,10.1,34.8,44.8,24.4,7.6,4.9,14.5,20.8,111.8,71,17069,2885,6271,0.46,862,2408,0.358,2023,3862,0.524,1261,1631,0.773,711,2454,3165,1722,540,346,1027,1467,7893,71,17069,2885,6271,0.46,862,2408,0.358,2023,3862,0.524,1261,1631,0.773,711,2454,3165,1722,540,346,1027,1467,7893,26.2,,,35,35,0.0,0.0,0.0,110.6,110.6,,100.3,0.26,0.384,0.565,0.529,12.8,22.5,0.201,0.529,12.8,77.5,0.201,,575820.0,17788.0,71,17061,0.46,13.9,0.616,0.282,0.165,0.093,0.077,0.384,0.524,0.667,0.396,0.416,0.404,0.358,0.504,0.815,0.059,330,0.276,943,0.211,0.39,13.9,0.3,71,17069,0.46,13.9,0.616,0.282,0.165,0.093,0.077,0.384,0.524,0.667,0.396,0.416,0.404,0.358,0.504,0.815,0.059,330,0.276,943,0.211,0.39,,,
2019-20,Los Angeles Clippers,72,241.4,41.6,89.2,0.466,12.4,33.5,0.371,29.1,55.8,0.522,20.8,26.3,0.791,10.7,37.0,47.7,23.7,7.1,4.7,14.6,22.1,116.3,72,241.4,39.5,90.2,0.438,12.3,35.6,0.345,27.2,54.6,0.499,18.5,24.5,0.756,10.7,34.6,45.3,23.7,7.5,4.7,14.1,22.9,109.9,72,17380,2992,6425,0.466,895,2410,0.371,2097,4015,0.522,1498,1894,0.791,767,2664,3431,1708,511,338,1051,1594,8377,72,17380,2846,6494,0.438,886,2566,0.345,1960,3928,0.499,1335,1766,0.756,771,2491,3262,1709,540,338,1013,1647,7913,27.4,49.0,23.0,50,22,6.44,0.21,6.66,113.9,107.6,6.3,101.5,0.295,0.375,0.577,0.535,12.6,23.5,0.233,0.506,12.2,77.6,0.206,STAPLES Center,610176.0,19068.0,72,17380,0.466,13.8,0.625,0.272,0.167,0.104,0.081,0.375,0.522,0.669,0.408,0.419,0.4,0.371,0.465,0.818,0.067,392,0.243,834,0.25,0.401,11.0,0.0,72,17380,0.438,14.5,0.605,0.26,0.158,0.1,0.087,0.395,0.499,0.66,0.388,0.394,0.339,0.345,0.513,0.795,0.051,298,0.249,864,0.19,0.368,114.56,107.94,6.62
2019-20,Los Angeles Lakers,71,240.7,42.3,88.3,0.48,11.0,31.6,0.349,31.3,56.7,0.552,17.7,24.3,0.729,10.7,35.1,45.7,25.4,8.6,6.6,15.2,20.7,113.4,71,240.7,39.1,87.1,0.448,11.6,33.4,0.349,27.4,53.7,0.51,17.9,22.9,0.781,9.4,32.9,42.3,23.4,8.2,3.7,15.9,21.7,107.6,71,17090,3006,6269,0.48,782,2242,0.349,2224,4027,0.552,1260,1728,0.729,757,2490,3247,1803,612,468,1077,1471,8054,71,17090,2773,6187,0.448,827,2373,0.349,1946,3814,0.51,1270,1626,0.781,668,2333,3001,1662,585,263,1130,1544,7643,29.5,52.0,19.0,48,23,5.79,0.49,6.28,112.0,106.3,5.7,100.9,0.276,0.358,0.573,0.542,13.3,24.5,0.201,0.515,14.1,78.8,0.205,STAPLES Center,588907.0,18997.0,71,17090,0.48,13.4,0.642,0.315,0.147,0.084,0.097,0.358,0.552,0.723,0.401,0.401,0.355,0.349,0.518,0.831,0.091,528,0.277,1025,0.26,0.402,10.0,0.0,71,17090,0.448,14.0,0.616,0.281,0.17,0.086,0.08,0.384,0.51,0.656,0.377,0.396,0.404,0.349,0.502,0.828,0.064,342,0.27,866,0.198,0.39,112.83,106.68,6.16
2019-20,Memphis Grizzlies,73,240.7,42.5,90.9,0.468,10.9,31.5,0.347,31.6,59.4,0.532,16.6,21.8,0.763,10.3,36.2,46.5,26.9,7.9,5.5,15.2,21.2,112.6,73,240.7,40.6,90.3,0.45,12.9,35.3,0.365,27.7,55.0,0.504,19.6,25.0,0.782,10.4,34.5,44.9,24.8,8.0,5.3,14.8,20.2,113.7,73,17570,3106,6634,0.468,798,2297,0.347,2308,4337,0.532,1212,1589,0.763,754,2643,3397,1965,576,398,1113,1546,8222,73,17570,2964,6592,0.45,942,2580,0.365,2022,4012,0.504,1430,1828,0.782,756,2519,3275,1814,585,386,1080,1474,8300,24.1,34.0,39.0,34,39,-1.07,0.16,-0.91,109.2,110.3,-1.1,102.8,0.24,0.346,0.561,0.528,13.2,23.0,0.183,0.521,12.7,77.8,0.217,FedEx Forum,523297.0,15857.0,73,17570,0.468,13.0,0.654,0.281,0.21,0.103,0.06,0.346,0.532,0.667,0.443,0.427,0.397,0.347,0.547,0.88,0.057,337,0.265,989,0.202,0.381,12.0,0.0,73,17570,0.45,14.1,0.609,0.275,0.152,0.101,0.081,0.391,0.504,0.634,0.391,0.412,0.39,0.365,0.514,0.822,0.052,300,0.261,918,0.21,0.418,109.87,110.65,-0.78
2019-20,Miami Heat,73,243.1,39.5,84.4,0.468,13.4,35.4,0.379,26.0,49.0,0.532,19.7,25.2,0.783,8.5,35.9,44.4,25.9,7.5,4.5,14.9,20.6,112.0,73,243.1,38.8,86.7,0.448,13.1,37.7,0.347,25.7,48.9,0.525,18.4,23.6,0.783,9.2,33.3,42.5,24.6,7.5,4.1,14.0,21.7,109.1,73,17745,2880,6160,0.468,979,2584,0.379,1901,3576,0.532,1440,1840,0.783,620,2619,3239,1892,547,332,1088,1501,8179,73,17745,2831,6326,0.448,956,2753,0.347,1875,3573,0.525,1346,1720,0.783,674,2431,3105,1794,545,302,1022,1584,7964,25.9,44.0,29.0,43,30,2.95,-0.35,2.59,112.5,109.5,3.0,98.3,0.299,0.419,0.587,0.547,13.5,20.3,0.234,0.523,12.6,79.5,0.213,AmericanAirlines Arena,629771.0,19680.0,73,17745,0.468,14.7,0.581,0.255,0.159,0.09,0.077,0.419,0.532,0.693,0.418,0.398,0.386,0.379,0.558,0.849,0.073,401,0.231,811,0.231,0.381,19.0,0.0,73,17745,0.448,14.7,0.565,0.257,0.159,0.082,0.068,0.435,0.525,0.687,0.415,0.373,0.352,0.347,0.535,0.826,0.058,344,0.242,875,0.229,0.368,113.22,110.65,2.58
2019-20,Milwaukee Bucks,73,241.0,43.3,90.9,0.476,13.8,38.9,0.355,29.5,52.0,0.567,18.3,24.7,0.742,9.5,42.2,51.7,25.9,7.2,5.9,15.1,19.6,118.7,73,241.0,38.9,94.0,0.414,14.0,39.3,0.355,25.0,54.7,0.457,16.7,21.2,0.787,9.5,36.3,45.8,24.2,7.4,4.5,14.1,21.7,108.6,73,17595,3160,6638,0.476,1007,2840,0.355,2153,3798,0.567,1336,1800,0.742,691,3083,3774,1889,526,429,1102,1431,8663,73,17595,2843,6862,0.414,1020,2871,0.355,1823,3991,0.457,1221,1551,0.787,693,2651,3344,1764,538,326,1030,1586,7927,29.2,56.0,17.0,57,16,10.08,-0.67,9.41,112.4,102.9,9.5,105.1,0.271,0.428,0.583,0.552,12.9,20.7,0.201,0.489,12.0,81.6,0.178,Fiserv Forum,549036.0,17711.0,73,17595,0.476,14.6,0.572,0.284,0.141,0.082,0.064,0.428,0.567,0.717,0.374,0.458,0.467,0.355,0.498,0.811,0.057,355,0.274,1066,0.204,0.392,9.0,0.0,73,17595,0.414,15.4,0.582,0.221,0.15,0.125,0.085,0.418,0.457,0.601,0.334,0.397,0.387,0.355,0.497,0.841,0.042,245,0.235,737,0.202,0.386,112.69,103.73,8.96
2019-20,Minnesota Timberwolves,64,243.1,40.4,91.6,0.441,13.3,39.7,0.336,27.1,52.0,0.521,19.1,25.4,0.753,10.5,34.3,44.8,23.8,8.7,5.7,15.3,21.4,113.3,64,243.1,43.1,90.4,0.477,11.6,31.9,0.363,31.6,58.5,0.539,19.7,25.2,0.783,10.1,37.2,47.3,24.4,7.8,5.5,15.5,21.6,117.5,64,15560,2586,5865,0.441,853,2540,0.336,1733,3325,0.521,1223,1624,0.753,675,2193,2868,1525,555,362,981,1370,7248,64,15560,2760,5786,0.477,740,2040,0.363,2020,3746,0.539,1263,1613,0.783,647,2383,3030,1560,499,355,992,1383,7523,24.8,19.0,45.0,24,40,-4.3,0.28,-4.02,108.1,112.2,-4.1,103.4,0.277,0.433,0.551,0.514,13.0,22.1,0.209,0.541,13.2,77.2,0.218,Target Center,482112.0,15066.0,64,15560,0.441,14.0,0.567,0.308,0.164,0.055,0.04,0.433,0.521,0.64,0.384,0.373,0.372,0.336,0.49,0.791,0.043,229,0.325,1020,0.173,0.339,11.0,1.0,64,15560,0.477,13.2,0.647,0.305,0.163,0.097,0.082,0.353,0.539,0.673,0.395,0.417,0.474,0.363,0.488,0.777,0.055,295,0.309,993,0.187,0.407,108.9,112.73,-3.83
2019-20,New Orleans Pelicans,72,242.1,42.6,91.6,0.465,13.6,36.9,0.37,28.9,54.8,0.528,17.1,23.4,0.729,11.1,35.4,46.5,26.8,7.5,5.0,16.4,21.2,115.8,72,242.1,42.7,91.8,0.465,12.2,33.9,0.361,30.5,58.0,0.526,19.4,24.7,0.789,10.1,34.7,44.8,24.5,8.5,4.8,14.5,21.1,117.1,72,17430,3065,6598,0.465,982,2656,0.37,2083,3942,0.528,1229,1687,0.729,797,2551,3348,1932,539,358,1181,1524,8341,72,17430,3077,6611,0.465,880,2438,0.361,2197,4173,0.526,1400,1775,0.789,727,2501,3228,1763,615,348,1045,1519,8434,25.4,30.0,42.0,33,39,-1.29,0.74,-0.55,110.7,111.9,-1.2,103.7,0.256,0.403,0.568,0.539,13.9,24.2,0.186,0.532,12.4,77.8,0.212,Smoothie King Center,528172.0,16505.0,72,17430,0.465,13.8,0.597,0.309,0.144,0.079,0.065,0.403,0.528,0.666,0.376,0.394,0.378,0.37,0.516,0.874,0.06,359,0.302,1106,0.233,0.401,20.0,0.0,72,17430,0.465,13.3,0.631,0.319,0.161,0.082,0.07,0.369,0.526,0.654,0.384,0.39,0.434,0.361,0.488,0.785,0.063,373,0.306,1087,0.209,0.422,111.73,112.18,-0.46
2019-20,New York Knicks,66,241.9,40.0,89.3,0.447,9.6,28.4,0.337,30.4,61.0,0.499,16.3,23.5,0.694,12.0,34.5,46.5,22.1,7.6,4.7,14.3,22.2,105.8,66,241.9,39.9,86.0,0.463,13.3,34.9,0.381,26.6,51.1,0.52,19.2,25.7,0.749,9.6,34.6,44.2,24.3,7.2,5.0,13.7,19.8,112.3,66,15965,2638,5896,0.447,631,1872,0.337,2007,4024,0.499,1076,1550,0.694,795,2274,3069,1456,504,313,946,1464,6983,66,15965,2631,5678,0.463,877,2303,0.381,1754,3375,0.52,1270,1696,0.749,632,2284,2916,1605,474,333,907,1305,7409,24.5,21.0,45.0,20,46,-6.45,-0.26,-6.72,106.5,113.0,-6.5,98.6,0.263,0.318,0.531,0.501,12.6,25.8,0.182,0.541,12.4,78.3,0.224,Madison Square Garden (IV),620789.0,18812.0,66,15965,0.447,12.9,0.682,0.313,0.159,0.091,0.119,0.318,0.499,0.64,0.364,0.401,0.382,0.337,0.451,0.872,0.072,370,0.286,867,0.201,0.374,7.0,0.0,66,15965,0.463,14.3,0.594,0.279,0.144,0.092,0.08,0.406,0.52,0.666,0.377,0.418,0.383,0.381,0.513,0.804,0.063,324,0.258,789,0.201,0.415,106.91,113.6,-6.7
2019-20,Oklahoma City Thunder,72,242.1,40.0,85.5,0.468,10.7,30.2,0.355,29.3,55.3,0.529,19.8,24.8,0.796,8.2,34.7,42.9,21.7,7.6,4.9,13.7,19.3,110.4,72,242.1,40.8,89.6,0.455,11.3,33.3,0.34,29.5,56.4,0.523,15.5,19.6,0.795,10.5,34.3,44.8,23.0,7.0,4.0,14.2,22.8,108.4,72,17430,2879,6156,0.468,770,2171,0.355,2109,3985,0.529,1422,1787,0.796,593,2495,3088,1562,550,353,986,1390,7950,72,17430,2937,6454,0.455,814,2395,0.34,2123,4059,0.523,1119,1408,0.795,754,2472,3226,1656,505,290,1024,1641,7807,25.5,44.0,28.0,41,31,1.99,0.34,2.33,110.8,108.8,2.0,98.8,0.29,0.353,0.573,0.53,12.4,19.3,0.231,0.518,12.6,76.8,0.173,Chesapeake Energy Arena,600699.0,18203.0,72,17430,0.468,13.8,0.647,0.26,0.173,0.128,0.087,0.353,0.529,0.68,0.386,0.455,0.474,0.355,0.457,0.778,0.061,342,0.272,864,0.195,0.357,22.0,1.0,72,17430,0.455,13.9,0.629,0.273,0.178,0.095,0.084,0.371,0.523,0.667,0.407,0.429,0.406,0.34,0.472,0.803,0.055,317,0.293,1013,0.211,0.354,111.74,109.32,2.42
2019-20,Orlando Magic,73,240.7,39.3,88.6,0.444,11.1,32.2,0.343,28.3,56.4,0.502,17.6,22.7,0.774,10.3,34.2,44.5,23.9,8.2,5.4,12.8,18.3,107.3,73,240.7,40.4,86.9,0.465,12.2,33.6,0.364,28.2,53.3,0.529,15.3,19.8,0.771,9.0,35.8,44.9,24.7,7.0,4.6,14.6,19.5,108.3,73,17570,2871,6468,0.444,807,2354,0.343,2064,4114,0.502,1282,1656,0.774,751,2498,3249,1747,599,396,937,1336,7831,73,17570,2949,6343,0.465,893,2453,0.364,2056,3890,0.529,1114,1445,0.771,660,2616,3276,1804,511,338,1065,1420,7905,26.1,33.0,40.0,34,39,-1.01,0.09,-0.93,108.5,109.5,-1.0,98.6,0.256,0.364,0.544,0.506,11.5,22.3,0.198,0.535,13.2,79.1,0.176,Amway Center,529870.0,17093.0,73,17570,0.444,14.2,0.636,0.252,0.169,0.121,0.095,0.364,0.502,0.664,0.406,0.392,0.381,0.343,0.511,0.859,0.052,292,0.26,909,0.142,0.395,25.0,1.0,73,17570,0.465,14.2,0.613,0.26,0.172,0.1,0.082,0.387,0.529,0.684,0.381,0.445,0.445,0.364,0.509,0.848,0.055,309,0.273,935,0.2,0.422,109.18,110.27,-1.09
2019-20,Philadelphia 76ers,73,241.0,41.1,87.9,0.468,11.6,31.6,0.368,29.5,56.3,0.524,16.9,22.4,0.755,10.5,35.0,45.4,25.8,8.0,5.3,14.2,20.9,110.7,73,241.0,39.8,86.0,0.463,10.4,29.4,0.353,29.4,56.5,0.52,18.4,24.5,0.751,8.6,33.2,41.8,22.8,7.0,4.0,13.8,20.5,108.4,73,17595,3000,6417,0.468,848,2307,0.368,2152,4110,0.524,1236,1638,0.755,764,2553,3317,1884,586,389,1037,1529,8084,73,17595,2905,6275,0.463,759,2148,0.353,2146,4127,0.52,1341,1786,0.751,628,2426,3054,1661,510,294,1009,1493,7910,26.3,43.0,30.0,42,31,2.38,-0.13,2.25,111.3,109.0,2.3,99.0,0.255,0.36,0.566,0.534,12.7,23.9,0.193,0.523,12.5,80.3,0.214,Wells Fargo Center,639491.0,20629.0,73,17595,0.468,13.8,0.64,0.266,0.173,0.114,0.087,0.36,0.524,0.688,0.41,0.408,0.399,0.368,0.516,0.913,0.056,329,0.254,917,0.193,0.409,12.0,0.0,73,17595,0.463,13.5,0.658,0.277,0.173,0.113,0.094,0.342,0.52,0.692,0.392,0.4,0.395,0.353,0.5,0.776,0.063,352,0.274,953,0.159,0.383,112.15,109.97,2.18
2019-20,Phoenix Suns,73,241.0,41.2,88.1,0.468,11.4,31.8,0.358,29.8,56.3,0.529,19.9,23.8,0.834,9.8,33.8,43.5,27.2,7.7,4.0,14.8,22.0,113.6,73,241.0,41.2,87.4,0.472,11.6,32.0,0.363,29.6,55.4,0.535,19.3,24.5,0.788,9.1,34.2,43.3,23.6,7.9,5.5,15.6,22.6,113.4,73,17595,3006,6429,0.468,831,2320,0.358,2175,4109,0.529,1451,1740,0.834,712,2465,3177,1987,559,290,1077,1609,8294,73,17595,3011,6378,0.472,848,2335,0.363,2163,4043,0.535,1408,1787,0.788,664,2497,3161,1723,576,401,1139,1653,8278,24.6,34.0,39.0,37,36,0.22,0.35,0.56,111.7,111.4,0.3,101.3,0.271,0.361,0.576,0.532,13.0,22.2,0.226,0.539,13.7,78.8,0.221,Talking Stick Resort Arena,550633.0,15606.0,73,17595,0.468,13.4,0.639,0.296,0.146,0.116,0.081,0.361,0.529,0.659,0.404,0.444,0.405,0.358,0.574,0.889,0.054,306,0.271,979,0.24,0.374,8.0,0.0,73,17595,0.472,13.4,0.634,0.311,0.152,0.089,0.082,0.366,0.535,0.66,0.418,0.401,0.421,0.363,0.49,0.783,0.06,353,0.287,1017,0.204,0.379,112.41,111.94,0.47
2019-20,Portland Trail Blazers,74,241.0,42.2,91.2,0.463,12.9,34.1,0.377,29.3,57.1,0.514,17.7,22.1,0.804,10.2,35.1,45.3,20.6,6.3,6.1,12.8,21.7,115.0,74,241.0,41.8,91.6,0.456,13.6,35.4,0.383,28.2,56.2,0.501,19.1,24.7,0.771,11.5,35.4,46.9,24.9,6.8,4.9,12.9,20.1,116.1,74,17835,3122,6749,0.463,952,2525,0.377,2170,4224,0.514,1312,1632,0.804,754,2599,3353,1525,465,451,946,1606,8508,74,17835,3090,6781,0.456,1003,2619,0.383,2087,4162,0.501,1410,1828,0.771,852,2617,3469,1840,502,364,953,1488,8593,27.5,35.0,39.0,34,40,-1.15,0.54,-0.61,113.7,114.8,-1.1,100.7,0.242,0.374,0.57,0.533,11.2,22.4,0.194,0.53,11.2,75.3,0.208,Moda Center,628303.0,19634.0,74,17835,0.463,14.3,0.626,0.272,0.139,0.117,0.097,0.374,0.514,0.634,0.399,0.428,0.446,0.377,0.409,0.669,0.047,288,0.243,888,0.185,0.418,12.0,0.0,74,17835,0.456,13.7,0.614,0.297,0.156,0.088,0.072,0.386,0.501,0.618,0.381,0.395,0.411,0.383,0.494,0.808,0.057,346,0.272,960,0.214,0.405,114.48,115.09,-0.61
2019-20,Sacramento Kings,72,242.4,40.9,88.4,0.462,12.7,34.9,0.364,28.2,53.5,0.527,15.7,20.3,0.77,9.7,32.9,42.6,23.8,7.7,4.1,14.5,22.2,110.1,72,242.4,40.3,85.5,0.471,12.4,34.8,0.357,27.8,50.7,0.549,19.2,24.3,0.79,9.1,34.5,43.5,24.9,7.7,4.2,15.2,19.5,112.1,72,17455,2943,6364,0.462,914,2511,0.364,2029,3853,0.527,1127,1464,0.77,695,2372,3067,1713,556,293,1043,1595,7927,72,17455,2898,6158,0.471,894,2506,0.357,2004,3652,0.549,1384,1752,0.79,654,2481,3135,1791,557,304,1094,1404,8074,27.0,31.0,41.0,31,41,-2.04,0.46,-1.59,110.2,112.2,-2.0,98.9,0.23,0.395,0.566,0.534,13.0,21.9,0.177,0.543,13.6,78.4,0.225,Golden 1 Center,520663.0,16796.0,72,17455,0.462,14.2,0.605,0.253,0.187,0.09,0.075,0.395,0.527,0.689,0.4,0.416,0.426,0.364,0.471,0.828,0.052,302,0.258,930,0.211,0.392,8.0,1.0,72,17455,0.471,14.1,0.593,0.275,0.167,0.085,0.066,0.407,0.549,0.708,0.402,0.436,0.399,0.357,0.523,0.83,0.058,325,0.272,985,0.223,0.378,111.17,112.65,-1.48
2019-20,San Antonio Spurs,71,242.5,42.2,89.4,0.472,10.7,28.5,0.376,31.5,61.0,0.516,19.0,23.4,0.81,9.0,35.6,44.6,24.7,7.3,5.5,12.6,19.4,114.1,71,242.5,42.3,90.2,0.469,13.1,35.1,0.373,29.2,55.1,0.53,17.4,22.5,0.777,9.4,35.9,45.3,25.7,6.8,4.3,13.2,20.1,115.2,71,17215,2995,6350,0.472,760,2021,0.376,2235,4329,0.516,1348,1664,0.81,640,2530,3170,1751,518,390,895,1377,8098,71,17215,3004,6402,0.469,931,2493,0.373,2073,3909,0.53,1238,1594,0.777,665,2551,3216,1825,486,308,937,1424,8177,27.6,32.0,39.0,33,38,-1.11,0.46,-0.65,112.4,113.5,-1.1,100.5,0.262,0.318,0.572,0.531,11.2,20.1,0.212,0.542,11.7,79.2,0.193,AT&T Center,550515.0,18351.0,71,17215,0.472,14.1,0.682,0.233,0.158,0.144,0.147,0.318,0.516,0.666,0.435,0.458,0.422,0.376,0.481,0.888,0.035,197,0.241,878,0.207,0.4,15.0,0.0,71,17215,0.469,14.0,0.611,0.282,0.158,0.094,0.076,0.389,0.53,0.665,0.393,0.42,0.451,0.373,0.507,0.831,0.06,343,0.271,945,0.191,0.401,113.13,113.86,-0.73
2019-20,Toronto Raptors,72,241.4,40.2,87.9,0.458,13.8,37.0,0.374,26.4,50.9,0.519,18.5,23.2,0.796,9.5,35.9,45.4,25.2,8.8,5.0,14.8,21.7,112.8,72,241.4,37.8,88.3,0.428,13.1,38.9,0.337,24.7,49.5,0.499,17.8,23.2,0.769,10.9,35.1,46.1,25.6,7.2,5.5,16.8,20.4,106.5,72,17380,2897,6331,0.458,995,2663,0.374,1902,3668,0.519,1329,1670,0.796,685,2583,3268,1816,636,358,1067,1559,8118,72,17380,2721,6359,0.428,943,2798,0.337,1778,3561,0.499,1284,1670,0.769,786,2530,3316,1841,520,395,1212,1466,7669,26.6,53.0,19.0,50,22,6.24,-0.26,5.97,111.1,105.0,6.1,100.9,0.264,0.421,0.574,0.536,13.1,21.3,0.21,0.502,14.6,76.7,0.202,Scotiabank Arena,633456.0,19796.0,72,17380,0.458,14.0,0.579,0.311,0.155,0.056,0.058,0.421,0.519,0.645,0.381,0.367,0.351,0.374,0.53,0.811,0.054,315,0.305,1025,0.217,0.382,12.0,0.0,72,17380,0.428,14.7,0.56,0.261,0.149,0.091,0.06,0.44,0.499,0.624,0.385,0.409,0.379,0.337,0.566,0.884,0.046,251,0.247,813,0.308,0.365,111.99,106.08,5.9
2019-20,Utah Jazz,72,241.0,40.1,85.1,0.471,13.4,35.2,0.38,26.7,49.9,0.535,17.8,22.8,0.779,9.1,35.8,44.9,22.4,6.1,4.1,15.1,20.4,111.3,72,241.0,40.7,89.1,0.457,11.0,31.0,0.353,29.7,58.1,0.512,16.5,21.5,0.767,9.6,33.1,42.7,21.5,7.9,4.6,12.3,20.8,108.8,72,17355,2886,6130,0.471,963,2537,0.38,1923,3593,0.535,1278,1641,0.779,656,2577,3233,1615,438,292,1089,1468,8013,72,17355,2930,6417,0.457,790,2235,0.353,2140,4182,0.512,1185,1545,0.767,688,2386,3074,1548,566,329,889,1501,7835,27.3,44.0,28.0,42,30,2.47,0.05,2.52,112.3,109.9,2.4,98.6,0.268,0.414,0.585,0.549,13.7,21.6,0.208,0.518,11.1,78.9,0.185,Vivint Smart Home Arena,567486.0,18306.0,72,17355,0.471,14.1,0.586,0.256,0.196,0.087,0.048,0.414,0.535,0.692,0.407,0.42,0.428,0.38,0.452,0.775,0.064,345,0.268,889,0.249,0.418,21.0,1.0,72,17355,0.457,13.8,0.652,0.248,0.191,0.119,0.094,0.348,0.512,0.673,0.398,0.44,0.409,0.353,0.439,0.771,0.048,283,0.265,934,0.167,0.389,113.09,110.38,2.71
2019-20,Washington Wizards,72,241.0,41.5,90.9,0.457,12.0,32.6,0.368,29.5,58.3,0.506,19.4,24.6,0.788,10.2,31.9,42.0,25.0,8.0,4.3,14.2,22.7,114.4,72,241.0,43.1,88.4,0.488,12.4,33.1,0.376,30.7,55.2,0.555,20.4,26.3,0.778,10.5,35.7,46.2,25.2,7.5,5.0,16.2,22.2,119.1,72,17355,2990,6544,0.457,864,2345,0.368,2126,4199,0.506,1394,1770,0.788,732,2295,3027,1801,574,309,1020,1634,8238,72,17355,3104,6363,0.488,896,2386,0.376,2208,3977,0.555,1470,1890,0.778,753,2572,3325,1814,541,363,1163,1601,8574,25.1,25.0,47.0,26,46,-4.67,-0.57,-5.24,110.9,115.5,-4.6,102.7,0.27,0.358,0.562,0.523,12.2,22.2,0.213,0.558,13.9,75.3,0.231,Capital One Arena,532702.0,16647.0,72,17355,0.457,14.2,0.642,0.259,0.16,0.111,0.112,0.358,0.506,0.688,0.363,0.41,0.387,0.368,0.509,0.832,0.047,276,0.285,1029,0.167,0.388,18.0,1.0,72,17355,0.488,13.8,0.625,0.274,0.182,0.088,0.08,0.375,0.555,0.7,0.445,0.444,0.431,0.376,0.495,0.806,0.065,373,0.291,1041,0.181,0.424,111.64,116.7,-5.05
2020-21,Atlanta Hawks,72,241.7,40.8,87.2,0.468,12.4,33.4,0.373,28.4,53.9,0.526,19.7,24.2,0.812,10.6,35.1,45.6,24.1,7.0,4.8,13.2,19.3,113.7,72,241.7,41.3,89.1,0.463,11.9,34.2,0.349,29.3,55.0,0.534,16.9,21.1,0.803,10.0,32.7,42.7,24.4,7.7,5.0,12.3,19.8,111.4,72,17405,2937,6281,0.468,895,2402,0.373,2042,3879,0.526,1417,1745,0.812,760,2525,3285,1737,503,342,953,1392,8186,72,17405,2971,6418,0.463,858,2460,0.349,2113,3958,0.534,1219,1519,0.803,719,2352,3071,1754,557,363,886,1422,8019,25.4,41.0,31.0,41,31,2.32,-0.18,2.14,115.7,113.3,2.4,97.6,0.278,0.382,0.581,0.539,11.9,24.4,0.226,0.53,11.1,77.8,0.19,State Farm Arena,59288.0,1647.0,72,17405,0.468,13.9,0.618,0.26,0.178,0.119,0.061,0.382,0.526,0.656,0.415,0.454,0.443,0.373,0.504,0.791,0.065,368,0.252,818,0.207,0.4,9.0,0.0,72,17405,0.463,13.8,0.617,0.278,0.165,0.099,0.075,0.383,0.534,0.657,0.431,0.444,0.423,0.349,0.505,0.801,0.055,321,0.282,1003,0.226,0.386,116.33,114.14,2.19
2020-21,Boston Celtics,72,241.4,41.5,88.9,0.466,13.6,36.4,0.374,27.9,52.5,0.53,16.1,20.8,0.775,10.6,33.6,44.3,23.5,7.7,5.3,14.1,20.4,112.6,72,241.4,39.9,86.0,0.464,12.8,34.3,0.374,27.1,51.6,0.524,18.5,23.5,0.785,9.4,33.1,42.5,24.1,7.4,4.6,14.1,19.3,111.2,72,17380,2985,6401,0.466,979,2618,0.374,2006,3783,0.53,1160,1496,0.775,765,2421,3186,1689,556,383,1012,1471,8109,72,17380,2875,6191,0.464,925,2473,0.374,1950,3718,0.524,1329,1692,0.785,677,2382,3059,1732,531,334,1015,1389,8004,25.1,36.0,36.0,39,33,1.46,-0.14,1.32,114.0,112.5,1.5,98.3,0.234,0.409,0.574,0.543,12.5,24.3,0.181,0.539,12.8,78.1,0.215,TD Garden,30067.0,835.0,72,17380,0.466,14.7,0.591,0.218,0.208,0.094,0.071,0.409,0.53,0.693,0.453,0.412,0.414,0.374,0.478,0.746,0.054,307,0.263,941,0.191,0.393,16.0,0.0,72,17380,0.464,14.5,0.601,0.215,0.213,0.099,0.073,0.399,0.524,0.683,0.432,0.448,0.431,0.374,0.497,0.825,0.05,280,0.268,903,0.209,0.401,114.69,113.47,1.22
2020-21,Brooklyn Nets,72,241.7,43.1,87.3,0.494,14.2,36.1,0.392,29.0,51.2,0.565,18.1,22.5,0.804,8.9,35.5,44.4,26.8,6.7,5.3,13.5,19.0,118.6,72,241.7,41.9,91.3,0.459,13.2,36.2,0.365,28.7,55.1,0.521,17.1,22.0,0.775,10.5,32.6,43.1,24.0,7.6,4.6,12.6,18.9,114.1,72,17405,3106,6289,0.494,1020,2600,0.392,2086,3689,0.565,1305,1623,0.804,640,2559,3199,1929,484,379,975,1371,8537,72,17405,3017,6573,0.459,951,2607,0.365,2066,3966,0.521,1228,1584,0.775,753,2348,3101,1729,550,330,908,1361,8213,28.2,48.0,24.0,46,26,4.5,-0.27,4.24,118.3,113.8,4.5,99.5,0.258,0.413,0.61,0.575,12.2,21.4,0.208,0.531,11.1,77.3,0.187,Barclays Center,30491.0,847.0,72,17405,0.494,14.1,0.587,0.271,0.164,0.097,0.055,0.413,0.565,0.693,0.443,0.48,0.45,0.392,0.536,0.795,0.062,357,0.261,936,0.22,0.408,9.0,0.0,72,17405,0.459,14.3,0.603,0.246,0.184,0.1,0.073,0.397,0.521,0.662,0.426,0.414,0.432,0.365,0.48,0.775,0.05,305,0.256,915,0.225,0.354,119.0,114.76,4.24
2020-21,Charlotte Hornets,72,241.0,39.9,87.8,0.455,13.7,37.0,0.369,26.3,50.8,0.517,15.9,20.9,0.761,10.6,33.2,43.8,26.8,7.8,4.8,14.8,18.0,109.5,72,241.0,41.3,88.1,0.468,14.5,39.5,0.366,26.8,48.6,0.552,14.4,19.3,0.745,10.6,34.5,45.2,27.1,8.1,4.8,14.8,18.6,111.4,72,17355,2875,6324,0.455,985,2666,0.369,1890,3658,0.517,1146,1505,0.761,762,2389,3151,1933,565,344,1069,1297,7881,72,17355,2972,6346,0.468,1042,2847,0.366,1930,3499,0.552,1034,1387,0.745,766,2487,3253,1951,582,347,1062,1340,8020,24.6,33.0,39.0,32,40,-1.93,-0.01,-1.94,110.9,112.8,-1.9,98.3,0.238,0.422,0.564,0.532,13.3,23.5,0.181,0.55,13.2,75.7,0.163,Spectrum Center,68255.0,1896.0,72,17355,0.455,14.2,0.578,0.283,0.166,0.071,0.059,0.422,0.517,0.637,0.4,0.418,0.387,0.369,0.589,0.831,0.063,355,0.281,907,0.221,0.421,11.0,0.0,72,17355,0.468,14.5,0.551,0.287,0.148,0.066,0.05,0.449,0.552,0.681,0.429,0.415,0.356,0.366,0.539,0.874,0.055,319,0.29,1033,0.277,0.395,111.66,113.75,-2.08
2020-21,Chicago Bulls,72,241.4,42.2,88.6,0.476,12.6,34.0,0.37,29.6,54.6,0.542,13.8,17.5,0.791,9.6,35.3,45.0,26.8,6.7,4.2,15.1,18.9,110.7,72,241.4,41.4,87.7,0.473,11.5,32.3,0.356,29.9,55.3,0.541,17.2,22.2,0.774,8.7,33.5,42.1,24.1,8.5,5.1,12.7,17.7,111.6,72,17380,3035,6380,0.476,904,2446,0.37,2131,3934,0.542,995,1258,0.791,693,2544,3237,1927,482,304,1089,1362,7969,72,17380,2983,6313,0.473,829,2328,0.356,2154,3985,0.541,1238,1600,0.774,624,2410,3034,1737,614,364,917,1277,8033,25.6,31.0,41.0,34,38,-0.89,-0.05,-0.94,111.1,112.0,-0.9,99.0,0.197,0.383,0.575,0.547,13.6,22.3,0.156,0.538,11.6,80.3,0.196,United Center,13655.0,379.0,72,17380,0.476,13.8,0.617,0.275,0.178,0.085,0.079,0.383,0.542,0.672,0.447,0.428,0.425,0.37,0.549,0.838,0.048,281,0.282,1021,0.231,0.427,13.0,1.0,72,17380,0.473,13.6,0.631,0.279,0.176,0.095,0.08,0.369,0.541,0.665,0.431,0.44,0.469,0.356,0.488,0.828,0.052,297,0.281,995,0.197,0.418,111.9,112.87,-0.97
2020-21,Cleveland Cavaliers,72,242.1,38.6,85.8,0.45,10.0,29.7,0.336,28.6,56.0,0.51,16.7,22.4,0.743,10.4,32.3,42.8,23.8,7.8,4.5,15.5,18.2,103.8,72,242.1,42.0,86.7,0.484,12.4,32.4,0.383,29.6,54.3,0.545,15.9,20.4,0.779,9.9,33.8,43.7,25.4,8.5,5.9,14.3,20.2,112.3,72,17430,2778,6175,0.45,720,2141,0.336,2058,4034,0.51,1200,1614,0.743,751,2327,3078,1716,559,325,1114,1308,7476,72,17430,3024,6245,0.484,893,2334,0.383,2131,3911,0.545,1143,1468,0.779,712,2437,3149,1828,613,425,1033,1451,8084,24.0,22.0,50.0,18,54,-8.44,0.25,-8.19,105.8,114.4,-8.6,97.3,0.261,0.347,0.543,0.508,13.9,23.6,0.194,0.556,13.0,76.6,0.183,Rocket Mortgage Fieldhouse,91476.0,2541.0,72,17430,0.45,12.6,0.653,0.31,0.211,0.085,0.047,0.347,0.51,0.626,0.419,0.4,0.354,0.336,0.54,0.84,0.061,341,0.289,946,0.22,0.376,4.0,0.0,72,17430,0.484,13.3,0.626,0.309,0.17,0.085,0.063,0.374,0.545,0.644,0.458,0.46,0.405,0.383,0.509,0.832,0.063,335,0.285,995,0.25,0.413,106.96,115.51,-8.55
2020-21,Dallas Mavericks,72,240.3,41.1,87.3,0.47,13.8,38.1,0.362,27.3,49.2,0.554,16.5,21.2,0.778,9.1,34.2,43.3,22.9,6.3,4.3,12.1,19.4,112.4,72,240.3,40.1,87.1,0.46,12.8,35.2,0.365,27.2,51.8,0.525,17.2,22.5,0.764,9.8,34.2,43.9,22.7,7.3,3.7,12.6,20.1,110.2,72,17305,2958,6287,0.47,994,2744,0.362,1964,3543,0.554,1186,1524,0.778,657,2463,3120,1647,450,311,869,1396,8096,72,17305,2885,6269,0.46,925,2537,0.365,1960,3732,0.525,1238,1621,0.764,704,2460,3164,1631,527,264,908,1446,7933,26.3,42.0,30.0,41,31,2.26,-0.01,2.26,115.4,113.0,2.4,97.3,0.242,0.436,0.582,0.55,11.1,21.1,0.189,0.534,11.5,77.8,0.197,American Airlines Center,94849.0,2635.0,72,17305,0.47,15.3,0.564,0.23,0.152,0.111,0.071,0.436,0.554,0.715,0.429,0.475,0.426,0.362,0.445,0.778,0.055,291,0.215,796,0.208,0.368,14.0,1.0,72,17305,0.46,14.4,0.595,0.244,0.177,0.099,0.075,0.405,0.525,0.681,0.417,0.429,0.397,0.365,0.459,0.791,0.046,262,0.247,872,0.196,0.361,116.18,113.8,2.38
2020-21,Denver Nuggets,72,242.8,43.3,89.2,0.485,12.9,34.2,0.377,30.4,55.0,0.552,15.7,19.5,0.803,10.5,33.9,44.4,26.8,8.1,4.5,13.5,19.1,115.1,72,242.8,40.0,85.4,0.469,13.0,35.7,0.363,27.1,49.7,0.545,17.1,22.1,0.773,9.1,32.1,41.2,25.9,7.5,4.5,14.1,19.2,110.1,72,17480,3114,6422,0.485,927,2462,0.377,2187,3960,0.552,1129,1406,0.803,758,2442,3200,1933,582,323,972,1374,8284,72,17480,2883,6149,0.469,934,2570,0.363,1949,3579,0.545,1229,1589,0.773,652,2314,2966,1864,540,325,1014,1379,7929,26.1,47.0,25.0,47,25,4.93,-0.11,4.82,117.1,112.1,5.0,97.1,0.219,0.383,0.588,0.557,12.1,24.7,0.176,0.545,12.9,78.9,0.2,Ball Arena,54563.0,1516.0,72,17480,0.485,14.1,0.617,0.226,0.215,0.095,0.081,0.383,0.552,0.73,0.46,0.444,0.425,0.377,0.523,0.851,0.051,295,0.268,1005,0.219,0.429,16.0,0.0,72,17480,0.469,14.6,0.582,0.221,0.2,0.094,0.067,0.418,0.545,0.748,0.429,0.424,0.387,0.363,0.551,0.846,0.063,348,0.257,913,0.257,0.413,118.02,113.1,4.92
2020-21,Detroit Pistons,72,242.1,38.7,85.6,0.452,11.6,32.9,0.351,27.1,52.7,0.515,17.8,23.4,0.759,9.6,33.1,42.7,24.2,7.4,5.2,14.9,20.5,106.6,72,242.1,41.4,86.9,0.476,11.3,31.4,0.362,30.0,55.6,0.541,17.0,22.3,0.76,10.0,34.4,44.3,24.8,8.0,5.8,13.9,20.4,111.1,72,17430,2783,6162,0.452,832,2370,0.351,1951,3792,0.515,1278,1683,0.759,694,2381,3075,1743,531,371,1075,1477,7676,72,17430,2980,6260,0.476,817,2260,0.362,2163,4000,0.541,1221,1607,0.76,717,2475,3192,1785,578,419,1004,1469,7998,24.5,20.0,52.0,26,46,-4.47,0.09,-4.38,108.0,112.5,-4.5,97.9,0.273,0.385,0.556,0.519,13.5,21.9,0.207,0.541,12.6,76.9,0.195,Little Caesars Arena,14250.0,396.0,72,17430,0.452,13.5,0.615,0.273,0.21,0.073,0.06,0.385,0.515,0.66,0.416,0.359,0.386,0.351,0.509,0.901,0.057,312,0.303,1014,0.226,0.351,5.0,0.0,72,17430,0.476,13.3,0.639,0.269,0.214,0.089,0.068,0.361,0.541,0.667,0.467,0.442,0.401,0.362,0.516,0.818,0.059,315,0.296,1038,0.235,0.354,108.93,113.48,-4.55
2020-21,Golden State Warriors,72,240.3,41.3,88.2,0.468,14.6,38.7,0.376,26.7,49.4,0.541,16.6,21.1,0.785,8.0,35.1,43.0,27.7,8.2,4.8,15.0,21.2,113.7,72,240.3,40.2,89.0,0.452,12.4,34.5,0.359,27.9,54.5,0.511,19.8,25.5,0.778,10.7,36.6,47.3,23.8,7.9,4.3,15.0,19.5,112.7,72,17305,2973,6347,0.468,1048,2789,0.376,1925,3558,0.541,1193,1520,0.785,574,2524,3098,1991,587,342,1080,1526,8187,72,17305,2897,6408,0.452,891,2481,0.359,2006,3927,0.511,1426,1834,0.778,769,2635,3404,1711,567,312,1083,1406,8111,26.7,39.0,33.0,38,34,1.06,0.04,1.1,111.1,110.1,1.0,102.2,0.239,0.439,0.583,0.551,13.3,17.9,0.188,0.522,13.1,76.6,0.223,Chase Center,33457.0,929.0,72,17305,0.468,15.3,0.561,0.229,0.181,0.072,0.079,0.439,0.541,0.709,0.449,0.402,0.391,0.376,0.595,0.806,0.064,370,0.267,962,0.21,0.402,16.0,1.0,72,17305,0.452,14.4,0.613,0.212,0.227,0.103,0.071,0.387,0.511,0.667,0.445,0.41,0.401,0.359,0.492,0.813,0.048,277,0.279,952,0.208,0.421,111.61,110.47,1.14
2020-21,Houston Rockets,72,240.3,39.3,88.5,0.444,13.8,40.6,0.339,25.5,47.9,0.532,16.5,22.3,0.74,9.3,33.3,42.6,23.6,7.6,5.0,14.7,19.5,108.8,72,240.3,42.7,89.0,0.48,13.4,35.2,0.382,29.3,53.9,0.544,17.9,22.8,0.783,9.9,37.7,47.6,25.8,8.5,5.3,14.7,19.3,116.7,72,17305,2826,6372,0.444,992,2923,0.339,1834,3449,0.532,1189,1606,0.74,671,2396,3067,1699,546,361,1060,1407,7833,72,17305,3075,6411,0.48,966,2532,0.382,2109,3879,0.544,1286,1642,0.783,713,2713,3426,1855,611,378,1055,1388,8402,26.5,17.0,55.0,20,52,-7.9,0.4,-7.5,107.1,114.9,-7.8,101.4,0.252,0.459,0.553,0.521,13.0,19.8,0.187,0.555,12.9,77.1,0.201,Toyota Center,117009.0,3250.0,72,17305,0.444,14.7,0.541,0.284,0.158,0.043,0.056,0.459,0.532,0.683,0.385,0.354,0.317,0.339,0.486,0.814,0.056,314,0.309,1091,0.227,0.342,9.0,1.0,72,17305,0.48,14.1,0.605,0.269,0.171,0.097,0.068,0.395,0.544,0.679,0.444,0.46,0.383,0.382,0.503,0.823,0.055,313,0.279,1023,0.238,0.414,107.93,115.35,-7.42
2020-21,Indiana Pacers,72,242.4,43.3,91.2,0.474,12.3,34.0,0.364,30.9,57.3,0.54,16.4,20.7,0.792,9.0,33.7,42.7,27.4,8.5,6.4,13.5,20.2,115.3,72,242.4,42.7,91.3,0.468,11.5,31.5,0.366,31.2,59.9,0.521,18.4,23.5,0.782,11.3,35.5,46.8,26.1,7.4,5.3,14.8,18.1,115.3,72,17455,3115,6567,0.474,889,2445,0.364,2226,4122,0.54,1183,1493,0.792,648,2424,3072,1973,611,460,975,1453,8302,72,17455,3076,6576,0.468,828,2265,0.366,2248,4311,0.521,1325,1695,0.782,813,2555,3368,1877,535,380,1066,1306,8305,26.5,34.0,38.0,36,36,-0.04,-0.08,-0.13,112.4,112.4,0.0,101.6,0.227,0.372,0.575,0.542,11.9,20.2,0.18,0.531,12.7,74.9,0.201,Bankers Life Fieldhouse,,,72,17455,0.474,13.2,0.628,0.316,0.176,0.081,0.054,0.372,0.54,0.655,0.414,0.445,0.417,0.364,0.535,0.88,0.033,198,0.341,1301,0.21,0.421,6.0,0.0,72,17455,0.468,12.9,0.656,0.318,0.176,0.092,0.07,0.344,0.521,0.632,0.427,0.425,0.381,0.366,0.52,0.855,0.066,377,0.304,1063,0.245,0.366,112.99,113.07,-0.08
2020-21,League Average,72,241.4,41.2,88.4,0.466,12.7,34.6,0.367,28.5,53.8,0.53,17.0,21.8,0.778,9.8,34.5,44.3,24.8,7.6,4.9,13.8,19.3,112.1,72,241.4,41.2,88.4,0.466,12.7,34.6,0.367,28.5,53.8,0.53,17.0,21.8,0.778,9.8,34.5,44.3,24.8,7.6,4.9,13.8,19.3,112.1,72,17383,2967,6366,0.466,914,2494,0.367,2053,3872,0.53,1222,1571,0.778,708,2482,3190,1786,545,351,996,1389,8071,72,17383,2967,6366,0.466,914,2494,0.367,2053,3872,0.53,1222,1571,0.778,708,2482,3190,1786,545,351,996,1389,8071,26.3,,,36,36,0.0,0.0,0.0,112.3,112.3,,99.2,0.247,0.392,0.572,0.538,12.4,22.2,0.192,0.538,12.4,77.8,0.192,,49476.0,1374.0,72,17381,0.466,14.1,0.608,0.254,0.186,0.096,0.072,0.392,0.53,0.675,0.428,0.435,0.409,0.367,0.502,0.826,0.054,303,0.272,960,0.222,0.395,10.5,0.3,72,17383,0.466,14.1,0.608,0.254,0.186,0.096,0.072,0.392,0.53,0.675,0.428,0.435,0.409,0.367,0.502,0.826,0.054,303,0.272,960,0.222,0.395,,,
2020-21,Los Angeles Clippers,72,240.0,41.8,86.7,0.482,14.3,34.7,0.411,27.5,52.0,0.529,16.2,19.3,0.839,9.4,34.7,44.2,24.4,7.1,4.1,13.2,19.2,114.0,72,240.0,40.1,86.4,0.464,11.6,32.5,0.356,28.5,53.9,0.529,16.1,20.7,0.777,9.2,32.0,41.2,22.9,7.1,4.2,12.8,18.1,107.8,72,17280,3009,6242,0.482,1027,2498,0.411,1982,3744,0.529,1164,1387,0.839,678,2501,3179,1756,509,295,950,1383,8209,72,17280,2887,6223,0.464,833,2341,0.356,2054,3882,0.529,1157,1489,0.777,659,2307,2966,1650,510,304,925,1303,7764,28.8,47.0,25.0,49,23,6.18,-0.16,6.02,117.6,111.2,6.4,96.9,0.222,0.4,0.599,0.564,12.2,22.7,0.186,0.531,11.9,79.1,0.186,STAPLES Center,13901.0,386.0,72,17280,0.482,14.8,0.6,0.219,0.164,0.121,0.095,0.4,0.529,0.688,0.432,0.446,0.439,0.411,0.454,0.834,0.06,326,0.21,734,0.271,0.472,13.0,1.0,72,17280,0.464,14.1,0.624,0.238,0.202,0.111,0.073,0.376,0.529,0.701,0.398,0.448,0.449,0.356,0.491,0.771,0.05,286,0.253,889,0.196,0.38,118.34,112.23,6.11
2020-21,Los Angeles Lakers,72,242.4,40.6,86.1,0.472,11.1,31.2,0.354,29.6,54.8,0.539,17.2,23.3,0.739,9.7,34.6,44.2,24.7,7.8,5.4,15.2,19.1,109.5,72,242.4,39.8,86.4,0.46,11.4,32.2,0.352,28.4,54.2,0.524,15.9,20.5,0.776,8.8,33.2,42.0,24.7,8.2,4.5,15.2,21.3,106.8,72,17455,2925,6197,0.472,796,2248,0.354,2129,3949,0.539,1241,1679,0.739,695,2490,3185,1775,562,386,1095,1377,7887,72,17455,2862,6221,0.46,818,2321,0.352,2044,3900,0.524,1144,1475,0.776,634,2392,3026,1776,593,327,1095,1530,7686,28.2,42.0,30.0,42,30,2.79,-0.03,2.77,109.9,107.1,2.8,98.7,0.271,0.363,0.569,0.536,13.6,22.5,0.2,0.526,13.7,79.7,0.184,STAPLES Center,23313.0,648.0,72,17455,0.472,13.5,0.637,0.288,0.167,0.105,0.077,0.363,0.539,0.701,0.434,0.403,0.35,0.354,0.506,0.877,0.065,344,0.282,1046,0.25,0.367,10.0,0.0,72,17455,0.46,13.7,0.627,0.274,0.182,0.101,0.07,0.373,0.524,0.672,0.415,0.428,0.368,0.352,0.539,0.825,0.057,313,0.275,969,0.203,0.356,110.28,107.6,2.67
2020-21,Memphis Grizzlies,72,241.7,42.8,91.8,0.467,11.2,31.4,0.356,31.7,60.4,0.525,16.4,21.3,0.771,11.2,35.3,46.5,26.9,9.1,5.1,13.3,18.7,113.3,72,241.7,41.0,88.7,0.462,12.9,35.1,0.367,28.2,53.6,0.525,17.4,22.1,0.788,9.8,34.9,44.7,25.4,7.7,5.2,14.8,18.3,112.3,72,17405,3085,6608,0.467,803,2258,0.356,2282,4350,0.525,1184,1536,0.771,803,2543,3346,1938,655,364,957,1349,8157,72,17405,2953,6387,0.462,926,2526,0.367,2027,3861,0.525,1251,1588,0.788,704,2515,3219,1827,552,377,1068,1318,8083,24.2,38.0,34.0,38,34,1.03,0.04,1.07,112.0,111.0,1.0,100.4,0.232,0.342,0.56,0.528,11.6,24.2,0.179,0.535,13.1,78.3,0.196,FedEx Forum,61449.0,1707.0,72,17405,0.467,13.0,0.658,0.251,0.221,0.141,0.046,0.342,0.525,0.661,0.443,0.453,0.393,0.356,0.543,0.872,0.051,297,0.261,959,0.258,0.377,4.0,0.0,72,17405,0.462,14.1,0.605,0.264,0.172,0.103,0.066,0.395,0.525,0.648,0.438,0.443,0.387,0.367,0.525,0.823,0.047,261,0.269,938,0.196,0.435,112.69,111.63,1.06
2020-21,Miami Heat,72,241.4,39.2,83.7,0.468,12.9,36.2,0.358,26.3,47.5,0.553,16.7,21.1,0.79,8.0,33.5,41.5,26.3,7.9,4.0,14.1,18.9,108.1,72,241.4,39.1,85.2,0.459,14.3,39.1,0.365,24.8,46.2,0.538,15.6,19.9,0.782,9.5,33.4,42.9,25.8,7.5,4.0,15.1,19.6,108.0,72,17380,2824,6029,0.468,932,2606,0.358,1892,3423,0.553,1201,1520,0.79,579,2409,2988,1895,569,286,1013,1363,7781,72,17380,2815,6137,0.459,1027,2814,0.365,1788,3323,0.538,1122,1435,0.782,684,2404,3088,1857,541,287,1085,1414,7779,27.4,40.0,32.0,36,36,0.03,-0.09,-0.06,111.2,111.2,0.0,96.6,0.252,0.432,0.581,0.546,13.1,19.4,0.199,0.542,13.8,77.9,0.183,AmericanAirlines Arena,,,72,17380,0.468,14.8,0.568,0.247,0.161,0.096,0.064,0.432,0.553,0.719,0.437,0.427,0.391,0.358,0.562,0.893,0.057,309,0.255,910,0.239,0.361,14.0,0.0,72,17380,0.459,15.3,0.541,0.23,0.169,0.082,0.061,0.459,0.538,0.689,0.421,0.425,0.444,0.365,0.533,0.88,0.048,266,0.245,831,0.264,0.388,112.09,112.06,0.03
2020-21,Milwaukee Bucks,72,240.7,44.7,91.8,0.487,14.4,37.1,0.389,30.3,54.7,0.554,16.2,21.4,0.76,10.3,37.8,48.1,25.5,8.1,4.6,13.8,17.3,120.1,72,240.7,42.4,92.9,0.456,14.8,38.6,0.384,27.6,54.3,0.507,14.6,18.8,0.78,9.6,33.8,43.4,25.1,7.0,4.8,13.2,18.3,114.2,72,17330,3221,6610,0.487,1038,2669,0.389,2183,3941,0.554,1169,1539,0.76,741,2724,3465,1834,585,334,995,1244,8649,72,17330,3052,6688,0.456,1068,2778,0.384,1984,3910,0.507,1053,1350,0.78,693,2435,3128,1804,507,348,947,1320,8225,28.1,46.0,26.0,48,24,5.89,-0.32,5.57,117.2,111.4,5.8,102.2,0.233,0.404,0.593,0.566,12.0,23.3,0.177,0.536,11.5,79.7,0.157,Fiserv Forum,64780.0,1799.0,72,17330,0.487,14.6,0.596,0.255,0.155,0.104,0.082,0.404,0.554,0.717,0.419,0.457,0.426,0.389,0.468,0.782,0.059,348,0.26,1001,0.211,0.407,9.0,0.0,72,17330,0.456,15.3,0.585,0.213,0.167,0.119,0.085,0.415,0.507,0.658,0.411,0.448,0.404,0.384,0.473,0.81,0.042,246,0.232,805,0.198,0.448,117.67,112.34,5.33
2020-21,Minnesota Timberwolves,72,241.7,40.7,90.9,0.448,13.1,37.6,0.349,27.6,53.3,0.518,17.6,23.1,0.761,10.5,33.0,43.5,25.6,8.8,5.5,14.3,20.9,112.1,72,241.7,43.0,89.3,0.482,13.1,33.5,0.392,29.9,55.8,0.536,18.5,23.5,0.786,10.0,35.8,45.8,26.8,7.6,5.5,15.3,19.9,117.7,72,17405,2932,6546,0.448,944,2706,0.349,1988,3840,0.518,1265,1662,0.761,757,2376,3133,1846,632,398,1027,1507,8073,72,17405,3098,6426,0.482,945,2412,0.392,2153,4014,0.536,1332,1695,0.786,718,2579,3297,1932,550,398,1102,1432,8473,23.2,23.0,49.0,24,48,-5.56,0.31,-5.25,109.5,115.0,-5.5,101.6,0.254,0.413,0.555,0.52,12.4,22.7,0.193,0.556,13.3,76.8,0.207,Target Center,15774.0,438.0,72,17405,0.448,13.7,0.587,0.299,0.172,0.061,0.054,0.413,0.518,0.65,0.391,0.363,0.362,0.349,0.532,0.835,0.059,329,0.311,1098,0.208,0.362,8.0,0.0,72,17405,0.482,13.5,0.625,0.282,0.174,0.096,0.073,0.375,0.536,0.682,0.386,0.464,0.426,0.392,0.528,0.841,0.06,356,0.292,1015,0.227,0.419,110.26,115.31,-5.05
2020-21,New Orleans Pelicans,72,242.1,42.5,89.1,0.477,10.6,30.4,0.348,31.9,58.6,0.544,19.0,26.1,0.729,11.7,35.7,47.4,26.0,7.6,4.4,14.6,18.0,114.6,72,242.1,41.9,89.3,0.469,14.5,38.1,0.38,27.4,51.2,0.535,16.6,21.1,0.79,8.9,32.9,41.8,25.9,7.7,5.9,13.3,21.3,114.9,72,17430,3060,6412,0.477,762,2190,0.348,2298,4222,0.544,1369,1878,0.729,845,2568,3413,1872,545,315,1052,1295,8251,72,17430,3016,6431,0.469,1043,2745,0.38,1973,3686,0.535,1197,1516,0.79,644,2366,3010,1866,555,426,961,1534,8272,24.8,31.0,41.0,35,37,-0.29,0.1,-0.2,113.5,113.8,-0.3,100.1,0.293,0.342,0.57,0.537,12.7,26.3,0.214,0.55,11.9,80.0,0.186,Smoothie King Center,93120.0,2587.0,72,17430,0.477,12.6,0.658,0.336,0.165,0.087,0.071,0.342,0.544,0.66,0.413,0.414,0.457,0.348,0.526,0.871,0.06,348,0.345,1230,0.237,0.345,17.0,3.0,72,17430,0.469,14.6,0.573,0.26,0.159,0.089,0.066,0.427,0.535,0.689,0.417,0.423,0.366,0.38,0.505,0.833,0.049,286,0.26,966,0.212,0.388,114.52,114.73,-0.21
2020-21,New York Knicks,72,242.1,39.4,86.5,0.456,11.8,30.0,0.392,27.7,56.4,0.49,16.4,20.9,0.784,9.7,35.5,45.1,21.4,7.0,5.1,12.9,20.5,107.0,72,242.1,37.9,86.2,0.44,12.0,35.6,0.337,25.9,50.6,0.512,16.9,22.2,0.761,9.7,34.4,44.1,23.6,6.6,5.4,12.8,17.9,104.7,72,17430,2839,6225,0.456,847,2163,0.392,1992,4062,0.49,1181,1506,0.784,696,2554,3250,1541,507,365,932,1473,7706,72,17430,2730,6209,0.44,864,2565,0.337,1866,3644,0.512,1216,1598,0.761,695,2478,3173,1696,472,391,918,1286,7540,25.6,41.0,31.0,41,31,2.31,-0.18,2.13,110.6,108.2,2.4,95.9,0.242,0.347,0.559,0.524,11.9,21.9,0.19,0.509,11.7,78.6,0.196,Madison Square Garden (IV),42131.0,1170.0,72,17430,0.456,13.5,0.653,0.254,0.19,0.118,0.091,0.347,0.49,0.637,0.385,0.407,0.411,0.392,0.416,0.842,0.054,300,0.262,829,0.283,0.426,5.0,0.0,72,17430,0.44,14.1,0.587,0.28,0.163,0.077,0.067,0.413,0.512,0.643,0.394,0.397,0.385,0.337,0.518,0.844,0.062,321,0.276,900,0.235,0.35,111.23,109.01,2.21
2020-21,Oklahoma City Thunder,72,241.0,38.8,88.0,0.441,11.9,35.1,0.339,26.9,52.9,0.509,15.5,21.3,0.725,9.9,35.7,45.6,22.1,7.0,4.4,16.1,18.1,105.0,72,241.0,43.4,91.7,0.473,13.6,37.3,0.364,29.8,54.4,0.548,15.3,19.8,0.773,10.1,37.0,47.1,25.8,9.0,5.3,13.1,18.6,115.6,72,17355,2795,6338,0.441,857,2529,0.339,1938,3809,0.509,1113,1536,0.725,715,2568,3283,1588,504,316,1162,1305,7560,72,17355,3123,6603,0.473,978,2688,0.364,2145,3915,0.548,1102,1426,0.773,729,2663,3392,1856,647,378,942,1336,8326,22.8,22.0,50.0,15,57,-10.64,0.51,-10.13,103.5,114.0,-10.5,101.0,0.242,0.399,0.539,0.509,14.2,21.2,0.176,0.547,11.5,77.9,0.167,Chesapeake Energy Arena,,,72,17355,0.441,13.7,0.601,0.278,0.2,0.074,0.05,0.399,0.509,0.635,0.401,0.41,0.381,0.339,0.455,0.824,0.048,275,0.314,1031,0.188,0.375,16.0,1.0,72,17355,0.473,14.3,0.593,0.261,0.165,0.095,0.072,0.407,0.548,0.705,0.408,0.452,0.424,0.364,0.485,0.834,0.058,338,0.269,1012,0.227,0.402,104.36,114.32,-9.96
2020-21,Orlando Magic,72,240.7,38.3,89.2,0.429,10.9,31.8,0.343,27.4,57.4,0.476,16.6,21.4,0.775,10.4,35.1,45.4,21.8,6.9,4.4,12.8,17.2,104.0,72,240.7,42.2,89.7,0.471,13.7,36.8,0.373,28.5,52.9,0.539,15.2,19.3,0.786,9.8,37.6,47.4,26.0,7.6,5.3,12.7,18.6,113.3,72,17330,2754,6423,0.429,784,2288,0.343,1970,4135,0.476,1196,1543,0.775,747,2525,3272,1571,496,318,924,1237,7488,72,17330,3039,6456,0.471,987,2649,0.373,2052,3807,0.539,1093,1390,0.786,704,2706,3410,1874,548,384,917,1342,8158,25.6,21.0,51.0,17,55,-9.31,0.29,-9.02,105.1,114.5,-9.4,98.7,0.24,0.356,0.527,0.49,11.5,21.6,0.186,0.547,11.5,78.2,0.169,Amway Center,126463.0,3513.0,72,17330,0.429,14.4,0.644,0.201,0.212,0.121,0.109,0.356,0.476,0.652,0.386,0.424,0.388,0.343,0.469,0.827,0.036,197,0.258,838,0.15,0.359,10.0,0.0,72,17330,0.471,14.5,0.59,0.232,0.188,0.098,0.072,0.41,0.539,0.684,0.448,0.431,0.455,0.373,0.508,0.842,0.055,306,0.275,1010,0.206,0.408,105.83,115.03,-9.2
2020-21,Philadelphia 76ers,72,242.1,41.4,86.9,0.476,11.3,30.1,0.374,30.1,56.8,0.531,19.6,25.5,0.767,10.0,35.0,45.1,23.7,9.1,6.2,14.4,20.2,113.6,72,242.1,39.4,86.9,0.453,11.9,33.0,0.36,27.5,53.9,0.51,17.4,22.8,0.764,9.8,33.2,42.9,23.5,7.2,4.7,15.6,21.0,108.1,72,17430,2981,6257,0.476,811,2169,0.374,2170,4088,0.531,1409,1836,0.767,722,2522,3244,1706,655,447,1040,1456,8182,72,17430,2835,6259,0.453,857,2378,0.36,1978,3881,0.51,1253,1640,0.764,702,2388,3090,1694,521,335,1122,1509,7780,27.1,49.0,23.0,48,24,5.58,-0.31,5.28,113.2,107.6,5.6,99.5,0.293,0.347,0.579,0.541,12.8,23.2,0.225,0.521,13.8,78.2,0.2,Wells Fargo Center,68583.0,1905.0,72,17430,0.476,13.7,0.653,0.241,0.203,0.117,0.092,0.347,0.531,0.672,0.436,0.479,0.438,0.374,0.452,0.894,0.056,321,0.244,819,0.261,0.417,9.0,0.0,72,17430,0.453,14.0,0.62,0.267,0.174,0.094,0.085,0.38,0.51,0.672,0.41,0.372,0.356,0.36,0.501,0.821,0.054,293,0.276,950,0.197,0.375,113.96,108.66,5.3
2020-21,Phoenix Suns,72,242.8,43.3,88.3,0.49,13.1,34.6,0.378,30.3,53.7,0.563,15.6,18.7,0.834,8.8,34.2,42.9,26.9,7.2,4.3,12.5,19.1,115.3,72,242.8,40.5,86.8,0.467,11.6,32.8,0.354,28.9,54.0,0.535,16.8,21.7,0.778,9.4,33.3,42.7,22.9,6.9,3.6,13.6,18.0,109.5,72,17480,3118,6357,0.49,940,2490,0.378,2178,3867,0.563,1124,1347,0.834,630,2462,3092,1939,517,312,902,1374,8300,72,17480,2916,6248,0.467,836,2359,0.354,2080,3889,0.535,1213,1560,0.778,674,2401,3075,1652,498,258,981,1294,7881,26.6,51.0,21.0,49,23,5.82,-0.15,5.67,117.2,111.3,5.9,97.2,0.212,0.392,0.597,0.564,11.5,20.8,0.177,0.534,12.4,78.5,0.194,Phoenix Suns Arena,104027.0,2890.0,72,17480,0.49,14.9,0.608,0.211,0.158,0.148,0.091,0.392,0.563,0.718,0.47,0.509,0.454,0.378,0.524,0.849,0.039,232,0.215,843,0.265,0.43,11.0,0.0,72,17480,0.467,14.1,0.622,0.25,0.185,0.103,0.085,0.378,0.535,0.697,0.434,0.413,0.424,0.354,0.472,0.803,0.046,270,0.274,984,0.2,0.414,117.96,112.22,5.74
2020-21,Portland Trail Blazers,72,240.3,41.3,91.1,0.453,15.7,40.8,0.385,25.6,50.3,0.509,17.8,21.6,0.823,10.6,33.9,44.5,21.3,6.9,5.0,11.1,18.9,116.1,72,240.3,41.8,88.3,0.473,12.9,34.6,0.372,28.9,53.6,0.538,17.9,22.8,0.787,9.9,35.5,45.4,24.9,6.1,4.6,12.4,19.1,114.3,72,17305,2973,6558,0.453,1132,2939,0.385,1841,3619,0.509,1282,1558,0.823,766,2441,3207,1531,496,363,799,1362,8360,72,17305,3007,6355,0.473,928,2494,0.372,2079,3861,0.538,1289,1638,0.787,710,2558,3268,1794,440,333,892,1374,8231,27.4,42.0,30.0,40,32,1.79,0.01,1.81,117.8,116.0,1.8,98.4,0.238,0.448,0.577,0.54,9.9,23.0,0.195,0.546,11.2,77.5,0.203,Moda Center,5817.0,162.0,72,17305,0.453,15.6,0.552,0.244,0.133,0.085,0.089,0.448,0.509,0.637,0.378,0.439,0.422,0.385,0.405,0.693,0.033,183,0.254,937,0.159,0.393,10.0,0.0,72,17305,0.473,14.1,0.608,0.271,0.165,0.09,0.081,0.392,0.538,0.684,0.4,0.452,0.43,0.372,0.497,0.82,0.05,283,0.271,1002,0.245,0.426,118.42,116.68,1.73
2020-21,Sacramento Kings,72,240.3,42.6,88.6,0.481,12.1,33.3,0.364,30.5,55.3,0.551,16.4,22.0,0.745,9.4,32.0,41.4,25.5,7.5,5.0,13.4,19.4,113.7,72,240.3,43.6,89.4,0.488,12.4,32.6,0.38,31.2,56.8,0.549,17.8,22.7,0.787,10.7,34.6,45.2,25.3,7.6,4.7,13.7,18.7,117.4,72,17305,3067,6382,0.481,874,2400,0.364,2193,3982,0.551,1181,1585,0.745,674,2307,2981,1836,543,358,963,1400,8189,72,17305,3139,6438,0.488,893,2349,0.38,2246,4089,0.549,1283,1631,0.787,767,2489,3256,1823,545,336,988,1348,8454,25.6,31.0,41.0,28,44,-3.68,0.23,-3.45,113.6,117.2,-3.6,100.0,0.248,0.376,0.578,0.549,12.0,21.3,0.185,0.557,12.1,75.0,0.199,Golden 1 Center,,,72,17305,0.481,13.6,0.624,0.249,0.213,0.106,0.056,0.376,0.551,0.717,0.432,0.479,0.4,0.364,0.516,0.805,0.062,359,0.26,931,0.212,0.422,12.0,0.0,72,17305,0.488,13.4,0.635,0.27,0.198,0.095,0.072,0.365,0.549,0.71,0.43,0.476,0.37,0.38,0.491,0.807,0.061,349,0.287,1074,0.201,0.385,114.59,117.94,-3.36
2020-21,San Antonio Spurs,72,242.8,41.9,90.5,0.462,9.9,28.4,0.35,31.9,62.1,0.514,17.4,22.0,0.792,9.3,34.6,43.9,24.4,7.0,5.1,11.4,18.0,111.1,72,242.8,42.4,89.8,0.472,12.3,32.6,0.377,30.1,57.2,0.527,15.7,20.7,0.758,10.2,37.2,47.4,24.8,6.3,5.1,13.2,18.6,112.8,72,17480,3014,6518,0.462,716,2046,0.35,2298,4472,0.514,1254,1584,0.792,669,2489,3158,1759,505,366,821,1293,7998,72,17480,3055,6469,0.472,885,2350,0.377,2170,4119,0.527,1128,1489,0.758,732,2681,3413,1784,454,369,949,1338,8123,26.2,33.0,39.0,32,40,-1.74,0.15,-1.58,111.0,112.8,-1.8,98.9,0.243,0.314,0.554,0.517,10.2,20.0,0.192,0.541,11.8,77.3,0.174,AT&T Center,61053.0,1696.0,72,17480,0.462,13.3,0.686,0.24,0.199,0.142,0.105,0.314,0.514,0.658,0.435,0.433,0.444,0.35,0.492,0.877,0.035,204,0.281,1019,0.2,0.377,5.0,0.0,72,17480,0.472,13.3,0.637,0.28,0.198,0.093,0.065,0.363,0.527,0.64,0.438,0.457,0.412,0.377,0.488,0.818,0.056,320,0.302,1020,0.222,0.4,111.59,113.17,-1.57
2020-21,Toronto Raptors,72,240.3,39.7,88.7,0.448,14.5,39.3,0.368,25.3,49.3,0.512,17.4,21.3,0.815,9.4,32.1,41.6,24.1,8.6,5.4,13.2,21.2,111.3,72,240.3,39.0,84.7,0.461,13.9,36.7,0.379,25.1,48.0,0.523,19.8,24.8,0.799,10.0,35.9,45.9,26.0,6.6,5.6,16.1,19.5,111.7,72,17305,2859,6383,0.448,1041,2831,0.368,1818,3552,0.512,1252,1536,0.815,680,2314,2994,1735,618,388,952,1526,8011,72,17305,2809,6099,0.461,1001,2641,0.379,1808,3458,0.523,1426,1785,0.799,720,2582,3302,1872,477,402,1161,1405,8045,26.6,27.0,45.0,35,37,-0.47,-0.07,-0.54,112.0,112.5,-0.5,99.2,0.241,0.444,0.567,0.529,11.9,20.8,0.196,0.543,14.4,76.3,0.234,Amalie Arena,26024.0,723.0,72,17305,0.448,14.9,0.556,0.236,0.194,0.065,0.061,0.444,0.512,0.662,0.407,0.409,0.375,0.368,0.483,0.822,0.051,280,0.286,969,0.225,0.388,11.0,0.0,72,17305,0.461,14.7,0.567,0.216,0.212,0.082,0.058,0.433,0.523,0.692,0.427,0.402,0.413,0.379,0.544,0.888,0.051,263,0.259,879,0.274,0.412,113.0,113.55,-0.56
2020-21,Utah Jazz,72,241.0,41.3,88.1,0.468,16.7,43.0,0.389,24.5,45.1,0.544,17.2,21.5,0.799,10.6,37.6,48.3,23.7,6.6,5.2,14.2,18.5,116.4,72,241.0,40.9,91.4,0.447,10.9,31.8,0.341,30.0,59.6,0.504,14.5,18.9,0.768,9.8,32.8,42.6,22.3,7.7,3.9,11.5,19.0,107.2,72,17355,2971,6344,0.468,1205,3098,0.389,1766,3246,0.544,1235,1546,0.799,765,2709,3474,1703,474,371,1023,1335,8382,72,17355,2943,6581,0.447,783,2293,0.341,2160,4288,0.504,1047,1364,0.768,706,2362,3068,1604,554,282,827,1365,7716,28.5,52.0,20.0,55,17,9.25,-0.29,8.97,117.6,108.3,9.3,98.5,0.244,0.488,0.597,0.563,12.7,24.5,0.195,0.507,10.3,79.3,0.159,Vivint Smart Home Arena,151300.0,4203.0,72,17355,0.468,15.5,0.512,0.207,0.201,0.069,0.035,0.488,0.544,0.703,0.443,0.448,0.372,0.389,0.444,0.763,0.058,325,0.225,786,0.254,0.408,13.0,0.0,72,17355,0.447,13.7,0.652,0.229,0.219,0.126,0.078,0.348,0.504,0.678,0.399,0.439,0.394,0.341,0.457,0.787,0.045,262,0.255,914,0.164,0.356,118.23,109.04,9.2
2020-21,Washington Wizards,72,241.7,43.2,90.9,0.475,10.2,29.0,0.351,33.0,61.9,0.533,20.1,26.2,0.769,9.7,35.5,45.2,25.5,7.3,4.1,14.4,21.6,116.6,72,241.7,43.1,91.6,0.471,12.4,33.7,0.369,30.7,57.9,0.529,19.8,25.4,0.781,10.3,35.8,46.1,24.5,8.2,4.8,14.7,22.0,118.5,72,17405,3108,6547,0.475,733,2088,0.351,2375,4459,0.533,1449,1884,0.769,697,2557,3254,1835,528,297,1037,1555,8398,72,17405,3103,6594,0.471,896,2425,0.369,2207,4169,0.529,1428,1828,0.781,738,2580,3318,1762,587,348,1056,1586,8530,26.6,34.0,38.0,32,40,-1.83,-0.01,-1.85,111.2,113.0,-1.8,104.1,0.288,0.319,0.569,0.531,12.3,21.3,0.221,0.539,12.5,77.6,0.217,Capital One Arena,19198.0,533.0,72,17405,0.475,13.6,0.681,0.199,0.268,0.101,0.114,0.319,0.533,0.695,0.515,0.408,0.402,0.351,0.501,0.88,0.055,320,0.299,1074,0.231,0.369,9.0,0.0,72,17405,0.471,14.5,0.632,0.164,0.264,0.111,0.093,0.368,0.529,0.687,0.493,0.452,0.448,0.369,0.464,0.823,0.054,318,0.264,929,0.218,0.375,111.79,113.69,-1.91
2021-22,Atlanta Hawks,82,240.3,41.5,88.3,0.47,12.9,34.4,0.374,28.6,53.9,0.531,18.1,22.3,0.812,10.0,33.9,44.0,24.6,7.2,4.2,11.9,18.7,113.9,82,240.3,41.9,89.0,0.471,12.8,35.2,0.364,29.1,53.7,0.541,15.8,19.9,0.792,10.2,33.6,43.9,25.4,7.0,4.5,12.8,20.3,112.4,82,19705,3401,7241,0.47,1056,2821,0.374,2345,4420,0.531,1485,1829,0.812,823,2783,3606,2017,587,348,972,1534,9343,82,19705,3435,7294,0.471,1051,2888,0.364,2384,4406,0.541,1294,1634,0.792,838,2758,3596,2085,576,367,1046,1668,9215,26.1,43.0,39.0,45,37,1.56,-0.01,1.55,116.5,114.9,1.6,97.7,0.253,0.39,0.581,0.543,10.8,23.0,0.205,0.543,11.5,76.9,0.177,State Farm Arena,672742.0,16408.0,82,19705,0.47,14.4,0.61,0.242,0.162,0.109,0.089,0.39,0.531,0.668,0.441,0.442,0.431,0.374,0.522,0.73,0.059,395,0.229,902,0.219,0.43,14.0,1.0,82,19705,0.471,14.2,0.604,0.256,0.161,0.101,0.078,0.396,0.541,0.69,0.429,0.456,0.398,0.364,0.503,0.821,0.059,379,0.251,1060,0.229,0.386,117.42,115.84,1.58
2021-22,Boston Celtics,82,242.7,40.7,87.4,0.466,13.2,37.1,0.356,27.5,50.3,0.547,17.0,20.9,0.816,10.5,35.5,46.1,24.8,7.2,5.8,13.6,18.5,111.8,82,242.7,38.3,88.1,0.434,11.8,34.9,0.339,26.4,53.2,0.497,16.1,20.6,0.783,10.5,33.3,43.7,21.6,7.5,4.6,13.8,19.4,104.5,82,19905,3341,7167,0.466,1085,3044,0.356,2256,4123,0.547,1397,1713,0.816,863,2915,3778,2036,591,478,1118,1521,9164,82,19905,3137,7221,0.434,969,2860,0.339,2168,4361,0.497,1324,1692,0.783,858,2727,3585,1773,618,376,1133,1592,8567,26.1,51.0,31.0,59,23,7.28,-0.26,7.02,114.4,106.9,7.5,96.6,0.239,0.425,0.578,0.542,12.4,24.0,0.195,0.502,12.5,77.3,0.183,TD Garden,785396.0,19156.0,82,19905,0.466,14.7,0.575,0.216,0.199,0.081,0.072,0.425,0.547,0.739,0.45,0.417,0.397,0.356,0.506,0.807,0.057,366,0.271,1128,0.229,0.39,10.0,0.0,82,19905,0.434,14.9,0.604,0.188,0.219,0.099,0.09,0.396,0.497,0.7,0.408,0.41,0.378,0.339,0.459,0.783,0.047,315,0.25,922,0.212,0.356,115.05,107.65,7.39
2021-22,Brooklyn Nets,82,240.9,42.0,88.4,0.475,11.5,31.7,0.361,30.5,56.7,0.538,17.5,21.7,0.805,10.3,34.1,44.4,25.3,7.1,5.5,14.1,20.4,112.9,82,240.9,40.7,90.2,0.452,12.5,36.3,0.345,28.2,53.9,0.523,18.1,23.0,0.788,11.3,32.8,44.1,23.8,7.9,4.9,13.3,19.7,112.1,82,19755,3442,7251,0.475,940,2602,0.361,2502,4649,0.538,1434,1781,0.805,844,2796,3640,2071,582,448,1153,1670,9258,82,19755,3340,7395,0.452,1026,2974,0.345,2314,4421,0.523,1488,1888,0.788,926,2690,3616,1954,650,403,1088,1616,9194,29.1,44.0,38.0,43,39,0.78,0.04,0.82,113.6,112.8,0.8,99.0,0.246,0.359,0.576,0.54,12.5,23.9,0.198,0.521,11.7,75.1,0.201,Barclays Center,711539.0,17355.0,82,19755,0.475,13.8,0.641,0.242,0.165,0.134,0.093,0.359,0.538,0.659,0.448,0.475,0.48,0.361,0.537,0.752,0.052,335,0.249,975,0.229,0.394,7.0,0.0,82,19755,0.452,14.2,0.598,0.252,0.173,0.089,0.074,0.402,0.523,0.681,0.403,0.423,0.398,0.345,0.493,0.773,0.058,380,0.263,1050,0.241,0.37,114.84,114.03,0.81
2021-22,Charlotte Hornets,82,242.4,42.8,91.4,0.468,13.9,38.2,0.365,28.8,53.3,0.542,15.8,21.4,0.74,10.8,33.7,44.6,28.1,8.6,4.9,13.3,19.9,115.3,82,242.4,42.0,90.1,0.466,14.0,38.7,0.362,28.0,51.4,0.544,16.9,22.1,0.763,11.4,35.6,47.0,26.5,7.5,4.6,15.0,19.6,114.9,82,19880,3508,7497,0.468,1143,3130,0.365,2365,4367,0.542,1298,1753,0.74,888,2767,3655,2302,707,402,1087,1629,9457,82,19880,3444,7388,0.466,1148,3170,0.362,2296,4218,0.544,1385,1815,0.763,931,2920,3851,2169,617,377,1229,1609,9421,25.5,43.0,39.0,42,40,0.44,0.09,0.53,114.1,113.7,0.4,100.0,0.234,0.418,0.572,0.544,11.6,23.3,0.173,0.544,13.1,74.8,0.187,Spectrum Center,700755.0,17092.0,82,19880,0.468,13.9,0.582,0.29,0.177,0.069,0.047,0.418,0.542,0.69,0.385,0.402,0.419,0.365,0.559,0.857,0.079,531,0.285,1141,0.287,0.372,20.0,0.0,82,19880,0.466,14.4,0.571,0.266,0.17,0.076,0.059,0.429,0.544,0.685,0.427,0.408,0.423,0.362,0.528,0.833,0.069,437,0.266,1084,0.278,0.376,115.02,114.42,0.6
2021-22,Chicago Bulls,82,240.6,41.7,86.9,0.48,10.6,28.8,0.369,31.1,58.1,0.535,17.5,21.5,0.813,8.7,33.7,42.3,23.9,7.1,4.1,12.8,18.8,111.6,82,240.6,41.4,87.4,0.474,11.7,32.0,0.366,29.7,55.5,0.536,17.4,21.9,0.795,9.3,33.9,43.2,25.0,7.1,5.0,13.1,18.2,112.0,82,19730,3422,7127,0.48,872,2364,0.369,2550,4763,0.535,1436,1766,0.813,711,2760,3471,1958,585,336,1053,1540,9152,82,19730,3397,7170,0.474,960,2620,0.366,2437,4550,0.536,1430,1799,0.795,764,2777,3541,2049,584,410,1071,1489,9184,26.3,46.0,36.0,40,42,-0.39,0.02,-0.38,113.2,113.6,-0.4,98.3,0.248,0.332,0.579,0.541,11.8,20.4,0.201,0.541,11.9,78.3,0.199,United Center,856148.0,20882.0,82,19730,0.48,13.8,0.668,0.259,0.151,0.127,0.131,0.332,0.535,0.677,0.452,0.45,0.435,0.369,0.476,0.852,0.05,321,0.247,1019,0.273,0.418,18.0,1.0,82,19730,0.474,13.4,0.635,0.297,0.169,0.091,0.078,0.365,0.536,0.675,0.42,0.413,0.398,0.366,0.514,0.829,0.057,373,0.287,1166,0.236,0.427,114.13,114.58,-0.45
2021-22,Cleveland Cavaliers,82,240.6,39.7,84.6,0.469,11.6,32.8,0.355,28.1,51.9,0.541,16.8,22.1,0.76,10.2,34.0,44.2,25.2,7.1,4.2,14.4,17.5,107.8,82,240.6,39.5,87.2,0.452,11.7,33.2,0.353,27.8,54.0,0.514,15.0,19.4,0.774,10.5,32.4,42.9,24.1,8.4,4.6,13.4,20.0,105.7,82,19730,3255,6940,0.469,953,2686,0.355,2302,4254,0.541,1376,1810,0.76,837,2786,3623,2064,580,343,1181,1433,8839,82,19730,3236,7152,0.452,960,2721,0.353,2276,4431,0.514,1233,1592,0.774,858,2657,3515,1978,691,380,1101,1638,8665,24.7,44.0,38.0,47,35,2.12,-0.08,2.04,111.9,109.7,2.2,96.1,0.261,0.387,0.571,0.538,13.2,24.0,0.198,0.52,12.3,76.5,0.172,Rocket Mortgage Fieldhouse,758228.0,18493.0,82,19730,0.469,13.6,0.613,0.279,0.18,0.09,0.055,0.387,0.541,0.697,0.406,0.426,0.391,0.355,0.552,0.821,0.078,491,0.239,933,0.233,0.334,9.0,1.0,82,19730,0.452,13.7,0.62,0.291,0.16,0.092,0.07,0.38,0.514,0.628,0.413,0.414,0.401,0.353,0.515,0.819,0.06,378,0.266,1023,0.268,0.381,112.66,110.62,2.05
2021-22,Dallas Mavericks,82,240.9,39.3,85.1,0.461,13.1,37.4,0.35,26.2,47.8,0.548,16.4,21.2,0.771,9.3,33.8,43.0,23.4,6.7,4.0,12.5,19.7,108.0,82,240.9,39.0,85.4,0.457,10.9,32.1,0.34,28.1,53.2,0.527,15.8,20.6,0.767,9.5,34.1,43.6,23.5,7.0,3.7,13.1,20.1,104.7,82,19755,3222,6982,0.461,1073,3063,0.35,2149,3919,0.548,1341,1739,0.771,759,2769,3528,1918,552,325,1025,1612,8858,82,19755,3198,7001,0.457,895,2635,0.34,2303,4366,0.527,1296,1689,0.767,780,2799,3579,1925,575,300,1073,1645,8587,26.7,52.0,30.0,50,32,3.3,-0.18,3.12,112.8,109.4,3.4,95.4,0.249,0.439,0.572,0.538,11.7,21.3,0.192,0.521,12.2,78.0,0.185,American Airlines Center,808037.0,19708.0,82,19755,0.461,15.3,0.561,0.206,0.176,0.108,0.071,0.439,0.548,0.736,0.45,0.452,0.395,0.35,0.502,0.783,0.059,357,0.208,874,0.262,0.398,15.0,0.0,82,19755,0.457,13.9,0.624,0.238,0.206,0.107,0.073,0.376,0.527,0.701,0.442,0.425,0.354,0.34,0.515,0.827,0.057,348,0.255,1033,0.25,0.377,113.76,110.41,3.35
2021-22,Denver Nuggets,82,241.5,41.7,86.3,0.483,12.7,35.9,0.353,29.0,50.4,0.575,16.7,21.0,0.795,9.2,34.9,44.1,27.8,7.2,3.7,14.5,20.0,112.7,82,241.5,41.1,87.4,0.47,11.8,34.2,0.346,29.2,53.2,0.549,16.5,21.7,0.757,9.7,32.7,42.4,25.4,7.9,4.8,12.8,19.9,110.4,82,19805,3416,7079,0.483,1039,2944,0.353,2377,4135,0.575,1372,1725,0.795,752,2865,3617,2279,592,305,1189,1639,9243,82,19805,3367,7168,0.47,971,2806,0.346,2396,4362,0.549,1349,1783,0.757,795,2680,3475,2082,649,392,1051,1632,9054,27.7,48.0,34.0,47,35,2.3,-0.15,2.16,114.5,112.1,2.4,97.8,0.244,0.416,0.59,0.556,13.2,21.9,0.194,0.537,11.7,78.3,0.188,Ball Arena,695262.0,16958.0,82,19805,0.483,14.4,0.584,0.236,0.204,0.073,0.071,0.416,0.575,0.744,0.48,0.439,0.427,0.353,0.584,0.857,0.059,373,0.266,1128,0.265,0.384,24.0,0.0,82,19805,0.47,14.2,0.609,0.222,0.219,0.099,0.069,0.391,0.549,0.73,0.47,0.444,0.372,0.346,0.533,0.83,0.059,384,0.262,1109,0.235,0.37,115.25,113.08,2.17
2021-22,Detroit Pistons,82,241.2,38.2,88.6,0.431,11.3,34.6,0.326,26.9,54.0,0.498,17.2,22.0,0.782,11.0,32.0,43.0,23.5,7.7,4.8,14.2,21.9,104.8,82,241.2,40.6,86.0,0.473,11.8,32.5,0.362,28.9,53.5,0.54,19.5,25.1,0.777,10.3,35.9,46.3,25.1,7.4,5.2,14.6,19.8,112.5,82,19780,3129,7267,0.431,925,2838,0.326,2204,4429,0.498,1413,1806,0.782,900,2625,3525,1924,630,393,1163,1799,8596,82,19780,3333,7051,0.473,966,2668,0.362,2367,4383,0.54,1597,2056,0.777,847,2946,3793,2061,606,427,1197,1625,9229,23.6,23.0,59.0,22,60,-7.72,0.37,-7.36,106.0,113.8,-7.8,98.4,0.249,0.391,0.533,0.494,12.6,23.4,0.194,0.541,13.1,75.6,0.226,Little Caesars Arena,663556.0,16184.0,82,19780,0.431,14.0,0.609,0.247,0.209,0.081,0.073,0.391,0.498,0.645,0.422,0.354,0.376,0.326,0.498,0.893,0.039,257,0.304,1187,0.267,0.361,20.0,0.0,82,19780,0.473,13.7,0.622,0.259,0.216,0.077,0.07,0.378,0.54,0.674,0.469,0.439,0.377,0.362,0.534,0.824,0.066,406,0.284,1126,0.253,0.421,107.02,114.36,-7.34
2021-22,Golden State Warriors,82,240.6,40.5,86.4,0.469,14.3,39.4,0.364,26.2,47.0,0.557,15.6,20.3,0.769,9.8,35.7,45.5,27.1,8.8,4.5,14.9,21.0,111.0,82,240.6,37.9,86.6,0.438,12.2,36.0,0.339,25.7,50.6,0.509,17.4,22.9,0.759,9.7,33.0,42.6,22.9,7.9,3.9,14.5,18.0,105.5,82,19730,3323,7087,0.469,1176,3231,0.364,2147,3856,0.557,1280,1665,0.769,800,2930,3730,2223,719,372,1221,1723,9102,82,19730,3111,7098,0.438,1000,2948,0.339,2111,4150,0.509,1426,1880,0.759,792,2705,3497,1875,649,317,1189,1474,8648,27.6,53.0,29.0,55,27,5.54,-0.02,5.52,112.5,106.9,5.6,98.4,0.235,0.456,0.582,0.552,13.5,22.8,0.181,0.509,13.0,78.7,0.201,Chase Center,740624.0,18064.0,82,19730,0.469,15.5,0.544,0.205,0.201,0.07,0.068,0.456,0.557,0.711,0.51,0.408,0.382,0.364,0.595,0.804,0.057,371,0.282,1193,0.215,0.339,24.0,1.0,82,19730,0.438,14.8,0.585,0.176,0.257,0.089,0.063,0.415,0.509,0.688,0.457,0.428,0.335,0.339,0.487,0.846,0.046,296,0.268,1037,0.243,0.397,113.24,107.62,5.62
2021-22,Houston Rockets,82,240.9,39.4,86.4,0.456,13.5,38.7,0.349,25.9,47.7,0.543,17.5,24.5,0.713,9.6,32.4,42.0,23.6,7.3,4.7,16.5,20.6,109.7,82,240.9,43.4,89.9,0.483,12.8,36.2,0.353,30.7,53.8,0.57,18.5,23.7,0.782,11.2,34.5,45.7,25.6,9.5,5.8,14.1,22.1,118.2,82,19755,3229,7083,0.456,1105,3170,0.349,2124,3913,0.543,1434,2010,0.713,786,2660,3446,1932,600,382,1351,1692,8997,82,19755,3562,7374,0.483,1048,2966,0.353,2514,4408,0.57,1520,1943,0.782,915,2831,3746,2103,776,474,1155,1812,9692,24.1,20.0,62.0,21,61,-8.48,0.22,-8.26,108.4,116.7,-8.3,100.9,0.284,0.448,0.565,0.534,14.5,21.7,0.202,0.554,12.3,74.4,0.206,Toyota Center,638977.0,15585.0,82,19755,0.456,14.2,0.552,0.299,0.181,0.038,0.034,0.448,0.543,0.689,0.384,0.322,0.347,0.349,0.502,0.784,0.089,547,0.299,1142,0.173,0.35,18.0,0.0,82,19755,0.483,14.0,0.598,0.275,0.177,0.083,0.062,0.402,0.57,0.713,0.457,0.457,0.414,0.353,0.503,0.8,0.075,495,0.267,1157,0.241,0.377,109.47,117.75,-8.28
2021-22,Indiana Pacers,82,242.4,41.4,89.5,0.463,12.2,35.4,0.344,29.3,54.1,0.541,16.4,21.4,0.768,11.3,32.6,43.9,25.4,7.1,5.6,14.4,20.4,111.5,82,242.4,42.5,88.0,0.483,12.0,32.3,0.372,30.5,55.7,0.547,17.9,22.5,0.797,10.2,33.0,43.1,25.1,8.1,4.9,13.3,19.2,114.9,82,19880,3398,7338,0.463,997,2899,0.344,2401,4439,0.541,1347,1754,0.768,925,2671,3596,2081,582,457,1183,1675,9140,82,19880,3485,7212,0.483,985,2645,0.372,2500,4567,0.547,1470,1845,0.797,833,2702,3535,2058,664,401,1087,1575,9425,26.0,25.0,57.0,32,50,-3.48,0.22,-3.26,112.6,116.1,-3.5,98.0,0.239,0.395,0.564,0.531,12.7,25.5,0.184,0.552,11.9,76.2,0.204,Gainbridge Fieldhouse,588743.0,14360.0,82,19880,0.463,13.9,0.605,0.262,0.175,0.092,0.068,0.395,0.541,0.675,0.46,0.417,0.4,0.344,0.506,0.851,0.044,293,0.3,1294,0.249,0.378,24.0,0.0,82,19880,0.483,13.6,0.633,0.258,0.199,0.099,0.068,0.367,0.547,0.694,0.455,0.444,0.425,0.372,0.501,0.795,0.065,411,0.277,1149,0.227,0.401,113.74,117.03,-3.28
2021-22,League Average,82,241.4,40.6,88.1,0.461,12.4,35.2,0.354,28.2,52.9,0.533,16.9,21.9,0.775,10.3,34.1,44.5,24.6,7.6,4.7,13.8,19.6,110.6,82,241.4,40.6,88.1,0.461,12.4,35.2,0.354,28.2,52.9,0.533,16.9,21.9,0.775,10.3,34.1,44.5,24.6,7.6,4.7,13.8,19.6,110.6,82,19792,3331,7224,0.461,1020,2885,0.354,2311,4340,0.533,1389,1793,0.775,847,2798,3645,2021,626,386,1129,1610,9071,82,19792,3331,7224,0.461,1020,2885,0.354,2311,4340,0.533,1389,1793,0.775,847,2798,3645,2021,626,386,1129,1610,9071,26.3,,,41,41,0.0,0.0,0.0,112.0,112.0,,98.2,0.248,0.399,0.566,0.532,12.3,23.2,0.192,0.532,12.3,76.8,0.192,,695475.0,16963.0,82,19793,0.461,14.2,0.601,0.239,0.193,0.094,0.07,0.399,0.533,0.687,0.439,0.431,0.399,0.354,0.509,0.816,0.057,367,0.263,1061,0.235,0.383,14.8,0.4,82,19792,0.461,14.3,0.601,0.239,0.193,0.094,0.07,0.399,0.533,0.687,0.439,0.431,0.399,0.354,0.509,0.816,0.057,367,0.263,1061,0.235,0.383,,,
2021-22,Los Angeles Clippers,82,241.2,40.1,87.4,0.458,12.8,34.2,0.374,27.3,53.3,0.512,15.5,19.6,0.793,9.1,34.9,44.0,24.0,7.4,5.0,13.7,18.6,108.4,82,241.2,40.8,90.6,0.45,11.7,33.9,0.345,29.1,56.7,0.513,15.2,19.6,0.775,12.0,35.1,47.1,24.1,7.7,4.1,13.6,18.5,108.4,82,19780,3285,7170,0.458,1047,2802,0.374,2238,4368,0.512,1273,1606,0.793,747,2860,3607,1969,608,406,1126,1528,8890,82,19780,3343,7432,0.45,958,2780,0.345,2385,4652,0.513,1244,1606,0.775,984,2881,3865,1975,631,339,1113,1515,8888,27.5,42.0,40.0,41,41,0.02,0.06,0.09,110.1,110.1,0.0,98.0,0.224,0.391,0.564,0.531,12.5,20.6,0.178,0.514,12.0,74.4,0.167,Crypto.com Arena,694005.0,16927.0,82,19780,0.458,14.7,0.609,0.206,0.181,0.117,0.099,0.391,0.512,0.694,0.447,0.436,0.348,0.374,0.498,0.798,0.052,320,0.21,831,0.212,0.413,17.0,0.0,82,19780,0.45,13.7,0.626,0.246,0.213,0.1,0.059,0.374,0.513,0.66,0.424,0.416,0.383,0.345,0.5,0.804,0.055,355,0.27,1076,0.215,0.358,110.85,110.85,0.0
2021-22,Los Angeles Lakers,82,243.7,41.6,88.8,0.469,12.0,34.5,0.347,29.7,54.3,0.546,16.8,23.0,0.732,9.5,34.5,44.0,24.0,7.6,5.2,14.5,20.2,112.1,82,243.7,42.6,90.5,0.47,12.6,35.8,0.352,30.0,54.7,0.548,17.4,23.3,0.747,11.0,35.6,46.6,26.3,8.3,4.1,14.0,20.1,115.1,82,19980,3415,7279,0.469,982,2826,0.347,2433,4453,0.546,1380,1884,0.732,782,2826,3608,1968,626,425,1191,1654,9192,82,19980,3491,7424,0.47,1032,2935,0.352,2459,4489,0.548,1428,1911,0.747,902,2920,3822,2154,684,338,1152,1647,9442,30.2,33.0,49.0,33,49,-3.05,-0.03,-3.08,110.3,113.3,-3.0,100.1,0.259,0.388,0.567,0.537,12.8,21.1,0.19,0.54,12.2,75.8,0.192,Crypto.com Arena,764631.0,18650.0,82,19980,0.469,13.8,0.612,0.273,0.162,0.086,0.083,0.388,0.546,0.709,0.42,0.412,0.392,0.347,0.468,0.815,0.061,395,0.307,1310,0.226,0.37,5.0,0.0,82,19980,0.47,14.0,0.605,0.255,0.193,0.086,0.065,0.395,0.548,0.715,0.435,0.417,0.397,0.352,0.518,0.832,0.062,410,0.269,1151,0.206,0.379,111.22,114.3,-3.07
2021-22,Memphis Grizzlies,82,241.2,43.5,94.4,0.461,11.5,32.7,0.353,32.0,61.7,0.519,17.0,23.1,0.734,14.1,35.0,49.2,26.0,9.8,6.5,13.2,19.8,115.6,82,241.2,40.3,88.6,0.455,12.0,34.5,0.349,28.3,54.2,0.522,17.3,22.4,0.771,10.0,33.0,43.0,25.0,7.2,6.0,15.1,19.8,109.9,82,19780,3571,7739,0.461,945,2679,0.353,2626,5060,0.519,1393,1898,0.734,1159,2873,4032,2131,800,533,1082,1620,9480,82,19780,3305,7269,0.455,987,2828,0.349,2318,4441,0.522,1417,1837,0.771,821,2706,3527,2047,588,496,1235,1625,9014,24.0,56.0,26.0,55,27,5.68,-0.32,5.37,114.6,109.0,5.6,100.3,0.245,0.346,0.553,0.522,11.2,30.0,0.18,0.523,13.3,77.8,0.195,FedEx Forum,646785.0,15775.0,82,19780,0.461,12.7,0.654,0.26,0.233,0.11,0.045,0.346,0.519,0.676,0.425,0.409,0.383,0.353,0.5,0.837,0.056,382,0.269,1157,0.225,0.366,14.0,0.0,82,19780,0.455,13.9,0.611,0.267,0.176,0.096,0.065,0.389,0.522,0.653,0.414,0.435,0.408,0.349,0.531,0.804,0.063,397,0.269,1056,0.174,0.391,115.38,110.14,5.24
2021-22,Miami Heat,82,242.1,39.6,84.8,0.467,13.6,35.8,0.379,26.0,49.0,0.531,17.3,21.4,0.808,9.8,33.9,43.7,25.5,7.4,3.2,14.6,20.5,110.0,82,242.1,37.5,84.0,0.447,13.0,38.3,0.339,24.6,45.7,0.537,17.5,22.5,0.779,9.5,32.1,41.7,23.3,7.4,4.0,15.0,20.6,105.6,82,19855,3246,6954,0.467,1114,2936,0.379,2132,4018,0.531,1416,1753,0.808,807,2778,3585,2090,606,265,1194,1679,9022,82,19855,3078,6886,0.447,1064,3138,0.339,2014,3748,0.537,1437,1845,0.779,783,2634,3417,1908,608,330,1228,1686,8657,28.2,53.0,29.0,53,29,4.45,-0.22,4.23,113.7,109.1,4.6,95.9,0.252,0.422,0.584,0.547,13.4,23.5,0.204,0.524,13.8,78.0,0.209,FTX Arena,804761.0,19628.0,82,19855,0.467,14.7,0.578,0.22,0.18,0.104,0.065,0.422,0.531,0.697,0.437,0.44,0.385,0.379,0.53,0.844,0.049,299,0.232,927,0.293,0.419,23.0,0.0,82,19855,0.447,15.4,0.544,0.215,0.171,0.092,0.06,0.456,0.537,0.703,0.445,0.415,0.402,0.339,0.502,0.822,0.045,281,0.234,934,0.264,0.373,114.61,110.21,4.4
2021-22,Milwaukee Bucks,82,240.9,41.8,89.4,0.468,14.1,38.4,0.366,27.8,51.0,0.544,17.8,22.9,0.776,10.2,36.5,46.7,23.9,7.6,4.0,13.4,18.2,115.5,82,240.9,41.4,90.6,0.456,14.5,40.6,0.356,26.9,50.0,0.537,15.0,19.9,0.751,9.9,34.2,44.1,25.9,7.4,4.4,13.0,19.7,112.1,82,19755,3429,7331,0.468,1153,3151,0.366,2276,4180,0.544,1459,1881,0.776,840,2990,3830,1960,623,326,1100,1494,9470,82,19755,3391,7431,0.456,1186,3328,0.356,2205,4103,0.537,1227,1634,0.751,812,2805,3617,2122,606,357,1070,1612,9195,28.5,51.0,31.0,49,33,3.35,-0.14,3.22,115.1,111.8,3.3,99.9,0.257,0.43,0.58,0.546,11.9,23.0,0.199,0.536,11.6,78.6,0.165,Fiserv Forum,715581.0,17453.0,82,19755,0.468,14.8,0.57,0.234,0.159,0.102,0.069,0.43,0.544,0.715,0.422,0.445,0.393,0.366,0.456,0.781,0.047,309,0.248,1071,0.236,0.395,11.0,0.0,82,19755,0.456,15.6,0.552,0.212,0.161,0.102,0.071,0.448,0.537,0.695,0.442,0.439,0.413,0.356,0.508,0.82,0.047,311,0.231,974,0.208,0.358,115.86,112.67,3.18
2021-22,Minnesota Timberwolves,82,241.2,41.6,91.0,0.457,14.8,41.3,0.358,26.8,49.7,0.54,18.0,23.1,0.778,11.2,32.9,44.2,25.7,8.8,5.6,14.3,21.8,115.9,82,241.2,40.2,87.4,0.46,13.1,37.3,0.35,27.2,50.0,0.543,19.8,25.4,0.78,11.0,34.9,45.9,26.2,7.2,4.8,16.3,20.9,113.3,82,19780,3411,7458,0.457,1211,3386,0.358,2200,4072,0.54,1474,1894,0.778,921,2700,3621,2106,721,460,1175,1786,9507,82,19780,3298,7163,0.46,1071,3062,0.35,2227,4101,0.543,1624,2081,0.78,904,2858,3762,2149,593,397,1339,1715,9291,24.2,46.0,36.0,48,34,2.63,-0.1,2.53,114.3,111.7,2.6,100.9,0.254,0.454,0.573,0.539,12.4,24.4,0.198,0.535,14.2,74.9,0.227,Target Center,657148.0,16028.0,82,19780,0.457,14.3,0.546,0.264,0.171,0.058,0.046,0.454,0.54,0.675,0.417,0.424,0.359,0.358,0.51,0.789,0.065,424,0.276,1126,0.22,0.395,18.0,0.0,82,19780,0.46,14.3,0.573,0.258,0.164,0.085,0.059,0.427,0.543,0.705,0.409,0.394,0.421,0.35,0.553,0.837,0.066,430,0.267,1061,0.282,0.378,115.23,112.79,2.44
2021-22,New Orleans Pelicans,82,240.9,40.2,88.0,0.457,10.6,32.1,0.332,29.5,55.9,0.528,18.3,23.2,0.789,12.0,33.2,45.2,25.0,8.3,4.0,14.1,19.7,109.3,82,240.9,40.3,85.5,0.471,13.0,35.5,0.365,27.3,50.0,0.546,16.8,21.4,0.786,9.3,32.5,41.8,24.9,7.4,4.8,14.2,20.5,110.3,82,19755,3294,7212,0.457,873,2629,0.332,2421,4583,0.528,1501,1903,0.789,981,2726,3707,2047,680,328,1153,1612,8962,82,19755,3301,7009,0.471,1064,2913,0.365,2237,4096,0.546,1377,1753,0.786,759,2666,3425,2039,605,391,1164,1681,9043,25.6,36.0,46.0,38,44,-0.99,0.15,-0.84,112.0,113.0,-1.0,97.2,0.264,0.365,0.557,0.517,12.5,26.9,0.208,0.547,13.0,78.2,0.196,Smoothie King Center,635941.0,15511.0,82,19755,0.457,13.4,0.635,0.262,0.188,0.099,0.079,0.365,0.528,0.666,0.429,0.459,0.395,0.332,0.525,0.861,0.054,349,0.286,1103,0.237,0.372,17.0,2.0,82,19755,0.471,14.8,0.584,0.229,0.169,0.099,0.077,0.416,0.546,0.707,0.46,0.445,0.397,0.365,0.514,0.817,0.047,299,0.247,1018,0.225,0.407,112.93,113.77,-0.84
2021-22,New York Knicks,82,241.2,37.7,86.2,0.437,13.2,36.9,0.357,24.5,49.3,0.497,18.0,24.1,0.744,11.5,34.6,46.1,21.9,7.0,4.9,13.3,20.4,106.5,82,241.2,38.5,86.0,0.447,12.7,37.0,0.342,25.8,49.0,0.527,17.0,22.3,0.764,9.3,34.3,43.6,24.2,7.0,4.6,12.7,20.4,106.6,82,19780,3088,7069,0.437,1082,3029,0.357,2006,4040,0.497,1473,1980,0.744,941,2841,3782,1793,570,399,1087,1672,8731,82,19780,3154,7050,0.447,1038,3032,0.342,2116,4018,0.527,1395,1826,0.764,766,2812,3578,1982,572,379,1039,1671,8741,26.0,37.0,45.0,41,41,-0.12,0.11,-0.01,110.4,110.5,-0.1,95.9,0.28,0.428,0.55,0.513,12.0,25.1,0.208,0.521,11.7,78.8,0.198,Madison Square Garden (IV),763484.0,18622.0,82,19780,0.437,14.7,0.572,0.253,0.158,0.086,0.074,0.428,0.497,0.654,0.374,0.376,0.361,0.357,0.465,0.795,0.069,431,0.238,858,0.219,0.392,7.0,0.0,82,19780,0.447,14.8,0.57,0.259,0.149,0.088,0.074,0.43,0.527,0.664,0.422,0.447,0.353,0.342,0.526,0.838,0.054,347,0.259,1006,0.234,0.346,111.35,111.31,0.04
2021-22,Oklahoma City Thunder,82,241.5,38.3,89.1,0.43,12.1,37.4,0.323,26.2,51.8,0.507,15.0,19.9,0.756,10.4,35.2,45.6,22.2,7.6,4.6,14.0,18.3,103.7,82,241.5,41.4,90.5,0.458,13.6,38.7,0.353,27.8,51.8,0.536,15.3,19.9,0.771,11.0,37.3,48.4,26.1,8.5,6.0,13.2,17.8,111.8,82,19805,3141,7310,0.43,991,3066,0.323,2150,4244,0.507,1233,1632,0.756,854,2887,3741,1822,622,380,1145,1497,8506,82,19805,3398,7421,0.458,1118,3171,0.353,2280,4250,0.536,1256,1629,0.771,906,3060,3966,2142,695,490,1086,1463,9170,22.4,24.0,58.0,21,61,-8.1,0.2,-7.9,104.6,112.8,-8.2,98.6,0.223,0.419,0.53,0.497,12.5,21.8,0.169,0.533,11.8,76.1,0.169,Paycom Center,595112.0,14515.0,82,19805,0.43,14.1,0.581,0.201,0.26,0.072,0.041,0.419,0.507,0.644,0.444,0.424,0.367,0.323,0.46,0.82,0.051,319,0.316,1185,0.205,0.347,9.0,0.0,82,19805,0.458,14.8,0.573,0.191,0.23,0.078,0.066,0.427,0.536,0.679,0.484,0.474,0.37,0.353,0.514,0.843,0.057,350,0.268,1092,0.261,0.397,105.18,113.16,-7.98
2021-22,Orlando Magic,82,241.2,38.3,88.3,0.434,12.2,36.9,0.331,26.1,51.4,0.507,15.5,19.7,0.787,9.1,35.2,44.3,23.7,6.8,4.5,14.5,19.7,104.2,82,241.2,40.8,89.0,0.458,13.2,36.3,0.363,27.6,52.7,0.524,17.4,22.6,0.772,10.4,36.8,47.1,24.8,8.0,5.2,13.2,18.3,112.2,82,19780,3139,7240,0.434,999,3022,0.331,2140,4218,0.507,1270,1614,0.787,746,2885,3631,1947,555,367,1188,1612,8547,82,19780,3346,7300,0.458,1082,2979,0.363,2264,4321,0.524,1429,1851,0.772,852,3014,3866,2034,655,428,1079,1501,9203,23.3,22.0,60.0,21,61,-8.0,0.33,-7.67,104.5,112.5,-8.0,99.2,0.223,0.417,0.538,0.503,13.0,19.8,0.175,0.532,11.7,77.2,0.196,Amway Center,622881.0,15192.0,82,19780,0.434,14.4,0.583,0.223,0.227,0.069,0.063,0.417,0.507,0.67,0.425,0.42,0.329,0.331,0.499,0.88,0.061,384,0.268,1028,0.212,0.385,16.0,0.0,82,19780,0.458,14.8,0.592,0.211,0.201,0.1,0.081,0.408,0.524,0.663,0.457,0.444,0.425,0.363,0.507,0.819,0.055,369,0.253,990,0.222,0.392,105.16,112.82,-7.66
2021-22,Philadelphia 76ers,82,241.5,39.4,84.5,0.466,11.6,31.8,0.364,27.8,52.7,0.527,19.6,23.8,0.821,8.5,33.8,42.3,23.7,7.7,5.3,12.5,19.4,109.9,82,241.5,39.7,86.5,0.458,11.4,32.8,0.346,28.3,53.7,0.527,16.6,21.6,0.769,10.2,34.0,44.2,23.6,6.6,4.6,13.3,19.4,107.3,82,19805,3230,6932,0.466,950,2608,0.364,2280,4324,0.527,1605,1955,0.821,700,2770,3470,1945,633,435,1027,1590,9015,82,19805,3253,7097,0.458,931,2692,0.346,2322,4405,0.527,1364,1773,0.769,838,2784,3622,1932,542,379,1087,1594,8801,26.8,51.0,31.0,48,34,2.61,-0.04,2.57,113.5,110.8,2.7,96.2,0.282,0.376,0.578,0.534,11.6,20.1,0.232,0.524,12.1,76.8,0.192,Wells Fargo Center,846867.0,20655.0,82,19805,0.466,14.0,0.624,0.24,0.194,0.119,0.071,0.376,0.527,0.702,0.414,0.417,0.431,0.364,0.505,0.835,0.05,315,0.249,982,0.244,0.394,12.0,0.0,82,19805,0.458,14.0,0.621,0.252,0.187,0.109,0.073,0.379,0.527,0.695,0.405,0.41,0.434,0.346,0.514,0.794,0.062,395,0.258,1020,0.217,0.369,114.42,111.86,2.56
2021-22,Phoenix Suns,82,240.6,43.7,90.1,0.485,11.6,31.9,0.364,32.1,58.2,0.551,15.9,19.9,0.797,9.8,35.5,45.3,27.4,8.6,4.4,12.9,19.9,114.8,82,240.6,39.2,88.3,0.444,11.6,34.2,0.34,27.6,54.1,0.51,17.3,22.7,0.761,10.5,33.9,44.5,22.9,7.5,4.0,14.7,18.9,107.3,82,19730,3581,7389,0.485,951,2616,0.364,2630,4773,0.551,1303,1635,0.797,801,2913,3714,2244,702,359,1060,1633,9416,82,19730,3216,7243,0.444,953,2805,0.34,2263,4438,0.51,1416,1861,0.761,863,2783,3646,1875,614,327,1206,1553,8801,27.5,64.0,18.0,59,23,7.5,-0.56,6.94,114.8,107.3,7.5,99.8,0.221,0.354,0.581,0.549,11.6,22.3,0.176,0.51,13.0,77.1,0.195,Phoenix Suns Arena,663171.0,16175.0,82,19730,0.485,14.1,0.646,0.184,0.219,0.147,0.087,0.354,0.551,0.709,0.506,0.497,0.426,0.364,0.545,0.828,0.052,362,0.217,941,0.257,0.39,12.0,0.0,82,19730,0.444,14.6,0.613,0.193,0.23,0.098,0.084,0.387,0.51,0.678,0.456,0.437,0.361,0.34,0.49,0.773,0.043,280,0.26,1046,0.193,0.355,115.41,108.5,6.91
2021-22,Portland Trail Blazers,82,240.6,38.5,87.1,0.442,12.7,36.8,0.346,25.8,50.3,0.513,16.4,21.6,0.76,10.4,32.5,42.9,22.9,8.0,4.5,14.5,21.1,106.2,82,240.6,41.1,85.9,0.479,13.8,37.1,0.371,27.4,48.8,0.561,19.1,24.6,0.777,9.8,35.0,44.7,26.6,8.2,5.0,14.0,19.4,115.1,82,19730,3161,7144,0.442,1043,3017,0.346,2118,4127,0.513,1346,1771,0.76,854,2661,3515,1880,657,366,1187,1728,8711,82,19730,3373,7045,0.479,1129,3046,0.371,2244,3999,0.561,1564,2014,0.777,800,2868,3668,2184,672,409,1150,1589,9439,25.6,27.0,55.0,20,62,-8.88,0.33,-8.55,107.8,116.9,-9.1,98.3,0.248,0.422,0.55,0.515,13.0,22.9,0.188,0.559,12.7,76.9,0.222,Moda Center,705608.0,17210.0,82,19730,0.442,14.4,0.578,0.255,0.172,0.073,0.07,0.422,0.513,0.629,0.424,0.425,0.404,0.346,0.494,0.778,0.046,286,0.271,1017,0.207,0.368,11.0,0.0,82,19730,0.479,14.4,0.568,0.268,0.162,0.076,0.056,0.432,0.561,0.697,0.458,0.413,0.429,0.371,0.545,0.826,0.063,398,0.256,1067,0.279,0.397,109.03,117.84,-8.81
2021-22,Sacramento Kings,82,241.5,40.5,88.1,0.46,11.4,33.2,0.344,29.1,54.9,0.53,17.9,23.3,0.768,9.6,33.4,42.9,23.7,7.2,4.5,14.1,18.9,110.3,82,241.5,43.4,90.6,0.479,13.0,34.9,0.372,30.4,55.7,0.547,15.9,20.5,0.776,10.6,35.3,45.8,25.3,8.1,4.8,13.5,20.3,115.8,82,19805,3321,7223,0.46,937,2722,0.344,2384,4501,0.53,1466,1908,0.768,784,2737,3521,1943,588,369,1156,1552,9045,82,19805,3561,7429,0.479,1065,2864,0.372,2496,4565,0.547,1306,1682,0.776,866,2891,3757,2077,668,395,1106,1665,9493,25.8,30.0,52.0,28,54,-5.46,0.2,-5.26,109.9,115.3,-5.4,99.8,0.264,0.377,0.561,0.525,12.5,21.3,0.203,0.551,11.9,76.0,0.176,Golden 1 Center,577583.0,14087.0,82,19805,0.46,13.7,0.623,0.23,0.217,0.098,0.071,0.377,0.53,0.7,0.434,0.425,0.422,0.344,0.492,0.791,0.058,358,0.261,1071,0.215,0.386,13.0,1.0,82,19805,0.479,13.9,0.614,0.247,0.2,0.087,0.071,0.386,0.547,0.712,0.437,0.423,0.437,0.372,0.481,0.801,0.06,396,0.278,1180,0.223,0.396,110.92,116.31,-5.38
2021-22,San Antonio Spurs,82,241.5,43.2,92.7,0.467,11.3,32.0,0.352,32.0,60.7,0.527,15.4,20.4,0.754,11.0,34.3,45.3,27.9,7.6,4.9,12.7,18.1,113.2,82,241.5,42.5,91.2,0.466,12.1,33.6,0.36,30.4,57.5,0.528,16.0,20.9,0.767,11.4,35.4,46.8,24.0,7.3,4.9,13.8,18.9,113.0,82,19805,3546,7601,0.467,925,2626,0.352,2621,4975,0.527,1262,1673,0.754,901,2815,3716,2289,626,403,1043,1483,9279,82,19805,3482,7475,0.466,992,2756,0.36,2490,4719,0.528,1313,1711,0.767,933,2902,3835,1970,601,403,1131,1553,9269,24.5,34.0,48.0,41,41,0.12,-0.1,0.02,112.4,112.3,0.1,100.0,0.22,0.345,0.556,0.527,11.1,23.7,0.166,0.532,12.1,75.1,0.176,AT&T Center,615588.0,15014.0,82,19805,0.467,13.4,0.655,0.236,0.226,0.124,0.069,0.345,0.527,0.674,0.455,0.441,0.413,0.352,0.551,0.912,0.036,251,0.291,1254,0.23,0.368,14.0,1.0,82,19805,0.466,13.6,0.631,0.264,0.207,0.092,0.068,0.369,0.528,0.649,0.435,0.442,0.452,0.36,0.468,0.811,0.057,359,0.304,1200,0.198,0.41,113.09,113.16,-0.07
2021-22,Toronto Raptors,82,242.1,40.6,91.3,0.445,11.9,34.2,0.349,28.7,57.1,0.503,16.2,21.3,0.759,13.4,32.0,45.3,22.1,9.0,4.6,12.5,19.6,109.4,82,242.1,39.0,84.4,0.462,12.4,34.9,0.354,26.6,49.5,0.538,16.8,21.2,0.789,10.3,33.7,44.0,25.3,6.7,5.1,15.8,19.1,107.1,82,19855,3332,7489,0.445,979,2808,0.349,2353,4681,0.503,1327,1749,0.759,1095,2622,3717,1809,738,376,1021,1607,8970,82,19855,3197,6919,0.462,1014,2861,0.354,2183,4058,0.538,1374,1742,0.789,847,2764,3611,2076,549,416,1298,1563,8782,24.8,48.0,34.0,47,35,2.29,0.08,2.38,112.9,110.5,2.4,96.0,0.234,0.375,0.543,0.51,11.0,28.4,0.177,0.535,14.4,75.6,0.199,Scotiabank Arena,547343.0,13350.0,82,19855,0.445,14.1,0.625,0.221,0.205,0.096,0.093,0.375,0.503,0.654,0.438,0.429,0.366,0.349,0.429,0.795,0.055,352,0.241,959,0.238,0.401,17.0,2.0,82,19855,0.462,14.4,0.587,0.238,0.194,0.087,0.06,0.413,0.538,0.703,0.417,0.436,0.419,0.354,0.541,0.864,0.062,375,0.26,1002,0.306,0.386,113.86,111.4,2.46
2021-22,Utah Jazz,82,240.6,40.6,86.2,0.471,14.5,40.3,0.36,26.0,45.8,0.568,17.9,23.4,0.767,10.8,35.6,46.3,22.4,7.2,4.9,14.0,18.9,113.6,82,240.6,40.4,89.2,0.453,12.1,34.6,0.35,28.3,54.6,0.518,14.6,19.3,0.758,9.9,31.7,41.6,23.4,7.8,4.3,12.0,20.3,107.6,82,19730,3327,7067,0.471,1192,3308,0.36,2135,3759,0.568,1470,1916,0.767,884,2916,3800,1836,588,402,1149,1547,9316,82,19730,3314,7318,0.453,994,2837,0.35,2320,4481,0.518,1199,1581,0.758,809,2599,3408,1917,636,352,982,1664,8821,29.3,49.0,33.0,56,26,6.04,-0.37,5.67,116.7,110.5,6.2,97.1,0.271,0.468,0.589,0.555,12.7,25.4,0.208,0.521,10.9,78.3,0.164,Vivint Smart Home Arena,750546.0,18306.0,82,19730,0.471,15.1,0.532,0.203,0.235,0.066,0.029,0.468,0.568,0.729,0.481,0.458,0.396,0.36,0.454,0.727,0.07,442,0.246,989,0.242,0.383,14.0,1.0,82,19730,0.453,14.6,0.612,0.194,0.219,0.119,0.081,0.388,0.518,0.705,0.433,0.438,0.416,0.35,0.494,0.777,0.049,313,0.243,997,0.211,0.37,117.63,111.84,5.79
2021-22,Washington Wizards,82,241.8,40.6,86.0,0.472,10.5,30.6,0.342,30.1,55.4,0.543,17.0,21.7,0.783,9.0,34.1,43.1,25.0,6.4,5.0,13.1,18.8,108.6,82,241.8,41.3,88.9,0.464,11.5,31.8,0.361,29.8,57.1,0.522,18.0,22.3,0.807,10.2,34.0,44.2,23.7,7.3,4.2,11.9,19.9,112.0,82,19830,3327,7056,0.472,860,2512,0.342,2467,4544,0.543,1393,1778,0.783,737,2798,3535,2052,522,406,1077,1545,8907,82,19830,3384,7287,0.464,941,2607,0.361,2443,4680,0.522,1475,1828,0.807,840,2786,3626,1941,598,344,972,1634,9184,25.9,35.0,47.0,32,50,-3.38,0.15,-3.23,111.1,114.5,-3.4,97.0,0.252,0.356,0.568,0.532,12.1,20.9,0.197,0.529,10.7,76.9,0.202,Capital One Arena,637215.0,15542.0,82,19830,0.472,13.7,0.644,0.225,0.22,0.106,0.085,0.356,0.543,0.725,0.455,0.429,0.425,0.342,0.527,0.853,0.065,406,0.276,1115,0.244,0.396,11.0,0.0,82,19830,0.464,14.2,0.642,0.2,0.238,0.111,0.086,0.358,0.522,0.699,0.455,0.44,0.404,0.361,0.482,0.792,0.057,354,0.263,1054,0.204,0.403,111.79,115.23,-3.43
2022-23,Atlanta Hawks,82,242.1,44.6,92.4,0.483,10.8,30.5,0.352,33.9,61.8,0.548,18.5,22.6,0.818,11.2,33.2,44.4,25.0,7.1,4.9,12.9,18.8,118.4,82,242.1,43.8,90.2,0.486,11.9,33.5,0.356,31.9,56.7,0.562,18.6,23.2,0.803,10.6,33.5,44.1,26.0,7.5,5.0,14.2,19.7,118.1,82,19855,3658,7574,0.483,882,2505,0.352,2776,5069,0.548,1513,1850,0.818,920,2719,3639,2049,580,401,1060,1541,9711,82,19855,3592,7398,0.486,979,2748,0.356,2613,4650,0.562,1524,1899,0.803,866,2751,3617,2131,616,414,1162,1612,9687,24.9,41.0,41.0,42,40,0.29,0.02,0.32,116.6,116.3,0.3,100.7,0.244,0.331,0.579,0.541,11.2,25.1,0.2,0.552,12.4,75.8,0.206,State Farm Arena,719787.0,17556.0,82,19855,0.483,13.2,0.669,0.25,0.186,0.133,0.091,0.331,0.548,0.696,0.44,0.486,0.439,0.352,0.488,0.755,0.064,450,0.242,1022,0.262,0.364,8.0,0.0,82,19855,0.486,13.2,0.629,0.295,0.171,0.097,0.059,0.371,0.562,0.689,0.445,0.458,0.446,0.356,0.496,0.826,0.07,472,0.282,1190,0.243,0.381,117.66,117.34,0.32
2022-23,Boston Celtics,82,243.7,42.2,88.8,0.475,16.0,42.6,0.377,26.2,46.2,0.567,17.5,21.6,0.812,9.7,35.6,45.3,26.7,6.4,5.2,13.4,18.8,117.9,82,243.7,41.8,90.2,0.463,11.6,33.7,0.345,30.1,56.5,0.534,16.2,21.1,0.769,9.7,34.3,44.0,23.1,6.6,3.9,12.7,19.1,111.4,82,19980,3460,7278,0.475,1315,3492,0.377,2145,3786,0.567,1436,1769,0.812,796,2921,3717,2186,521,430,1095,1542,9671,82,19980,3425,7394,0.463,954,2763,0.345,2471,4631,0.534,1332,1733,0.769,799,2810,3609,1895,544,318,1040,1568,9136,27.4,57.0,25.0,57,25,6.52,-0.15,6.38,118.0,111.5,6.5,98.5,0.243,0.48,0.6,0.566,12.0,22.1,0.197,0.528,11.3,78.5,0.18,TD Garden,785396.0,19156.0,82,19980,0.475,15.3,0.52,0.21,0.192,0.063,0.048,0.48,0.567,0.732,0.466,0.463,0.39,0.377,0.509,0.814,0.051,335,0.272,1166,0.223,0.403,12.0,0.0,82,19980,0.463,14.4,0.626,0.195,0.229,0.109,0.085,0.374,0.534,0.693,0.468,0.44,0.467,0.345,0.461,0.763,0.05,339,0.264,1078,0.183,0.361,119.04,112.48,6.56
2022-23,Brooklyn Nets,82,240.6,41.5,85.1,0.487,12.8,33.8,0.378,28.7,51.3,0.559,17.7,22.1,0.8,8.2,32.3,40.5,25.5,7.1,6.2,13.7,21.1,113.4,82,240.6,41.0,88.5,0.463,11.8,32.2,0.367,29.2,56.3,0.518,18.7,24.4,0.767,11.5,33.6,45.1,23.4,7.0,3.9,13.7,18.5,112.5,82,19730,3399,6978,0.487,1048,2771,0.378,2351,4207,0.559,1449,1811,0.8,674,2648,3322,2093,585,506,1127,1730,9295,82,19730,3360,7257,0.463,968,2640,0.367,2392,4617,0.518,1537,2003,0.767,943,2758,3701,1916,575,317,1126,1517,9225,28.0,45.0,37.0,43,39,0.85,0.18,1.03,115.0,114.1,0.9,98.3,0.26,0.397,0.598,0.562,12.7,19.6,0.208,0.53,12.2,73.7,0.212,Barclays Center,724439.0,17669.0,82,19730,0.487,14.6,0.603,0.222,0.177,0.122,0.082,0.397,0.559,0.701,0.459,0.489,0.494,0.378,0.525,0.82,0.059,373,0.222,891,0.243,0.392,6.0,0.0,82,19730,0.463,13.3,0.636,0.267,0.212,0.093,0.064,0.364,0.518,0.679,0.406,0.403,0.385,0.367,0.478,0.798,0.056,377,0.288,1126,0.249,0.406,116.19,115.01,1.18
2022-23,Charlotte Hornets,82,241.8,41.3,90.4,0.457,10.7,32.5,0.33,30.5,57.9,0.528,17.6,23.6,0.749,11.0,33.5,44.5,25.1,7.7,5.2,14.2,20.3,111.0,82,241.8,43.0,90.1,0.477,12.2,34.3,0.357,30.7,55.8,0.55,19.0,24.0,0.795,10.9,35.3,46.2,25.9,7.0,5.7,14.4,20.3,117.2,82,19830,3385,7413,0.457,881,2669,0.33,2504,4744,0.528,1447,1933,0.749,901,2751,3652,2062,634,425,1164,1661,9098,82,19830,3522,7391,0.477,1004,2812,0.357,2518,4579,0.55,1562,1965,0.795,895,2892,3787,2127,573,471,1177,1667,9610,25.3,27.0,55.0,26,56,-6.24,0.35,-5.89,109.2,115.3,-6.1,100.8,0.261,0.36,0.55,0.516,12.3,23.8,0.195,0.544,12.5,75.5,0.211,Spectrum Center,702052.0,17123.0,82,19830,0.457,13.1,0.64,0.287,0.208,0.087,0.058,0.36,0.528,0.688,0.384,0.439,0.385,0.33,0.536,0.817,0.073,482,0.287,1149,0.261,0.354,10.0,0.0,82,19830,0.477,13.6,0.62,0.28,0.188,0.088,0.063,0.38,0.55,0.677,0.432,0.471,0.446,0.357,0.502,0.859,0.065,408,0.284,1154,0.253,0.405,110.04,115.96,-5.92
2022-23,Chicago Bulls,82,242.7,42.5,86.8,0.49,10.4,28.9,0.361,32.1,57.9,0.555,17.6,21.8,0.809,8.5,33.9,42.4,24.5,7.9,4.5,13.4,18.9,113.1,82,242.7,40.7,87.1,0.468,13.2,37.1,0.357,27.5,50.0,0.55,17.1,22.0,0.779,9.6,33.7,43.3,26.0,6.7,4.7,15.0,18.7,111.8,82,19905,3488,7116,0.49,854,2367,0.361,2634,4749,0.555,1446,1788,0.809,694,2779,3473,2006,644,371,1097,1551,9276,82,19905,3339,7142,0.468,1086,3042,0.357,2253,4100,0.55,1406,1806,0.779,791,2763,3554,2131,546,389,1234,1537,9170,27.5,40.0,42.0,44,38,1.29,0.07,1.37,113.5,112.2,1.3,98.5,0.251,0.333,0.587,0.55,12.2,20.1,0.203,0.544,13.5,77.8,0.197,United Center,841632.0,20528.0,82,19905,0.49,13.6,0.667,0.281,0.146,0.116,0.125,0.333,0.555,0.683,0.474,0.464,0.446,0.361,0.474,0.886,0.054,329,0.273,1163,0.262,0.397,4.0,0.0,82,19905,0.468,14.4,0.574,0.273,0.162,0.08,0.059,0.426,0.55,0.685,0.434,0.437,0.391,0.357,0.534,0.855,0.06,394,0.262,1086,0.255,0.346,114.55,113.1,1.44
2022-23,Cleveland Cavaliers,82,242.4,41.6,85.2,0.488,11.6,31.6,0.367,30.0,53.6,0.559,17.5,22.5,0.78,9.7,31.4,41.1,24.9,7.1,4.7,13.3,19.0,112.3,82,242.4,39.0,83.5,0.468,11.3,30.6,0.368,27.8,52.9,0.525,17.5,22.4,0.782,9.8,31.5,41.2,23.0,7.0,4.4,15.7,20.4,106.9,82,19880,3408,6984,0.488,950,2589,0.367,2458,4395,0.559,1439,1844,0.78,795,2574,3369,2045,586,384,1094,1560,9205,82,19880,3201,6847,0.468,924,2508,0.368,2277,4339,0.525,1438,1838,0.782,801,2580,3381,1888,575,360,1284,1675,8764,25.4,51.0,31.0,55,27,5.38,-0.15,5.23,116.1,110.6,5.5,95.7,0.264,0.371,0.59,0.556,12.3,23.6,0.206,0.535,14.4,76.3,0.21,Rocket Mortgage Fieldhouse,777280.0,18958.0,82,19880,0.488,13.2,0.629,0.278,0.196,0.092,0.054,0.371,0.559,0.717,0.44,0.45,0.378,0.367,0.545,0.715,0.084,536,0.239,982,0.238,0.367,12.0,0.0,82,19880,0.468,13.6,0.634,0.271,0.183,0.109,0.064,0.366,0.525,0.661,0.42,0.424,0.422,0.368,0.488,0.814,0.058,346,0.263,1013,0.261,0.409,117.31,111.84,5.47
2022-23,Dallas Mavericks,82,243.0,40.0,84.3,0.475,15.2,41.0,0.371,24.8,43.3,0.574,19.0,25.1,0.755,7.6,31.2,38.8,22.9,6.3,3.7,12.2,20.7,114.2,82,243.0,41.8,86.2,0.485,11.1,31.7,0.352,30.6,54.5,0.562,19.5,25.0,0.781,10.1,34.6,44.7,24.9,6.4,3.8,13.1,21.8,114.1,82,19930,3283,6909,0.475,1246,3362,0.371,2037,3547,0.574,1554,2057,0.755,625,2556,3181,1880,514,304,1002,1697,9366,82,19930,3425,7065,0.485,913,2596,0.352,2512,4469,0.562,1597,2046,0.781,830,2838,3668,2044,522,312,1075,1789,9360,27.8,38.0,44.0,41,41,0.07,-0.22,-0.14,116.8,116.7,0.1,96.6,0.298,0.487,0.599,0.565,11.4,18.0,0.225,0.549,11.9,75.5,0.226,American Airlines Center,827282.0,20178.0,82,19930,0.475,15.6,0.513,0.218,0.169,0.08,0.046,0.487,0.574,0.708,0.499,0.47,0.396,0.371,0.448,0.776,0.05,304,0.226,937,0.271,0.403,26.0,1.0,82,19930,0.485,13.5,0.633,0.25,0.206,0.109,0.067,0.367,0.562,0.717,0.46,0.468,0.451,0.352,0.503,0.854,0.054,347,0.267,1134,0.26,0.379,117.54,117.7,-0.16
2022-23,Denver Nuggets,82,240.9,43.6,86.4,0.504,11.8,31.2,0.379,31.8,55.2,0.575,16.8,22.4,0.751,10.1,32.9,43.0,28.9,7.5,4.5,14.5,18.6,115.8,82,240.9,41.7,87.4,0.478,11.4,33.1,0.344,30.4,54.3,0.559,17.6,22.7,0.775,10.1,30.7,40.8,25.7,7.9,4.2,13.5,19.5,112.5,82,19755,3574,7088,0.504,969,2559,0.379,2605,4529,0.575,1378,1834,0.751,828,2699,3527,2368,618,368,1192,1525,9495,82,19755,3423,7166,0.478,933,2711,0.344,2490,4455,0.559,1443,1861,0.775,832,2516,3348,2105,646,344,1105,1601,9222,26.6,53.0,29.0,49,33,3.33,-0.29,3.04,117.6,114.2,3.4,98.1,0.259,0.361,0.601,0.573,13.1,24.8,0.194,0.543,12.2,76.4,0.201,Ball Arena,788635.0,19235.0,82,19755,0.504,13.2,0.639,0.258,0.213,0.083,0.077,0.361,0.575,0.758,0.477,0.401,0.421,0.379,0.597,0.808,0.08,509,0.279,1188,0.251,0.407,27.0,2.0,82,19755,0.478,13.7,0.622,0.229,0.236,0.088,0.06,0.378,0.559,0.747,0.459,0.443,0.402,0.344,0.519,0.84,0.057,384,0.281,1216,0.253,0.358,118.22,115.18,3.04
2022-23,Detroit Pistons,82,241.5,39.6,87.1,0.454,11.4,32.4,0.351,28.2,54.6,0.516,19.8,25.7,0.771,11.2,31.3,42.4,23.0,7.0,3.8,15.1,22.1,110.3,82,241.5,43.1,88.1,0.489,12.0,33.3,0.36,31.1,54.8,0.568,20.4,26.2,0.777,11.0,33.7,44.7,25.8,7.7,5.5,13.5,21.0,118.5,82,19805,3244,7140,0.454,934,2659,0.351,2310,4481,0.516,1623,2106,0.771,916,2564,3480,1884,574,308,1237,1813,9045,82,19805,3533,7222,0.489,984,2732,0.36,2549,4490,0.568,1669,2149,0.777,901,2767,3668,2112,631,453,1108,1718,9719,24.1,17.0,65.0,22,60,-8.22,0.49,-7.73,110.7,118.9,-8.2,99.0,0.295,0.372,0.561,0.52,13.3,24.9,0.227,0.557,11.9,74.0,0.231,Little Caesars Arena,759715.0,18596.0,82,19805,0.454,13.8,0.628,0.217,0.224,0.111,0.068,0.372,0.516,0.677,0.431,0.432,0.413,0.351,0.466,0.832,0.06,396,0.249,942,0.264,0.372,13.0,0.0,82,19805,0.489,13.6,0.622,0.242,0.231,0.083,0.059,0.378,0.568,0.724,0.491,0.42,0.44,0.36,0.517,0.778,0.067,435,0.277,1189,0.254,0.384,111.69,119.52,-7.83
2022-23,Golden State Warriors,82,241.8,43.1,90.2,0.479,16.6,43.2,0.385,26.5,47.0,0.564,16.0,20.2,0.794,10.5,34.1,44.6,29.8,7.2,3.9,16.3,21.4,118.9,82,241.8,42.4,90.5,0.469,12.9,35.5,0.364,29.5,55.0,0.536,19.4,25.2,0.769,10.7,32.6,43.3,25.7,7.9,4.0,14.3,18.4,117.1,82,19830,3538,7393,0.479,1363,3540,0.385,2175,3853,0.564,1314,1655,0.794,864,2793,3657,2446,588,323,1336,1757,9753,82,19830,3478,7423,0.469,1060,2915,0.364,2418,4508,0.536,1589,2067,0.769,880,2673,3553,2110,646,326,1172,1510,9605,27.3,44.0,38.0,45,37,1.8,-0.15,1.66,116.1,114.4,1.7,101.6,0.224,0.479,0.6,0.571,14.1,24.4,0.178,0.54,12.3,76.0,0.214,Chase Center,740624.0,18064.0,82,19830,0.479,16.0,0.521,0.177,0.21,0.069,0.065,0.479,0.564,0.71,0.54,0.407,0.413,0.385,0.606,0.828,0.056,374,0.273,1213,0.199,0.395,23.0,1.0,82,19830,0.469,14.5,0.607,0.163,0.28,0.094,0.069,0.393,0.536,0.703,0.504,0.431,0.415,0.364,0.506,0.837,0.053,357,0.262,1089,0.234,0.372,117.0,115.41,1.6
2022-23,Houston Rockets,82,240.9,40.6,88.9,0.457,10.4,31.9,0.327,30.2,56.9,0.53,19.1,25.3,0.754,13.4,32.9,46.3,22.4,7.3,4.6,16.2,20.5,110.7,82,240.9,42.4,88.1,0.482,14.5,38.8,0.374,27.9,49.3,0.567,19.2,24.2,0.794,10.5,31.0,41.5,26.1,8.8,6.2,13.2,20.6,118.6,82,19755,3329,7287,0.457,856,2619,0.327,2473,4668,0.53,1567,2078,0.754,1100,2695,3795,1835,600,374,1332,1679,9081,82,19755,3480,7226,0.482,1189,3183,0.374,2291,4043,0.567,1576,1986,0.794,861,2543,3404,2143,718,509,1079,1692,9725,22.1,22.0,60.0,23,59,-7.85,0.24,-7.62,111.4,119.3,-7.9,99.0,0.285,0.359,0.554,0.516,14.0,30.2,0.215,0.564,11.8,75.8,0.218,Toyota Center,668865.0,16314.0,82,19755,0.457,13.0,0.641,0.259,0.262,0.07,0.049,0.359,0.53,0.678,0.436,0.448,0.366,0.327,0.477,0.766,0.084,523,0.324,1229,0.173,0.361,14.0,0.0,82,19755,0.482,14.9,0.56,0.217,0.204,0.082,0.056,0.44,0.567,0.741,0.48,0.435,0.399,0.374,0.511,0.817,0.07,435,0.255,1114,0.216,0.377,112.21,119.99,-7.78
2022-23,Indiana Pacers,82,240.9,42.0,89.6,0.469,13.6,37.0,0.367,28.4,52.6,0.54,18.7,23.7,0.79,10.1,31.4,41.5,27.0,7.7,5.8,14.9,21.2,116.3,82,240.9,43.3,89.3,0.485,12.4,33.3,0.373,30.9,56.0,0.551,20.5,25.6,0.8,12.1,33.2,45.3,26.4,7.9,5.3,15.1,20.2,119.5,82,19755,3444,7345,0.469,1112,3030,0.367,2332,4315,0.54,1535,1944,0.79,832,2575,3407,2213,631,478,1225,1741,9535,82,19755,3549,7323,0.485,1019,2733,0.373,2530,4590,0.551,1679,2100,0.8,993,2721,3714,2163,650,438,1235,1660,9796,24.5,35.0,47.0,33,49,-3.18,0.28,-2.91,114.6,117.7,-3.1,101.1,0.265,0.413,0.581,0.545,13.0,23.4,0.209,0.554,13.0,72.2,0.229,Gainbridge Fieldhouse,641562.0,15648.0,82,19755,0.469,13.9,0.587,0.266,0.189,0.08,0.045,0.413,0.54,0.679,0.425,0.414,0.402,0.367,0.547,0.817,0.048,323,0.306,1246,0.224,0.386,17.0,2.0,82,19755,0.485,13.3,0.627,0.281,0.195,0.092,0.052,0.373,0.551,0.668,0.473,0.439,0.395,0.373,0.511,0.816,0.072,455,0.291,1185,0.268,0.4,115.96,118.83,-2.87
2022-23,League Average,82,241.8,42.0,88.3,0.475,12.3,34.2,0.361,29.6,54.1,0.548,18.4,23.5,0.782,10.4,33.0,43.4,25.3,7.3,4.7,14.1,20.0,114.7,82,241.8,42.0,88.3,0.475,12.3,34.2,0.361,29.6,54.1,0.548,18.4,23.5,0.782,10.4,33.0,43.4,25.3,7.3,4.7,14.1,20.0,114.7,82,19828,3442,7241,0.475,1012,2806,0.361,2430,4435,0.548,1508,1929,0.782,856,2706,3562,2076,598,382,1156,1638,9404,82,19828,3442,7241,0.475,1012,2806,0.361,2430,4435,0.548,1508,1929,0.782,856,2706,3562,2076,598,382,1156,1638,9404,26.3,,,41,41,0.0,0.0,0.0,114.8,114.8,,99.1,0.266,0.387,0.581,0.545,12.5,24.0,0.208,0.545,12.5,76.0,0.208,,739895.0,18008.0,82,19826,0.475,13.9,0.613,0.245,0.206,0.096,0.063,0.387,0.548,0.701,0.454,0.447,0.414,0.361,0.506,0.825,0.06,386,0.269,1118,0.237,0.387,13.8,0.3,82,19828,0.475,13.9,0.613,0.245,0.206,0.096,0.063,0.387,0.548,0.701,0.454,0.447,0.414,0.361,0.506,0.825,0.06,386,0.269,1118,0.237,0.387,,,
2022-23,Los Angeles Clippers,82,241.8,41.1,86.1,0.477,12.7,33.4,0.381,28.4,52.7,0.539,18.7,23.9,0.781,9.8,33.4,43.2,23.9,7.1,4.4,14.2,19.5,113.6,82,241.8,41.8,88.3,0.474,12.2,33.4,0.365,29.6,54.9,0.539,17.2,22.3,0.771,10.2,32.9,43.1,25.0,7.8,4.2,13.0,19.6,113.1,82,19830,3370,7059,0.477,1041,2735,0.381,2329,4324,0.539,1533,1962,0.781,803,2742,3545,1959,580,364,1167,1598,9314,82,19830,3430,7243,0.474,1000,2738,0.365,2430,4505,0.539,1413,1832,0.771,838,2699,3537,2048,640,343,1065,1607,9273,29.7,44.0,38.0,42,40,0.5,-0.19,0.31,115.0,114.5,0.5,98.0,0.278,0.387,0.588,0.551,12.8,22.9,0.217,0.543,11.7,76.6,0.195,Crypto.com Arena,720543.0,17574.0,82,19830,0.477,14.5,0.613,0.221,0.19,0.11,0.092,0.387,0.539,0.692,0.475,0.45,0.408,0.381,0.467,0.838,0.063,391,0.234,918,0.249,0.406,16.0,1.0,82,19830,0.474,13.9,0.622,0.226,0.23,0.104,0.062,0.378,0.539,0.716,0.441,0.463,0.388,0.365,0.509,0.811,0.058,372,0.262,1085,0.222,0.381,115.67,115.37,0.31
2022-23,Los Angeles Lakers,82,242.4,42.9,89.0,0.482,10.8,31.2,0.346,32.1,57.8,0.555,20.6,26.6,0.775,10.0,35.7,45.7,25.3,6.4,4.6,14.1,17.9,117.2,82,242.4,44.0,93.9,0.469,12.5,36.5,0.344,31.5,57.4,0.548,16.1,20.8,0.773,11.1,33.8,44.9,25.7,7.6,5.1,12.6,21.5,116.6,82,19880,3516,7298,0.482,885,2558,0.346,2631,4740,0.555,1691,2182,0.775,818,2930,3748,2072,526,378,1154,1466,9608,82,19880,3607,7698,0.469,1028,2991,0.344,2579,4707,0.548,1319,1706,0.773,908,2770,3678,2104,624,416,1035,1760,9561,27.9,43.0,39.0,42,40,0.57,-0.15,0.43,114.5,113.9,0.6,101.3,0.299,0.351,0.582,0.542,12.3,22.8,0.232,0.535,10.9,76.3,0.171,Crypto.com Arena,763168.0,18614.0,82,19880,0.482,13.2,0.649,0.261,0.214,0.095,0.079,0.351,0.555,0.728,0.46,0.425,0.397,0.346,0.502,0.849,0.065,429,0.305,1315,0.238,0.369,8.0,0.0,82,19880,0.469,14.1,0.611,0.227,0.213,0.104,0.068,0.389,0.548,0.711,0.451,0.461,0.439,0.344,0.491,0.816,0.052,353,0.255,1151,0.212,0.389,115.07,114.67,0.4
2022-23,Memphis Grizzlies,82,241.2,43.7,92.1,0.475,12.0,34.2,0.351,31.7,57.9,0.548,17.5,23.8,0.733,12.0,34.6,46.6,26.0,8.3,5.8,13.6,20.0,116.9,82,241.2,40.7,89.8,0.453,13.0,36.6,0.355,27.7,53.3,0.521,18.5,23.5,0.787,11.0,33.4,44.4,26.4,6.8,5.2,15.1,20.0,113.0,82,19780,3585,7551,0.475,985,2807,0.351,2600,4744,0.548,1432,1954,0.733,988,2835,3823,2135,680,473,1116,1643,9587,82,19780,3340,7365,0.453,1065,2998,0.355,2275,4367,0.521,1519,1931,0.787,902,2738,3640,2167,559,427,1240,1644,9264,24.4,51.0,31.0,51,31,3.94,-0.34,3.6,115.1,111.2,3.9,101.1,0.259,0.372,0.57,0.54,11.7,26.5,0.19,0.526,13.1,75.9,0.206,FedEx Forum,707836.0,17264.0,82,19780,0.475,13.0,0.628,0.273,0.224,0.099,0.033,0.372,0.548,0.688,0.446,0.447,0.386,0.351,0.504,0.837,0.058,387,0.286,1250,0.245,0.376,15.0,1.0,82,19780,0.453,14.1,0.593,0.266,0.178,0.088,0.06,0.407,0.521,0.651,0.421,0.398,0.421,0.355,0.551,0.857,0.065,417,0.256,1024,0.194,0.409,115.68,112.09,3.59
2022-23,Miami Heat,82,241.5,39.2,85.3,0.46,12.0,34.8,0.344,27.3,50.5,0.54,19.1,23.0,0.831,9.7,30.9,40.6,23.8,8.0,3.0,13.5,18.5,109.5,82,241.5,40.1,83.2,0.482,13.1,35.8,0.367,27.0,47.4,0.569,16.5,21.1,0.781,8.9,33.0,41.8,25.6,7.0,3.8,15.7,20.0,109.8,82,19805,3215,6991,0.46,980,2852,0.344,2235,4139,0.54,1567,1885,0.831,796,2533,3329,1955,655,243,1106,1516,8977,82,19805,3288,6822,0.482,1077,2933,0.367,2211,3889,0.569,1350,1728,0.781,729,2702,3431,2097,571,309,1288,1643,9003,27.7,44.0,38.0,40,42,-0.32,0.18,-0.13,113.0,113.3,-0.3,96.3,0.27,0.408,0.574,0.53,12.4,22.8,0.224,0.561,14.5,77.7,0.198,Kaseya Center,807190.0,19688.0,82,19805,0.46,14.5,0.592,0.196,0.217,0.12,0.052,0.408,0.54,0.683,0.48,0.471,0.411,0.344,0.511,0.802,0.046,285,0.226,903,0.26,0.367,8.0,0.0,82,19805,0.482,14.9,0.57,0.21,0.199,0.098,0.053,0.43,0.569,0.729,0.502,0.452,0.385,0.367,0.525,0.843,0.049,316,0.232,967,0.281,0.405,114.1,114.32,-0.22
2022-23,Milwaukee Bucks,82,241.8,42.7,90.4,0.473,14.8,40.3,0.368,27.9,50.1,0.557,16.6,22.4,0.743,11.1,37.5,48.6,25.8,6.4,4.9,14.6,18.1,116.9,82,241.8,42.5,93.2,0.456,12.1,34.1,0.354,30.4,59.1,0.514,16.3,21.0,0.776,10.7,33.5,44.2,23.9,7.0,3.9,11.8,19.0,113.3,82,19830,3504,7411,0.473,1217,3306,0.368,2287,4105,0.557,1364,1837,0.743,914,3074,3988,2115,521,403,1199,1481,9589,82,19830,3483,7644,0.456,991,2799,0.354,2492,4845,0.514,1334,1719,0.776,879,2744,3623,1963,578,323,970,1557,9291,29.8,58.0,24.0,50,32,3.63,-0.02,3.61,115.4,111.9,3.5,100.5,0.248,0.446,0.583,0.555,12.7,25.0,0.184,0.52,10.4,77.8,0.175,Fiserv Forum,718786.0,17531.0,82,19830,0.473,15.3,0.554,0.236,0.156,0.091,0.071,0.446,0.557,0.724,0.443,0.429,0.417,0.368,0.489,0.819,0.052,351,0.25,1103,0.23,0.379,11.0,0.0,82,19830,0.456,14.3,0.634,0.217,0.195,0.142,0.08,0.366,0.514,0.691,0.415,0.452,0.389,0.354,0.481,0.771,0.049,313,0.244,1034,0.187,0.382,116.12,112.64,3.48
2022-23,Minnesota Timberwolves,82,241.8,42.9,87.4,0.49,12.2,33.3,0.365,30.7,54.1,0.568,17.9,23.7,0.755,9.1,32.8,41.9,26.2,8.0,5.4,15.3,21.6,115.8,82,241.8,41.8,88.7,0.471,12.3,33.3,0.369,29.5,55.5,0.532,19.9,26.0,0.766,11.3,33.3,44.7,25.0,8.2,4.1,15.4,20.2,115.8,82,19830,3515,7167,0.49,997,2731,0.365,2518,4436,0.568,1467,1942,0.755,749,2686,3435,2145,657,444,1258,1768,9494,82,19830,3428,7277,0.471,1007,2728,0.369,2421,4549,0.532,1634,2133,0.766,928,2734,3662,2051,674,336,1262,1654,9497,25.8,42.0,40.0,41,41,-0.04,-0.18,-0.22,113.7,113.8,-0.1,101.0,0.271,0.381,0.592,0.56,13.6,21.5,0.205,0.54,13.3,74.3,0.225,Target Center,687510.0,16769.0,82,19830,0.49,13.2,0.619,0.285,0.208,0.075,0.051,0.381,0.568,0.723,0.439,0.451,0.399,0.365,0.539,0.79,0.067,436,0.297,1256,0.241,0.395,20.0,0.0,82,19830,0.471,13.6,0.625,0.263,0.193,0.108,0.062,0.375,0.532,0.699,0.408,0.437,0.374,0.369,0.502,0.83,0.06,384,0.279,1122,0.227,0.364,114.26,114.43,-0.18
2022-23,New Orleans Pelicans,82,242.1,42.0,87.6,0.48,11.0,30.1,0.364,31.1,57.5,0.541,19.3,24.4,0.793,10.6,33.1,43.7,25.9,8.3,4.1,14.6,20.5,114.4,82,242.1,40.9,86.6,0.472,12.2,36.0,0.339,28.7,50.6,0.567,18.4,23.6,0.779,9.7,32.1,41.8,24.9,7.3,4.7,15.0,20.4,112.5,82,19855,3447,7180,0.48,899,2468,0.364,2548,4712,0.541,1585,2000,0.793,866,2717,3583,2122,681,337,1196,1678,9378,82,19855,3357,7105,0.472,1002,2953,0.339,2355,4152,0.567,1507,1935,0.779,792,2634,3426,2044,600,386,1228,1673,9223,25.9,42.0,40.0,46,36,1.89,-0.26,1.63,114.4,112.5,1.9,99.1,0.279,0.344,0.582,0.543,12.9,24.7,0.221,0.543,13.4,77.4,0.212,Smoothie King Center,687691.0,16773.0,82,19855,0.48,12.9,0.656,0.255,0.23,0.099,0.065,0.344,0.541,0.698,0.444,0.484,0.343,0.364,0.51,0.883,0.063,402,0.289,1166,0.227,0.364,18.0,0.0,82,19855,0.472,14.5,0.584,0.232,0.198,0.085,0.063,0.416,0.567,0.749,0.468,0.407,0.416,0.339,0.504,0.815,0.06,399,0.263,1130,0.235,0.378,115.0,113.38,1.61
2022-23,New York Knicks,82,243.4,42.0,89.4,0.47,12.6,35.7,0.354,29.4,53.6,0.547,19.4,25.5,0.761,12.6,34.0,46.6,22.9,6.4,4.1,13.0,20.3,116.0,82,243.4,40.8,88.2,0.462,13.0,36.5,0.357,27.7,51.7,0.537,18.5,23.7,0.782,10.1,31.9,42.0,25.1,6.0,4.5,12.7,20.7,113.1,82,19955,3444,7328,0.47,1037,2930,0.354,2407,4398,0.547,1589,2087,0.761,1031,2790,3821,1880,527,340,1065,1666,9514,82,19955,3343,7229,0.462,1068,2992,0.357,2275,4237,0.537,1520,1943,0.782,830,2617,3447,2062,496,370,1044,1694,9274,24.5,47.0,35.0,48,34,2.93,0.06,2.99,117.8,114.8,3.0,97.1,0.285,0.4,0.577,0.541,11.4,28.3,0.217,0.536,11.4,77.1,0.21,Madison Square Garden (IV),795110.0,19393.0,82,19955,0.47,13.6,0.6,0.266,0.196,0.096,0.043,0.4,0.547,0.679,0.46,0.424,0.404,0.354,0.428,0.82,0.066,425,0.246,1021,0.272,0.382,9.0,0.0,82,19955,0.462,14.4,0.586,0.258,0.167,0.098,0.063,0.414,0.537,0.666,0.417,0.468,0.431,0.357,0.511,0.842,0.048,308,0.257,1051,0.246,0.381,118.98,115.88,3.1
2022-23,Oklahoma City Thunder,82,242.1,43.1,92.6,0.465,12.1,34.1,0.356,31.0,58.5,0.53,19.2,23.7,0.809,11.4,32.3,43.6,24.4,8.2,4.2,13.0,21.0,117.5,82,242.1,41.9,88.4,0.474,12.9,36.0,0.358,29.0,52.4,0.553,19.6,25.5,0.771,12.0,34.6,46.6,25.9,7.0,5.5,16.8,20.4,116.4,82,19855,3533,7590,0.465,995,2797,0.356,2538,4793,0.53,1572,1944,0.809,934,2645,3579,2002,676,341,1069,1722,9633,82,19855,3437,7252,0.474,1059,2955,0.358,2378,4297,0.553,1611,2090,0.771,982,2841,3823,2126,572,454,1375,1675,9544,22.8,40.0,42.0,44,38,1.09,-0.12,0.96,115.2,114.2,1.0,101.1,0.256,0.369,0.57,0.531,11.2,24.7,0.207,0.547,14.4,72.9,0.222,Paycom Center,636903.0,15534.0,82,19855,0.465,13.1,0.631,0.276,0.217,0.096,0.043,0.369,0.53,0.658,0.413,0.469,0.424,0.356,0.444,0.879,0.047,320,0.325,1349,0.203,0.4,12.0,0.0,82,19855,0.474,14.1,0.593,0.246,0.208,0.083,0.055,0.407,0.553,0.694,0.452,0.483,0.414,0.358,0.508,0.868,0.059,377,0.282,1152,0.272,0.361,115.8,114.91,0.89
2022-23,Orlando Magic,82,241.2,40.5,86.3,0.47,10.8,31.1,0.346,29.8,55.2,0.539,19.6,25.0,0.784,10.2,33.1,43.2,23.2,7.4,4.7,15.1,20.1,111.4,82,241.2,41.3,86.9,0.476,13.0,37.0,0.351,28.4,50.0,0.567,18.3,23.0,0.796,9.5,32.5,42.0,25.9,7.7,5.1,14.7,20.5,114.0,82,19780,3323,7074,0.47,883,2551,0.346,2440,4523,0.539,1607,2050,0.784,833,2713,3546,1906,603,382,1236,1652,9136,82,19780,3389,7127,0.476,1064,3030,0.351,2325,4097,0.567,1504,1890,0.796,779,2669,3448,2122,634,415,1204,1681,9346,23.1,34.0,48.0,35,47,-2.56,0.17,-2.39,111.6,114.2,-2.6,99.3,0.29,0.361,0.573,0.532,13.4,23.8,0.227,0.55,13.1,77.7,0.211,Amway Center,728405.0,17766.0,82,19780,0.47,13.5,0.639,0.249,0.221,0.094,0.076,0.361,0.539,0.713,0.44,0.427,0.398,0.346,0.47,0.858,0.064,395,0.297,1182,0.213,0.415,9.0,0.0,82,19780,0.476,14.8,0.575,0.226,0.186,0.098,0.064,0.425,0.567,0.736,0.471,0.478,0.39,0.351,0.535,0.824,0.065,426,0.241,1031,0.256,0.401,112.49,114.88,-2.39
2022-23,Philadelphia 76ers,82,242.4,40.8,83.8,0.487,12.6,32.6,0.387,28.2,51.2,0.551,21.0,25.1,0.835,8.7,32.2,40.9,25.2,7.7,4.7,13.7,20.4,115.2,82,242.4,40.4,85.4,0.473,11.6,33.4,0.348,28.8,52.1,0.553,18.5,23.7,0.781,9.5,31.6,41.2,24.2,6.6,4.6,14.3,19.6,110.9,82,19880,3347,6870,0.487,1035,2675,0.387,2312,4195,0.551,1719,2058,0.835,715,2641,3356,2063,635,389,1121,1675,9448,82,19880,3312,7005,0.473,952,2735,0.348,2360,4270,0.553,1518,1943,0.781,782,2593,3375,1986,540,380,1171,1607,9094,28.2,54.0,28.0,52,30,4.32,0.06,4.37,117.7,113.3,4.4,96.9,0.3,0.389,0.608,0.563,12.6,21.6,0.25,0.541,13.0,77.2,0.217,Wells Fargo Center,839261.0,20470.0,82,19880,0.487,13.8,0.611,0.251,0.191,0.109,0.054,0.389,0.551,0.697,0.429,0.463,0.472,0.387,0.516,0.806,0.044,262,0.274,1100,0.256,0.402,13.0,0.0,82,19880,0.473,14.2,0.61,0.256,0.175,0.095,0.075,0.39,0.553,0.725,0.424,0.422,0.414,0.348,0.503,0.811,0.055,353,0.26,1063,0.229,0.371,118.98,114.56,4.42
2022-23,Phoenix Suns,82,241.2,42.1,90.1,0.467,12.2,32.6,0.374,29.9,57.5,0.52,17.2,21.7,0.793,11.8,32.4,44.2,27.3,7.1,5.3,13.5,21.2,113.6,82,241.2,40.0,85.9,0.466,11.4,32.0,0.357,28.6,53.9,0.53,20.1,25.6,0.786,10.2,32.6,42.9,23.4,7.2,4.0,14.4,19.9,111.6,82,19780,3453,7388,0.467,1001,2674,0.374,2452,4714,0.52,1412,1781,0.793,971,2657,3628,2235,585,432,1110,1739,9319,82,19780,3280,7044,0.466,938,2628,0.357,2342,4416,0.53,1651,2101,0.786,840,2676,3516,1915,588,327,1183,1629,9149,28.1,45.0,37.0,46,36,2.07,0.01,2.08,115.1,113.0,2.1,98.2,0.241,0.362,0.57,0.535,12.0,26.6,0.191,0.532,12.9,76.0,0.234,Footprint Center,699911.0,17071.0,82,19780,0.467,14.3,0.638,0.194,0.203,0.159,0.083,0.362,0.52,0.693,0.442,0.46,0.424,0.374,0.562,0.856,0.047,306,0.205,847,0.291,0.421,13.0,0.0,82,19780,0.466,13.9,0.627,0.24,0.216,0.1,0.071,0.373,0.53,0.689,0.433,0.451,0.4,0.357,0.488,0.823,0.055,344,0.276,1087,0.204,0.419,115.97,113.86,2.11
2022-23,Portland Trail Blazers,82,240.6,40.5,85.4,0.474,12.9,35.3,0.365,27.6,50.1,0.55,19.6,24.6,0.796,9.4,31.1,40.5,24.2,6.7,4.6,14.5,20.0,113.4,82,240.6,43.0,87.5,0.491,12.5,33.1,0.379,30.4,54.4,0.559,19.0,24.1,0.787,10.5,32.8,43.2,27.0,7.8,4.3,13.5,20.5,117.4,82,19730,3317,7001,0.474,1056,2893,0.365,2261,4108,0.55,1609,2021,0.796,774,2551,3325,1981,553,376,1185,1643,9299,82,19730,3522,7176,0.491,1029,2717,0.379,2493,4459,0.559,1555,1977,0.787,857,2686,3543,2214,640,352,1108,1679,9628,25.1,33.0,49.0,31,51,-4.01,0.05,-3.96,114.8,118.8,-4.0,98.6,0.289,0.413,0.589,0.549,13.1,22.4,0.23,0.563,12.1,74.9,0.217,Moda Center,767374.0,18716.0,82,19730,0.474,14.1,0.587,0.288,0.161,0.069,0.062,0.413,0.55,0.673,0.434,0.437,0.414,0.365,0.502,0.774,0.058,357,0.276,1142,0.204,0.362,9.0,0.0,82,19730,0.491,13.4,0.621,0.31,0.165,0.081,0.058,0.379,0.559,0.682,0.453,0.443,0.368,0.379,0.531,0.837,0.069,424,0.29,1223,0.245,0.386,115.72,119.79,-4.07
2022-23,Sacramento Kings,82,241.8,43.6,88.2,0.494,13.8,37.3,0.369,29.8,50.9,0.586,19.8,25.1,0.79,9.5,32.9,42.5,27.3,7.0,3.4,13.5,19.7,120.7,82,241.8,43.8,88.9,0.492,12.5,33.4,0.373,31.3,55.5,0.564,18.1,23.0,0.787,9.7,32.5,42.2,26.7,7.3,4.2,14.2,20.9,118.1,82,19830,3573,7232,0.494,1128,3060,0.369,2445,4172,0.586,1624,2055,0.79,782,2699,3481,2237,574,275,1106,1616,9898,82,19830,3589,7288,0.492,1022,2740,0.373,2567,4548,0.564,1481,1882,0.787,795,2665,3460,2187,598,341,1165,1711,9681,25.4,48.0,34.0,47,35,2.65,-0.35,2.3,119.4,116.8,2.6,100.3,0.284,0.423,0.608,0.572,12.0,22.7,0.225,0.563,12.6,77.2,0.203,Golden 1 Center,715491.0,17451.0,82,19830,0.494,14.1,0.577,0.243,0.199,0.08,0.05,0.423,0.586,0.741,0.488,0.438,0.45,0.369,0.495,0.875,0.059,380,0.261,1166,0.226,0.397,9.0,0.0,82,19830,0.492,13.7,0.624,0.238,0.22,0.093,0.067,0.376,0.564,0.733,0.475,0.462,0.392,0.373,0.506,0.841,0.052,344,0.275,1203,0.26,0.395,119.86,117.72,2.14
2022-23,San Antonio Spurs,82,242.1,43.1,92.6,0.465,11.1,32.2,0.345,32.0,60.4,0.529,15.8,21.2,0.743,11.8,31.9,43.7,27.2,7.0,3.9,15.3,19.9,113.0,82,242.1,46.1,91.0,0.507,12.6,32.3,0.391,33.5,58.6,0.571,18.2,23.7,0.77,10.7,34.3,45.0,26.8,8.1,5.3,13.8,18.5,123.1,82,19855,3533,7593,0.465,911,2640,0.345,2622,4953,0.529,1292,1739,0.743,965,2619,3584,2232,572,322,1253,1630,9269,82,19855,3780,7460,0.507,1036,2651,0.391,2744,4809,0.571,1496,1942,0.77,877,2811,3688,2198,665,431,1135,1516,10092,23.9,22.0,60.0,19,63,-10.04,0.22,-9.82,110.2,120.0,-9.8,101.6,0.229,0.348,0.554,0.525,13.0,25.6,0.17,0.576,12.0,74.9,0.201,AT&T Center,694434.0,15508.0,82,19855,0.465,13.1,0.652,0.258,0.23,0.112,0.053,0.348,0.529,0.679,0.442,0.412,0.425,0.345,0.53,0.924,0.04,265,0.303,1339,0.216,0.367,18.0,0.0,82,19855,0.507,13.2,0.645,0.279,0.205,0.097,0.065,0.355,0.571,0.698,0.48,0.467,0.462,0.391,0.491,0.82,0.073,481,0.291,1262,0.217,0.447,111.14,120.79,-9.65
2022-23,Toronto Raptors,82,241.5,41.9,91.3,0.459,10.7,32.0,0.335,31.1,59.3,0.525,18.4,23.4,0.784,12.7,30.3,43.0,23.9,9.4,5.2,11.7,20.0,112.9,82,241.5,40.4,82.3,0.491,12.2,32.6,0.374,28.2,49.7,0.567,18.4,23.1,0.797,9.2,33.0,42.3,26.2,6.0,4.6,16.7,19.6,111.4,82,19805,3434,7489,0.459,880,2626,0.335,2554,4863,0.525,1506,1922,0.784,1043,2485,3528,1961,772,424,956,1641,9254,82,19805,3312,6752,0.491,1001,2676,0.374,2311,4076,0.567,1508,1893,0.797,757,2709,3466,2148,492,376,1367,1604,9133,25.8,41.0,41.0,45,37,1.48,0.12,1.59,115.5,114.0,1.5,97.1,0.257,0.351,0.555,0.517,10.3,27.8,0.201,0.565,15.3,76.7,0.223,Scotiabank Arena,811261.0,19787.0,82,19805,0.459,13.4,0.649,0.243,0.22,0.095,0.084,0.351,0.525,0.694,0.445,0.406,0.379,0.335,0.474,0.819,0.064,432,0.257,1082,0.264,0.363,22.0,0.0,82,19805,0.491,13.9,0.604,0.257,0.198,0.09,0.051,0.396,0.567,0.715,0.454,0.485,0.402,0.374,0.547,0.854,0.07,423,0.269,1054,0.286,0.401,116.55,114.91,1.63
2022-23,Utah Jazz,82,241.5,42.5,89.8,0.473,13.3,37.8,0.353,29.2,52.0,0.56,18.7,23.8,0.786,11.8,34.1,45.9,26.0,6.1,5.2,15.4,20.5,117.1,82,241.5,43.4,91.6,0.473,12.5,34.5,0.361,30.9,57.1,0.54,18.8,24.3,0.776,11.2,32.2,43.5,25.0,7.8,4.9,12.6,20.5,118.0,82,19805,3485,7365,0.473,1094,3099,0.353,2391,4266,0.56,1536,1955,0.786,968,2794,3762,2129,500,429,1259,1679,9600,82,19805,3555,7515,0.473,1023,2830,0.361,2532,4685,0.54,1544,1989,0.776,919,2644,3563,2047,639,405,1030,1679,9677,26.5,37.0,45.0,39,43,-0.94,-0.09,-1.03,115.8,116.7,-0.9,100.5,0.265,0.421,0.584,0.547,13.3,26.8,0.209,0.541,10.9,75.2,0.205,Vivint Arena,728240.0,17762.0,82,19805,0.473,14.2,0.579,0.204,0.266,0.073,0.036,0.421,0.56,0.708,0.497,0.438,0.439,0.353,0.5,0.854,0.071,460,0.274,1144,0.22,0.413,16.0,0.0,82,19805,0.473,13.7,0.623,0.214,0.26,0.09,0.059,0.377,0.54,0.696,0.462,0.457,0.454,0.361,0.484,0.803,0.064,418,0.281,1161,0.209,0.401,116.32,117.43,-1.11
2022-23,Washington Wizards,82,240.9,42.1,86.9,0.485,11.3,31.7,0.356,30.9,55.2,0.559,17.6,22.4,0.785,9.4,34.2,43.6,25.4,6.8,5.2,14.1,18.8,113.2,82,240.9,42.5,89.8,0.473,12.0,32.8,0.366,30.5,57.0,0.534,17.5,21.9,0.798,10.8,32.3,43.0,24.8,7.1,5.0,12.3,19.4,114.4,82,19755,3456,7127,0.485,925,2601,0.356,2531,4526,0.559,1442,1838,0.785,774,2804,3578,2083,561,424,1158,1539,9279,82,19755,3481,7363,0.473,984,2688,0.366,2497,4675,0.534,1432,1794,0.798,883,2645,3528,2035,581,406,1008,1590,9378,26.2,35.0,47.0,38,44,-1.21,0.15,-1.06,114.4,115.6,-1.2,98.6,0.258,0.365,0.585,0.55,12.7,22.6,0.202,0.54,11.0,76.1,0.194,Capital One Arena,710481.0,17329.0,82,19755,0.485,14.0,0.635,0.211,0.244,0.107,0.073,0.365,0.559,0.76,0.47,0.46,0.42,0.356,0.508,0.862,0.059,377,0.272,1118,0.215,0.399,16.0,2.0,82,19755,0.473,13.8,0.635,0.211,0.256,0.102,0.066,0.365,0.534,0.717,0.459,0.442,0.387,0.366,0.491,0.822,0.062,393,0.286,1155,0.214,0.358,115.39,116.5,-1.12
2023-24,Atlanta Hawks,82,242.1,43.0,92.5,0.465,13.7,37.7,0.364,29.3,54.8,0.535,18.5,23.2,0.797,12.5,32.2,44.7,26.6,7.5,4.5,13.5,18.6,118.3,82,242.1,44.6,90.2,0.495,14.0,36.4,0.384,30.6,53.7,0.57,17.3,21.8,0.792,10.6,33.6,44.2,28.2,7.8,5.6,14.1,19.4,120.5,82,19855,3529,7584,0.465,1125,3092,0.364,2404,4492,0.535,1520,1906,0.797,1024,2639,3663,2180,615,369,1110,1522,9703,82,19855,3659,7394,0.495,1147,2987,0.384,2512,4407,0.57,1417,1790,0.792,870,2758,3628,2314,638,461,1158,1594,9882,26.2,36.0,46.0,36,46,-2.18,-0.19,-2.38,117.2,119.4,-2.2,100.1,0.251,0.408,0.576,0.539,11.6,27.1,0.2,0.572,12.4,75.2,0.192,State Farm Arena,696418.0,16986.0,82,19855,0.465,14.1,0.592,0.247,0.194,0.104,0.047,0.408,0.535,0.649,0.437,0.477,0.471,0.364,0.537,0.791,0.065,445,0.259,1006,0.26,0.38,15.0,0.0,82,19855,0.495,13.7,0.596,0.29,0.165,0.097,0.045,0.404,0.57,0.694,0.46,0.452,0.43,0.384,0.535,0.846,0.071,471,0.281,1230,0.278,0.412,118.16,120.45,-2.29
2023-24,Boston Celtics,82,241.8,43.9,90.2,0.487,16.5,42.5,0.388,27.4,47.7,0.575,16.3,20.2,0.807,10.7,35.6,46.3,26.9,6.8,6.6,11.9,16.2,120.6,82,241.8,41.5,91.6,0.453,12.9,36.7,0.352,28.6,55.0,0.52,13.3,17.3,0.768,11.1,32.3,43.3,24.9,6.2,3.7,12.0,17.3,109.2,82,19830,3601,7396,0.487,1351,3482,0.388,2250,3914,0.575,1334,1654,0.807,876,2923,3799,2207,557,538,979,1326,9887,82,19830,3403,7515,0.453,1059,3008,0.352,2344,4507,0.52,1092,1422,0.768,907,2645,3552,2042,510,304,986,1416,8957,28.2,64.0,18.0,66,16,11.34,-0.6,10.75,123.2,111.6,11.6,97.2,0.224,0.471,0.609,0.578,10.8,24.9,0.18,0.523,10.8,76.3,0.145,TD Garden,785396.0,19156.0,82,19830,0.487,15.6,0.529,0.212,0.181,0.083,0.053,0.471,0.575,0.745,0.478,0.454,0.418,0.388,0.503,0.796,0.066,439,0.249,1086,0.204,0.441,11.0,1.0,82,19830,0.453,14.6,0.6,0.202,0.228,0.103,0.067,0.4,0.52,0.676,0.438,0.469,0.407,0.352,0.506,0.809,0.05,329,0.274,1092,0.197,0.348,123.81,112.7,11.11
2023-24,Brooklyn Nets,82,241.5,40.7,89.1,0.456,13.3,36.7,0.362,27.4,52.4,0.522,15.8,20.9,0.756,11.4,32.6,44.1,25.6,6.8,5.2,13.1,18.5,110.4,82,241.5,41.6,88.5,0.47,13.0,34.9,0.372,28.6,53.5,0.534,17.1,21.2,0.807,10.3,34.0,44.3,25.5,6.9,5.0,12.6,18.2,113.3,82,19805,3334,7307,0.456,1089,3010,0.362,2245,4297,0.522,1293,1711,0.756,938,2675,3613,2102,556,424,1076,1516,9050,82,19805,3410,7255,0.47,1066,2865,0.372,2344,4390,0.534,1401,1736,0.807,843,2788,3631,2088,563,409,1035,1496,9287,26.1,32.0,50.0,34,48,-2.89,-0.13,-3.02,113.2,116.1,-2.9,96.9,0.234,0.412,0.561,0.531,11.8,25.2,0.177,0.543,11.4,76.0,0.193,Barclays Center,720291.0,17568.0,82,19805,0.456,14.2,0.588,0.242,0.199,0.094,0.053,0.412,0.522,0.692,0.406,0.433,0.346,0.362,0.527,0.844,0.054,353,0.266,1081,0.261,0.414,23.0,1.0,82,19805,0.47,14.0,0.605,0.248,0.204,0.093,0.06,0.395,0.534,0.71,0.398,0.434,0.424,0.372,0.52,0.815,0.055,349,0.271,1121,0.216,0.418,114.06,117.16,-3.11
2023-24,Charlotte Hornets,82,240.6,40.0,87.0,0.46,12.1,34.0,0.355,28.0,53.0,0.528,14.5,18.4,0.786,9.3,31.0,40.3,24.8,6.9,4.5,13.8,18.0,106.6,82,240.6,43.4,87.7,0.494,13.6,36.2,0.377,29.7,51.5,0.577,16.5,20.7,0.796,10.6,34.8,45.4,28.7,7.1,4.8,13.6,17.5,116.8,82,19730,3281,7133,0.46,989,2788,0.355,2292,4345,0.528,1189,1512,0.786,765,2538,3303,2033,562,371,1129,1472,8740,82,19730,3555,7191,0.494,1118,2965,0.377,2437,4226,0.577,1352,1699,0.796,867,2853,3720,2356,582,396,1117,1432,9580,25.1,21.0,61.0,18,64,-10.24,0.13,-10.12,109.3,119.8,-10.5,97.3,0.212,0.391,0.56,0.529,12.6,21.1,0.167,0.572,12.3,74.5,0.188,Spectrum Center,674400.0,16449.0,82,19730,0.46,14.1,0.609,0.251,0.198,0.094,0.065,0.391,0.528,0.692,0.438,0.404,0.344,0.355,0.525,0.839,0.059,381,0.259,1036,0.219,0.367,21.0,0.0,82,19730,0.494,14.0,0.588,0.28,0.183,0.074,0.05,0.412,0.577,0.725,0.449,0.455,0.392,0.377,0.565,0.876,0.064,403,0.281,1231,0.248,0.399,110.23,120.71,-10.48
2023-24,Chicago Bulls,82,243.7,42.0,89.5,0.47,11.5,32.1,0.358,30.6,57.4,0.532,16.7,21.1,0.791,11.2,32.6,43.8,25.0,7.8,4.8,12.2,18.8,112.3,82,243.7,41.1,87.0,0.473,14.6,39.5,0.37,26.5,47.5,0.558,16.9,21.8,0.776,10.1,33.3,43.4,27.9,6.8,4.9,14.0,18.8,113.7,82,19980,3448,7339,0.47,941,2630,0.358,2507,4709,0.532,1369,1731,0.791,916,2677,3593,2048,638,394,1004,1541,9206,82,19980,3370,7131,0.473,1196,3235,0.37,2174,3896,0.558,1388,1789,0.776,829,2729,3558,2287,555,404,1147,1538,9324,28.1,39.0,43.0,37,45,-1.44,-0.33,-1.77,114.9,116.3,-1.4,96.3,0.236,0.358,0.568,0.534,11.0,25.1,0.187,0.556,12.7,76.4,0.195,United Center,845620.0,20625.0,82,19980,0.47,13.6,0.642,0.266,0.181,0.106,0.089,0.358,0.532,0.642,0.465,0.481,0.404,0.358,0.488,0.876,0.039,236,0.274,1156,0.275,0.385,11.0,0.0,82,19980,0.473,14.8,0.546,0.266,0.153,0.07,0.057,0.454,0.558,0.682,0.45,0.425,0.431,0.37,0.574,0.869,0.057,379,0.259,1056,0.274,0.42,115.71,117.66,-1.95
2023-24,Cleveland Cavaliers,82,241.5,41.8,87.2,0.479,13.5,36.8,0.367,28.3,50.4,0.561,15.6,20.4,0.765,9.8,33.4,43.3,28.0,7.4,4.6,13.6,17.5,112.6,82,241.5,40.5,87.5,0.463,12.5,33.8,0.371,28.0,53.7,0.521,16.6,21.0,0.791,10.0,32.6,42.7,25.3,7.7,5.0,13.6,18.7,110.2,82,19805,3425,7148,0.479,1108,3016,0.367,2317,4132,0.561,1278,1671,0.765,807,2742,3549,2299,605,380,1112,1436,9236,82,19805,3323,7176,0.463,1029,2773,0.371,2294,4403,0.521,1363,1724,0.791,823,2676,3499,2071,632,411,1115,1536,9038,26.2,48.0,34.0,47,35,2.41,-0.44,1.98,115.2,112.7,2.5,97.2,0.234,0.422,0.586,0.557,12.4,23.2,0.179,0.535,12.3,76.9,0.19,Rocket Mortgage Fieldhouse,793167.0,19432.0,82,19805,0.479,14.0,0.578,0.276,0.19,0.073,0.039,0.422,0.561,0.686,0.448,0.457,0.416,0.367,0.589,0.844,0.07,444,0.26,1056,0.239,0.376,10.0,1.0,82,19805,0.463,14.0,0.614,0.261,0.188,0.105,0.059,0.386,0.521,0.66,0.426,0.425,0.38,0.371,0.521,0.851,0.056,347,0.267,1060,0.267,0.401,115.88,113.91,1.97
2023-24,Dallas Mavericks,82,240.3,43.1,89.7,0.481,14.6,39.5,0.369,28.5,50.1,0.569,17.0,22.5,0.758,9.7,33.2,42.9,25.7,6.9,5.0,12.5,18.3,117.9,82,240.3,43.0,90.4,0.475,13.1,35.6,0.368,29.8,54.8,0.545,16.6,21.6,0.77,10.9,34.1,45.1,27.5,7.4,4.0,13.7,20.3,115.6,82,19705,3535,7352,0.481,1197,3242,0.369,2338,4110,0.569,1397,1842,0.758,797,2724,3521,2106,563,406,1027,1500,9664,82,19705,3522,7413,0.475,1075,2921,0.368,2447,4492,0.545,1364,1772,0.77,896,2800,3696,2258,603,331,1127,1667,9483,26.5,50.0,32.0,46,36,2.21,0.09,2.3,117.6,115.4,2.2,100.1,0.251,0.441,0.592,0.562,11.2,22.2,0.19,0.548,12.1,75.2,0.184,American Airlines Center,828897.0,20217.0,82,19705,0.481,15.1,0.559,0.222,0.175,0.098,0.064,0.441,0.569,0.747,0.47,0.451,0.404,0.369,0.524,0.735,0.069,447,0.225,998,0.274,0.362,16.0,0.0,82,19705,0.475,14.0,0.606,0.234,0.213,0.098,0.061,0.394,0.545,0.736,0.421,0.46,0.381,0.368,0.549,0.85,0.054,369,0.264,1116,0.279,0.391,118.6,116.42,2.18
2023-24,Denver Nuggets,82,240.3,44.0,88.8,0.496,11.7,31.2,0.374,32.3,57.5,0.562,15.1,19.9,0.762,10.7,33.7,44.4,29.5,7.1,5.6,12.6,18.2,114.9,82,240.3,40.6,87.9,0.462,11.2,31.5,0.355,29.4,56.4,0.522,17.1,22.2,0.772,10.9,31.4,42.3,25.7,7.0,4.8,12.4,17.9,109.6,82,19705,3610,7279,0.496,958,2560,0.374,2652,4719,0.562,1240,1628,0.762,881,2763,3644,2415,585,457,1036,1489,9418,82,19705,3332,7210,0.462,919,2587,0.355,2413,4623,0.522,1404,1819,0.772,894,2573,3467,2108,578,394,1014,1467,8987,27.1,57.0,25.0,54,28,5.26,-0.03,5.23,118.5,113.0,5.5,96.8,0.224,0.352,0.589,0.562,11.5,25.5,0.17,0.526,11.2,75.6,0.195,Ball Arena,807062.0,19684.0,82,19705,0.496,13.3,0.648,0.265,0.209,0.09,0.083,0.352,0.562,0.688,0.487,0.457,0.464,0.374,0.598,0.864,0.066,438,0.282,1152,0.238,0.384,24.0,0.0,82,19705,0.462,13.3,0.641,0.257,0.219,0.111,0.055,0.359,0.522,0.686,0.416,0.415,0.391,0.355,0.55,0.85,0.053,337,0.29,1149,0.228,0.375,119.6,114.2,5.4
2023-24,Detroit Pistons,82,240.9,40.9,88.2,0.463,11.0,31.7,0.348,29.8,56.5,0.528,17.0,21.7,0.785,10.5,32.8,43.3,25.5,6.5,4.7,15.2,20.6,109.9,82,240.9,43.6,89.0,0.49,12.1,32.7,0.37,31.5,56.3,0.56,19.6,24.5,0.8,9.6,33.5,43.1,27.0,8.9,6.0,12.4,17.8,119.0,82,19755,3353,7236,0.463,906,2602,0.348,2447,4634,0.528,1398,1780,0.785,861,2692,3553,2088,531,384,1248,1688,9010,82,19755,3578,7301,0.49,991,2682,0.37,2587,4619,0.56,1610,2013,0.8,791,2745,3536,2216,727,490,1019,1457,9757,23.8,14.0,68.0,20,62,-9.11,0.05,-9.06,109.7,118.8,-9.1,99.8,0.246,0.36,0.562,0.526,13.5,23.9,0.193,0.558,11.1,77.3,0.221,Little Caesars Arena,726378.0,18159.0,82,19755,0.463,13.5,0.64,0.224,0.242,0.112,0.063,0.36,0.528,0.679,0.461,0.455,0.377,0.348,0.541,0.844,0.072,470,0.27,1058,0.273,0.359,21.0,0.0,82,19755,0.49,13.5,0.633,0.228,0.264,0.084,0.057,0.367,0.56,0.716,0.477,0.453,0.481,0.37,0.536,0.838,0.054,364,0.291,1239,0.221,0.399,110.43,119.48,-9.05
2023-24,Golden State Warriors,82,241.8,43.7,91.6,0.477,14.8,38.9,0.38,28.9,52.7,0.548,15.6,20.0,0.78,12.1,34.6,46.7,29.3,7.0,4.6,14.3,19.5,117.8,82,241.8,42.1,90.4,0.466,13.3,37.0,0.359,28.8,53.5,0.539,17.7,22.4,0.788,10.9,32.0,42.9,26.7,7.7,5.0,13.0,17.9,115.2,82,19830,3582,7515,0.477,1211,3191,0.38,2371,4324,0.548,1282,1644,0.78,996,2834,3830,2402,572,377,1174,1598,9657,82,19830,3453,7415,0.466,1088,3030,0.359,2365,4385,0.539,1449,1840,0.788,892,2627,3519,2187,633,407,1067,1471,9443,28.4,46.0,36.0,47,35,2.61,0.16,2.77,117.8,115.2,2.6,99.2,0.219,0.425,0.586,0.557,12.5,27.5,0.171,0.539,11.5,76.1,0.195,Chase Center,740624.0,18064.0,82,19830,0.477,15.0,0.575,0.185,0.238,0.083,0.069,0.425,0.548,0.716,0.504,0.419,0.41,0.38,0.599,0.81,0.055,370,0.289,1266,0.163,0.395,15.0,1.0,82,19830,0.466,14.6,0.591,0.159,0.281,0.096,0.055,0.409,0.539,0.716,0.507,0.42,0.404,0.359,0.534,0.848,0.047,318,0.269,1164,0.24,0.385,118.76,115.89,2.87
2023-24,Houston Rockets,82,242.1,41.8,91.0,0.459,12.7,36.1,0.352,29.0,54.8,0.53,18.1,23.4,0.773,11.5,34.0,45.5,24.8,7.8,4.6,12.7,20.8,114.3,82,242.1,40.8,88.1,0.463,12.3,35.4,0.348,28.4,52.7,0.54,19.3,25.2,0.767,10.7,34.2,44.9,24.4,7.3,5.9,13.8,19.6,113.2,82,19855,3425,7459,0.459,1043,2964,0.352,2382,4495,0.53,1482,1916,0.773,940,2787,3727,2035,639,375,1045,1702,9375,82,19855,3344,7226,0.463,1012,2904,0.348,2332,4322,0.54,1583,2065,0.767,878,2803,3681,1997,597,482,1132,1609,9283,25.1,41.0,41.0,44,38,1.12,0.12,1.24,114.5,113.4,1.1,99.0,0.257,0.397,0.565,0.529,11.2,25.1,0.199,0.533,12.2,76.0,0.219,Toyota Center,720045.0,17562.0,82,19855,0.459,14.2,0.603,0.237,0.215,0.084,0.066,0.397,0.53,0.675,0.437,0.455,0.407,0.352,0.512,0.781,0.059,379,0.294,1199,0.171,0.395,28.0,0.0,82,19855,0.463,14.3,0.598,0.21,0.232,0.099,0.057,0.402,0.54,0.682,0.478,0.464,0.401,0.348,0.503,0.814,0.052,335,0.263,1067,0.237,0.374,115.4,114.17,1.23
2023-24,Indiana Pacers,82,240.3,47.0,92.7,0.507,13.2,35.3,0.374,33.8,57.4,0.589,16.1,20.5,0.782,10.1,31.4,41.5,30.8,7.7,5.9,12.9,21.4,123.3,82,240.3,44.5,89.8,0.496,10.7,29.3,0.365,33.9,60.5,0.56,20.5,26.0,0.787,11.0,32.4,43.4,24.6,6.6,5.4,13.9,18.3,120.2,82,19705,3855,7599,0.507,1082,2891,0.374,2773,4708,0.589,1318,1685,0.782,827,2578,3405,2522,631,481,1059,1756,10110,82,19705,3653,7361,0.496,877,2404,0.365,2776,4957,0.56,1677,2130,0.787,901,2654,3555,2020,543,440,1142,1501,9860,25.3,47.0,35.0,48,34,3.05,-0.3,2.75,121.0,118.0,3.0,101.7,0.222,0.38,0.606,0.578,11.3,23.8,0.173,0.556,12.1,74.1,0.228,Gainbridge Fieldhouse,677554.0,16526.0,82,19705,0.507,13.5,0.62,0.259,0.22,0.094,0.047,0.38,0.589,0.718,0.493,0.505,0.497,0.374,0.576,0.855,0.059,415,0.319,1440,0.234,0.405,11.0,0.0,82,19705,0.496,12.6,0.673,0.267,0.252,0.099,0.055,0.327,0.56,0.688,0.482,0.495,0.411,0.365,0.476,0.796,0.062,397,0.324,1369,0.224,0.405,121.73,119.03,2.7
2023-24,League Average,82,241.4,42.2,88.9,0.474,12.8,35.1,0.366,29.3,53.8,0.545,17.0,21.7,0.784,10.6,33.0,43.5,26.7,7.5,5.1,13.6,18.7,114.2,82,241.4,42.2,88.9,0.474,12.8,35.1,0.366,29.3,53.8,0.545,17.0,21.7,0.784,10.6,33.0,43.5,26.7,7.5,5.1,13.6,18.7,114.2,82,19792,3458,7290,0.474,1053,2879,0.366,2405,4412,0.545,1397,1781,0.784,865,2705,3570,2187,613,422,1116,1536,9365,82,19792,3458,7290,0.474,1053,2879,0.366,2405,4412,0.545,1397,1781,0.784,865,2705,3570,2187,613,422,1116,1536,9365,26.6,,,41,41,0.0,0.0,0.0,115.3,115.3,,98.5,0.244,0.395,0.58,0.547,12.1,24.2,0.192,0.547,12.1,75.8,0.192,,751280.0,18330.0,82,19788,0.474,14.0,0.605,0.241,0.211,0.096,0.058,0.395,0.545,0.699,0.452,0.446,0.407,0.366,0.54,0.844,0.06,387,0.274,1135,0.244,0.393,14.5,0.3,82,19792,0.474,14.0,0.605,0.241,0.211,0.096,0.058,0.395,0.545,0.699,0.452,0.446,0.407,0.366,0.54,0.844,0.06,387,0.274,1135,0.244,0.393,,,
2023-24,Los Angeles Clippers,82,240.3,42.4,86.7,0.489,12.6,33.2,0.381,29.7,53.5,0.555,18.3,22.2,0.825,10.0,32.9,43.0,25.6,7.8,5.0,13.1,18.5,115.6,82,240.3,41.6,88.9,0.468,12.9,35.4,0.363,28.8,53.5,0.538,16.2,21.0,0.775,11.1,31.1,42.2,26.4,7.3,4.7,13.0,18.7,112.3,82,19705,3473,7108,0.489,1036,2719,0.381,2437,4389,0.555,1499,1817,0.825,822,2701,3523,2097,640,413,1078,1519,9481,82,19705,3413,7288,0.468,1054,2902,0.363,2359,4386,0.538,1332,1718,0.775,909,2551,3460,2165,597,384,1069,1537,9212,30.4,51.0,31.0,49,33,3.28,0.13,3.41,118.8,115.4,3.4,97.2,0.256,0.383,0.599,0.561,12.0,24.4,0.211,0.541,11.7,74.8,0.183,Crypto.com Arena,776782.0,18946.0,82,19705,0.489,14.1,0.617,0.228,0.207,0.12,0.063,0.383,0.555,0.72,0.469,0.472,0.402,0.381,0.544,0.744,0.07,433,0.252,1005,0.247,0.417,9.0,0.0,82,19705,0.468,14.1,0.602,0.222,0.231,0.09,0.059,0.398,0.538,0.707,0.449,0.436,0.407,0.363,0.54,0.846,0.057,379,0.274,1126,0.252,0.378,119.97,116.59,3.37
2023-24,Los Angeles Lakers,82,242.1,43.7,87.5,0.499,11.8,31.4,0.377,31.8,56.2,0.567,18.9,24.2,0.782,8.2,34.9,43.1,28.5,7.4,5.5,14.0,15.6,118.0,82,242.1,44.4,93.7,0.474,14.3,37.9,0.376,30.2,55.8,0.54,14.3,18.0,0.795,10.9,33.2,44.0,28.2,8.2,4.8,13.4,19.7,117.4,82,19855,3580,7177,0.499,969,2572,0.377,2611,4605,0.567,1550,1983,0.782,676,2859,3535,2340,605,453,1146,1283,9679,82,19855,3643,7687,0.474,1170,3109,0.376,2473,4578,0.54,1174,1476,0.795,893,2719,3612,2316,673,390,1100,1619,9630,28.0,47.0,35.0,42,40,0.6,0.48,1.07,115.9,115.3,0.6,100.9,0.276,0.358,0.601,0.566,12.5,19.9,0.216,0.55,11.7,76.2,0.153,Crypto.com Arena,793945.0,18925.0,82,19855,0.499,13.3,0.642,0.259,0.221,0.097,0.065,0.358,0.567,0.769,0.451,0.428,0.365,0.377,0.591,0.822,0.081,533,0.289,1245,0.248,0.388,15.0,0.0,82,19855,0.474,14.5,0.596,0.211,0.223,0.095,0.066,0.404,0.54,0.724,0.444,0.433,0.431,0.376,0.538,0.842,0.056,392,0.252,1097,0.218,0.403,117.0,116.04,0.95
2023-24,Memphis Grizzlies,82,241.2,38.4,88.2,0.435,13.1,37.8,0.346,25.3,50.4,0.502,16.0,21.0,0.764,10.9,31.7,42.6,24.7,8.2,6.1,15.1,19.1,105.8,82,241.2,41.2,86.9,0.474,13.4,35.4,0.378,27.8,51.5,0.541,17.0,21.8,0.779,10.7,35.0,45.6,26.6,8.1,6.5,15.1,18.8,112.8,82,19780,3145,7230,0.435,1071,3097,0.346,2074,4133,0.502,1316,1722,0.764,896,2598,3494,2025,673,501,1236,1563,8677,82,19780,3381,7128,0.474,1098,2905,0.378,2283,4223,0.541,1391,1785,0.779,874,2867,3741,2179,668,536,1239,1539,9251,24.4,27.0,55.0,24,58,-7.0,0.43,-6.57,107.2,114.3,-7.1,98.2,0.238,0.428,0.543,0.509,13.4,23.8,0.182,0.551,13.5,74.8,0.195,FedEx Forum,681875.0,16631.0,82,19780,0.435,14.3,0.572,0.238,0.222,0.071,0.04,0.428,0.502,0.652,0.397,0.409,0.359,0.346,0.526,0.873,0.044,277,0.255,999,0.244,0.351,21.0,0.0,82,19780,0.474,13.9,0.592,0.277,0.178,0.085,0.052,0.408,0.541,0.667,0.418,0.456,0.425,0.378,0.547,0.847,0.071,450,0.27,1021,0.215,0.41,108.28,115.02,-6.74
2023-24,Miami Heat,82,240.9,39.8,85.6,0.465,12.5,33.7,0.37,27.4,51.9,0.527,18.0,22.0,0.818,9.3,33.0,42.3,25.8,7.5,3.4,12.7,17.3,110.1,82,240.9,40.2,86.0,0.467,13.0,36.8,0.353,27.2,49.2,0.553,15.0,19.2,0.78,9.2,33.5,42.8,26.5,6.6,4.7,13.7,18.9,108.4,82,19755,3266,7022,0.465,1022,2765,0.37,2244,4257,0.527,1478,1806,0.818,766,2702,3468,2116,617,280,1038,1415,9032,82,19755,3297,7056,0.467,1064,3018,0.353,2233,4038,0.553,1230,1577,0.78,757,2750,3507,2173,543,388,1126,1550,8888,28.0,46.0,36.0,46,36,1.76,-0.66,1.1,114.0,112.2,1.8,96.2,0.257,0.394,0.578,0.538,11.7,21.8,0.21,0.543,12.7,78.1,0.174,Kaseya Center,809743.0,19750.0,82,19755,0.465,14.2,0.606,0.194,0.248,0.111,0.053,0.394,0.527,0.672,0.494,0.409,0.399,0.37,0.537,0.892,0.049,301,0.254,998,0.276,0.398,13.0,0.0,82,19755,0.467,14.8,0.572,0.197,0.228,0.092,0.055,0.428,0.553,0.705,0.493,0.463,0.407,0.353,0.565,0.856,0.053,341,0.25,1045,0.264,0.381,114.55,113.57,0.98
2023-24,Milwaukee Bucks,82,241.5,43.1,88.5,0.487,14.2,38.1,0.373,29.0,50.4,0.574,18.5,23.9,0.774,9.4,34.8,44.2,26.5,6.8,5.0,12.9,19.2,119.0,82,241.5,43.2,91.9,0.47,12.6,35.3,0.356,30.6,56.6,0.541,17.4,21.5,0.807,10.3,33.7,44.0,26.5,7.1,4.2,12.0,19.2,116.4,82,19805,3538,7258,0.487,1163,3122,0.373,2375,4136,0.574,1517,1960,0.774,772,2850,3622,2176,558,413,1059,1574,9756,82,19805,3543,7537,0.47,1032,2897,0.356,2511,4640,0.541,1423,1764,0.807,843,2765,3608,2169,580,347,986,1576,9541,30.2,49.0,33.0,47,35,2.62,-0.18,2.44,118.4,115.8,2.6,99.9,0.27,0.43,0.601,0.568,11.5,21.8,0.209,0.539,10.6,77.2,0.189,Fiserv Forum,740850.0,17659.0,82,19805,0.487,15.0,0.57,0.238,0.167,0.092,0.073,0.43,0.574,0.761,0.43,0.447,0.456,0.373,0.504,0.841,0.056,372,0.26,1155,0.255,0.414,10.0,0.0,82,19805,0.47,14.4,0.616,0.222,0.196,0.134,0.064,0.384,0.541,0.712,0.435,0.484,0.391,0.356,0.529,0.815,0.056,361,0.255,1061,0.211,0.364,119.0,116.53,2.46
2023-24,Minnesota Timberwolves,82,241.5,41.3,85.0,0.485,12.6,32.7,0.387,28.6,52.4,0.546,17.8,22.9,0.777,9.4,34.2,43.6,26.6,7.9,6.1,14.2,18.8,113.0,82,241.5,39.0,86.8,0.45,11.4,32.3,0.354,27.6,54.5,0.506,17.1,21.9,0.781,10.3,31.2,41.4,24.5,7.5,4.5,14.2,19.9,106.5,82,19805,3383,6974,0.485,1037,2681,0.387,2346,4293,0.546,1461,1881,0.777,770,2807,3577,2184,647,497,1162,1544,9264,82,19805,3198,7114,0.45,937,2645,0.354,2261,4469,0.506,1402,1794,0.781,843,2555,3398,2008,616,371,1166,1630,8735,27.2,56.0,26.0,57,25,6.45,-0.07,6.39,115.6,109.0,6.6,97.1,0.27,0.384,0.594,0.559,13.0,23.2,0.209,0.515,12.9,76.9,0.197,Target Center,738984.0,18024.0,82,19805,0.485,13.5,0.616,0.25,0.228,0.089,0.048,0.384,0.546,0.716,0.439,0.439,0.376,0.387,0.547,0.869,0.075,465,0.269,1066,0.279,0.409,17.0,1.0,82,19805,0.45,13.8,0.628,0.226,0.214,0.122,0.066,0.372,0.506,0.673,0.404,0.447,0.371,0.354,0.537,0.847,0.054,336,0.262,964,0.235,0.384,116.53,109.95,6.57
2023-24,New Orleans Pelicans,82,240.3,42.5,87.4,0.486,12.5,32.6,0.383,30.0,54.8,0.548,17.6,22.8,0.771,10.4,33.6,44.0,27.0,8.3,4.6,13.0,18.4,115.1,82,240.3,40.5,87.3,0.464,13.5,38.7,0.349,26.9,48.5,0.555,16.2,20.7,0.783,10.1,32.2,42.3,26.8,6.5,5.2,14.2,18.4,110.7,82,19705,3484,7165,0.486,1023,2673,0.383,2461,4492,0.548,1445,1873,0.771,852,2753,3605,2210,684,378,1067,1508,9436,82,19705,3317,7155,0.464,1109,3176,0.349,2208,3979,0.555,1331,1699,0.783,826,2644,3470,2196,536,424,1168,1507,9074,26.0,49.0,33.0,52,30,4.41,0.05,4.46,117.4,112.9,4.5,97.9,0.261,0.373,0.591,0.558,11.8,24.4,0.202,0.541,12.9,76.9,0.186,Smoothie King Center,692054.0,17301.0,82,19705,0.486,13.5,0.627,0.254,0.218,0.099,0.056,0.373,0.548,0.695,0.44,0.472,0.434,0.383,0.531,0.883,0.053,343,0.294,1175,0.266,0.434,22.0,1.0,82,19705,0.464,14.8,0.556,0.238,0.181,0.084,0.053,0.444,0.555,0.714,0.454,0.422,0.397,0.349,0.569,0.847,0.061,399,0.26,1089,0.25,0.375,118.4,113.75,4.65
2023-24,New York Knicks,82,240.6,41.3,88.7,0.465,13.2,35.8,0.369,28.1,52.9,0.531,17.0,21.8,0.78,12.7,32.5,45.2,24.4,7.5,4.1,13.2,17.6,112.8,82,240.6,40.3,85.7,0.47,12.5,34.3,0.365,27.8,51.4,0.54,15.1,19.8,0.764,10.2,30.4,40.6,25.6,6.7,5.3,13.2,19.1,108.2,82,19730,3385,7272,0.465,1083,2936,0.369,2302,4336,0.531,1396,1789,0.78,1039,2665,3704,1998,612,336,1085,1447,9249,82,19730,3304,7026,0.47,1028,2813,0.365,2276,4213,0.54,1237,1620,0.764,839,2492,3331,2098,552,431,1082,1565,8873,26.4,50.0,32.0,53,29,4.59,-0.23,4.36,118.2,113.4,4.8,95.2,0.246,0.404,0.574,0.54,11.9,29.4,0.192,0.543,12.3,76.1,0.176,Madison Square Garden (IV),808885.0,19729.0,82,19730,0.465,13.9,0.596,0.252,0.19,0.107,0.047,0.404,0.531,0.658,0.451,0.433,0.392,0.369,0.474,0.837,0.051,325,0.256,1024,0.269,0.414,8.0,1.0,82,19730,0.47,13.8,0.6,0.281,0.171,0.087,0.06,0.4,0.54,0.66,0.442,0.432,0.42,0.365,0.539,0.848,0.057,345,0.281,1109,0.279,0.4,118.93,114.28,4.66
2023-24,Oklahoma City Thunder,82,241.5,44.5,89.3,0.499,13.3,34.2,0.389,31.3,55.1,0.567,17.7,21.5,0.825,8.8,33.2,42.0,27.1,8.5,6.6,12.7,18.8,120.1,82,241.5,40.6,89.3,0.455,13.4,37.2,0.361,27.2,52.1,0.522,18.1,22.9,0.789,11.8,32.9,44.7,26.9,7.1,5.1,15.7,18.9,112.7,82,19805,3653,7324,0.499,1090,2805,0.389,2563,4519,0.567,1451,1759,0.825,722,2725,3447,2223,694,538,1039,1545,9847,82,19805,3328,7322,0.455,1101,3052,0.361,2227,4270,0.522,1482,1878,0.789,968,2695,3663,2207,582,419,1287,1548,9239,23.4,57.0,25.0,58,24,7.41,-0.05,7.36,119.5,112.1,7.4,99.8,0.24,0.383,0.608,0.573,11.4,21.1,0.198,0.53,13.6,73.8,0.202,Paycom Center,715509.0,17451.0,82,19805,0.499,13.8,0.617,0.252,0.191,0.117,0.057,0.383,0.567,0.712,0.458,0.503,0.422,0.389,0.487,0.894,0.054,350,0.284,1233,0.243,0.416,5.0,0.0,82,19805,0.455,14.2,0.583,0.243,0.195,0.091,0.054,0.417,0.522,0.652,0.437,0.432,0.389,0.361,0.554,0.884,0.053,341,0.275,1071,0.313,0.37,120.49,113.23,7.26
2023-24,Orlando Magic,82,241.2,40.5,84.9,0.476,11.0,31.3,0.352,29.5,53.6,0.549,18.5,24.4,0.759,10.5,31.8,42.3,24.7,8.2,5.2,14.7,19.7,110.5,82,241.2,39.8,84.0,0.474,11.5,32.1,0.358,28.3,51.8,0.546,17.3,22.2,0.78,8.9,30.9,39.9,23.9,8.1,4.6,15.0,20.9,108.4,82,19780,3318,6964,0.476,903,2568,0.352,2415,4396,0.549,1519,2002,0.759,861,2608,3469,2023,669,423,1206,1618,9058,82,19780,3264,6884,0.474,945,2636,0.358,2319,4248,0.546,1419,1819,0.78,731,2537,3268,1958,666,379,1234,1710,8892,24.0,47.0,35.0,46,36,2.02,-0.55,1.48,113.4,111.3,2.1,96.9,0.287,0.369,0.577,0.541,13.3,25.3,0.218,0.543,13.8,78.1,0.206,Kia Center,773939.0,18849.0,82,19780,0.476,13.2,0.631,0.269,0.221,0.091,0.05,0.369,0.549,0.722,0.44,0.397,0.38,0.352,0.509,0.879,0.072,453,0.309,1244,0.262,0.366,17.0,0.0,82,19780,0.474,14.1,0.617,0.23,0.212,0.107,0.068,0.383,0.546,0.701,0.464,0.472,0.394,0.358,0.516,0.806,0.056,336,0.274,1066,0.241,0.371,113.95,112.4,1.55
2023-24,Philadelphia 76ers,82,241.2,41.5,89.4,0.464,12.1,33.3,0.363,29.4,56.1,0.525,19.5,23.6,0.826,11.0,31.9,43.0,24.9,8.5,6.0,12.0,20.3,114.6,82,241.2,40.5,86.6,0.468,11.9,33.7,0.354,28.6,52.8,0.541,18.6,23.5,0.791,11.0,33.4,44.5,26.1,6.2,6.1,14.6,18.5,111.5,82,19780,3404,7331,0.464,992,2733,0.363,2412,4598,0.525,1597,1934,0.826,906,2616,3522,2041,694,492,984,1668,9397,82,19780,3322,7098,0.468,979,2765,0.354,2343,4333,0.541,1524,1926,0.791,903,2742,3645,2143,506,503,1201,1519,9147,28.4,47.0,35.0,49,33,3.05,-0.54,2.51,116.9,113.8,3.1,97.5,0.264,0.373,0.574,0.532,10.7,24.8,0.218,0.537,13.1,74.3,0.215,Wells Fargo Center,821714.0,20042.0,82,19780,0.464,13.7,0.627,0.261,0.204,0.099,0.063,0.373,0.525,0.669,0.407,0.452,0.424,0.363,0.51,0.818,0.048,309,0.295,1182,0.217,0.41,8.0,0.0,82,19780,0.468,13.8,0.61,0.268,0.198,0.086,0.058,0.39,0.541,0.712,0.406,0.411,0.404,0.354,0.554,0.863,0.066,430,0.28,1122,0.238,0.388,117.5,115.01,2.49
2023-24,Phoenix Suns,82,241.2,42.5,86.1,0.493,12.4,32.6,0.382,30.0,53.6,0.561,18.9,23.4,0.808,10.1,33.9,44.1,27.0,7.4,6.0,14.9,18.0,116.2,82,241.2,42.0,90.6,0.464,13.1,36.0,0.364,28.9,54.6,0.529,16.1,20.8,0.774,11.0,30.4,41.3,26.3,8.4,4.5,12.7,19.7,113.2,82,19780,3482,7063,0.493,1020,2671,0.382,2462,4392,0.561,1548,1915,0.808,831,2783,3614,2218,610,492,1221,1475,9532,82,19780,3444,7428,0.464,1074,2949,0.364,2370,4479,0.529,1319,1705,0.774,898,2490,3388,2155,685,372,1043,1612,9281,29.3,49.0,33.0,49,33,3.06,0.02,3.08,117.6,114.6,3.0,98.3,0.271,0.378,0.603,0.565,13.4,25.0,0.219,0.536,11.3,75.6,0.178,Footprint Center,699911.0,17071.0,82,19780,0.493,14.3,0.622,0.224,0.184,0.134,0.081,0.378,0.561,0.713,0.457,0.499,0.474,0.382,0.543,0.864,0.056,346,0.237,973,0.249,0.405,2.0,0.0,82,19780,0.464,14.0,0.603,0.252,0.194,0.098,0.059,0.397,0.529,0.686,0.421,0.428,0.381,0.364,0.537,0.822,0.055,365,0.279,1172,0.243,0.36,118.83,115.73,3.1
2023-24,Portland Trail Blazers,82,242.4,39.4,89.7,0.439,11.5,33.2,0.345,27.9,56.5,0.494,16.2,20.5,0.791,12.6,30.1,42.7,23.1,7.6,4.3,15.2,20.2,106.4,82,242.4,42.5,86.6,0.491,11.7,33.3,0.351,30.8,53.3,0.578,18.7,23.6,0.792,10.6,33.2,43.8,27.1,8.9,6.4,14.3,17.9,115.4,82,19880,3227,7356,0.439,939,2723,0.345,2288,4633,0.494,1329,1680,0.791,1036,2469,3505,1894,627,354,1249,1654,8722,82,19880,3485,7104,0.491,957,2730,0.351,2528,4374,0.578,1535,1938,0.792,868,2726,3594,2225,729,528,1173,1467,9462,24.1,21.0,61.0,20,62,-9.02,0.74,-8.29,108.3,117.5,-9.2,97.2,0.228,0.37,0.539,0.503,13.4,27.5,0.181,0.558,12.8,74.0,0.216,Moda Center,751395.0,18327.0,82,19880,0.439,13.6,0.63,0.241,0.22,0.102,0.067,0.37,0.494,0.637,0.394,0.422,0.415,0.345,0.484,0.838,0.047,293,0.3,1142,0.239,0.371,13.0,0.0,82,19880,0.491,13.8,0.616,0.257,0.201,0.096,0.061,0.384,0.578,0.732,0.489,0.458,0.406,0.351,0.559,0.85,0.071,460,0.279,1214,0.231,0.41,109.65,118.16,-8.51
2023-24,Sacramento Kings,82,242.1,43.3,90.9,0.477,14.4,39.3,0.366,29.0,51.7,0.561,15.5,20.9,0.745,10.8,33.2,44.0,28.3,7.6,4.2,13.1,19.9,116.6,82,242.1,41.6,86.8,0.48,13.1,33.8,0.387,28.5,52.9,0.539,18.5,23.1,0.8,9.1,33.4,42.5,26.9,7.4,4.5,13.9,18.3,114.8,82,19855,3553,7455,0.477,1178,3219,0.366,2375,4236,0.561,1274,1710,0.745,888,2719,3607,2324,625,342,1078,1632,9558,82,19855,3414,7114,0.48,1074,2775,0.387,2340,4339,0.539,1513,1892,0.8,747,2740,3487,2208,606,370,1139,1504,9415,26.4,46.0,36.0,45,37,1.74,0.55,2.29,116.9,115.2,1.7,98.8,0.229,0.432,0.582,0.556,11.6,24.5,0.171,0.555,12.5,78.4,0.213,Golden 1 Center,735015.0,17927.0,82,19855,0.477,14.8,0.568,0.206,0.218,0.096,0.048,0.432,0.561,0.715,0.509,0.439,0.378,0.366,0.543,0.879,0.054,356,0.262,1166,0.244,0.393,8.0,0.0,82,19855,0.48,14.1,0.61,0.211,0.244,0.101,0.055,0.39,0.539,0.699,0.485,0.43,0.368,0.387,0.554,0.848,0.057,364,0.277,1133,0.26,0.41,117.91,115.68,2.23
2023-24,San Antonio Spurs,82,241.8,41.9,90.7,0.462,12.6,36.4,0.347,29.3,54.3,0.539,15.6,20.0,0.782,10.4,33.9,44.2,29.9,7.1,6.3,15.1,17.2,112.1,82,241.8,44.9,92.3,0.487,12.7,34.0,0.373,32.2,58.3,0.553,16.0,20.5,0.784,10.5,34.8,45.3,28.0,8.9,4.6,13.4,17.9,118.6,82,19830,3438,7436,0.462,1036,2983,0.347,2402,4453,0.539,1280,1637,0.782,849,2778,3627,2449,584,520,1242,1414,9192,82,19830,3684,7570,0.487,1040,2791,0.373,2644,4779,0.553,1316,1679,0.784,860,2857,3717,2296,733,380,1098,1470,9724,23.0,22.0,60.0,26,56,-6.49,0.69,-5.8,110.0,116.4,-6.4,101.1,0.22,0.401,0.563,0.532,13.2,22.9,0.172,0.555,11.7,76.4,0.174,Frost Bank Center,742522.0,18211.0,82,19830,0.462,13.9,0.599,0.258,0.2,0.088,0.052,0.401,0.539,0.692,0.445,0.427,0.338,0.347,0.625,0.914,0.066,437,0.27,1142,0.235,0.384,16.0,0.0,82,19830,0.487,13.4,0.631,0.274,0.193,0.103,0.061,0.369,0.553,0.685,0.467,0.441,0.423,0.373,0.537,0.842,0.074,489,0.277,1186,0.23,0.379,111.19,116.83,-5.64
2023-24,Toronto Raptors,82,241.5,42.3,89.7,0.471,11.5,33.1,0.347,30.8,56.6,0.543,16.3,21.6,0.756,10.9,31.8,42.7,28.5,7.7,4.7,14.0,18.4,112.4,82,241.5,44.7,91.2,0.491,13.7,36.3,0.376,31.1,54.8,0.567,15.6,19.8,0.789,11.2,34.0,45.2,28.6,7.3,5.8,13.9,18.1,118.8,82,19805,3466,7356,0.471,942,2712,0.347,2524,4644,0.543,1339,1772,0.756,891,2607,3498,2335,634,388,1147,1509,9213,82,19805,3669,7476,0.491,1120,2979,0.376,2549,4497,0.567,1283,1627,0.789,919,2785,3704,2346,595,474,1137,1487,9741,25.9,25.0,57.0,26,56,-6.44,-0.01,-6.45,112.3,118.8,-6.5,99.4,0.241,0.369,0.566,0.535,12.4,24.2,0.182,0.566,12.2,73.9,0.172,Scotiabank Arena,800129.0,19515.0,82,19805,0.471,13.2,0.631,0.27,0.221,0.086,0.054,0.369,0.543,0.702,0.439,0.404,0.397,0.347,0.588,0.903,0.048,313,0.31,1346,0.253,0.38,11.0,0.0,82,19805,0.491,13.9,0.602,0.264,0.195,0.086,0.056,0.398,0.567,0.716,0.471,0.42,0.422,0.376,0.545,0.855,0.066,444,0.278,1242,0.25,0.412,113.04,119.57,-6.54
2023-24,Utah Jazz,82,241.5,42.0,89.9,0.467,12.9,36.5,0.354,29.1,53.4,0.544,18.8,22.6,0.83,12.2,33.2,45.5,27.2,6.5,5.6,15.7,18.6,115.7,82,241.5,44.6,91.6,0.487,14.8,37.4,0.395,29.8,54.1,0.55,16.6,21.6,0.771,11.0,31.3,42.2,29.8,8.6,6.4,12.3,19.2,120.5,82,19805,3443,7371,0.467,1060,2993,0.354,2383,4378,0.544,1538,1853,0.83,1002,2725,3727,2232,537,458,1285,1523,9484,82,19805,3654,7509,0.487,1213,3070,0.395,2441,4439,0.55,1364,1768,0.771,900,2564,3464,2442,704,528,1009,1577,9885,25.1,31.0,51.0,29,53,-4.89,0.68,-4.22,115.5,120.4,-4.9,99.5,0.251,0.406,0.579,0.539,13.6,28.1,0.209,0.567,10.9,75.2,0.182,Delta Center,746446.0,18206.0,82,19805,0.467,13.8,0.594,0.201,0.289,0.071,0.033,0.406,0.544,0.725,0.471,0.412,0.372,0.354,0.544,0.882,0.072,489,0.273,1102,0.276,0.39,17.0,0.0,82,19805,0.487,14.2,0.591,0.204,0.251,0.087,0.049,0.409,0.55,0.712,0.478,0.466,0.392,0.395,0.573,0.861,0.072,468,0.265,1096,0.217,0.462,116.85,121.18,-4.33
2023-24,Washington Wizards,82,240.6,43.0,91.4,0.47,12.4,35.5,0.348,30.6,55.8,0.548,15.4,20.2,0.764,9.2,31.9,41.1,27.9,7.6,5.1,14.0,20.0,113.7,82,240.6,46.1,92.9,0.496,12.3,33.9,0.362,33.8,59.0,0.573,18.6,24.0,0.777,12.1,36.8,48.9,29.0,8.0,6.0,14.0,18.0,123.0,82,19730,3523,7493,0.47,1015,2915,0.348,2508,4578,0.548,1266,1657,0.764,755,2613,3368,2288,623,415,1147,1637,9327,82,19730,3777,7618,0.496,1007,2782,0.362,2770,4836,0.573,1528,1966,0.777,993,3020,4013,2382,655,496,1152,1473,10089,24.9,15.0,67.0,20,62,-9.29,0.0,-9.29,110.5,119.6,-9.1,102.7,0.221,0.389,0.567,0.538,12.2,20.0,0.169,0.562,12.0,72.5,0.201,Capital One Arena,692851.0,16899.0,82,19730,0.47,13.8,0.611,0.248,0.236,0.085,0.042,0.389,0.548,0.731,0.435,0.404,0.387,0.348,0.571,0.843,0.057,383,0.301,1315,0.222,0.392,16.0,1.0,82,19730,0.496,13.4,0.635,0.251,0.236,0.091,0.057,0.365,0.573,0.753,0.452,0.464,0.454,0.362,0.552,0.848,0.073,497,0.297,1338,0.244,0.405,111.11,120.21,-9.11
2024-25,Atlanta Hawks,82,241.2,43.4,91.8,0.472,13.5,37.7,0.358,29.9,54.1,0.552,18.0,23.2,0.775,11.9,32.6,44.5,29.6,9.7,5.1,15.5,19.1,118.2,82,241.2,43.4,90.2,0.481,14.3,37.8,0.377,29.2,52.4,0.557,18.2,22.7,0.802,10.3,33.4,43.7,28.2,9.2,4.9,16.0,19.1,119.3,82,19780,3556,7528,0.472,1107,3089,0.358,2449,4439,0.552,1472,1900,0.775,974,2675,3649,2426,798,419,1273,1564,9691,82,19780,3562,7398,0.481,1169,3098,0.377,2393,4300,0.557,1491,1858,0.802,845,2735,3580,2315,755,403,1315,1563,9784,24.9,40.0,42.0,38,44,-1.13,-0.28,-1.41,114.6,115.7,-1.1,102.6,0.252,0.41,0.579,0.546,13.2,26.3,0.196,0.56,13.8,76.0,0.202,State Farm Arena,657613.0,16440.0,82,19780,0.472,13.7,0.59,0.257,0.228,0.077,0.027,0.41,0.552,0.676,0.473,0.422,0.398,0.358,0.622,0.815,0.072,484,0.263,1089,0.277,0.405,20.0,1.0,82,19780,0.481,14.1,0.581,0.257,0.182,0.097,0.046,0.419,0.557,0.679,0.472,0.451,0.428,0.377,0.561,0.831,0.067,440,0.266,1102,0.263,0.396,114.78,116.05,-1.27
2024-25,Boston Celtics,82,241.8,41.6,90.0,0.462,17.8,48.2,0.368,23.9,41.8,0.571,15.3,19.1,0.799,11.4,33.9,45.3,26.1,7.2,5.5,11.9,15.9,116.3,82,241.8,40.3,89.4,0.45,12.9,37.1,0.347,27.4,52.3,0.524,13.8,17.7,0.777,10.7,33.0,43.7,24.0,6.9,3.6,12.8,17.5,107.2,82,19830,3413,7382,0.462,1457,3955,0.368,1956,3427,0.571,1251,1565,0.799,933,2783,3716,2144,589,452,973,1303,9534,82,19830,3302,7331,0.45,1055,3041,0.347,2247,4290,0.524,1128,1451,0.777,878,2704,3582,1968,567,295,1048,1438,8787,28.9,61.0,21.0,62,20,9.11,-0.83,8.28,120.6,111.1,9.5,95.7,0.212,0.536,0.591,0.561,10.8,25.7,0.169,0.522,11.6,76.0,0.154,TD Garden,785396.0,19156.0,82,19830,0.462,17.0,0.464,0.179,0.168,0.073,0.045,0.536,0.571,0.748,0.487,0.424,0.416,0.368,0.505,0.794,0.054,352,0.213,936,0.187,0.393,12.0,0.0,82,19830,0.45,14.8,0.585,0.198,0.229,0.1,0.058,0.415,0.524,0.688,0.432,0.49,0.384,0.347,0.505,0.791,0.048,295,0.273,1072,0.21,0.387,120.59,111.92,8.67
2024-25,Brooklyn Nets,82,241.2,37.6,86.1,0.437,13.6,39.4,0.344,24.1,46.7,0.515,16.3,20.7,0.787,10.9,30.4,41.3,25.2,7.8,4.3,15.2,20.7,105.1,82,241.2,40.5,84.3,0.48,12.9,35.7,0.362,27.5,48.5,0.567,18.4,23.6,0.779,10.1,33.6,43.7,27.1,8.0,5.6,15.0,18.9,112.2,82,19780,3086,7060,0.437,1113,3232,0.344,1973,3828,0.515,1334,1696,0.787,894,2493,3387,2063,639,352,1244,1698,8619,82,19780,3317,6909,0.48,1059,2928,0.362,2258,3981,0.567,1509,1936,0.779,829,2754,3583,2219,660,457,1228,1550,9202,24.7,26.0,56.0,23,59,-7.11,0.16,-6.95,108.5,115.8,-7.3,96.4,0.24,0.458,0.552,0.516,13.7,24.5,0.189,0.557,13.7,75.0,0.218,Barclays Center,713304.0,17398.0,82,19780,0.437,14.7,0.542,0.228,0.214,0.07,0.03,0.458,0.515,0.673,0.399,0.412,0.386,0.344,0.54,0.897,0.051,305,0.277,1021,0.265,0.348,14.0,0.0,82,19780,0.48,14.1,0.576,0.255,0.212,0.071,0.038,0.424,0.567,0.716,0.462,0.446,0.379,0.362,0.577,0.866,0.074,469,0.276,1076,0.285,0.376,108.69,115.74,-7.04
2024-25,Charlotte Hornets,82,240.9,38.3,89.1,0.43,13.0,38.3,0.339,25.3,50.8,0.499,15.5,19.8,0.783,12.2,33.0,45.2,24.3,7.4,4.5,15.5,18.7,105.1,82,240.9,41.6,88.9,0.467,14.2,40.0,0.355,27.4,49.0,0.559,16.9,21.4,0.79,11.3,33.9,45.2,26.8,8.8,5.3,13.3,18.1,114.2,82,19755,3142,7308,0.43,1065,3143,0.339,2077,4165,0.499,1269,1621,0.783,1003,2703,3706,1994,607,368,1271,1535,8618,82,19755,3409,7293,0.467,1163,3277,0.355,2246,4016,0.559,1384,1752,0.79,927,2783,3710,2196,718,435,1089,1488,9365,25.1,19.0,63.0,20,62,-9.11,0.01,-9.1,107.3,116.6,-9.3,97.6,0.222,0.43,0.537,0.503,13.7,26.5,0.174,0.547,11.9,74.5,0.19,Spectrum Center,703935.0,17169.0,82,19755,0.43,14.6,0.57,0.226,0.223,0.082,0.04,0.43,0.499,0.674,0.397,0.353,0.371,0.339,0.54,0.819,0.059,379,0.249,949,0.235,0.369,22.0,0.0,82,19755,0.467,15.0,0.551,0.243,0.172,0.089,0.047,0.449,0.559,0.694,0.46,0.444,0.447,0.355,0.545,0.837,0.056,366,0.25,1052,0.216,0.421,107.42,116.67,-9.25
2024-25,Chicago Bulls,82,240.9,43.2,92.0,0.47,15.4,42.0,0.367,27.8,50.0,0.556,16.0,19.7,0.809,10.1,35.8,45.9,29.1,7.6,4.7,14.7,17.6,117.8,82,240.9,44.4,95.0,0.467,13.6,39.6,0.344,30.8,55.4,0.556,16.9,21.5,0.786,11.0,35.1,46.1,28.9,8.1,5.1,12.6,16.8,119.4,82,19755,3543,7545,0.47,1266,3447,0.367,2277,4098,0.556,1308,1617,0.809,825,2935,3760,2383,621,386,1203,1444,9660,82,19755,3642,7791,0.467,1118,3250,0.344,2524,4541,0.556,1386,1764,0.786,899,2878,3777,2370,663,417,1032,1374,9788,25.2,39.0,43.0,37,45,-1.56,-0.27,-1.83,114.1,115.6,-1.5,102.8,0.214,0.457,0.585,0.553,12.7,22.3,0.173,0.539,10.8,76.6,0.178,United Center,825659.0,20138.0,82,19755,0.47,14.6,0.543,0.264,0.187,0.057,0.036,0.457,0.556,0.655,0.494,0.428,0.348,0.367,0.567,0.862,0.043,277,0.291,1284,0.25,0.389,15.0,2.0,82,19755,0.467,14.2,0.583,0.269,0.184,0.08,0.051,0.417,0.556,0.686,0.451,0.441,0.427,0.344,0.577,0.817,0.063,445,0.271,1211,0.218,0.358,114.23,115.98,-1.75
2024-25,Cleveland Cavaliers,82,240.9,44.5,90.8,0.491,15.9,41.5,0.383,28.6,49.3,0.581,17.0,21.9,0.776,11.2,34.2,45.4,28.1,8.2,4.3,13.2,18.1,121.9,82,240.9,41.2,90.9,0.454,13.5,37.5,0.359,27.8,53.4,0.52,16.5,21.1,0.779,11.5,32.0,43.5,25.6,7.8,4.4,14.5,18.9,112.4,82,19755,3652,7444,0.491,1303,3401,0.383,2349,4043,0.581,1392,1793,0.776,917,2806,3723,2304,670,350,1082,1487,9999,82,19755,3382,7454,0.454,1104,3075,0.359,2278,4379,0.52,1349,1732,0.779,947,2624,3571,2101,641,361,1189,1553,9217,26.6,64.0,18.0,62,20,9.54,-0.73,8.81,121.7,112.2,9.5,99.8,0.241,0.457,0.607,0.578,11.6,25.9,0.187,0.528,12.6,74.8,0.181,Rocket Arena,796712.0,19432.0,82,19755,0.491,14.9,0.543,0.241,0.19,0.075,0.037,0.457,0.581,0.707,0.503,0.483,0.362,0.383,0.546,0.784,0.066,444,0.234,1005,0.245,0.401,11.0,1.0,82,19755,0.454,14.4,0.587,0.238,0.199,0.103,0.047,0.413,0.52,0.652,0.436,0.443,0.376,0.359,0.524,0.822,0.053,357,0.251,1006,0.27,0.394,121.73,112.91,8.82
2024-25,Dallas Mavericks,82,240.6,42.0,87.7,0.479,12.4,34.2,0.364,29.5,53.6,0.552,17.8,23.1,0.77,10.1,33.0,43.0,25.2,7.8,5.4,14.0,17.8,114.2,82,240.6,43.1,91.7,0.469,12.9,35.4,0.363,30.2,56.3,0.536,16.4,21.1,0.779,12.1,33.2,45.3,27.1,8.1,4.6,13.2,18.7,115.4,82,19730,3443,7194,0.479,1020,2801,0.364,2423,4393,0.552,1458,1894,0.77,828,2702,3530,2070,636,445,1151,1458,9364,82,19730,3531,7521,0.469,1054,2904,0.363,2477,4617,0.536,1346,1728,0.779,996,2719,3715,2220,664,375,1086,1532,9462,27.5,39.0,43.0,38,44,-1.2,0.46,-0.74,114.8,116.0,-1.2,99.2,0.263,0.389,0.583,0.549,12.5,23.3,0.203,0.54,11.6,73.1,0.179,American Airlines Center,803174.0,20079.0,82,19730,0.479,13.9,0.611,0.227,0.23,0.099,0.056,0.389,0.552,0.726,0.458,0.443,0.418,0.364,0.515,0.806,0.06,372,0.252,1076,0.261,0.379,15.0,0.0,82,19730,0.469,13.6,0.614,0.248,0.224,0.094,0.047,0.386,0.536,0.68,0.441,0.467,0.371,0.363,0.534,0.851,0.066,420,0.27,1110,0.267,0.386,115.06,115.76,-0.71
2024-25,Denver Nuggets,82,242.1,45.4,89.8,0.506,12.0,31.9,0.376,33.4,57.8,0.578,17.9,23.3,0.77,11.2,34.5,45.7,31.0,8.0,4.9,14.3,17.6,120.8,82,242.1,43.3,93.0,0.466,14.1,38.7,0.365,29.2,54.4,0.538,16.1,20.7,0.777,11.7,30.7,42.5,29.0,8.7,5.1,13.0,19.0,116.9,82,19855,3724,7360,0.506,984,2619,0.376,2740,4741,0.578,1470,1909,0.77,919,2832,3751,2542,656,402,1169,1444,9902,82,19855,3554,7629,0.466,1156,3170,0.365,2398,4459,0.538,1319,1697,0.777,963,2518,3481,2379,717,420,1062,1562,9583,27.0,50.0,32.0,50,32,3.89,0.08,3.97,119.9,116.0,3.9,99.8,0.259,0.356,0.604,0.573,12.5,26.7,0.2,0.542,11.3,74.6,0.173,Ball Arena,811211.0,19786.0,82,19855,0.506,13.2,0.644,0.265,0.237,0.076,0.067,0.356,0.578,0.715,0.512,0.45,0.413,0.376,0.624,0.846,0.073,465,0.318,1406,0.215,0.431,38.0,2.0,82,19855,0.466,14.5,0.584,0.219,0.212,0.106,0.047,0.416,0.538,0.705,0.462,0.428,0.35,0.365,0.581,0.852,0.062,425,0.252,1099,0.25,0.402,120.03,116.18,3.85
2024-25,Detroit Pistons,82,241.5,42.7,89.8,0.476,12.8,35.4,0.362,29.9,54.4,0.55,17.2,22.3,0.774,11.4,33.4,44.8,26.4,8.0,5.3,14.9,20.7,115.5,82,241.5,40.6,87.9,0.461,13.6,37.2,0.366,26.9,50.7,0.531,18.8,24.3,0.776,10.5,31.9,42.5,24.8,8.9,5.0,15.1,18.9,113.6,82,19805,3503,7363,0.476,1051,2901,0.362,2452,4462,0.55,1414,1826,0.774,931,2739,3670,2165,652,431,1219,1695,9471,82,19805,3326,7210,0.461,1119,3054,0.366,2207,4156,0.531,1544,1989,0.776,863,2618,3481,2035,728,413,1235,1551,9315,25.8,44.0,38.0,46,36,1.9,-0.17,1.73,115.0,113.1,1.9,99.8,0.248,0.394,0.58,0.547,13.0,26.2,0.192,0.539,13.3,76.0,0.214,Little Caesars Arena,781929.0,19071.0,82,19805,0.476,13.8,0.606,0.227,0.251,0.085,0.043,0.394,0.55,0.693,0.485,0.449,0.366,0.362,0.517,0.853,0.085,558,0.264,1041,0.24,0.379,20.0,0.0,82,19805,0.461,14.7,0.576,0.188,0.253,0.089,0.047,0.424,0.531,0.677,0.47,0.452,0.428,0.366,0.513,0.807,0.053,332,0.257,999,0.251,0.368,114.98,113.21,1.77
2024-25,Golden State Warriors,82,240.6,40.8,90.4,0.451,15.4,42.4,0.364,25.3,48.0,0.528,16.9,22.1,0.764,12.5,32.8,45.4,29.1,9.4,4.8,14.0,19.2,113.8,82,240.6,40.4,86.9,0.465,13.2,36.3,0.363,27.3,50.6,0.539,16.4,21.4,0.769,10.6,33.5,44.1,25.9,7.6,5.4,15.7,18.6,110.5,82,19730,3342,7412,0.451,1264,3475,0.364,2078,3937,0.528,1383,1811,0.764,1029,2692,3721,2386,771,391,1152,1571,9331,82,19730,3316,7126,0.465,1080,2976,0.363,2236,4150,0.539,1348,1752,0.769,869,2744,3613,2120,621,441,1291,1523,9060,28.6,48.0,34.0,49,33,3.3,0.25,3.56,115.0,111.7,3.3,98.7,0.244,0.469,0.568,0.536,12.3,27.3,0.187,0.541,14.1,75.6,0.189,Chase Center,740624.0,18064.0,82,19730,0.451,15.4,0.531,0.168,0.252,0.068,0.043,0.469,0.528,0.689,0.483,0.404,0.353,0.364,0.616,0.874,0.052,339,0.294,1197,0.238,0.389,22.0,1.0,82,19730,0.465,14.8,0.582,0.144,0.29,0.099,0.049,0.418,0.539,0.707,0.496,0.48,0.417,0.363,0.531,0.863,0.051,325,0.259,1020,0.247,0.413,115.08,111.55,3.53
2024-25,Houston Rockets,82,241.2,42.5,93.4,0.455,12.7,35.8,0.353,29.8,57.6,0.518,16.7,22.6,0.738,14.6,33.8,48.5,23.3,8.4,5.0,13.9,19.0,114.3,82,241.2,40.5,88.3,0.459,12.3,34.5,0.357,28.2,53.8,0.524,16.4,21.7,0.759,10.6,31.6,42.1,23.5,7.9,5.7,14.3,19.2,109.8,82,19780,3484,7659,0.455,1038,2938,0.353,2446,4721,0.518,1366,1851,0.738,1200,2774,3974,1914,689,411,1139,1557,9372,82,19780,3322,7244,0.459,1010,2833,0.357,2312,4411,0.524,1348,1776,0.759,867,2589,3456,1926,651,467,1175,1577,9002,24.9,52.0,30.0,52,30,4.51,0.45,4.97,115.3,110.8,4.5,98.6,0.242,0.384,0.553,0.523,11.8,31.7,0.178,0.528,12.8,76.2,0.186,Toyota Center,716853.0,17484.0,82,19780,0.455,14.0,0.616,0.234,0.219,0.099,0.064,0.384,0.518,0.674,0.447,0.401,0.371,0.353,0.447,0.79,0.066,439,0.282,1144,0.205,0.373,16.0,0.0,82,19780,0.459,14.0,0.609,0.223,0.234,0.103,0.05,0.391,0.524,0.695,0.445,0.435,0.317,0.357,0.493,0.779,0.053,340,0.291,1181,0.234,0.376,115.37,110.57,4.79
2024-25,Indiana Pacers,82,242.1,43.6,89.3,0.488,13.2,35.8,0.368,30.4,53.6,0.568,17.0,21.6,0.789,9.2,32.7,41.8,29.2,8.5,5.5,13.2,18.7,117.4,82,242.1,42.6,89.9,0.474,12.9,36.3,0.355,29.7,53.6,0.554,17.0,22.0,0.773,11.2,33.8,45.0,26.0,7.2,4.5,15.0,18.8,115.1,82,19855,3574,7326,0.488,1081,2934,0.368,2493,4392,0.568,1395,1768,0.789,752,2678,3430,2398,694,448,1082,1533,9624,82,19855,3493,7372,0.474,1058,2978,0.355,2435,4394,0.554,1397,1807,0.773,918,2775,3693,2131,588,366,1230,1541,9441,25.8,50.0,32.0,46,36,2.23,-0.55,1.68,116.5,114.3,2.2,99.9,0.241,0.4,0.594,0.562,11.8,21.3,0.19,0.546,13.1,74.5,0.19,Gainbridge Fieldhouse,685434.0,16737.0,82,19855,0.488,14.5,0.6,0.218,0.207,0.111,0.062,0.4,0.568,0.707,0.519,0.473,0.409,0.368,0.597,0.842,0.053,342,0.276,1221,0.25,0.401,22.0,0.0,82,19855,0.474,14.1,0.596,0.231,0.234,0.085,0.046,0.404,0.554,0.69,0.481,0.451,0.435,0.355,0.51,0.84,0.067,426,0.288,1178,0.244,0.386,116.58,114.83,1.75
2024-25,League Average,82,241.3,41.7,89.2,0.467,13.5,37.6,0.36,28.2,51.7,0.545,16.9,21.7,0.78,11.1,33.0,44.1,26.5,8.2,4.9,14.3,18.6,113.8,82,241.3,41.7,89.2,0.467,13.5,37.6,0.36,28.2,51.7,0.545,16.9,21.7,0.78,11.1,33.0,44.1,26.5,8.2,4.9,14.3,18.6,113.8,82,19787,3419,7318,0.467,1110,3082,0.36,2309,4236,0.545,1386,1777,0.78,912,2705,3617,2177,673,400,1172,1525,9334,82,19787,3419,7318,0.467,1110,3082,0.36,2309,4236,0.545,1386,1777,0.78,912,2705,3617,2177,673,400,1172,1525,9334,26.5,,,41,41,0.0,0.0,0.0,114.5,114.5,,98.8,0.243,0.421,0.576,0.543,12.6,25.2,0.189,0.543,12.6,74.8,0.189,,744037.0,18153.0,82,19786,0.467,14.5,0.579,0.226,0.214,0.091,0.048,0.421,0.545,0.696,0.461,0.443,0.4,0.36,0.542,0.834,0.061,393,0.263,1086,0.243,0.388,17.4,0.4,82,19787,0.467,14.5,0.579,0.226,0.214,0.091,0.048,0.421,0.545,0.696,0.461,0.443,0.4,0.36,0.542,0.834,0.061,393,0.263,1086,0.243,0.388,,,
2024-25,Los Angeles Clippers,82,241.5,41.6,86.3,0.482,12.5,33.4,0.373,29.1,52.9,0.55,17.3,21.7,0.797,10.3,33.5,43.8,25.2,9.4,4.5,14.9,18.3,112.9,82,241.5,39.5,85.8,0.461,13.0,37.0,0.35,26.5,48.7,0.545,16.2,21.0,0.772,9.7,31.8,41.5,25.7,8.8,4.3,15.0,17.8,108.2,82,19805,3409,7075,0.482,1022,2738,0.373,2387,4337,0.55,1416,1776,0.797,841,2750,3591,2064,773,370,1220,1503,9256,82,19805,3240,7032,0.461,1064,3038,0.35,2176,3994,0.545,1330,1723,0.772,798,2605,3403,2105,723,352,1233,1458,8874,29.7,50.0,32.0,53,29,4.66,0.18,4.84,115.1,110.3,4.8,97.5,0.251,0.387,0.589,0.554,13.4,24.4,0.2,0.536,13.7,77.5,0.189,Intuit Dome,679593.0,16575.0,82,19805,0.482,13.9,0.613,0.208,0.256,0.108,0.042,0.387,0.55,0.707,0.486,0.456,0.408,0.373,0.549,0.738,0.074,476,0.231,888,0.23,0.403,7.0,0.0,82,19805,0.461,14.9,0.568,0.204,0.223,0.091,0.049,0.432,0.545,0.724,0.466,0.414,0.403,0.35,0.563,0.826,0.063,388,0.25,1007,0.229,0.374,115.03,110.1,4.93
2024-25,Los Angeles Lakers,82,240.6,40.9,85.5,0.479,13.3,36.4,0.366,27.6,49.1,0.562,18.2,23.2,0.785,9.7,32.8,42.4,26.0,7.7,4.5,14.0,17.3,113.4,82,240.6,41.4,89.3,0.463,13.6,38.1,0.356,27.8,51.2,0.544,15.9,20.5,0.775,11.2,31.8,43.0,27.3,8.2,4.2,13.7,19.2,112.2,82,19730,3356,7007,0.479,1092,2981,0.366,2264,4026,0.562,1494,1902,0.785,792,2687,3479,2131,633,367,1145,1415,9298,82,19730,3392,7319,0.463,1112,3124,0.356,2280,4195,0.544,1302,1680,0.775,919,2609,3528,2236,673,344,1121,1576,9198,27.9,50.0,32.0,44,38,1.22,0.23,1.45,115.9,114.7,1.2,97.6,0.271,0.425,0.593,0.557,12.7,23.3,0.213,0.539,12.2,74.5,0.178,Crypto.com Arena,767626.0,18723.0,82,19730,0.479,14.8,0.575,0.218,0.203,0.097,0.056,0.425,0.562,0.753,0.468,0.429,0.395,0.366,0.555,0.801,0.077,491,0.247,1022,0.239,0.394,18.0,0.0,82,19730,0.463,14.6,0.573,0.209,0.234,0.087,0.043,0.427,0.544,0.725,0.458,0.411,0.395,0.356,0.573,0.836,0.061,409,0.265,1088,0.232,0.376,115.91,114.46,1.45
2024-25,Memphis Grizzlies,82,240.3,44.8,93.3,0.479,13.9,37.9,0.367,30.8,55.5,0.556,18.3,23.3,0.786,12.9,34.4,47.3,28.4,8.9,5.6,15.7,20.9,121.7,82,240.3,41.9,91.8,0.456,14.2,39.4,0.36,27.7,52.4,0.529,18.9,24.5,0.77,11.5,32.0,43.5,27.0,8.7,5.5,15.1,20.2,116.9,82,19705,3670,7654,0.479,1141,3106,0.367,2529,4548,0.556,1499,1908,0.786,1056,2819,3875,2330,726,462,1285,1711,9980,82,19705,3435,7529,0.456,1162,3230,0.36,2273,4299,0.529,1550,2013,0.77,945,2625,3570,2217,710,450,1242,1653,9582,24.7,48.0,34.0,52,30,4.85,-0.06,4.79,117.7,113.0,4.7,103.3,0.249,0.406,0.588,0.554,13.1,28.7,0.196,0.533,12.9,74.9,0.206,FedEx Forum,683067.0,16660.0,82,19705,0.479,13.9,0.594,0.213,0.269,0.085,0.027,0.406,0.556,0.713,0.475,0.468,0.4,0.367,0.527,0.874,0.05,341,0.261,1159,0.254,0.37,24.0,1.0,82,19705,0.456,14.6,0.571,0.22,0.207,0.095,0.049,0.429,0.529,0.696,0.436,0.402,0.418,0.36,0.546,0.841,0.068,458,0.242,985,0.223,0.393,117.74,113.09,4.65
2024-25,Miami Heat,82,243.0,40.5,87.0,0.465,13.7,37.3,0.367,26.8,49.7,0.538,16.0,20.2,0.791,9.7,33.7,43.4,26.4,8.1,3.8,13.6,15.5,110.6,82,243.0,41.3,88.6,0.466,13.6,37.9,0.36,27.6,50.6,0.545,13.9,17.9,0.776,10.7,33.9,44.7,26.5,7.5,4.7,13.8,17.0,110.0,82,19930,3318,7138,0.465,1124,3060,0.367,2194,4078,0.538,1309,1654,0.791,798,2760,3558,2166,668,314,1114,1275,9069,82,19930,3383,7262,0.466,1118,3109,0.36,2265,4153,0.545,1139,1468,0.776,880,2783,3663,2176,618,382,1133,1390,9023,26.8,37.0,45.0,42,40,0.56,-0.45,0.11,113.5,112.9,0.6,96.2,0.232,0.429,0.576,0.544,12.4,22.3,0.183,0.543,12.5,75.8,0.157,Kaseya Center,808337.0,19716.0,82,19930,0.465,14.4,0.571,0.211,0.229,0.098,0.033,0.429,0.538,0.678,0.461,0.451,0.434,0.367,0.541,0.872,0.056,356,0.247,982,0.28,0.394,15.0,0.0,82,19930,0.466,14.7,0.572,0.222,0.208,0.093,0.049,0.428,0.545,0.697,0.484,0.42,0.357,0.36,0.556,0.819,0.054,357,0.249,1069,0.239,0.388,113.5,113.41,0.09
2024-25,Milwaukee Bucks,82,240.9,42.0,86.4,0.486,14.2,36.6,0.387,27.9,49.7,0.56,17.3,23.1,0.75,8.2,35.1,43.4,25.5,7.3,4.7,13.4,17.9,115.5,82,240.9,41.6,91.1,0.457,13.9,39.4,0.353,27.7,51.7,0.536,15.9,20.3,0.783,11.0,34.3,45.3,26.4,7.3,3.8,12.9,18.9,113.0,82,19755,3445,7082,0.486,1161,3003,0.387,2284,4079,0.56,1421,1895,0.75,674,2882,3556,2090,601,384,1097,1469,9472,82,19755,3414,7473,0.457,1140,3232,0.353,2274,4241,0.536,1301,1661,0.783,900,2812,3712,2166,602,315,1055,1552,9269,29.3,48.0,34.0,47,35,2.48,-0.36,2.12,115.9,113.4,2.5,99.3,0.268,0.424,0.598,0.568,12.2,19.3,0.201,0.533,11.4,76.2,0.174,Fiserv Forum,732014.0,17437.0,82,19755,0.486,15.1,0.576,0.244,0.15,0.095,0.086,0.424,0.56,0.715,0.439,0.453,0.449,0.387,0.479,0.857,0.064,404,0.251,1037,0.242,0.438,13.0,2.0,82,19755,0.457,15.1,0.568,0.224,0.182,0.108,0.054,0.432,0.536,0.696,0.433,0.456,0.382,0.353,0.538,0.827,0.056,353,0.248,1055,0.237,0.396,115.93,113.81,2.12
2024-25,Minnesota Timberwolves,82,241.8,41.0,87.6,0.468,15.0,39.9,0.377,26.0,47.7,0.545,17.2,21.8,0.789,11.1,33.2,44.3,26.1,8.0,5.0,14.5,18.3,114.3,82,241.8,40.5,88.0,0.46,12.7,36.0,0.353,27.8,52.0,0.534,15.7,20.4,0.767,11.0,31.8,42.9,24.8,8.4,4.5,14.7,19.2,109.3,82,19830,3364,7182,0.468,1233,3269,0.377,2131,3913,0.545,1411,1789,0.789,908,2726,3634,2142,654,406,1186,1498,9372,82,19830,3319,7213,0.46,1040,2949,0.353,2279,4264,0.534,1284,1674,0.767,906,2611,3517,2032,687,368,1205,1571,8962,27.2,49.0,33.0,53,29,5.0,0.15,5.15,116.6,111.5,5.1,97.3,0.249,0.455,0.588,0.554,13.0,25.8,0.196,0.532,13.2,75.1,0.178,Target Center,772249.0,18835.0,82,19830,0.468,14.7,0.545,0.238,0.197,0.076,0.034,0.455,0.545,0.714,0.427,0.409,0.34,0.377,0.553,0.782,0.071,446,0.253,1017,0.243,0.398,25.0,0.0,82,19830,0.46,14.2,0.591,0.225,0.217,0.104,0.046,0.409,0.534,0.683,0.438,0.464,0.423,0.353,0.518,0.819,0.055,365,0.264,1040,0.235,0.375,116.62,111.29,5.32
2024-25,New Orleans Pelicans,82,240.9,40.6,89.9,0.452,12.0,34.6,0.347,28.6,55.2,0.518,16.5,21.9,0.754,12.1,31.5,43.6,25.8,8.5,5.2,14.6,18.3,109.8,82,240.9,43.7,90.5,0.483,14.6,40.1,0.365,29.1,50.4,0.578,17.2,21.9,0.786,11.9,33.9,45.7,28.6,9.0,5.2,14.0,17.9,119.3,82,19755,3332,7368,0.452,986,2839,0.347,2346,4529,0.518,1356,1799,0.754,993,2583,3576,2119,701,429,1201,1499,9006,82,19755,3585,7419,0.483,1199,3289,0.365,2386,4130,0.578,1410,1794,0.786,972,2778,3750,2349,739,428,1148,1471,9779,25.9,21.0,61.0,20,62,-9.43,0.84,-8.59,110.4,119.9,-9.5,99.1,0.244,0.385,0.552,0.519,12.8,26.3,0.184,0.564,12.3,72.7,0.19,Smoothie King Center,689400.0,16815.0,82,19755,0.452,13.7,0.615,0.25,0.213,0.104,0.047,0.385,0.518,0.666,0.417,0.432,0.379,0.347,0.552,0.835,0.063,396,0.27,1091,0.25,0.365,6.0,0.0,82,19755,0.483,14.5,0.557,0.26,0.185,0.07,0.041,0.443,0.578,0.699,0.499,0.447,0.387,0.365,0.554,0.857,0.072,468,0.27,1181,0.261,0.393,110.7,119.49,-8.78
2024-25,New York Knicks,82,242.4,43.3,89.2,0.486,12.6,34.1,0.369,30.8,55.1,0.558,16.5,20.7,0.8,10.9,31.8,42.6,27.5,8.2,4.0,13.3,17.2,115.8,82,242.4,41.6,87.7,0.474,13.1,35.7,0.367,28.5,52.0,0.548,15.4,19.5,0.789,10.9,31.0,41.8,25.2,7.0,5.0,14.5,19.0,111.7,82,19880,3553,7315,0.486,1031,2794,0.369,2522,4521,0.558,1357,1696,0.8,890,2607,3497,2254,671,324,1088,1407,9494,82,19880,3411,7192,0.474,1072,2924,0.367,2339,4268,0.548,1264,1603,0.789,893,2538,3431,2069,575,406,1189,1554,9158,27.5,51.0,31.0,51,31,4.1,-0.51,3.59,118.5,114.3,4.2,96.7,0.232,0.382,0.589,0.556,11.9,26.0,0.186,0.549,13.1,74.5,0.176,Madison Square Garden (IV),811794.0,19800.0,82,19880,0.486,13.5,0.618,0.27,0.196,0.107,0.045,0.382,0.558,0.696,0.445,0.477,0.412,0.369,0.555,0.828,0.057,377,0.275,1170,0.285,0.386,19.0,0.0,82,19880,0.474,14.0,0.593,0.268,0.186,0.091,0.049,0.407,0.548,0.68,0.469,0.415,0.37,0.367,0.51,0.816,0.056,378,0.268,1115,0.241,0.401,118.37,114.79,3.59
2024-25,Oklahoma City Thunder,82,240.3,44.6,92.7,0.482,14.5,38.8,0.374,30.1,53.9,0.559,16.7,20.4,0.819,10.6,34.2,44.8,26.9,10.3,5.7,11.7,19.9,120.5,82,240.3,37.9,87.0,0.436,13.5,39.3,0.342,24.5,47.6,0.513,18.3,23.7,0.774,11.6,33.3,44.9,24.6,6.7,4.8,17.0,18.1,107.6,82,19705,3660,7600,0.482,1192,3184,0.374,2468,4416,0.559,1369,1672,0.819,871,2801,3672,2202,847,465,961,1631,9881,82,19705,3109,7130,0.436,1104,3225,0.342,2005,3905,0.513,1504,1942,0.774,952,2727,3679,2018,549,392,1396,1485,8826,24.8,68.0,14.0,68,14,12.87,-0.16,12.7,120.3,107.5,12.8,100.0,0.22,0.419,0.593,0.56,10.3,24.2,0.18,0.513,14.9,74.6,0.211,Paycom Center,754832.0,17973.0,82,19705,0.482,14.6,0.581,0.216,0.196,0.123,0.046,0.419,0.559,0.71,0.466,0.5,0.406,0.374,0.482,0.849,0.053,363,0.263,1164,0.213,0.404,5.0,0.0,82,19705,0.436,15.1,0.548,0.199,0.216,0.088,0.045,0.452,0.513,0.665,0.436,0.434,0.37,0.342,0.531,0.863,0.046,270,0.259,984,0.281,0.382,120.16,107.61,12.56
2024-25,Orlando Magic,82,240.6,38.2,85.8,0.445,11.2,35.3,0.318,26.9,50.5,0.533,17.9,23.0,0.775,11.1,30.7,41.8,23.0,8.9,6.0,14.2,20.1,105.4,82,240.6,38.1,81.5,0.468,11.4,31.4,0.365,26.7,50.1,0.532,17.9,23.4,0.766,9.2,33.0,42.1,22.8,7.7,4.4,16.2,20.3,105.5,82,19730,3130,7034,0.445,921,2892,0.318,2209,4142,0.533,1464,1890,0.775,914,2517,3431,1887,729,488,1165,1648,8645,82,19730,3125,6680,0.468,938,2571,0.365,2187,4109,0.532,1467,1916,0.766,751,2703,3454,1870,635,361,1329,1666,8655,24.9,41.0,41.0,41,41,-0.12,-0.58,-0.7,109.4,109.6,-0.2,96.1,0.269,0.411,0.55,0.51,12.9,25.3,0.208,0.538,15.0,77.0,0.22,Kia Center,762121.0,18588.0,82,19730,0.445,14.5,0.589,0.225,0.214,0.09,0.06,0.411,0.533,0.701,0.451,0.408,0.388,0.318,0.505,0.837,0.066,396,0.26,1037,0.27,0.352,24.0,0.0,82,19730,0.468,14.0,0.615,0.223,0.238,0.099,0.055,0.385,0.532,0.689,0.451,0.436,0.421,0.365,0.513,0.797,0.06,333,0.276,1036,0.236,0.403,109.11,109.77,-0.66
2024-25,Philadelphia 76ers,82,241.5,39.7,87.4,0.454,12.7,37.2,0.341,27.0,50.2,0.537,17.5,22.5,0.78,10.4,29.4,39.8,23.2,9.2,4.5,13.6,19.0,109.6,82,241.5,42.4,86.8,0.488,14.2,37.6,0.378,28.1,49.2,0.572,16.9,21.2,0.794,11.5,34.0,45.5,28.3,7.4,5.1,16.0,18.7,115.8,82,19805,3254,7168,0.454,1041,3050,0.341,2213,4118,0.537,1439,1844,0.78,852,2411,3263,1901,752,366,1117,1556,8988,82,19805,3475,7118,0.488,1167,3084,0.378,2308,4034,0.572,1382,1741,0.794,946,2787,3733,2317,610,420,1311,1530,9499,27.1,24.0,58.0,26,56,-6.23,-0.06,-6.29,111.9,118.2,-6.3,97.4,0.257,0.426,0.563,0.527,12.3,23.4,0.201,0.57,14.3,71.8,0.194,Wells Fargo Center,813621.0,19844.0,82,19805,0.454,14.6,0.574,0.253,0.184,0.084,0.053,0.426,0.537,0.676,0.433,0.448,0.381,0.341,0.485,0.795,0.055,345,0.283,1115,0.2,0.386,25.0,0.0,82,19805,0.488,14.3,0.567,0.278,0.174,0.072,0.041,0.433,0.572,0.719,0.44,0.408,0.427,0.378,0.575,0.849,0.067,427,0.28,1180,0.245,0.37,112.08,118.55,-6.46
2024-25,Phoenix Suns,82,241.8,41.2,86.3,0.478,14.3,38.0,0.378,26.9,48.3,0.556,16.8,20.8,0.81,9.5,32.9,42.5,27.8,7.2,4.8,14.1,17.9,113.6,82,241.8,42.6,90.1,0.473,14.2,38.4,0.37,28.4,51.7,0.549,17.2,21.8,0.79,11.5,32.7,44.2,27.3,8.5,4.0,12.2,18.4,116.6,82,19830,3381,7075,0.478,1176,3112,0.378,2205,3963,0.556,1379,1702,0.81,783,2701,3484,2277,593,392,1153,1471,9317,82,19830,3493,7386,0.473,1163,3145,0.37,2330,4241,0.549,1414,1790,0.79,945,2678,3623,2235,696,329,1001,1509,9563,29.1,36.0,46.0,34,48,-3.0,0.45,-2.55,116.2,119.3,-3.1,97.1,0.241,0.44,0.595,0.561,12.8,22.6,0.195,0.552,10.9,74.1,0.191,Footprint Center,699911.0,17071.0,82,19830,0.478,15.8,0.56,0.143,0.199,0.156,0.061,0.44,0.556,0.756,0.485,0.495,0.478,0.378,0.558,0.889,0.053,321,0.184,759,0.29,0.425,7.0,0.0,82,19830,0.473,14.9,0.574,0.2,0.224,0.094,0.057,0.426,0.549,0.717,0.482,0.44,0.406,0.37,0.543,0.834,0.069,446,0.255,1063,0.212,0.42,116.49,119.09,-2.6
2024-25,Portland Trail Blazers,82,241.2,40.5,90.2,0.45,12.9,37.7,0.342,27.7,52.5,0.527,16.9,22.2,0.762,13.4,31.4,44.8,23.8,8.3,5.3,16.0,19.0,110.9,82,241.2,41.6,88.3,0.471,12.7,35.2,0.361,28.9,53.1,0.544,18.0,22.5,0.799,11.9,32.3,44.2,26.2,9.5,5.5,15.5,19.3,113.9,82,19780,3325,7396,0.45,1057,3095,0.342,2268,4301,0.527,1386,1820,0.762,1095,2576,3671,1952,678,433,1309,1558,9093,82,19780,3410,7238,0.471,1042,2884,0.361,2368,4354,0.544,1475,1846,0.799,978,2650,3628,2147,781,453,1271,1582,9337,23.8,36.0,46.0,33,49,-2.98,0.31,-2.67,111.7,114.7,-3.0,98.8,0.246,0.418,0.555,0.521,13.8,29.2,0.187,0.543,13.6,72.5,0.204,Moda Center,719369.0,17546.0,82,19780,0.45,14.1,0.582,0.268,0.197,0.069,0.047,0.418,0.527,0.675,0.39,0.418,0.421,0.342,0.48,0.816,0.064,408,0.305,1221,0.234,0.345,19.0,1.0,82,19780,0.471,14.1,0.602,0.245,0.203,0.095,0.059,0.398,0.544,0.696,0.414,0.486,0.452,0.361,0.543,0.825,0.065,410,0.264,1064,0.253,0.377,111.84,114.33,-2.5
2024-25,Sacramento Kings,82,242.4,43.0,90.1,0.478,12.6,35.2,0.357,30.5,54.9,0.555,17.1,21.2,0.806,11.0,33.2,44.2,26.5,7.6,4.4,13.3,18.9,115.7,82,242.4,41.6,87.8,0.474,14.5,38.2,0.381,27.0,49.6,0.545,17.6,22.4,0.783,10.0,32.4,42.3,27.0,7.9,4.3,13.9,18.5,115.3,82,19880,3529,7385,0.478,1032,2887,0.357,2497,4498,0.555,1400,1738,0.806,901,2723,3624,2169,620,357,1092,1548,9490,82,19880,3409,7196,0.474,1193,3131,0.381,2216,4065,0.545,1440,1838,0.783,819,2653,3472,2212,649,350,1140,1515,9451,27.8,40.0,42.0,42,40,0.48,0.11,0.58,116.7,116.2,0.5,98.2,0.235,0.391,0.582,0.548,11.8,25.4,0.19,0.557,12.5,76.9,0.2,Golden 1 Center,696409.0,16986.0,82,19880,0.478,15.0,0.609,0.171,0.224,0.123,0.092,0.391,0.555,0.715,0.529,0.479,0.425,0.357,0.511,0.865,0.05,341,0.251,1104,0.233,0.397,13.0,0.0,82,19880,0.474,15.0,0.565,0.17,0.258,0.088,0.049,0.435,0.545,0.707,0.514,0.436,0.346,0.381,0.543,0.845,0.05,312,0.259,1088,0.255,0.38,116.86,116.24,0.62
2024-25,San Antonio Spurs,82,240.6,41.8,89.8,0.465,14.1,39.6,0.357,27.7,50.2,0.551,16.2,21.0,0.774,10.9,32.7,43.7,28.6,8.2,5.5,13.9,16.6,113.9,82,240.6,43.8,92.5,0.474,14.4,39.3,0.365,29.5,53.2,0.554,14.6,18.5,0.79,12.1,34.1,46.2,28.0,8.1,4.3,13.7,17.4,116.7,82,19730,3426,7362,0.465,1158,3246,0.357,2268,4116,0.551,1332,1721,0.774,896,2685,3581,2348,674,455,1138,1363,9342,82,19730,3595,7587,0.474,1177,3226,0.365,2418,4361,0.554,1201,1520,0.79,992,2794,3786,2296,664,356,1121,1428,9568,26.0,34.0,48.0,34,48,-2.76,0.31,-2.45,114.4,117.2,-2.8,99.3,0.234,0.441,0.575,0.544,12.3,24.3,0.181,0.551,12.0,73.0,0.158,Frost Bank Center,731474.0,17976.0,82,19730,0.465,14.6,0.559,0.256,0.171,0.083,0.05,0.441,0.551,0.694,0.435,0.437,0.403,0.357,0.595,0.862,0.071,456,0.26,1091,0.249,0.397,18.0,0.0,82,19730,0.474,14.4,0.575,0.261,0.185,0.078,0.051,0.425,0.554,0.68,0.452,0.478,0.401,0.365,0.54,0.842,0.066,444,0.264,1130,0.237,0.382,114.65,117.06,-2.41
2024-25,Toronto Raptors,82,241.5,41.6,91.0,0.458,11.8,34.0,0.348,29.8,57.0,0.523,15.8,21.1,0.748,12.6,32.5,45.1,28.5,8.1,4.2,15.3,21.2,110.9,82,241.5,41.2,88.3,0.466,13.2,37.7,0.349,28.0,50.6,0.554,19.6,25.2,0.778,11.5,33.5,45.0,25.9,9.2,5.9,15.1,18.1,115.2,82,19805,3414,7462,0.458,969,2786,0.348,2445,4676,0.523,1294,1729,0.748,1034,2666,3700,2340,664,348,1257,1738,9091,82,19805,3377,7242,0.466,1079,3093,0.349,2298,4149,0.554,1610,2070,0.778,940,2750,3690,2124,752,484,1238,1484,9443,24.5,30.0,52.0,30,52,-4.29,-0.11,-4.4,110.5,114.8,-4.3,99.7,0.232,0.373,0.553,0.522,13.3,27.3,0.173,0.541,13.2,73.9,0.222,Scotiabank Arena,768573.0,18746.0,82,19805,0.458,13.0,0.627,0.283,0.217,0.094,0.033,0.373,0.523,0.654,0.407,0.459,0.347,0.348,0.599,0.904,0.054,339,0.313,1278,0.283,0.381,21.0,0.0,82,19805,0.466,14.2,0.573,0.266,0.189,0.074,0.044,0.427,0.554,0.703,0.434,0.427,0.387,0.349,0.53,0.841,0.057,370,0.279,1174,0.255,0.371,110.51,115.02,-4.51
2024-25,Utah Jazz,82,241.5,40.3,88.7,0.454,14.0,39.8,0.35,26.4,48.8,0.54,17.3,22.4,0.774,12.0,33.4,45.4,25.5,6.8,4.4,17.2,18.9,111.9,82,241.5,44.6,93.0,0.48,14.9,41.5,0.358,29.7,51.5,0.577,17.2,22.6,0.763,11.7,32.6,44.2,29.6,9.8,6.4,11.8,19.3,121.2,82,19805,3305,7272,0.454,1144,3267,0.35,2161,4005,0.54,1421,1836,0.774,983,2741,3724,2093,555,360,1412,1549,9175,82,19805,3655,7622,0.48,1219,3403,0.358,2436,4219,0.577,1412,1850,0.763,957,2670,3627,2429,802,527,968,1580,9941,23.9,17.0,65.0,20,62,-9.34,0.83,-8.51,111.2,120.4,-9.2,100.0,0.252,0.449,0.568,0.533,14.9,26.9,0.195,0.559,10.3,74.1,0.185,Delta Center,745175.0,18175.0,82,19805,0.454,14.8,0.551,0.166,0.276,0.078,0.031,0.449,0.54,0.699,0.495,0.423,0.368,0.35,0.532,0.824,0.067,435,0.262,1041,0.274,0.402,15.0,1.0,82,19805,0.48,15.0,0.554,0.174,0.257,0.082,0.041,0.446,0.577,0.731,0.526,0.473,0.457,0.358,0.565,0.863,0.076,486,0.251,1137,0.215,0.401,111.56,120.1,-8.54
2024-25,Washington Wizards,82,240.6,39.4,89.9,0.439,13.1,39.1,0.335,26.3,50.7,0.519,16.0,20.6,0.778,10.6,33.1,43.7,25.1,7.6,5.1,15.6,19.7,108.0,82,240.6,43.7,92.8,0.471,14.3,39.2,0.364,29.4,53.6,0.549,18.8,23.7,0.793,12.9,36.0,48.9,28.5,9.1,5.2,13.3,18.2,120.4,82,19730,3233,7371,0.439,1075,3210,0.335,2158,4161,0.519,1315,1690,0.778,867,2716,3583,2058,623,420,1276,1618,8856,82,19730,3583,7611,0.471,1170,3213,0.364,2413,4398,0.549,1540,1941,0.793,1059,2949,4008,2334,746,428,1093,1490,9876,23.5,18.0,64.0,15,67,-12.44,0.3,-12.14,106.8,119.1,-12.3,100.9,0.229,0.435,0.546,0.512,13.6,22.7,0.178,0.548,11.4,71.9,0.202,Capital One Arena,663691.0,16084.0,82,19730,0.439,15.1,0.565,0.213,0.225,0.079,0.047,0.435,0.519,0.703,0.417,0.383,0.397,0.335,0.549,0.813,0.052,350,0.263,1044,0.166,0.348,21.0,0.0,82,19730,0.471,14.6,0.578,0.22,0.221,0.093,0.044,0.422,0.549,0.738,0.443,0.411,0.426,0.364,0.56,0.84,0.071,483,0.255,1087,0.249,0.408,106.99,119.01,-12.02
