ENTRY,Season,Player,Age,Team(s),LEBRON WAR,LEBRON,O-LEBRON,D-LEBRON
1,2014-15,Andrew Bogut,30,GSW,4.13,1.55,-1.84,3.39
2,2014-15,Marvin Williams,28,CHO,1.6,-1.1,-1.68,0.58
3,2014-15,Chris Paul,29,LAC,13.71,4.9,4.9,0
4,2014-15,Charlie Villanueva,30,DAL,0.75,-0.63,1.05,-1.68
5,2014-15,Channing Frye,31,ORL,2.37,-0.4,-1.15,0.76
6,2014-15,Deron Williams,30,BRK,5.63,1.63,1.75,-0.11
7,2014-15,Danny Granger,31,MIA,0.04,-2.17,-1.33,-0.84
8,2014-15,Gerald Green,29,PHO,0.88,-1.36,0.6,-1.96
9,2014-15,Nate Robinson,30,DEN/LAC,0.35,-1.38,0.03,-1.4
10,2014-15,Jarrett Jack,31,BRK,-1.04,-2.95,-0.72,-2.23
11,2014-15,Jason Maxiell,31,CHO,0.09,-2.1,-2.55,0.44
12,2014-15,Ian Mahinmi,28,IND,2.09,0.41,-2.19,2.6
13,2014-15,David Lee,31,GSW,1.68,0.46,0.09,0.36
14,2014-15,Brandon Bass,29,BOS,2.51,-0.35,-0.06,-0.29
15,2014-15,CJ Miles,27,IND,3.83,0.78,0.67,0.12
16,2014-15,Ersan Ilyasova,27,MIL,2.55,0.57,0.22,0.35
17,2014-15,Monta Ellis,29,DAL,3.27,-0.48,0.43,-0.91
18,2014-15,Lou Williams,28,TOR,5.71,1.88,3.29,-1.41
19,2014-15,Amir Johnson,27,TOR,2.17,-0.65,-0.13,-0.52
20,2014-15,Marcin Gortat,30,WAS,6.87,1.84,-0.32,2.16
21,2014-15,Ronnie Price,31,LAL,1.42,-0.14,-0.95,0.8
22,2014-15,Jose Calderon,33,NYK,0.28,-1.93,-0.7,-1.24
23,2014-15,Alan Anderson,32,BRK,1.73,-0.8,-0.74,-0.06
24,2014-15,Tim Duncan,38,SAS,8.68,3.49,0.84,2.65
25,2014-15,Vince Carter,38,MEM,1.46,-0.29,-0.4,0.11
26,2014-15,Dirk Nowitzki,36,DAL,7.21,2.37,1.79,0.58
27,2014-15,Paul Pierce,37,WAS,5,1.57,0.71,0.86
28,2014-15,Andre Miller,38,WAS/SAC,1.54,-0.45,0.2,-0.64
29,2014-15,Shawn Marion,36,CLE,0.79,-1.19,-1.51,0.32
30,2014-15,Jason Terry,37,HOU,1.42,-0.99,-0.32,-0.66
31,2014-15,Manu Ginobili,37,SAS,5.19,2.54,1.34,1.19
32,2014-15,Andrea Bargnani,29,NYK,0.2,-1.88,-0.51,-1.36
33,2014-15,LaMarcus Aldridge,29,POR,8.98,2.99,2.19,0.8
34,2014-15,Randy Foye,31,DEN,1.05,-0.84,0.44,-1.28
35,2014-15,Rudy Gay,28,SAC,4.83,0.68,1.47,-0.79
36,2014-15,JJ Redick,30,LAC,4.31,0.36,1.71,-1.35
37,2014-15,Thabo Sefolosha,30,ATL,2.5,1.49,-0.26,1.75
38,2014-15,Shawne Williams,28,MIA/DET,0.98,-0.94,-0.72,-0.22
39,2014-15,Rajon Rondo,28,BOS/DAL,2.16,-0.69,-1.26,0.57
40,2014-15,Kyle Lowry,28,TOR,8.73,3.06,3.01,0.05
41,2014-15,Jordan Farmar,28,LAC,0.06,-2.09,-0.86,-1.23
42,2014-15,Joel Freeland,27,POR,0.53,-0.99,-2.12,1.13
43,2014-15,P.J. Tucker,29,PHO,4.22,0.33,0.14,0.19
44,2014-15,Paul Millsap,29,ATL,8.68,3.08,1.16,1.92
45,2014-15,Lou Amundson,32,CLE/NYK,1.07,-0.58,-2.43,1.85
46,2014-15,J.J. Barea,30,DAL,2.62,0.56,1.7,-1.15
47,2014-15,Kevin Durant,26,OKC,3.91,4.09,4.21,-0.12
48,2014-15,Al Horford,28,ATL,6.14,1.62,0.69,0.93
49,2014-15,Mike Conley,27,MEM,7.85,2.92,2.21,0.72
50,2014-15,Jeff Green,28,BOS/MEM,1.93,-1.1,-0.43,-0.67
51,2014-15,Corey Brewer,28,MIN/HOU,2.79,-0.3,0.32,-0.62
52,2014-15,Brandan Wright,27,DAL/BOS/PHO,3,0.77,0.11,0.66
53,2014-15,Joakim Noah,29,CHI,6.07,2.08,-0.12,2.21
54,2014-15,Spencer Hawes,26,LAC,0.76,-1.37,-1.91,0.53
55,2014-15,Thaddeus Young,26,MIN/BRK,4.94,0.71,0.28,0.43
56,2014-15,Rodney Stuckey,28,IND,1.77,-0.87,-0.18,-0.68
57,2014-15,Nick Young,29,LAL,0.99,-0.81,0.77,-1.58
58,2014-15,Marco Belinelli,28,SAS,0.97,-1.23,0.23,-1.46
59,2014-15,Jason Smith,28,NYK,-1.29,-3.35,-2.01,-1.34
60,2014-15,Jared Dudley,29,MIL,2.25,-0.34,-0.83,0.49
61,2014-15,Wilson Chandler,27,DEN,3.16,-0.38,0.36,-0.74
62,2014-15,Aaron Brooks,30,CHI,2.16,-0.57,0.87,-1.44
63,2014-15,Arron Afflalo,29,DEN/POR,0.88,-1.74,-0.42,-1.32
64,2014-15,Tiago Splitter,30,SAS,2.64,1.5,0.17,1.33
65,2014-15,Carl Landry,31,SAC,0.14,-2.08,-1.02,-1.06
66,2014-15,Glen Davis,29,LAC,0.37,-1.65,-2.43,0.78
67,2014-15,Marc Gasol,30,MEM,9.96,3.19,0.86,2.33
68,2014-15,Ramon Sessions,28,SAC/WAS,-0.26,-2.59,-1.09,-1.5
69,2014-15,C.J. Watson,30,IND,2.6,0.42,0.15,0.27
70,2014-15,Anthony Tolliver,29,PHO/DET,2.64,0.43,0.05,0.38
71,2014-15,Michael Beasley,26,MIA,0.04,-2.13,-1.95,-0.18
72,2014-15,O.J. Mayo,27,MIL,-0.44,-2.64,-0.89,-1.75
73,2014-15,Derrick Rose,26,CHI,1.48,-0.83,0.88,-1.72
74,2014-15,Russell Westbrook,26,OKC,10.5,4.52,5.72,-1.2
75,2014-15,Kevin Love,26,CLE,9.54,3.29,2.39,0.9
76,2014-15,Danilo Gallinari,26,DEN,2.94,0.76,1.54,-0.79
77,2014-15,Eric Gordon,26,NOP,1.4,-1.24,0.52,-1.76
78,2014-15,D.J. Augustin,27,DET/OKC,2.09,-0.69,1.12,-1.81
79,2014-15,Brook Lopez,26,BRK,3.32,0.06,0.26,-0.2
80,2014-15,Jerryd Bayless,26,MIL,1.18,-1.24,-0.5,-0.74
81,2014-15,Jason Thompson,28,SAC,1.21,-1.36,-2.1,0.74
82,2014-15,Robin Lopez,26,POR,2.14,-0.34,-0.8,0.46
83,2014-15,Marreese Speights,27,GSW,0.9,-1.17,-0.39,-0.78
84,2014-15,Roy Hibbert,28,IND,1.83,-0.86,-2.52,1.66
85,2014-15,JJ Hickson,26,DEN,0.05,-2.2,-1.78,-0.43
86,2014-15,Alexis Ajinca,26,NOP,1.03,-0.67,-0.68,0.01
87,2014-15,Ryan Anderson,26,NOP,2.18,-0.35,2.24,-2.59
88,2014-15,Courtney Lee,29,MEM,2.82,-0.5,-0.33,-0.16
89,2014-15,Kosta Koufos,25,MEM,2.96,0.95,-1.35,2.3
90,2014-15,Serge Ibaka,25,OKC,3.06,-0.14,-0.44,0.3
91,2014-15,Nicolas Batum,26,POR,6.2,1.55,0.33,1.23
92,2014-15,George Hill,28,IND,4.7,3.2,2.95,0.25
93,2014-15,Darrell Arthur,26,DEN,1.06,-0.69,-1.38,0.69
94,2014-15,Nikola Pekovic,29,MIN,1.29,0.05,0.1,-0.04
95,2014-15,Joey Dorsey,31,HOU,1.3,-0.03,-1.31,1.27
96,2014-15,Mario Chalmers,28,MIA,2.43,-0.75,-0.93,0.18
97,2014-15,DeAndre Jordan,26,LAC,12.76,4.46,1.89,2.57
98,2014-15,Omer Asik,28,NOP,3.89,0.62,-0.71,1.32
99,2014-15,Luc Mbah a Moute,28,PHI,0.24,-2.07,-2.15,0.08
100,2014-15,Goran Dragic,28,PHO/MIA,5.54,0.81,1.54,-0.73
101,2014-15,Henry Walker,27,MIA,0.43,-1.25,-0.99,-0.27
102,2014-15,Anthony Morrow,29,OKC,2.13,-0.53,1.38,-1.91
103,2014-15,Blake Griffin,25,LAC,6.03,1.49,2.24,-0.76
104,2014-15,James Harden,25,HOU,14.93,5.24,5.62,-0.38
105,2014-15,Tyreke Evans,25,NOP,7.04,1.57,2.31,-0.74
106,2014-15,Ricky Rubio,24,MIN,2.19,2.37,1.41,0.96
107,2014-15,Stephen Curry,26,GSW,14.98,6.46,5.85,0.61
108,2014-15,Jordan Hill,27,LAL,0.58,-1.8,-1.29,-0.51
109,2014-15,DeMar DeRozan,25,TOR,2.01,-0.85,0.56,-1.41
110,2014-15,Brandon Jennings,25,DET,3.31,1.87,2.46,-0.6
111,2014-15,Gerald Henderson,27,CHO,2.87,-0.44,-0.85,0.41
112,2014-15,Tyler Hansbrough,29,TOR,1.3,-0.46,-1.02,0.56
113,2014-15,James Johnson,27,TOR,3.58,1.56,0.56,1
114,2014-15,Jrue Holiday,24,NOP,3.05,1.16,1.22,-0.06
115,2014-15,Ty Lawson,27,DEN,7.18,1.68,2.59,-0.9
116,2014-15,Jeff Teague,26,ATL,7.5,2.68,2.24,0.44
117,2014-15,Darren Collison,27,SAC,3.28,0.81,0.72,0.09
118,2014-15,Omri Casspi,26,SAC,0.64,-1.59,-0.54,-1.05
119,2014-15,Taj Gibson,29,CHI,2.33,-0.24,-0.87,0.63
120,2014-15,DeMarre Carroll,28,ATL,5.9,1.68,0.92,0.76
121,2014-15,Wayne Ellington,27,LAL,1.48,-0.96,0.04,-0.99
122,2014-15,Dante Cunningham,27,NOP,-0.04,-2.29,-2.23,-0.07
123,2014-15,Jonas Jerebko,27,DET/BOS,2.59,0.82,0.12,0.7
124,2014-15,Jodie Meeks,27,DET,0.84,-1.41,-0.03,-1.38
125,2014-15,Patrick Beverley,26,HOU,2.67,0.01,-0.09,0.1
126,2014-15,Marcus Thornton,27,BOS/PHO,0.82,-0.59,0.65,-1.24
127,2014-15,Chase Budinger,26,MIN,0,-2.26,-1.09,-1.16
128,2014-15,Nick Calathes,25,MEM,2.15,1.5,-0.24,1.74
129,2014-15,Danny Green,27,SAS,8.25,2.99,1.14,1.84
130,2014-15,Patty Mills,26,SAS,1.59,0.64,1.4,-0.76
131,2014-15,Garrett Temple,28,WAS,0.86,-0.55,-1.31,0.76
132,2014-15,Wesley Matthews,28,POR,5.41,1.65,1.13,0.52
133,2014-15,Alonzo Gee,27,DEN/POR,0.25,-1.7,-1,-0.71
134,2014-15,John Wall,24,WAS,10.78,3.33,2.38,0.96
135,2014-15,Evan Turner,26,BOS,3.04,-0.29,-0.44,0.15
136,2014-15,Derrick Favors,23,UTA,6.63,2,0.37,1.63
137,2014-15,Wesley Johnson,27,LAL,1.15,-1.5,-0.93,-0.57
138,2014-15,DeMarcus Cousins,24,SAC,6.83,2.72,0.99,1.73
139,2014-15,Greg Monroe,24,DET,6.02,1.87,0.87,1
140,2014-15,Al-Farouq Aminu,24,DAL,3.87,1.88,0.5,1.39
141,2014-15,Gordon Hayward,24,UTA,8.98,2.78,2.15,0.63
142,2014-15,Cole Aldrich,26,NYK,1.59,0.12,-1.42,1.54
143,2014-15,Ed Davis,25,LAL,2.72,-0.09,-0.23,0.14
144,2014-15,Patrick Patterson,25,TOR,5.03,1.15,1.71,-0.55
145,2014-15,Larry Sanders,26,MIL,1.38,1.2,-1.22,2.42
146,2014-15,Luke Babbitt,25,NOP,-0.66,-3.45,-2.13,-1.33
147,2014-15,Kevin Seraphin,25,WAS,-0.27,-2.59,-2.63,0.05
148,2014-15,Eric Bledsoe,25,PHO,7.53,1.68,0.87,0.81
149,2014-15,Avery Bradley,24,BOS,2.15,-0.96,-1.09,0.14
150,2014-15,Trevor Booker,27,UTA,2.29,-0.12,-0.15,0.03
151,2014-15,Quincy Pondexter,26,MEM/NOP,0.52,-1.82,-0.99,-0.83
152,2014-15,Greivis Vasquez,28,TOR,1.57,-1.1,0.39,-1.49
153,2014-15,Hassan Whiteside,25,MIA,4.45,3.49,0.65,2.83
154,2014-15,Lance Stephenson,24,CHO,0.17,-2.1,-2.06,-0.04
155,2014-15,Donald Sloan,27,IND,0.83,-1.16,-0.18,-0.98
156,2014-15,Timofey Mozgov,28,DEN/CLE,5.28,1.52,-0.44,1.96
157,2014-15,Gary Neal,30,CHO/MIN,0.36,-1.81,-0.45,-1.36
158,2014-15,Jeremy Lin,26,LAL,2.66,-0.21,0.3,-0.51
159,2014-15,Ish Smith,26,OKC/PHI,0.69,-1.03,-0.35,-0.67
160,2014-15,Elijah Millsap,27,UTA,0.36,-1.68,-1.88,0.2
161,2014-15,Lance Thomas,26,OKC/NYK,-2.08,-4.39,-2.93,-1.46
162,2014-15,Kyrie Irving,22,CLE,7.83,1.94,3.22,-1.28
163,2014-15,Derrick Williams,23,SAC,-0.72,-2.99,-0.71,-2.28
164,2014-15,Enes Freedom,22,UTA/OKC,2.05,-0.85,0.12,-0.97
165,2014-15,Tristan Thompson,23,CLE,4.08,0.46,0.76,-0.29
166,2014-15,Jonas Valančiūnas,22,TOR,2.98,-0.17,-0.72,0.55
167,2014-15,Bismack Biyombo,22,CHO,2.75,0.97,-1.25,2.22
168,2014-15,Brandon Knight,23,MIL/PHO,2.7,-0.32,0.35,-0.66
169,2014-15,Kemba Walker,24,CHO,6.16,2,1.86,0.13
170,2014-15,Jimmer Fredette,25,NOP,0.32,-1.33,0.17,-1.5
171,2014-15,Klay Thompson,24,GSW,8.07,2.56,2.73,-0.16
172,2014-15,Alec Burks,23,UTA,0.52,-1.4,-0.9,-0.5
173,2014-15,Markieff Morris,25,PHO,4.51,0.3,-0.53,0.83
174,2014-15,Marcus Morris Sr.,25,PHO,2.15,-0.72,-0.17,-0.54
175,2014-15,Kawhi Leonard,23,SAS,9.84,4.97,2.44,2.53
176,2014-15,Nikola Vučević,24,ORL,3.49,-0.24,-0.2,-0.03
177,2014-15,Iman Shumpert,24,NYK/CLE,1.07,-1.24,-0.8,-0.44
178,2014-15,Tobias Harris,22,ORL,2.13,-0.94,-0.13,-0.81
179,2014-15,Donatas Motiejunas,24,HOU,2.42,-0.52,-0.84,0.33
180,2014-15,Kenneth Faried,25,DEN,4.9,1.17,0.9,0.27
181,2014-15,Nikola Mirotic,23,CHI,4.23,1.48,0.8,0.68
182,2014-15,Reggie Jackson,24,OKC/DET,5.11,1.04,2.74,-1.71
183,2014-15,Norris Cole,26,MIA/NOP,-1.31,-3.33,-1.79,-1.54
184,2014-15,Cory Joseph,23,SAS,3.85,1.65,0.69,0.96
185,2014-15,Jimmy Butler,25,CHI,8.54,2.73,2.23,0.5
186,2014-15,Bojan Bogdanović,25,BRK,-0.87,-2.96,-0.6,-2.36
187,2014-15,Kyle Singler,26,DET/OKC,1.12,-1.31,-0.67,-0.65
188,2014-15,Shelvin Mack,24,ATL,1,-0.5,-0.14,-0.37
189,2014-15,Chandler Parsons,26,DAL,5.72,1.57,1.48,0.08
190,2014-15,Jon Leuer,25,MEM,0.7,-1.01,-1.2,0.19
191,2014-15,Lavoy Allen,25,IND,2.03,0.52,-0.32,0.83
192,2014-15,E'Twaun Moore,25,CHI,0.32,-1.33,-1.11,-0.23
193,2014-15,Isaiah Thomas,25,PHO/BOS,5.1,2.07,3.62,-1.55
194,2014-15,Anthony Davis,21,NOP,12.17,5.15,3.37,1.79
195,2014-15,Michael Kidd-Gilchrist,21,CHO,3.97,1.4,-0.6,2
196,2014-15,Bradley Beal,21,WAS,2.44,-0.56,-0.05,-0.51
197,2014-15,Dion Waiters,23,CLE/OKC,1.19,-1.47,-0.5,-0.96
198,2014-15,Thomas Robinson,23,POR/PHI,0.99,-0.44,-1.08,0.63
199,2014-15,Damian Lillard,24,POR,10.18,2.86,2.92,-0.07
200,2014-15,Terrence Ross,23,TOR,1.06,-1.51,0.3,-1.8
201,2014-15,Andre Drummond,21,DET,6.77,1.7,-0.03,1.73
202,2014-15,Harrison Barnes,22,GSW,4.68,0.69,-0.17,0.86
203,2014-15,Austin Rivers,22,NOP/LAC,-0.18,-2.43,-0.97,-1.46
204,2014-15,Meyers Leonard,22,POR,0.61,-1.2,-1.66,0.46
205,2014-15,Jeremy Lamb,22,OKC,0.7,-0.64,0.43,-1.07
206,2014-15,John Henson,24,MIL,1.95,0.07,-1.45,1.52
207,2014-15,Maurice Harkless,21,ORL,0.7,-0.74,-1.34,0.6
208,2014-15,Tyler Zeller,25,BOS,2.05,-0.52,-0.7,0.18
209,2014-15,Evan Fournier,22,ORL,0.33,-1.96,-0.64,-1.32
210,2014-15,Jared Sullinger,22,BOS,2.13,-0.27,-0.06,-0.2
211,2014-15,Tony Wroten,21,PHI,-0.05,-2.34,-0.28,-2.06
212,2014-15,Miles Plumlee,26,PHO/MIL,1.73,-0.14,-1.95,1.81
213,2014-15,Perry Jones III,23,OKC,-0.35,-3.1,-2.25,-0.85
214,2014-15,Festus Ezeli,25,GSW,0.27,-1.46,-1.79,0.33
215,2014-15,Jae Crowder,24,DAL/BOS,3.72,1.05,1.02,0.03
216,2014-15,Draymond Green,24,GSW,10.3,3.86,0.87,2.99
217,2014-15,Quincy Acy,24,NYK,0.23,-1.99,-2.01,0.02
218,2014-15,Khris Middleton,23,MIL,6.95,2.02,0.74,1.28
219,2014-15,Will Barton,24,POR/DEN,1.14,-0.56,-0.45,-0.11
220,2014-15,Mike Scott,26,ATL,1.43,-0.39,0.53,-0.93
221,2014-15,Justin Hamilton,24,MIA/MIN,0.74,-0.72,-0.78,0.06
222,2014-15,Kostas Papanikolaou,24,HOU,0.07,-2.13,-1.39,-0.73
223,2014-15,Kyle O'Quinn,24,ORL,1.06,-0.38,-1.78,1.4
224,2014-15,Furkan Aldemir,23,PHI,0.5,-0.89,-1.33,0.44
225,2014-15,Robbie Hummel,25,MIN,0.23,-1.8,-1.13,-0.67
226,2014-15,Robert Sacre,25,LAL,0.21,-1.98,-2.56,0.58
227,2014-15,Hollis Thompson,23,PHI,-0.71,-2.86,-2.24,-0.62
228,2014-15,Mirza Teletovic,29,BRK,0.7,-1.1,-0.93,-0.17
229,2014-15,Chris Copeland,30,IND,-0.25,-2.71,-1.63,-1.08
230,2014-15,Pablo Prigioni,37,NYK/HOU,1.84,-0.01,-0.21,0.2
231,2014-15,Alexey Shved,26,PHI/HOU/NYK,1.58,0.76,2.11,-1.35
232,2014-15,Kent Bazemore,25,ATL,0.87,-1.29,-1.76,0.47
233,2014-15,Brian Roberts,29,CHO,0.63,-1.56,-0.44,-1.12
234,2014-15,Henry Sims,24,PHI,-0.72,-3.03,-2.43,-0.6
235,2014-15,Chris Johnson,24,PHI/UTA/MIL,0.4,-1.14,-0.8,-0.34
236,2014-15,Justin Holiday,25,GSW,0.39,-1.38,-0.42,-0.96
237,2014-15,Aron Baynes,28,SAS,1.33,-0.52,-1.15,0.63
238,2014-15,Mike Miller,34,CLE,-0.04,-2.35,-2.2,-0.16
239,2014-15,Nerlens Noel,20,PHI,0.96,-1.65,-3.44,1.8
240,2014-15,Alex Len,21,PHO,1.4,-0.9,-2.65,1.75
241,2014-15,Allen Crabbe,22,POR,0.25,-1.73,-1.89,0.16
242,2014-15,Andre Roberson,23,OKC,2.77,0.89,-1.27,2.16
243,2014-15,Anthony Bennett,21,MIN,0.08,-2.12,-2.19,0.07
244,2014-15,Archie Goodwin,20,PHO,-0.07,-2.46,-1.01,-1.45
245,2014-15,Ben McLemore,21,SAC,0.71,-1.87,-0.7,-1.17
246,2014-15,CJ McCollum,23,POR,0.96,-0.8,-0.89,0.09
247,2014-15,Cody Zeller,22,CHO,3.32,1.01,-0.7,1.71
248,2014-15,Dennis Schröder,21,ATL,1.29,-1,0.26,-1.27
249,2014-15,Dewayne Dedmon,25,ORL,0.96,-0.59,-1.84,1.25
250,2014-15,Gorgui Dieng,25,MIN,2.99,-0.26,-1.65,1.39
251,2014-15,Isaiah Canaan,23,HOU/PHI,0.76,-1.07,0.29,-1.36
252,2014-15,Kelly Olynyk,23,BOS,3.45,1.28,0.21,1.07
253,2014-15,Kentavious Caldwell-Pope,21,DET,4.04,0.03,0.17,-0.14
254,2014-15,Lorenzo Brown,24,MIN,0.67,-0.47,-0.63,0.16
255,2014-15,Mason Plumlee,24,BRK,3.33,0.54,-0.13,0.67
256,2014-15,Michael Carter-Williams,23,PHI/MIL,1.85,-0.99,-0.91,-0.08
257,2014-15,Mike Muscala,23,ATL,0.47,-0.88,-0.66,-0.22
258,2014-15,Otto Porter Jr.,21,WAS,1.24,-0.99,-0.53,-0.46
259,2014-15,Ray McCallum,23,SAC,1.6,-0.62,0.46,-1.08
260,2014-15,Robert Covington,24,PHI,2.98,-0.03,0.46,-0.49
261,2014-15,Rudy Gobert,22,UTA,6.39,2.08,-0.57,2.64
262,2014-15,Shabazz Muhammad,22,MIN,0.78,-0.93,1.05,-1.98
263,2014-15,Shane Larkin,22,NYK,-0.06,-2.3,-1.89,-0.42
264,2014-15,Steven Adams,21,OKC,3.12,0.32,-0.65,0.97
265,2014-15,Tim Hardaway Jr.,22,NYK,-0.02,-2.28,0.01,-2.29
266,2014-15,Tony Snell,23,CHI,0.69,-1.54,-0.62,-0.92
267,2014-15,Trey Burke,22,UTA,1.17,-1.5,0.05,-1.55
268,2014-15,Victor Oladipo,22,ORL,4.97,0.57,0.57,0
269,2014-15,Giannis Antetokounmpo,20,MIL,5.07,0.66,-1.08,1.74
270,2014-15,Sergey Karasev,21,BRK,0.54,-0.82,-0.6,-0.22
271,2014-15,Phil Pressey,23,BOS,1.21,0.7,0.41,0.28
272,2014-15,James Ennis III,24,MIA,0.71,-1.27,-0.65,-0.62
273,2014-15,Matthew Dellavedova,24,CLE,1.2,-0.98,-0.33,-0.65
274,2014-15,Solomon Hill,23,IND,1.7,-1.2,-1.64,0.44
275,2014-15,Ryan Kelly,23,LAL,1.05,-1,-0.8,-0.2
276,2014-15,Pero Antic,32,ATL,1.52,-0.11,-0.32,0.21
277,2014-15,Jamal Crawford,34,LAC,1.86,-0.65,1.68,-2.33
278,2014-15,PJ Hairston,22,CHO,0.6,-0.98,-0.02,-0.96
279,2014-15,Shabazz Napier,23,MIA,0.61,-1.37,-1.16,-0.2
280,2014-15,Zach LaVine,19,MIN,-2.86,-4.56,-2.16,-2.4
281,2014-15,Markel Brown,23,BRK,0.92,-0.54,-1.06,0.53
282,2014-15,Elfrid Payton,20,ORL,4.11,0.16,0.23,-0.07
283,2014-15,Jordan Clarkson,22,LAL,2.36,0.09,0.99,-0.91
284,2014-15,KJ McDaniels,21,PHI/HOU,-0.6,-2.92,-2.4,-0.52
285,2014-15,Jabari Brown,22,LAL,0.04,-2.15,-0.31,-1.84
286,2014-15,Gary Harris,20,DEN,-0.4,-3.09,-2.37,-0.72
287,2014-15,Nik Stauskas,21,SAC,-0.16,-2.47,-1.17,-1.29
288,2014-15,Rodney Hood,22,UTA,1.53,-0.15,-0.23,0.08
289,2014-15,Cleanthony Early,23,NYK,0.11,-2.02,-2.37,0.35
290,2014-15,Jerami Grant,20,PHI,0.08,-2.17,-2.08,-0.1
291,2014-15,Cory Jefferson,24,BRK,0.79,-0.07,-1,0.93
292,2014-15,Aaron Gordon,19,ORL,0.53,-1.27,-1.33,0.06
293,2014-15,T.J. Warren,21,PHO,-0.11,-2.53,-1.22,-1.31
294,2014-15,Marcus Smart,20,BOS,3.98,0.96,0,0.96
295,2014-15,Adreian Payne,23,ATL/MIN,-0.49,-3.26,-2.39,-0.87
296,2014-15,Andrew Wiggins,19,MIN,-0.36,-2.44,-0.83,-1.61
297,2014-15,Jabari Parker,19,MIL,0.47,-1.32,-0.84,-0.49
298,2014-15,Danté Exum,19,UTA,-0.12,-2.36,-1.68,-0.68
299,2014-15,JaKarr Sampson,21,PHI,0.15,-2.06,-1.64,-0.42
300,2014-15,Jusuf Nurkić,20,DEN,2.01,0.41,-1.33,1.74
301,2014-15,Damjan Rudez,28,IND,-0.42,-2.86,-1.55,-1.3
302,2014-15,Tyler Johnson,22,MIA,0.68,-0.61,-0.91,0.3
303,2014-15,Tarik Black,23,HOU/LAL,2.27,0.51,-0.48,1
304,2014-15,Travis Wear,24,NYK,-0.26,-2.83,-2.43,-0.4
305,2014-15,Langston Galloway,23,NYK,0.96,-1.29,-0.99,-0.3
306,2014-15,Joe Ingles,27,UTA,1.38,-1.05,-1.44,0.39
307,2014-15,Hedo Turkoglu,35,LAC,0.03,-2.19,-1.87,-0.33
308,2014-15,Tyson Chandler,32,DAL,5.91,1.52,0.04,1.48
309,2014-15,Pau Gasol,34,CHI,7.53,1.85,1.23,0.62
310,2014-15,Joe Johnson,33,BRK,4.64,0.17,0.68,-0.51
311,2014-15,Richard Jefferson,34,DAL,1.35,-0.66,-0.31,-0.35
312,2014-15,Zach Randolph,33,MEM,5.98,1.54,0.87,0.67
313,2014-15,Samuel Dalembert,33,NYK,0.48,-0.96,-2.75,1.8
314,2014-15,Tony Parker,32,SAS,1.75,-0.94,-0.2,-0.74
315,2014-15,Chris Andersen,36,MIA,1.69,-0.07,-1.8,1.73
316,2014-15,Mike Dunleavy,34,CHI,3.49,0.52,0.02,0.51
317,2014-15,Drew Gooden,33,WAS,0.78,-0.93,-0.55,-0.39
318,2014-15,Nene,32,WAS,3,0.34,-1.16,1.5
319,2014-15,Amar'e Stoudemire,32,NYK/DAL,1.06,-1.01,-0.41,-0.6
320,2014-15,Caron Butler,34,DET,0.14,-2.13,-2.19,0.06
321,2014-15,Tayshaun Prince,34,MEM/BOS/DET,0.67,-1.55,-1.01,-0.53
322,2014-15,Carlos Boozer,33,LAL,0.59,-1.74,-1.08,-0.66
323,2014-15,Matt Barnes,34,LAC,4.65,0.73,0.19,0.54
324,2014-15,Rasual Butler,35,WAS,0.3,-1.97,-0.09,-1.87
325,2014-15,Luis Scola,34,IND,3.57,0.89,-0.39,1.28
326,2014-15,Reggie Evans,34,SAC,1.01,-0.33,-0.88,0.55
327,2014-15,LeBron James,30,CLE,12.11,4.99,4.39,0.6
328,2014-15,Carmelo Anthony,30,NYK,2.47,0.27,2.35,-2.08
329,2014-15,Chris Bosh,30,MIA,3.76,1.27,1.22,0.05
330,2014-15,Dwyane Wade,33,MIA,4.28,0.92,2.11,-1.19
331,2014-15,Chris Kaman,32,POR,1.16,-1.04,-1.71,0.67
332,2014-15,Kirk Hinrich,34,CHI,-0.21,-2.45,-1.81,-0.65
333,2014-15,Nick Collison,34,OKC,1.35,-0.45,-1.3,0.84
334,2014-15,Luke Ridnour,33,ORL,0.31,-1.6,-1.48,-0.11
335,2014-15,David West,34,IND,2.73,-0.15,-0.52,0.37
336,2014-15,Boris Diaw,32,SAS,3.67,0.45,-0.28,0.73
337,2014-15,Kendrick Perkins,30,OKC/CLE,-0.54,-2.96,-3.11,0.14
338,2014-15,Leandro Barbosa,32,GSW,0.59,-1.37,-0.37,-0.99
339,2014-15,Steve Blake,34,POR,1.48,-0.83,-0.18,-0.65
340,2014-15,Willie Green,33,ORL,-0.56,-3.14,-2.13,-1
341,2014-15,Zaza Pachulia,30,MIL,4.13,1.24,-0.79,2.03
342,2014-15,Matt Bonner,34,SAS,0.54,-1.4,-0.76,-0.64
343,2014-15,Mo Williams,32,MIN/CHO,3.35,0.22,1.27,-1.06
344,2014-15,James Jones,34,CLE,0.66,-0.8,0.12,-0.92
345,2014-15,Kyle Korver,33,ATL,5.98,1.36,0.81,0.55
346,2014-15,Udonis Haslem,34,MIA,0.59,-1.38,-1.63,0.25
347,2014-15,Dwight Howard,29,HOU,2.97,1.29,-0.47,1.77
348,2014-15,Ben Gordon,31,ORL,-0.99,-4.17,-1.52,-2.65
349,2014-15,Shaun Livingston,29,GSW,0.33,-1.93,-1.72,-0.21
350,2014-15,Devin Harris,31,DAL,3.91,1.13,1.92,-0.79
351,2014-15,Luol Deng,29,MIA,3.65,-0.05,0.56,-0.61
352,2014-15,Andre Iguodala,31,GSW,4.02,0.58,-0.26,0.84
353,2014-15,Kris Humphries,29,WAS,1.23,-0.91,-1.14,0.23
354,2014-15,Al Jefferson,30,CHO,4.68,1.18,-0.5,1.68
355,2014-15,Josh Smith,29,DET/HOU,3.9,0.23,-0.39,0.62
356,2014-15,JR Smith,29,NYK/CLE,3.07,-0.1,0.65,-0.74
357,2014-15,Dorell Wright,29,POR,1.04,0.3,0.04,0.27
358,2014-15,Jameer Nelson,32,DAL/BOS/DEN,2.3,0.14,0.91,-0.77
359,2014-15,Tony Allen,33,MEM,5.04,2.22,-0.09,2.31
360,2014-15,Kevin Martin,31,MIN,0.1,-2.14,0.05,-2.19
361,2014-15,Beno Udrih,32,MEM,1.41,-0.87,0.11,-0.98
362,2014-15,Anderson Varejao,32,CLE,0.71,-0.61,-1.18,0.57
363,2014-15,Trevor Ariza,29,HOU,6.34,0.91,0.32,0.58
364,2014-15,Kevin Garnett,38,BRK/MIN,3.02,2.38,-0.7,3.08
365,2014-15,Kobe Bryant,36,LAL,2.03,0.21,1.68,-1.48
366,2015-16,Andrew Bogut,31,GSW,3.45,1.23,-2.01,3.24
367,2015-16,Marvin Williams,29,CHO,5.91,1.45,0.55,0.9
368,2015-16,Chris Paul,30,LAC,11.95,5.16,4.82,0.34
369,2015-16,Raymond Felton,31,DAL,1.13,-1.51,-0.16,-1.34
370,2015-16,Charlie Villanueva,31,DAL,0.6,-0.95,-0.14,-0.81
371,2015-16,Channing Frye,32,ORL/CLE,2.64,0.96,0.19,0.77
372,2015-16,Deron Williams,31,DAL,1.54,-1.19,-0.1,-1.09
373,2015-16,Gerald Green,30,MIA,0.43,-1.86,-0.57,-1.29
374,2015-16,Jarrett Jack,32,BRK,1.92,0.49,0.25,0.23
375,2015-16,Ian Mahinmi,29,IND,4.96,1.75,-1.04,2.78
376,2015-16,David Lee,32,BOS/DAL,1.3,-0.15,-0.87,0.72
377,2015-16,Brandon Bass,30,LAL,1.84,-0.25,0,-0.25
378,2015-16,CJ Miles,28,IND,1.05,-1.21,-0.6,-0.61
379,2015-16,Ersan Ilyasova,28,DET/ORL,3.5,0.47,-0.1,0.57
380,2015-16,Monta Ellis,30,IND,4.41,0.1,-0.3,0.41
381,2015-16,Lou Williams,29,LAL,1.96,-0.75,1.39,-2.15
382,2015-16,Amir Johnson,28,BOS,5.05,1.86,-0.03,1.89
383,2015-16,Marcin Gortat,31,WAS,5.77,1.5,0.23,1.26
384,2015-16,Ronnie Price,32,PHO,1.78,-0.11,-1.14,1.03
385,2015-16,Jose Calderon,34,NYK,0.81,-1.68,-0.84,-0.84
386,2015-16,Tim Duncan,39,SAS,4.44,1.99,-0.5,2.49
387,2015-16,Jahlil Okafor,20,PHI,-0.67,-2.91,-2.08,-0.83
388,2015-16,Emmanuel Mudiay,19,DEN,0.64,-1.81,-0.91,-0.9
389,2015-16,Tyus Jones,19,MIN,0.62,-0.66,-0.05,-0.61
390,2015-16,Justin Anderson,22,DAL,1.15,0.35,-0.77,1.12
391,2015-16,Anthony Brown,23,LAL,0.3,-1.53,-1.66,0.13
392,2015-16,D'Angelo Russell,19,LAL,-1.25,-3.11,-1.07,-2.04
393,2015-16,Karl-Anthony Towns,20,MIN,5.43,0.77,0.45,0.32
394,2015-16,Richaun Holmes,22,PHI,0.93,-0.33,-0.37,0.05
395,2015-16,Justise Winslow,19,MIA,3.05,-0.26,-1.58,1.32
396,2015-16,Willie Cauley-Stein,22,SAC,2.81,0.66,-0.13,0.79
397,2015-16,Kelly Oubre Jr.,20,WAS,-0.01,-2.29,-1.82,-0.47
398,2015-16,Frank Kaminsky,22,CHO,2.6,-0.03,-0.23,0.2
399,2015-16,Devin Booker,19,PHO,-1.16,-3.11,-0.74,-2.36
400,2015-16,Cameron Payne,21,OKC,0.82,-0.53,0.04,-0.57
401,2015-16,Myles Turner,19,IND,0.83,-1.38,-2.05,0.68
402,2015-16,Trey Lyles,20,UTA,0.21,-2.05,-1.44,-0.61
403,2015-16,Stanley Johnson,19,DET,0.12,-2.17,-1.95,-0.23
404,2015-16,Jerian Grant,23,NYK,0.26,-1.97,-1.24,-0.73
405,2015-16,Bobby Portis,20,CHI,0.73,-1.29,-0.67,-0.62
406,2015-16,Rashad Vaughn,19,MIL,-0.78,-3.46,-2.22,-1.24
407,2015-16,Rondae Hollis-Jefferson,21,BRK,1.56,1.45,-0.76,2.22
408,2015-16,Norman Powell,22,TOR,0.75,-0.75,-0.3,-0.45
409,2015-16,Josh Richardson,22,MIA,0.54,-1.55,-0.91,-0.64
410,2015-16,Larry Nance Jr.,23,LAL,1.5,-0.53,-1.41,0.89
411,2015-16,Mario Hezonja,20,ORL,0.4,-1.85,-1.67,-0.19
412,2015-16,Boban Marjanović,27,SAS,1.48,2.04,1.93,0.1
413,2015-16,Marcelo Huertas,32,LAL,0.49,-1.43,-0.91,-0.52
414,2015-16,Vince Carter,39,MEM,1.47,-0.11,0.16,-0.27
415,2015-16,Dirk Nowitzki,37,DAL,6.67,1.88,1.16,0.72
416,2015-16,Paul Pierce,38,LAC,0.91,-1.17,-0.89,-0.29
417,2015-16,Jason Terry,38,HOU,0.2,-2.03,-0.05,-1.99
418,2015-16,Metta World Peace,36,LAL,0.77,-0.35,-0.04,-0.31
419,2015-16,Manu Ginobili,38,SAS,2.88,1.47,0.65,0.82
420,2015-16,Andrea Bargnani,30,BRK,-0.25,-2.88,-2,-0.87
421,2015-16,LaMarcus Aldridge,30,SAS,6.83,2.18,1.23,0.95
422,2015-16,Randy Foye,32,DEN/OKC,0.36,-1.95,-1.07,-0.88
423,2015-16,Rudy Gay,29,SAC,4.16,0.31,-0.06,0.37
424,2015-16,JJ Redick,31,LAC,3.17,-0.04,1.72,-1.76
425,2015-16,Thabo Sefolosha,31,ATL,3.74,0.86,-1.15,2.01
426,2015-16,Rajon Rondo,29,SAC,4.09,0.1,0.16,-0.06
427,2015-16,Kyle Lowry,29,TOR,13.17,4.65,3.44,1.2
428,2015-16,P.J. Tucker,30,PHO,2.1,-1.05,-1.55,0.5
429,2015-16,Paul Millsap,30,ATL,10.05,3.35,1.66,1.7
430,2015-16,J.J. Barea,31,DAL,1.27,-1.14,0.91,-2.05
431,2015-16,Kevin Durant,27,OKC,11.12,4.16,5.36,-1.21
432,2015-16,Al Horford,29,ATL,8.65,2.58,1.03,1.55
433,2015-16,Mike Conley,28,MEM,5.62,2.44,2.39,0.05
434,2015-16,Jeff Green,29,MEM/LAC,1.29,-1.43,-0.63,-0.8
435,2015-16,Corey Brewer,29,HOU,0.44,-1.88,-0.85,-1.03
436,2015-16,Joakim Noah,30,CHI,1.63,1.5,-0.09,1.6
437,2015-16,Spencer Hawes,27,CHO,1.18,-0.59,-1.52,0.93
438,2015-16,Thaddeus Young,27,BRK,4.06,0.21,-0.48,0.7
439,2015-16,Rodney Stuckey,29,IND,1.09,-1.01,-0.75,-0.25
440,2015-16,Nick Young,30,LAL,0.15,-2.06,-0.1,-1.96
441,2015-16,Marco Belinelli,29,SAC,0.15,-2.14,-0.86,-1.28
442,2015-16,Jason Smith,29,ORL,0.89,-1.15,-2.37,1.22
443,2015-16,Jared Dudley,30,WAS,3.86,0.43,-0.72,1.16
444,2015-16,Aaron Brooks,31,CHI,1.5,-0.28,0.15,-0.43
445,2015-16,Arron Afflalo,30,NYK,-1.19,-3.03,-1.16,-1.87
446,2015-16,Tiago Splitter,31,ATL,0.32,-1.45,-1.22,-0.23
447,2015-16,Carl Landry,32,PHI,0.79,-0.24,0.73,-0.96
448,2015-16,Josh McRoberts,28,MIA,0.79,-0.32,-0.28,-0.03
449,2015-16,Marc Gasol,31,MEM,3.69,0.76,-0.67,1.43
450,2015-16,Ramon Sessions,29,WAS,2.67,0.09,0.45,-0.36
451,2015-16,C.J. Watson,31,ORL,-0.08,-2.46,-1.62,-0.84
452,2015-16,Anthony Tolliver,30,DET,2.24,0.19,0.3,-0.1
453,2015-16,O.J. Mayo,28,MIL,0.3,-1.87,-1.43,-0.44
454,2015-16,Derrick Rose,27,CHI,-0.5,-2.64,-0.37,-2.27
455,2015-16,Russell Westbrook,27,OKC,13.84,5.32,6.03,-0.71
456,2015-16,Kevin Love,27,CLE,8.9,3.16,2.2,0.97
457,2015-16,Danilo Gallinari,27,DEN,5.61,2.23,2.34,-0.11
458,2015-16,Eric Gordon,27,NOP,1.29,-0.99,-0.46,-0.53
459,2015-16,D.J. Augustin,28,OKC/DEN,0.49,-1.65,-0.03,-1.62
460,2015-16,Brook Lopez,27,BRK,4.99,0.72,0.02,0.7
461,2015-16,Jerryd Bayless,27,MIL,0.08,-2.2,-0.67,-1.53
462,2015-16,Brandon Rush,30,GSW,-0.2,-2.55,-1,-1.55
463,2015-16,Robin Lopez,27,NYK,1.87,-1.02,-0.89,-0.14
464,2015-16,Marreese Speights,28,GSW,0.48,-1.42,-0.4,-1.02
465,2015-16,Roy Hibbert,29,LAL,-1.26,-3.29,-3.68,0.39
466,2015-16,Alexis Ajinca,27,NOP,0.87,-0.78,-2.27,1.5
467,2015-16,Ryan Anderson,27,NOP,3.97,0.64,2.19,-1.55
468,2015-16,Courtney Lee,30,MEM/CHO,1.48,-1.33,-1.15,-0.18
469,2015-16,Kosta Koufos,26,SAC,1.48,-0.79,-1.22,0.42
470,2015-16,Serge Ibaka,26,OKC,4.15,0.17,0.23,-0.06
471,2015-16,Nicolas Batum,27,CHO,4.64,0.52,0.28,0.24
472,2015-16,George Hill,29,IND,5.38,0.86,-0.14,1
473,2015-16,Darrell Arthur,27,DEN,0.88,-1.42,-1.6,0.19
474,2015-16,Mario Chalmers,29,MIA/MEM,3.21,1.17,1.08,0.09
475,2015-16,DeAndre Jordan,27,LAC,11.81,4.53,1.38,3.15
476,2015-16,Omer Asik,29,NOP,1.27,-0.68,-1.81,1.13
477,2015-16,Luc Mbah a Moute,29,LAC,0.82,-1.32,-2.19,0.87
478,2015-16,Goran Dragic,29,MIA,4.64,0.62,1.32,-0.7
479,2015-16,Anthony Morrow,30,OKC,-0.49,-3.07,-0.91,-2.16
480,2015-16,Blake Griffin,26,LAC,2.79,1.24,0.83,0.4
481,2015-16,James Harden,26,HOU,11.06,2.97,4.56,-1.59
482,2015-16,Tyreke Evans,26,NOP,2.1,1.78,1.7,0.08
483,2015-16,Ricky Rubio,25,MIN,8.02,2.83,1.98,0.85
484,2015-16,Stephen Curry,27,GSW,15.62,6.6,7.12,-0.52
485,2015-16,Jordan Hill,28,IND,0.87,-1.42,-0.9,-0.52
486,2015-16,DeMar DeRozan,26,TOR,5.74,0.74,1.88,-1.14
487,2015-16,Brandon Jennings,26,DET/ORL,1.58,0.42,0.92,-0.5
488,2015-16,Gerald Henderson,28,POR,1.35,-0.88,-0.36,-0.51
489,2015-16,James Johnson,28,TOR,0.65,-1.23,-1.48,0.25
490,2015-16,Jrue Holiday,25,NOP,5.74,2.35,2.31,0.05
491,2015-16,Ty Lawson,28,HOU/IND,-0.84,-3.17,-1.4,-1.77
492,2015-16,Jeff Teague,27,ATL,3.53,0.04,1.31,-1.28
493,2015-16,Darren Collison,28,SAC,3.02,-0.26,1.27,-1.53
494,2015-16,Omri Casspi,27,SAC,2.51,-0.3,0.16,-0.46
495,2015-16,Taj Gibson,30,CHI,2.47,-0.39,-0.46,0.07
496,2015-16,DeMarre Carroll,29,TOR,1.19,-0.05,-0.51,0.46
497,2015-16,Wayne Ellington,28,BRK,-0.08,-2.35,-1.06,-1.29
498,2015-16,Toney Douglas,29,NOP,2.2,0.3,1.03,-0.73
499,2015-16,Dante Cunningham,28,NOP,0.5,-1.9,-1.97,0.08
500,2015-16,Jonas Jerebko,28,BOS,1.23,-0.73,-1.31,0.58
501,2015-16,Patrick Beverley,27,HOU,3.26,0.08,0.3,-0.21
502,2015-16,Marcus Thornton,28,HOU/WAS,0.43,-1.69,0.4,-2.09
503,2015-16,Chase Budinger,27,IND/PHO,1.7,0.42,-0.08,0.5
504,2015-16,Danny Green,28,SAS,6.14,2.12,0.2,1.92
505,2015-16,Patty Mills,27,SAS,3.71,1.01,0.73,0.28
506,2015-16,Garrett Temple,29,WAS,3.16,0.11,-1.36,1.47
507,2015-16,Wesley Matthews,29,DAL,4.52,0.25,0.55,-0.3
508,2015-16,Alonzo Gee,28,NOP,-0.13,-2.4,-2.35,-0.05
509,2015-16,John Wall,25,WAS,9.56,2.8,1.56,1.24
510,2015-16,Evan Turner,27,BOS,3.02,-0.31,-0.89,0.58
511,2015-16,Derrick Favors,24,UTA,5.91,2.12,0.43,1.69
512,2015-16,Wesley Johnson,28,LAC,1.92,-0.57,-1.26,0.68
513,2015-16,DeMarcus Cousins,25,SAC,8.17,3.11,1.49,1.61
514,2015-16,Greg Monroe,25,MIL,5.21,1.04,0.79,0.25
515,2015-16,Al-Farouq Aminu,25,POR,4.02,0.26,-0.53,0.79
516,2015-16,Gordon Hayward,25,UTA,8.53,2.07,2.16,-0.08
517,2015-16,Paul George,25,IND,9.21,2.55,2.19,0.36
518,2015-16,Cole Aldrich,27,LAC,2.31,1.98,-0.95,2.93
519,2015-16,Ed Davis,26,POR,4.33,1.51,0.29,1.22
520,2015-16,Patrick Patterson,26,TOR,2.63,-0.35,0.06,-0.42
521,2015-16,Luke Babbitt,26,NOP,0.53,-1.35,-0.4,-0.95
522,2015-16,Kevin Seraphin,26,NYK,0.09,-2.01,-3.03,1.02
523,2015-16,Eric Bledsoe,26,PHO,3.33,2.37,1.11,1.25
524,2015-16,Avery Bradley,25,BOS,4.48,0.33,0.63,-0.3
525,2015-16,James Anderson,26,SAC,0.15,-1.97,-1.83,-0.13
526,2015-16,Trevor Booker,28,UTA,2.93,0.37,-0.38,0.75
527,2015-16,Hassan Whiteside,26,MIA,7.9,3.23,0.38,2.85
528,2015-16,Nemanja Bjelica,27,MIN,1.26,-0.55,-1.05,0.5
529,2015-16,Lance Stephenson,25,LAC/MEM,-0.04,-2.32,-1.09,-1.23
530,2015-16,Donald Sloan,28,BRK,1.45,-0.65,-0.05,-0.6
531,2015-16,Timofey Mozgov,29,CLE,0.68,-1.51,-2.16,0.65
532,2015-16,Gary Neal,31,WAS,0.04,-2.2,-0.94,-1.27
533,2015-16,Jeremy Lin,27,CHO,3.18,0.02,0.38,-0.36
534,2015-16,Ish Smith,27,NOP/PHI,1.03,-1.59,-0.1,-1.49
535,2015-16,Lance Thomas,27,NYK,-1.08,-3.52,-1.84,-1.68
536,2015-16,Kyrie Irving,23,CLE,4.94,2.09,2.82,-0.72
537,2015-16,Derrick Williams,24,NYK,1.67,-0.55,0.5,-1.05
538,2015-16,Enes Freedom,23,OKC,3.47,0.7,2.12,-1.42
539,2015-16,Tristan Thompson,24,CLE,5.68,1.41,0.49,0.92
540,2015-16,Jonas Valančiūnas,23,TOR,4.2,1.7,0.54,1.17
541,2015-16,Bismack Biyombo,23,TOR,3.76,0.79,-1.44,2.23
542,2015-16,Brandon Knight,24,PHO,2.38,-0.4,0.19,-0.59
543,2015-16,Kemba Walker,25,CHO,9.1,2.38,2.06,0.33
544,2015-16,Klay Thompson,25,GSW,5.05,0.52,1.82,-1.3
545,2015-16,Alec Burks,24,UTA,0.6,-1.17,-0.05,-1.11
546,2015-16,Markieff Morris,26,PHO/WAS,2.61,0.09,-0.98,1.07
547,2015-16,Marcus Morris Sr.,26,DET,3.37,-0.53,-1.11,0.58
548,2015-16,Kawhi Leonard,24,SAS,12.83,5.92,3.21,2.71
549,2015-16,Nikola Vučević,25,ORL,4.44,0.94,0.15,0.79
550,2015-16,Iman Shumpert,25,CLE,1.41,-0.69,-0.78,0.09
551,2015-16,Tobias Harris,23,ORL/DET,4.38,0.3,-0.15,0.44
552,2015-16,Donatas Motiejunas,25,HOU,0.09,-2.04,-1.15,-0.89
553,2015-16,Kenneth Faried,26,DEN,3.81,1.04,1.3,-0.26
554,2015-16,Nikola Mirotic,24,CHI,3.15,0.55,-0.25,0.8
555,2015-16,Reggie Jackson,25,DET,5.87,1.29,2.11,-0.82
556,2015-16,Norris Cole,27,NOP,0.76,-1.33,-0.96,-0.37
557,2015-16,Cory Joseph,24,TOR,2.41,-0.53,0.5,-1.04
558,2015-16,Jimmy Butler,26,CHI,7.43,2.15,1.91,0.24
559,2015-16,Bojan Bogdanović,26,BRK,-1.57,-3.4,-1.18,-2.22
560,2015-16,Kyle Singler,27,OKC,0.24,-1.91,-1.1,-0.8
561,2015-16,Shelvin Mack,25,ATL/UTA,1.68,0.07,-0.13,0.2
562,2015-16,Chandler Parsons,27,DAL,3.12,0.28,0.29,-0.01
563,2015-16,Jon Leuer,26,PHO,1.31,-0.73,-1.21,0.48
564,2015-16,Lavoy Allen,26,IND,1.41,-0.97,-1.33,0.37
565,2015-16,E'Twaun Moore,26,CHI,0.09,-2.17,-1.34,-0.82
566,2015-16,Isaiah Thomas,26,BOS,8.56,2.51,3.4,-0.89
567,2015-16,Anthony Davis,22,NOP,8.07,3.25,1.74,1.51
568,2015-16,Bradley Beal,22,WAS,2.75,0.1,0.54,-0.45
569,2015-16,Dion Waiters,24,OKC,1.17,-1.47,0,-1.47
570,2015-16,Thomas Robinson,24,BRK,0.83,-0.93,-1.16,0.23
571,2015-16,Damian Lillard,25,POR,7.38,1.79,3.23,-1.44
572,2015-16,Terrence Ross,24,TOR,1.62,-0.9,-0.12,-0.78
573,2015-16,Andre Drummond,22,DET,9.66,3.09,0.48,2.62
574,2015-16,Harrison Barnes,23,GSW,2.03,-0.81,-0.52,-0.29
575,2015-16,Austin Rivers,23,LAC,-0.74,-3.03,-1.57,-1.46
576,2015-16,Meyers Leonard,23,POR,0.65,-1.54,-0.88,-0.66
577,2015-16,Jeremy Lamb,23,CHO,2.64,0.89,0.27,0.62
578,2015-16,John Henson,25,MIL,1.19,-0.44,-1.43,1
579,2015-16,Maurice Harkless,22,POR,1.47,-0.78,-0.92,0.14
580,2015-16,Tyler Zeller,26,BOS,0.24,-1.77,-1.11,-0.66
581,2015-16,Andrew Nicholson,26,ORL,0.22,-1.88,-1.09,-0.79
582,2015-16,Evan Fournier,23,ORL,2.69,-0.72,-0.06,-0.67
583,2015-16,Jared Sullinger,23,BOS,4.11,0.89,-0.66,1.55
584,2015-16,Miles Plumlee,27,MIL,0.78,-0.94,-0.85,-0.09
585,2015-16,Festus Ezeli,26,GSW,1.46,0.52,-1.06,1.57
586,2015-16,Jae Crowder,25,BOS,6.81,2.08,1.13,0.95
587,2015-16,Draymond Green,25,GSW,13.89,5.18,2.41,2.77
588,2015-16,Quincy Acy,25,SAC,0.93,-0.7,-1.06,0.37
589,2015-16,Khris Middleton,24,MIL,6.98,1.33,1.5,-0.17
590,2015-16,Will Barton,25,DEN,1.76,-1.16,0.53,-1.69
591,2015-16,Mike Scott,27,ATL,1.61,-0.19,-0.37,0.18
592,2015-16,Kyle O'Quinn,25,NYK,0.96,-0.41,-0.99,0.58
593,2015-16,Hollis Thompson,24,PHI,-2.66,-4.17,-1.65,-2.52
594,2015-16,Mirza Teletovic,30,PHO,2.73,0.12,1.32,-1.2
595,2015-16,Pablo Prigioni,38,LAC,0.35,-1.64,-1.22,-0.43
596,2015-16,Kent Bazemore,26,ATL,3.77,0.39,-0.5,0.89
597,2015-16,Chris Johnson,25,UTA,0.89,-0.74,-1.23,0.49
598,2015-16,Justin Holiday,26,ATL/CHI,0.81,-0.72,-0.92,0.2
599,2015-16,JaMychal Green,25,MEM,1.93,-0.31,-0.78,0.47
600,2015-16,Aron Baynes,29,DET,1.67,-0.27,-0.7,0.43
601,2015-16,Nerlens Noel,21,PHI,1.66,-1.02,-2.7,1.68
602,2015-16,Alex Len,22,PHO,0.04,-2.25,-2.77,0.52
603,2015-16,Allen Crabbe,23,POR,0.65,-1.81,-0.41,-1.4
604,2015-16,Andre Roberson,24,OKC,2.42,0.02,-0.8,0.82
605,2015-16,Archie Goodwin,21,PHO,-0.21,-2.56,-1.17,-1.39
606,2015-16,Ben McLemore,22,SAC,0.68,-1.57,-0.92,-0.65
607,2015-16,CJ McCollum,24,POR,6.59,1.22,1.26,-0.04
608,2015-16,Cody Zeller,23,CHO,4.44,1.41,-0.58,1.99
609,2015-16,Dennis Schröder,22,ATL,3.44,0.85,0.82,0.02
610,2015-16,Dewayne Dedmon,26,ORL,0.95,-0.28,-1.68,1.4
611,2015-16,Gorgui Dieng,26,MIN,3.46,0.03,-1.21,1.24
612,2015-16,Isaiah Canaan,24,PHI,-0.95,-3,-0.83,-2.18
613,2015-16,Jeff Withey,25,UTA,1.47,1.03,-1.4,2.42
614,2015-16,Kelly Olynyk,24,BOS,2.02,-0.13,-0.21,0.08
615,2015-16,Kentavious Caldwell-Pope,22,DET,6.46,1.14,0.94,0.19
616,2015-16,Mason Plumlee,25,POR,4.55,0.94,-0.95,1.89
617,2015-16,Michael Carter-Williams,24,MIL,1.87,-0.6,-0.88,0.28
618,2015-16,Mike Muscala,24,ATL,0.74,-0.35,-1.18,0.83
619,2015-16,Otto Porter Jr.,22,WAS,6.18,1.73,-0.2,1.93
620,2015-16,Robert Covington,25,PHI,3.25,0.24,-0.69,0.93
621,2015-16,Rudy Gobert,23,UTA,6.37,2.6,-0.6,3.2
622,2015-16,Shabazz Muhammad,23,MIN,0.38,-1.94,0.43,-2.37
623,2015-16,Shane Larkin,23,BRK,1.12,-1.33,-0.52,-0.8
624,2015-16,Steven Adams,22,OKC,4.78,1.22,0.01,1.21
625,2015-16,Tim Hardaway Jr.,23,ATL,0.5,-1.41,-0.16,-1.25
626,2015-16,Tony Snell,24,CHI,-0.44,-2.79,-2.24,-0.54
627,2015-16,Trey Burke,23,UTA,0.44,-1.79,0.21,-2
628,2015-16,Victor Oladipo,23,ORL,3.66,0,0.44,-0.44
629,2015-16,Giannis Antetokounmpo,21,MIL,7.61,1.7,0.92,0.77
630,2015-16,Matthew Dellavedova,25,CLE,3.63,0.59,1.1,-0.51
631,2015-16,Solomon Hill,24,IND,1.33,0,-0.11,0.11
632,2015-16,Raul Neto,23,UTA,1.34,-0.95,-0.92,-0.03
633,2015-16,Joffrey Lauvergne,24,DEN,-0.12,-2.45,-1.16,-1.29
634,2015-16,Ian Clark,24,GSW,-0.38,-3.27,-1.15,-2.13
635,2015-16,Seth Curry,25,SAC,0.58,-1.03,-0.11,-0.92
636,2015-16,Jonathon Simmons,26,SAS,-0.14,-2.53,-1.78,-0.74
637,2015-16,Jamal Crawford,35,LAC,0.07,-2.23,-0.41,-1.81
638,2015-16,PJ Hairston,23,CHO/MEM,0.72,-1.46,-1.45,-0.01
639,2015-16,Shabazz Napier,24,ORL,0.08,-2.06,-0.71,-1.36
640,2015-16,Zach LaVine,20,MIN,0.01,-2.27,-0.51,-1.75
641,2015-16,Tyler Ennis,21,MIL,0.09,-2.07,-1.29,-0.78
642,2015-16,Markel Brown,24,BRK,0.4,-1.67,-0.29,-1.39
643,2015-16,Elfrid Payton,21,ORL,3.97,0.45,0.2,0.25
644,2015-16,Jordan Clarkson,23,LAL,0.34,-2.07,-0.13,-1.95
645,2015-16,Gary Harris,21,DEN,3.08,-0.41,0.29,-0.7
646,2015-16,Nik Stauskas,22,PHI,-0.62,-2.79,-1.07,-1.71
647,2015-16,Rodney Hood,23,UTA,3.2,-0.42,0.04,-0.46
648,2015-16,Glenn Robinson III,22,IND,0.41,-1.07,-1.19,0.11
649,2015-16,Jerami Grant,21,PHI,0.84,-1.67,-2,0.33
650,2015-16,Doug McDermott,24,CHI,-0.75,-2.88,-1.52,-1.36
651,2015-16,Sean Kilpatrick,26,DEN/BRK,0.39,-1.33,1.42,-2.75
652,2015-16,Aaron Gordon,20,ORL,3.16,0.23,0.14,0.08
653,2015-16,T.J. Warren,22,PHO,0.61,-1.43,-0.62,-0.81
654,2015-16,Marcus Smart,21,BOS,3.36,0.69,0.18,0.51
655,2015-16,Kyle Anderson,22,SAS,2.68,0.9,-0.86,1.75
656,2015-16,Dwight Powell,24,DAL,1.46,-0.11,-1,0.89
657,2015-16,Noah Vonleh,20,POR,0.17,-2.05,-2.78,0.73
658,2015-16,Julius Randle,21,LAL,-0.85,-2.83,-1.88,-0.95
659,2015-16,Johnny O'Bryant III,22,MIL,-0.92,-3.92,-3.1,-0.82
660,2015-16,Andrew Wiggins,20,MIN,2.94,-0.74,0.49,-1.23
661,2015-16,Jabari Parker,20,MIL,1.11,-1.59,-0.12,-1.47
662,2015-16,JaKarr Sampson,22,PHI/DEN,-0.1,-2.41,-2.56,0.15
663,2015-16,Clint Capela,21,HOU,4.06,1.79,0.26,1.54
664,2015-16,Jusuf Nurkić,21,DEN,0.98,0.37,-0.97,1.34
665,2015-16,Nikola Jokić,20,DEN,6.68,3.45,1.49,1.96
666,2015-16,Kristaps Porziņģis,20,NYK,5.06,1.37,0.24,1.12
667,2015-16,Tyler Johnson,23,MIA,0.68,-1.1,-1.04,-0.06
668,2015-16,Tim Frazier,25,POR/NOP,1.06,-0.16,0.18,-0.35
669,2015-16,Langston Galloway,24,NYK,1.6,-1.11,-0.99,-0.12
670,2015-16,Joe Ingles,28,UTA,0.76,-1.36,-1.12,-0.24
671,2015-16,T.J. McConnell,23,PHI,2.63,0.14,-0.37,0.52
672,2015-16,Tyson Chandler,33,PHO,2.38,-0.1,-1.64,1.54
673,2015-16,Pau Gasol,35,CHI,5.79,1.45,0.37,1.08
674,2015-16,Joe Johnson,34,BRK/MIA,2.95,-0.66,-0.23,-0.43
675,2015-16,Richard Jefferson,35,CLE,0.52,-1.69,-1.54,-0.15
676,2015-16,Zach Randolph,34,MEM,2.77,-0.25,0.53,-0.78
677,2015-16,Tony Parker,33,SAS,3.43,0.28,0.38,-0.11
678,2015-16,Mike Dunleavy,35,CHI,0.65,-0.91,-0.16,-0.75
679,2015-16,Nene,33,WAS,2.6,1.23,-0.74,1.97
680,2015-16,Amar'e Stoudemire,33,MIA,1.35,0.33,-1.03,1.36
681,2015-16,Tayshaun Prince,35,MIN,-0.42,-2.71,-2.42,-0.29
682,2015-16,Matt Barnes,35,MEM,3.13,-0.16,0.06,-0.22
683,2015-16,Luis Scola,35,TOR,0.97,-1.4,-1.96,0.57
684,2015-16,LeBron James,31,CLE,15.1,6.23,5.36,0.87
685,2015-16,Carmelo Anthony,31,NYK,6.83,1.7,2.59,-0.88
686,2015-16,Chris Bosh,31,MIA,5.19,2.03,1.06,0.98
687,2015-16,Dwyane Wade,34,MIA,3.43,-0.04,1.12,-1.16
688,2015-16,Kirk Hinrich,35,CHI/ATL,0.39,-1.36,-1.43,0.07
689,2015-16,Nick Collison,35,OKC,0.15,-1.96,-2.54,0.58
690,2015-16,David West,35,SAS,3.73,1.64,-0.24,1.88
691,2015-16,Boris Diaw,33,SAS,1.04,-1.16,-1.23,0.08
692,2015-16,Kendrick Perkins,31,NOP,-0.33,-3.19,-3.86,0.67
693,2015-16,Leandro Barbosa,33,GSW,1.09,-0.78,-0.2,-0.57
694,2015-16,Steve Blake,35,DET,0.62,-1.34,-1.04,-0.3
695,2015-16,Zaza Pachulia,31,DAL,4.87,1.3,-0.33,1.64
696,2015-16,Mo Williams,33,CLE,-0.03,-2.34,-1.11,-1.23
697,2015-16,Kyle Korver,34,ATL,2.49,-0.74,-0.81,0.07
698,2015-16,Dwight Howard,30,HOU,6.33,1.82,0.25,1.57
699,2015-16,Shaun Livingston,30,GSW,2.26,-0.08,0.27,-0.35
700,2015-16,Devin Harris,32,DAL,2.08,0.12,-0.14,0.26
701,2015-16,Luol Deng,30,MIA,4.41,0.44,0.28,0.16
702,2015-16,Andre Iguodala,32,GSW,3.36,0.58,0.32,0.27
703,2015-16,Kris Humphries,30,WAS/PHO/ATL,1.12,-0.29,-0.66,0.37
704,2015-16,Al Jefferson,31,CHO,2.3,0.81,-0.58,1.39
705,2015-16,Josh Smith,30,LAC/HOU,0.72,-1.06,-1.4,0.34
706,2015-16,JR Smith,30,CLE,5.73,1.3,1.21,0.09
707,2015-16,Jameer Nelson,33,DEN,1.23,-0.51,-0.5,-0.02
708,2015-16,Tony Allen,34,MEM,3.78,1.17,-0.43,1.6
709,2015-16,Kevin Martin,32,MIN/SAS,0.04,-2.22,-0.98,-1.24
710,2015-16,Sasha Vujacic,31,NYK,1.13,-0.44,-0.31,-0.13
711,2015-16,Beno Udrih,33,MEM/MIA,0.17,-1.91,-1.4,-0.51
712,2015-16,Trevor Ariza,30,HOU,5.47,0.55,1,-0.46
713,2015-16,Kevin Garnett,39,MIN,1.32,1.21,-1.73,2.95
714,2015-16,Kobe Bryant,37,LAL,0.58,-1.81,0.34,-2.15
715,2016-17,Andrew Bogut,32,DAL/CLE,0.76,-0.37,-3.65,3.29
716,2016-17,Marvin Williams,30,CHO,5.09,1.02,0.13,0.88
717,2016-17,Chris Paul,31,LAC,9.67,5.45,4.65,0.8
718,2016-17,Raymond Felton,32,LAC,0.11,-2.23,-1.58,-0.65
719,2016-17,Channing Frye,33,CLE,2.82,0.71,0.89,-0.18
720,2016-17,Deron Williams,32,DAL/CLE,2.14,-0.38,0.26,-0.64
721,2016-17,Gerald Green,31,BOS,0.31,-1.45,0.06,-1.51
722,2016-17,Ian Mahinmi,30,WAS,0.69,-0.46,-1.89,1.44
723,2016-17,David Lee,33,SAS,2.74,0.47,-0.24,0.71
724,2016-17,Brandon Bass,31,LAC,0.22,-1.75,-0.75,-1
725,2016-17,CJ Miles,29,IND,3.48,0.62,0.79,-0.16
726,2016-17,Ersan Ilyasova,29,OKC/PHI/ATL,3.37,0.04,0.27,-0.23
727,2016-17,Monta Ellis,31,IND,-0.3,-2.56,-1.83,-0.72
728,2016-17,Lou Williams,30,LAL/HOU,4.33,0.95,3.12,-2.17
729,2016-17,Amir Johnson,29,BOS,3.83,1.26,-0.98,2.25
730,2016-17,Marcin Gortat,32,WAS,5.23,0.76,-0.68,1.43
731,2016-17,Jose Calderon,35,LAL/ATL,0.6,-0.63,-0.63,0
732,2016-17,Jahlil Okafor,21,PHI,0.46,-1.72,-1.55,-0.17
733,2016-17,Emmanuel Mudiay,20,DEN,0.22,-2.09,-0.78,-1.31
734,2016-17,Tyus Jones,20,MIN,1.4,0.4,0.57,-0.17
735,2016-17,Justin Anderson,23,DAL/PHI,1.35,-0.66,-0.08,-0.59
736,2016-17,Montrezl Harrell,23,HOU,0.99,-0.92,0.02,-0.94
737,2016-17,Andrew Harrison,22,MEM,1.29,-1,-1.04,0.04
738,2016-17,Sam Dekker,22,HOU,1.15,-1.1,-0.16,-0.93
739,2016-17,D'Angelo Russell,20,LAL,2.46,-0.28,0.51,-0.78
740,2016-17,Karl-Anthony Towns,21,MIN,9.24,2.28,2.91,-0.63
741,2016-17,Richaun Holmes,23,PHI,1.29,-0.69,-0.62,-0.07
742,2016-17,Justise Winslow,20,MIA,0.45,-1.23,-1.5,0.27
743,2016-17,Willie Cauley-Stein,23,SAC,2.39,0.21,-0.94,1.15
744,2016-17,Kelly Oubre Jr.,21,WAS,1.21,-1.18,-1.37,0.19
745,2016-17,Frank Kaminsky,23,CHO,1.73,-0.99,-0.46,-0.53
746,2016-17,Devin Booker,20,PHO,0.91,-1.82,0.47,-2.28
747,2016-17,Myles Turner,20,IND,6.02,1.24,-0.73,1.98
748,2016-17,Trey Lyles,21,UTA,0.88,-1.18,-0.84,-0.33
749,2016-17,Stanley Johnson,20,DET,1.2,-1,-2.15,1.15
750,2016-17,Jerian Grant,24,CHI,1.63,0.06,-0.25,0.31
751,2016-17,Bobby Portis,21,CHI,0.7,-1.26,-0.88,-0.38
752,2016-17,Rondae Hollis-Jefferson,22,BRK,1.96,-0.64,-1.69,1.05
753,2016-17,Terry Rozier,22,BOS,1.46,-0.58,-0.5,-0.08
754,2016-17,Norman Powell,23,TOR,1.43,-0.74,-0.16,-0.58
755,2016-17,Jarell Martin,22,MEM,0.05,-2.18,-2.85,0.67
756,2016-17,Willy Hernangomez,22,NYK,1.14,-1.02,-0.32,-0.7
757,2016-17,Josh Richardson,23,MIA,1.39,-1.03,-1.26,0.23
758,2016-17,Larry Nance Jr.,24,LAL,2.59,0.39,-0.91,1.29
759,2016-17,Mario Hezonja,21,ORL,-0.51,-3.16,-2.11,-1.04
760,2016-17,Alan Williams,24,PHO,1.45,0.77,0.34,0.43
761,2016-17,Cristiano Felicio,24,CHI,0.74,-1.25,-0.7,-0.55
762,2016-17,Salah Mejri,30,DAL,2.11,1.18,-2.32,3.5
763,2016-17,Malcolm Delaney,27,ATL,0.39,-1.86,-1.89,0.03
764,2016-17,Dragan Bender,19,PHO,0.22,-1.73,-1.93,0.2
765,2016-17,Domantas Sabonis,20,OKC,0.22,-2.13,-3.05,0.93
766,2016-17,Marquese Chriss,19,PHO,2.01,-0.58,-1.27,0.69
767,2016-17,Kris Dunn,22,MIN,1.18,-0.99,-1.49,0.49
768,2016-17,Buddy Hield,24,NOP/SAC,-0.72,-2.92,-1.52,-1.39
769,2016-17,Brandon Ingram,19,LAL,-0.33,-2.56,-1.57,-0.98
770,2016-17,Skal Labissiere,20,SAC,0.46,-1.18,-0.94,-0.24
771,2016-17,Caris LeVert,22,BRK,1.54,-0.45,-0.08,-0.36
772,2016-17,Thon Maker,19,MIL,1,0.35,-0.45,0.79
773,2016-17,Jamal Murray,19,DEN,0.31,-2.06,-0.55,-1.51
774,2016-17,Jakob Poeltl,21,TOR,0.64,-0.79,-1.68,0.89
775,2016-17,Taurean Prince,22,ATL,0.62,-1.36,-2.32,0.96
776,2016-17,Tyler Ulis,21,PHO,0.79,-1.27,0.24,-1.5
777,2016-17,Denzel Valentine,23,CHI,0.43,-1.67,-1.53,-0.13
778,2016-17,Ron Baker,23,NYK,0.64,-1.19,-0.82,-0.37
779,2016-17,Jaylen Brown,20,BOS,0.49,-1.77,-1.74,-0.03
780,2016-17,Malcolm Brogdon,24,MIL,2.84,-0.17,0.9,-1.06
781,2016-17,Patrick McCaw,21,GSW,-0.51,-3.06,-1.61,-1.46
782,2016-17,Pascal Siakam,22,TOR,0.67,-1.14,-2.87,1.73
783,2016-17,Isaiah Whitehead,21,BRK,-0.27,-2.58,-1.99,-0.59
784,2016-17,Troy Williams,22,MEM/HOU,-0.03,-2.41,-2.24,-0.18
785,2016-17,Timothe Luwawu-Cabarrot,21,PHI,0.32,-1.92,-1.35,-0.57
786,2016-17,Yogi Ferrell,23,BRK/DAL,1.36,-0.6,-0.27,-0.34
787,2016-17,Juancho Hernangomez,21,DEN,0.95,-0.61,-0.37,-0.25
788,2016-17,Ivica Zubac,19,LAL,0.59,-0.85,-1.29,0.44
789,2016-17,Dorian Finney-Smith,23,DAL,1.58,-0.87,-1.85,0.98
790,2016-17,Paul Zipser,22,CHI,0.14,-2.07,-2.33,0.25
791,2016-17,Mindaugas Kuzminskas,27,NYK,0.23,-1.99,-0.58,-1.41
792,2016-17,Nicolas Brussino,23,DAL,0.42,-1.1,-0.72,-0.38
793,2016-17,Derrick Jones Jr.,19,PHO,0.43,-1.13,-0.86,-0.28
794,2016-17,Vince Carter,40,MEM,2.1,-0.56,-0.56,0
795,2016-17,Dirk Nowitzki,38,DAL,2.56,0.38,0.03,0.36
796,2016-17,Jason Terry,39,MIL,1.29,-0.9,-1.21,0.3
797,2016-17,Manu Ginobili,39,SAS,2.86,1.01,0.56,0.45
798,2016-17,LaMarcus Aldridge,31,SAS,5.8,1.42,0.66,0.76
799,2016-17,Randy Foye,33,BRK,-0.15,-2.51,-2.29,-0.23
800,2016-17,Rudy Gay,30,SAC,2.83,1.89,1.05,0.84
801,2016-17,JJ Redick,32,LAC,3.42,0.02,1.43,-1.41
802,2016-17,Thabo Sefolosha,32,ATL,2.89,0.41,-1.27,1.68
803,2016-17,Rajon Rondo,30,CHI,1.65,-0.97,-0.99,0.02
804,2016-17,Kyle Lowry,30,TOR,10.68,4.99,4.33,0.67
805,2016-17,Sergio Rodriguez,30,PHI,0.57,-1.75,-0.54,-1.22
806,2016-17,P.J. Tucker,31,PHO/TOR,3.71,0.18,-0.68,0.86
807,2016-17,Paul Millsap,31,ATL,7.56,2.55,0.79,1.76
808,2016-17,J.J. Barea,32,DAL,1.29,0.19,1.29,-1.1
809,2016-17,Kevin Durant,28,GSW,9.77,4.92,4.15,0.77
810,2016-17,Al Horford,30,BOS,4.5,0.77,0.15,0.61
811,2016-17,Mike Conley,29,MEM,7.81,2.83,3.51,-0.68
812,2016-17,Jeff Green,30,ORL,-0.09,-2.42,-1.05,-1.37
813,2016-17,Corey Brewer,30,HOU/LAL,1.31,-0.78,-1.07,0.3
814,2016-17,Joakim Noah,31,NYK,2.29,1.08,-0.38,1.46
815,2016-17,Spencer Hawes,28,CHO/MIL,0.28,-1.79,-1.56,-0.23
816,2016-17,Thaddeus Young,28,IND,2.9,-0.37,-1.14,0.77
817,2016-17,Rodney Stuckey,30,IND,0.28,-1.72,-0.49,-1.23
818,2016-17,Nick Young,31,LAL,2.27,-0.12,0.75,-0.87
819,2016-17,Marco Belinelli,30,CHO,1.34,-1.18,-0.51,-0.68
820,2016-17,Jason Smith,30,WAS,0.31,-1.89,-2.03,0.14
821,2016-17,Jared Dudley,31,PHO,1.64,-0.51,-1.06,0.55
822,2016-17,Wilson Chandler,29,DEN,1.87,-1.04,0.29,-1.33
823,2016-17,Aaron Brooks,32,IND,0,-2.33,-1.28,-1.06
824,2016-17,Arron Afflalo,31,SAC,-0.95,-3.27,-1.9,-1.36
825,2016-17,Marc Gasol,32,MEM,7.2,1.97,1.31,0.66
826,2016-17,Ramon Sessions,30,CHO,0.39,-1.59,-0.75,-0.84
827,2016-17,C.J. Watson,32,ORL,0.47,-1.62,-1.39,-0.23
828,2016-17,Anthony Tolliver,31,SAC,0.67,-1.64,-1.3,-0.34
829,2016-17,Michael Beasley,28,MIL,0.83,-0.98,-0.65,-0.33
830,2016-17,Derrick Rose,28,NYK,1.01,-1.59,0.63,-2.23
831,2016-17,Russell Westbrook,28,OKC,15.29,6.18,6.39,-0.22
832,2016-17,Kevin Love,28,CLE,6.89,3.21,2.75,0.47
833,2016-17,Danilo Gallinari,28,DEN,6.05,1.95,2.12,-0.16
834,2016-17,Eric Gordon,28,HOU,2.97,-0.4,1.5,-1.9
835,2016-17,D.J. Augustin,29,ORL,-0.45,-2.79,-0.67,-2.11
836,2016-17,Brook Lopez,28,BRK,4.09,0.45,0.99,-0.54
837,2016-17,Brandon Rush,31,MIN,-0.74,-3.45,-2.55,-0.9
838,2016-17,Robin Lopez,28,CHI,1.7,-1.19,-1.92,0.73
839,2016-17,Marreese Speights,29,LAC,1.85,-0.15,0,-0.16
840,2016-17,Roy Hibbert,30,CHO/DEN,0.28,-1.71,-2.86,1.15
841,2016-17,JaVale McGee,29,GSW,1.85,1.44,1.48,-0.04
842,2016-17,Alexis Ajinca,28,NOP,0.22,-1.77,-2.28,0.51
843,2016-17,Ryan Anderson,28,HOU,4.02,0.54,1,-0.46
844,2016-17,Courtney Lee,31,NYK,1.75,-1.25,-0.21,-1.04
845,2016-17,Kosta Koufos,27,SAC,1.47,-0.77,-2.01,1.24
846,2016-17,Serge Ibaka,27,ORL/TOR,2.61,-0.69,-1.05,0.36
847,2016-17,Nicolas Batum,28,CHO,6.12,1.2,0.7,0.49
848,2016-17,George Hill,30,UTA,5.56,3.13,2.43,0.71
849,2016-17,Darrell Arthur,28,DEN,0.76,-0.54,-0.97,0.43
850,2016-17,DeAndre Jordan,28,LAC,9.01,2.99,0.82,2.17
851,2016-17,Luc Mbah a Moute,30,LAC,1.48,-1.07,-2.27,1.2
852,2016-17,Goran Dragic,30,MIA,5.08,0.79,1.78,-1
853,2016-17,Anthony Morrow,31,OKC/CHI,0.2,-1.91,-0.1,-1.82
854,2016-17,Blake Griffin,27,LAC,6.4,2.33,2.33,0
855,2016-17,James Harden,27,HOU,14.93,5.51,6.21,-0.7
856,2016-17,Tyreke Evans,27,NOP/SAC,1.14,-0.15,0.31,-0.46
857,2016-17,Ricky Rubio,26,MIN,6.55,1.67,1.61,0.06
858,2016-17,Stephen Curry,28,GSW,14.29,6.1,6.15,-0.05
859,2016-17,DeMar DeRozan,27,TOR,5.47,0.82,2.1,-1.29
860,2016-17,Brandon Jennings,27,NYK/WAS,1.78,-0.83,0.5,-1.33
861,2016-17,Gerald Henderson,29,PHI,-0.1,-2.42,-1.54,-0.88
862,2016-17,James Johnson,29,MIA,4.14,0.67,-0.13,0.79
863,2016-17,Jrue Holiday,26,NOP,3.91,0.36,0.75,-0.39
864,2016-17,Ty Lawson,29,SAC,1.89,-0.68,0.54,-1.21
865,2016-17,Jeff Teague,28,IND,7.28,1.81,1.42,0.38
866,2016-17,Darren Collison,29,SAC,2.73,-0.32,0.32,-0.65
867,2016-17,Omri Casspi,28,SAC/NOP/MIN,0.59,-0.94,-0.92,-0.02
868,2016-17,Taj Gibson,31,CHI/OKC,3.83,0.58,-0.72,1.3
869,2016-17,DeMarre Carroll,30,TOR,3.36,0.36,-0.12,0.49
870,2016-17,Wayne Ellington,29,MIA,1.99,-0.32,0.82,-1.14
871,2016-17,Dante Cunningham,29,NOP,1.16,-1.26,-1.5,0.25
872,2016-17,Jonas Jerebko,29,BOS,0.72,-1.43,-1.47,0.04
873,2016-17,Jodie Meeks,29,ORL,0.47,-1.35,-0.22,-1.13
874,2016-17,Patrick Beverley,28,HOU,5.69,1.85,0.77,1.08
875,2016-17,Marcus Thornton,29,WAS,0.17,-1.89,-0.69,-1.19
876,2016-17,Danny Green,29,SAS,3.57,0.65,-0.43,1.08
877,2016-17,Patty Mills,28,SAS,4.29,1.36,2.01,-0.65
878,2016-17,Garrett Temple,30,SAC,1.06,-1.4,-1.16,-0.24
879,2016-17,Wesley Matthews,30,DAL,3.28,-0.34,-0.56,0.22
880,2016-17,John Wall,26,WAS,10.96,3.55,3.41,0.14
881,2016-17,Evan Turner,28,POR,1.79,-0.7,-1.17,0.47
882,2016-17,Derrick Favors,25,UTA,1.94,0.14,-1.68,1.82
883,2016-17,Wesley Johnson,29,LAC,1.19,-0.1,-1.81,1.71
884,2016-17,DeMarcus Cousins,26,SAC/NOP,9.95,3.82,2.78,1.03
885,2016-17,Greg Monroe,26,MIL,4.35,1.27,0.49,0.78
886,2016-17,Al-Farouq Aminu,26,POR,3.42,0.58,-0.62,1.21
887,2016-17,Gordon Hayward,26,UTA,8.13,2.56,2.7,-0.14
888,2016-17,Paul George,26,IND,7.72,2,1.95,0.06
889,2016-17,Cole Aldrich,28,MIN,0.85,0.08,-2.11,2.19
890,2016-17,Ed Davis,27,POR,0.38,-1.61,-2.14,0.54
891,2016-17,Patrick Patterson,27,TOR,3.09,0.59,0.17,0.42
892,2016-17,Luke Babbitt,27,MIA,1.03,-0.86,-1.49,0.63
893,2016-17,Kevin Seraphin,27,IND,-0.05,-2.47,-1.85,-0.61
894,2016-17,Eric Bledsoe,27,PHO,6.65,2.29,2.51,-0.23
895,2016-17,Avery Bradley,26,BOS,2.7,-0.1,0.08,-0.19
896,2016-17,Trevor Booker,29,BRK,1.89,-0.7,-1.76,1.06
897,2016-17,Hassan Whiteside,27,MIA,8.55,2.82,0.66,2.16
898,2016-17,Nemanja Bjelica,28,MIN,1.42,-0.52,-0.33,-0.2
899,2016-17,Timofey Mozgov,30,LAL,0.76,-1.28,-2.48,1.2
900,2016-17,Jeremy Lin,28,BRK,2.25,1.52,1.27,0.25
901,2016-17,Ish Smith,28,DET,3.1,0.07,-0.36,0.43
902,2016-17,Lance Thomas,28,NYK,-0.64,-3.36,-1.77,-1.59
903,2016-17,Kyrie Irving,24,CLE,9.05,3.11,4.71,-1.6
904,2016-17,Derrick Williams,25,MIA/CLE,0.06,-2.22,-1.34,-0.88
905,2016-17,Enes Freedom,24,OKC,1.4,-0.94,1.06,-2
906,2016-17,Tristan Thompson,25,CLE,5.19,1.02,-0.33,1.36
907,2016-17,Jonas Valančiūnas,24,TOR,4.75,1.14,-0.22,1.36
908,2016-17,Bismack Biyombo,24,ORL,2.01,-0.63,-1.98,1.35
909,2016-17,Brandon Knight,25,PHO,-0.46,-2.96,-1.22,-1.74
910,2016-17,Kemba Walker,26,CHO,8.95,2.61,3.34,-0.72
911,2016-17,Klay Thompson,26,GSW,6.57,1.41,2.33,-0.92
912,2016-17,Alec Burks,25,UTA,0.44,-1.31,-0.48,-0.83
913,2016-17,Markieff Morris,27,WAS,3.63,-0.02,-1.33,1.31
914,2016-17,Marcus Morris Sr.,27,DET,3.48,-0.28,-0.63,0.35
915,2016-17,Kawhi Leonard,25,SAS,13,5.83,4.7,1.12
916,2016-17,Nikola Vučević,26,ORL,3.1,-0.16,-0.86,0.69
917,2016-17,Iman Shumpert,26,CLE,0.55,-1.9,-1.18,-0.72
918,2016-17,Tobias Harris,24,DET,2.53,-0.84,-0.95,0.11
919,2016-17,Kenneth Faried,27,DEN,3.22,1.41,1.17,0.25
920,2016-17,Nikola Mirotic,25,CHI,3.05,0.41,0.08,0.34
921,2016-17,Reggie Jackson,26,DET,1.68,-0.54,0.2,-0.75
922,2016-17,Cory Joseph,25,TOR,2.51,-0.43,0.31,-0.74
923,2016-17,Jimmy Butler,27,CHI,11.61,3.97,3,0.97
924,2016-17,Bojan Bogdanović,27,BRK/WAS,1.01,-1.59,-0.66,-0.93
925,2016-17,Shelvin Mack,26,UTA,0.24,-2.03,-1.25,-0.78
926,2016-17,Chandler Parsons,28,MEM,0.55,-1.09,-1.16,0.07
927,2016-17,Jon Leuer,27,DET,2.9,-0.08,-0.72,0.64
928,2016-17,Davis Bertans,24,SAS,1.01,-0.43,-0.66,0.23
929,2016-17,Lavoy Allen,27,IND,0.32,-1.77,-1.35,-0.42
930,2016-17,DeAndre Liggins,28,CLE/DAL,0.38,-1.59,-2.79,1.19
931,2016-17,E'Twaun Moore,27,NOP,0.06,-2.28,-0.96,-1.33
932,2016-17,Isaiah Thomas,27,BOS,8.77,2.84,5.02,-2.18
933,2016-17,Anthony Davis,23,NOP,10.13,3.35,2.35,1
934,2016-17,Michael Kidd-Gilchrist,23,CHO,5.66,1.3,-1.16,2.46
935,2016-17,Bradley Beal,23,WAS,7.63,1.96,2.82,-0.85
936,2016-17,Dion Waiters,25,MIA,1.94,-0.21,-0.09,-0.13
937,2016-17,Thomas Robinson,25,LAL,0.86,-0.01,-0.7,0.68
938,2016-17,Damian Lillard,26,POR,11.08,3.94,5.05,-1.11
939,2016-17,Terrence Ross,25,TOR/ORL,3.93,0.7,1.3,-0.6
940,2016-17,Andre Drummond,23,DET,6.79,1.92,-0.54,2.46
941,2016-17,Harrison Barnes,24,DAL,3.57,-0.4,-1.04,0.64
942,2016-17,Austin Rivers,24,LAC,0.86,-1.69,-0.32,-1.38
943,2016-17,Meyers Leonard,24,POR,0.61,-1.58,-1.94,0.36
944,2016-17,Jeremy Lamb,24,CHO,2.11,0.46,0.74,-0.28
945,2016-17,John Henson,26,MIL,1.99,0.35,-1.09,1.44
946,2016-17,Maurice Harkless,23,POR,2.63,-0.54,-0.51,-0.03
947,2016-17,Tyler Zeller,27,BOS,0.28,-1.52,-1.58,0.06
948,2016-17,Evan Fournier,24,ORL,2.16,-0.86,0.42,-1.28
949,2016-17,Tomas Satoransky,25,WAS,0.12,-2.09,-1.73,-0.35
950,2016-17,Jae Crowder,26,BOS,5.3,1.09,0.62,0.47
951,2016-17,Draymond Green,26,GSW,11.42,4.76,1.26,3.5
952,2016-17,Quincy Acy,26,DAL/BRK,1.03,0.45,0.06,0.39
953,2016-17,Khris Middleton,25,MIL,1.74,0.63,0.24,0.39
954,2016-17,Will Barton,26,DEN,3.03,0.35,0.66,-0.31
955,2016-17,Justin Hamilton,26,BRK,0.51,-1.67,-1.6,-0.07
956,2016-17,Kyle O'Quinn,26,NYK,2.05,0.18,-0.46,0.65
957,2016-17,Hollis Thompson,25,PHI/NOP,0.03,-2.26,-1.61,-0.66
958,2016-17,Mirza Teletovic,31,MIL,0.84,-1.2,-0.44,-0.75
959,2016-17,Kent Bazemore,27,ATL,2.46,-0.44,-0.47,0.04
960,2016-17,Willie Reed,26,MIA,1.54,-0.08,-0.96,0.88
961,2016-17,Justin Holiday,27,NYK,1.66,-0.79,-0.36,-0.43
962,2016-17,JaMychal Green,26,MEM,2.6,-0.46,-1.62,1.16
963,2016-17,Aron Baynes,30,DET,1.01,-1.01,-2.33,1.33
964,2016-17,Nerlens Noel,22,PHI/DAL,3.31,2.46,-0.29,2.74
965,2016-17,Alex Len,23,PHO,1.26,-1.1,-2.28,1.18
966,2016-17,Allen Crabbe,24,POR,0.92,-1.71,-1.08,-0.62
967,2016-17,Andre Roberson,25,OKC,3.58,-0.05,-1.43,1.37
968,2016-17,Ben McLemore,23,SAC,-0.25,-2.65,-2.26,-0.4
969,2016-17,CJ McCollum,25,POR,6.69,1.28,1.77,-0.49
970,2016-17,Cody Zeller,24,CHO,5.07,2.11,-0.21,2.32
971,2016-17,Dennis Schröder,23,ATL,3.25,-0.35,0.7,-1.05
972,2016-17,Dewayne Dedmon,27,SAS,2.89,0.95,-1.29,2.24
973,2016-17,Gorgui Dieng,27,MIN,3.87,-0.12,-1.46,1.34
974,2016-17,Isaiah Canaan,25,CHI,0.3,-1.57,-0.73,-0.84
975,2016-17,Kelly Olynyk,25,BOS,1.39,-0.96,-1.06,0.11
976,2016-17,Kentavious Caldwell-Pope,23,DET,3.44,-0.27,-0.18,-0.1
977,2016-17,Mason Plumlee,26,POR/DEN,5.48,1.52,-0.2,1.71
978,2016-17,Michael Carter-Williams,25,CHI,1.19,-0.21,-1.46,1.25
979,2016-17,Mike Muscala,25,ATL,1.9,-0.01,-0.46,0.45
980,2016-17,Otto Porter Jr.,23,WAS,7.61,2.08,0.91,1.17
981,2016-17,Robert Covington,26,PHI,5.49,1.58,-0.64,2.22
982,2016-17,Rudy Gobert,24,UTA,12.42,4.61,0.73,3.88
983,2016-17,Shabazz Muhammad,24,MIN,1.1,-1.23,0.79,-2.02
984,2016-17,Steven Adams,23,OKC,4.25,0.36,-0.14,0.5
985,2016-17,Tim Hardaway Jr.,24,ATL,2.97,-0.24,0.54,-0.78
986,2016-17,Tony Snell,25,MIL,0.98,-1.69,-1.18,-0.51
987,2016-17,Trey Burke,24,WAS,-0.74,-3.98,-2.01,-1.98
988,2016-17,Victor Oladipo,24,OKC,2.9,-0.35,-0.66,0.31
989,2016-17,Giannis Antetokounmpo,22,MIL,13.91,5.21,3.35,1.86
990,2016-17,Lucas Nogueira,24,TOR,2.03,0.49,-1.54,2.03
991,2016-17,James Ennis III,26,MEM,0.92,-1.4,-1.09,-0.31
992,2016-17,Alex Abrines,23,OKC,0.8,-1.18,-0.09,-1.09
993,2016-17,Matthew Dellavedova,26,MIL,2.12,-0.71,-0.47,-0.24
994,2016-17,Solomon Hill,25,NOP,1.22,-1.55,-1.91,0.36
995,2016-17,Joffrey Lauvergne,25,OKC/CHI,0.18,-2.05,-0.71,-1.34
996,2016-17,Ian Clark,25,GSW,-0.08,-2.44,-0.25,-2.2
997,2016-17,Seth Curry,26,DAL,3.74,0.45,0.21,0.24
998,2016-17,Troy Daniels,25,MEM,0.4,-1.81,0.15,-1.96
999,2016-17,Rodney McGruder,25,MIA,1.55,-1.13,-1.14,0
1000,2016-17,Jonathon Simmons,27,SAS,1.81,-0.37,-1.48,1.11
1001,2016-17,Jamal Crawford,36,LAC,-1.75,-3.59,-1.02,-2.57
1002,2016-17,Shabazz Napier,25,POR,0.78,-0.03,-0.22,0.19
1003,2016-17,Zach LaVine,21,MIN,2.26,-0.37,0.24,-0.62
1004,2016-17,Tyler Ennis,22,HOU/LAL,0.46,-1.15,-1.04,-0.11
1005,2016-17,Elfrid Payton,22,ORL,3.1,-0.38,0.42,-0.8
1006,2016-17,Semaj Christon,24,OKC,0.13,-2.13,-1.53,-0.6
1007,2016-17,Jordan Clarkson,24,LAL,-0.73,-2.8,-0.91,-1.89
1008,2016-17,KJ McDaniels,23,HOU/BRK,0.3,-1.42,-1.11,-0.32
1009,2016-17,Gary Harris,22,DEN,4.41,1.4,1.9,-0.5
1010,2016-17,Spencer Dinwiddie,23,BRK,2.75,0.78,0.23,0.54
1011,2016-17,Nik Stauskas,23,PHI,-1.4,-3.32,-1.22,-2.1
1012,2016-17,Rodney Hood,24,UTA,1.73,-0.68,-0.79,0.1
1013,2016-17,Glenn Robinson III,23,IND,0.16,-2.16,-1.42,-0.74
1014,2016-17,Jerami Grant,22,PHI/OKC,1.01,-1.33,-1.38,0.05
1015,2016-17,Joe Harris,25,BRK,-0.37,-2.83,-1.58,-1.25
1016,2016-17,Doug McDermott,25,CHI/OKC,-0.86,-3.22,-0.8,-2.42
1017,2016-17,Sean Kilpatrick,27,BRK,0.21,-2.15,-0.56,-1.59
1018,2016-17,Aaron Gordon,21,ORL,3.25,-0.19,0.39,-0.58
1019,2016-17,T.J. Warren,23,PHO,2.41,-0.55,0.78,-1.33
1020,2016-17,Marcus Smart,22,BOS,5.27,0.98,-0.27,1.25
1021,2016-17,Kyle Anderson,23,SAS,2.12,0.81,-1.37,2.18
1022,2016-17,Dwight Powell,25,DAL,2.68,0.7,-0.58,1.28
1023,2016-17,Noah Vonleh,21,POR,0.97,-1.17,-2.33,1.16
1024,2016-17,Julius Randle,22,LAL,1.26,-1.43,-1,-0.43
1025,2016-17,Andrew Wiggins,21,MIN,3.98,-0.35,1.13,-1.49
1026,2016-17,Jabari Parker,21,MIL,1.74,-0.81,0.59,-1.39
1027,2016-17,Joel Embiid,22,PHI,2.89,3.25,0.89,2.36
1028,2016-17,Danté Exum,21,UTA,0.29,-1.97,-1.34,-0.62
1029,2016-17,Dario Šarić,22,PHI,-0.3,-2.55,-1.37,-1.17
1030,2016-17,Clint Capela,22,HOU,3.38,0.95,-0.03,0.99
1031,2016-17,Jusuf Nurkić,22,DEN/POR,2.37,0.24,-1.16,1.4
1032,2016-17,Nikola Jokić,21,DEN,8.59,4.11,3.02,1.09
1033,2016-17,Kristaps Porziņģis,21,NYK,3.04,-0.2,-0.4,0.19
1034,2016-17,Tyler Johnson,24,MIA,4.09,0.51,0.29,0.21
1035,2016-17,Tim Frazier,26,NOP,1.21,-1.13,-0.55,-0.57
1036,2016-17,Tarik Black,25,LAL,1.83,0.21,-1.22,1.42
1037,2016-17,Langston Galloway,25,NOP/SAC,-0.09,-2.43,-0.72,-1.7
1038,2016-17,Joe Ingles,29,UTA,3.93,0.68,-0.03,0.71
1039,2016-17,T.J. McConnell,24,PHI,2.08,-0.85,-1.27,0.42
1040,2016-17,Tyson Chandler,34,PHO,3.1,1.27,-0.67,1.95
1041,2016-17,Pau Gasol,36,SAS,3.98,1.36,0,1.36
1042,2016-17,Joe Johnson,35,UTA,1.9,-0.77,-0.64,-0.13
1043,2016-17,Richard Jefferson,36,CLE,0.22,-2.13,-1.07,-1.05
1044,2016-17,Zach Randolph,35,MEM,1.43,-1.11,0.28,-1.39
1045,2016-17,Tony Parker,34,SAS,1.29,-1.09,-0.47,-0.62
1046,2016-17,Mike Dunleavy,36,CLE/ATL,-0.17,-2.65,-1.98,-0.66
1047,2016-17,Nene,34,HOU,2.78,1.17,0.13,1.04
1048,2016-17,Matt Barnes,36,SAC/GSW,1.54,-1.02,-0.61,-0.41
1049,2016-17,LeBron James,32,CLE,14.86,5.93,5.74,0.19
1050,2016-17,Carmelo Anthony,32,NYK,3.32,-0.35,1.58,-1.93
1051,2016-17,Dwyane Wade,35,CHI,2.59,-0.14,0.32,-0.46
1052,2016-17,David West,36,GSW,1.45,0.23,-0.57,0.79
1053,2016-17,Boris Diaw,34,UTA,1.11,-1.02,-1.05,0.04
1054,2016-17,Leandro Barbosa,34,PHO,0.09,-2.18,-1.63,-0.55
1055,2016-17,Zaza Pachulia,32,GSW,2.97,1.2,-0.75,1.95
1056,2016-17,Kyle Korver,35,ATL/CLE,1.21,-1.28,-0.28,-1
1057,2016-17,Dwight Howard,31,ATL,5.43,1.4,-0.75,2.15
1058,2016-17,Shaun Livingston,31,GSW,-0.18,-2.53,-1.6,-0.94
1059,2016-17,Devin Harris,33,DAL,2.19,0.71,0.36,0.35
1060,2016-17,Luol Deng,31,LAL,1.45,-0.85,-1.52,0.67
1061,2016-17,Andre Iguodala,33,GSW,4.34,0.95,1.29,-0.35
1062,2016-17,Kris Humphries,31,ATL,0.89,-0.37,-1.09,0.72
1063,2016-17,Al Jefferson,32,IND,1.16,-0.44,-0.22,-0.22
1064,2016-17,JR Smith,31,CLE,0.66,-1.49,-0.74,-0.75
1065,2016-17,Jameer Nelson,34,DEN,2.63,-0.39,0.06,-0.44
1066,2016-17,Tony Allen,35,MEM,3.74,0.62,-0.57,1.19
1067,2016-17,Beno Udrih,34,DET,0.8,-0.18,-0.08,-0.1
1068,2016-17,Trevor Ariza,31,HOU,7.28,1.63,0.89,0.75
1069,2017-18,Marvin Williams,31,CHO,2.77,-0.24,-0.23,-0.02
1070,2017-18,Chris Paul,32,HOU,8.03,4.32,4.02,0.3
1071,2017-18,Raymond Felton,33,OKC,0.57,-1.69,-0.48,-1.21
1072,2017-18,Channing Frye,34,CLE/LAL,0.95,-0.26,-0.32,0.06
1073,2017-18,Gerald Green,32,HOU,1.16,-0.43,1.07,-1.51
1074,2017-18,Jarrett Jack,34,NYK,1.6,-0.76,-0.23,-0.53
1075,2017-18,Ian Mahinmi,31,WAS,0.75,-1.34,-2.22,0.88
1076,2017-18,CJ Miles,30,TOR,2.57,0.57,1.69,-1.12
1077,2017-18,Ersan Ilyasova,30,ATL/PHI,3.56,0.78,0.25,0.53
1078,2017-18,Lou Williams,31,LAC,3.63,-0.21,3.34,-3.55
1079,2017-18,Amir Johnson,30,PHI,1.7,-0.13,-1.57,1.44
1080,2017-18,Marcin Gortat,33,WAS,4.04,0.61,-0.9,1.51
1081,2017-18,Jose Calderon,36,CLE,0.31,-1.81,-1.36,-0.45
1082,2017-18,Emmanuel Mudiay,21,DEN/NYK,-0.69,-3.19,-1.4,-1.78
1083,2017-18,Tyus Jones,21,MIN,3.11,0.87,0.59,0.28
1084,2017-18,Justin Anderson,24,PHI,0.26,-1.55,-0.11,-1.45
1085,2017-18,Montrezl Harrell,24,LAC,3.42,1.66,2.19,-0.54
1086,2017-18,Andrew Harrison,23,MEM,1.59,-0.52,-0.27,-0.24
1087,2017-18,Delon Wright,25,TOR,2.74,0.56,0.47,0.09
1088,2017-18,Sam Dekker,23,LAC,1.1,-0.44,-0.19,-0.25
1089,2017-18,D'Angelo Russell,21,BRK,0.69,-1.48,0.55,-2.04
1090,2017-18,Karl-Anthony Towns,22,MIN,12.22,4.06,3.32,0.74
1091,2017-18,Richaun Holmes,24,PHI,1.04,-0.23,-0.23,0.01
1092,2017-18,Justise Winslow,21,MIA,2.94,0.31,-1.08,1.38
1093,2017-18,Willie Cauley-Stein,24,SAC,3.66,0.38,-1,1.38
1094,2017-18,Kelly Oubre Jr.,22,WAS,1.67,-1.2,-0.28,-0.92
1095,2017-18,Frank Kaminsky,24,CHO,2.45,-0.31,-0.02,-0.29
1096,2017-18,Devin Booker,21,PHO,1.89,-0.79,1.18,-1.98
1097,2017-18,Cameron Payne,23,CHI,1.02,0.31,0.06,0.25
1098,2017-18,Myles Turner,21,IND,4.27,1.18,-0.51,1.69
1099,2017-18,Trey Lyles,22,DEN,3,0.93,1.16,-0.23
1100,2017-18,Stanley Johnson,21,DET,1.55,-1.09,-2.02,0.94
1101,2017-18,Jerian Grant,25,CHI,2.02,-0.52,0.11,-0.62
1102,2017-18,Bobby Portis,22,CHI,2.49,-0.04,0.94,-0.98
1103,2017-18,Kevon Looney,21,GSW,1.4,0,-0.94,0.94
1104,2017-18,Rondae Hollis-Jefferson,23,BRK,2.35,-0.48,-0.94,0.46
1105,2017-18,Terry Rozier,23,BOS,2.84,-0.25,0.21,-0.46
1106,2017-18,Norman Powell,24,TOR,-0.32,-2.8,-2.04,-0.77
1107,2017-18,Jarell Martin,23,MEM,0.31,-2.05,-1.86,-0.19
1108,2017-18,Quinn Cook,24,GSW,-0.18,-2.7,-1.07,-1.64
1109,2017-18,Pat Connaughton,25,POR,0.84,-1.47,-0.65,-0.83
1110,2017-18,Josh Richardson,24,MIA,4.52,0.21,-0.87,1.08
1111,2017-18,Joe Young,25,IND,-0.33,-3.25,-1.53,-1.72
1112,2017-18,Treveon Graham,24,CHO,0.26,-1.95,-2.14,0.19
1113,2017-18,Larry Nance Jr.,25,LAL/CLE,4.72,2.7,0.69,2
1114,2017-18,Mario Hezonja,22,ORL,0.86,-1.54,-1.01,-0.53
1115,2017-18,Royce O'Neale,24,UTA,1.84,0.08,-0.81,0.9
1116,2017-18,Cedi Osman,22,CLE,0.89,-0.34,-0.54,0.2
1117,2017-18,Cristiano Felicio,25,CHI,-0.2,-2.65,-2.06,-0.59
1118,2017-18,Salah Mejri,31,DAL,1.99,1.79,-0.95,2.74
1119,2017-18,Malcolm Delaney,28,ATL,0.72,-1.25,-0.95,-0.3
1120,2017-18,Ben Simmons,21,PHI,8.18,2.2,0.84,1.35
1121,2017-18,Dragan Bender,20,PHO,-1.22,-3.25,-2.94,-0.31
1122,2017-18,Domantas Sabonis,21,IND,2.3,-0.41,-0.73,0.32
1123,2017-18,Malik Beasley,21,DEN,0.06,-2.18,-1.43,-0.75
1124,2017-18,Marquese Chriss,20,PHO,1.68,-0.66,-1.89,1.23
1125,2017-18,Deyonta Davis,21,MEM,-0.07,-2.45,-1.63,-0.82
1126,2017-18,Kris Dunn,23,CHI,1.3,-1.03,-1.66,0.63
1127,2017-18,Buddy Hield,25,SAC,1.43,-1.26,-0.69,-0.57
1128,2017-18,Brandon Ingram,20,LAL,2.52,-0.4,-0.29,-0.11
1129,2017-18,Skal Labissiere,21,SAC,0.44,-1.79,-2.01,0.22
1130,2017-18,Caris LeVert,23,BRK,1.32,-1.25,-0.46,-0.79
1131,2017-18,Thon Maker,20,MIL,0.94,-1.18,-1.52,0.34
1132,2017-18,Dejounte Murray,21,SAS,4.09,1.21,-0.79,2
1133,2017-18,Jamal Murray,20,DEN,5.85,1.11,1.51,-0.4
1134,2017-18,Jakob Poeltl,22,TOR,3.29,0.93,-0.61,1.54
1135,2017-18,Taurean Prince,23,ATL,1.41,-1.46,-1.28,-0.18
1136,2017-18,Tyler Ulis,22,PHO,0.74,-1.65,-0.97,-0.68
1137,2017-18,Denzel Valentine,24,CHI,1.34,-1.36,-1.33,-0.03
1138,2017-18,Jaylen Brown,21,BOS,4.69,0.96,-0.03,0.99
1139,2017-18,Malcolm Brogdon,25,MIL,1.77,-0.46,-0.1,-0.37
1140,2017-18,Cheick Diallo,21,NOP,0.55,-0.88,-1.56,0.68
1141,2017-18,Patrick McCaw,22,GSW,-0.05,-2.41,-1.24,-1.17
1142,2017-18,Wayne Selden,23,MEM,-0.42,-3.28,-1.3,-1.98
1143,2017-18,Pascal Siakam,23,TOR,4.04,1.3,0.01,1.29
1144,2017-18,Timothe Luwawu-Cabarrot,22,PHI,-0.19,-2.7,-1.05,-1.65
1145,2017-18,Yogi Ferrell,24,DAL,2.88,-0.42,-0.42,0
1146,2017-18,Isaiah Taylor,23,ATL,0.05,-2.27,-1.19,-1.07
1147,2017-18,Tyrone Wallace,23,LAC,0.15,-2.05,-0.9,-1.16
1148,2017-18,Fred VanVleet,23,TOR,4,1.64,1.7,-0.06
1149,2017-18,Paul Zipser,23,CHI,-0.28,-2.86,-3.08,0.22
1150,2017-18,Abdel Nader,24,BOS,-0.17,-2.84,-2.43,-0.41
1151,2017-18,Bryn Forbes,24,SAS,0.53,-1.8,-0.98,-0.81
1152,2017-18,Alex Caruso,23,LAL,0.37,-1.34,-1.83,0.48
1153,2017-18,David Nwaba,25,CHI,0.45,-1.91,-1.55,-0.35
1154,2017-18,Lonzo Ball,20,LAL,4.14,1.18,-0.22,1.41
1155,2017-18,Josh Jackson,20,PHO,-0.43,-2.67,-1.22,-1.45
1156,2017-18,De'Aaron Fox,20,SAC,-0.75,-2.9,-1.55,-1.36
1157,2017-18,Jayson Tatum,19,BOS,5.09,0.82,-0.75,1.57
1158,2017-18,Malik Monk,19,CHO,-0.29,-2.85,-0.9,-1.94
1159,2017-18,Jonathan Isaac,20,ORL,0.34,-1.35,-3.16,1.81
1160,2017-18,Dennis Smith Jr.,20,DAL,1.59,-1.15,-0.67,-0.49
1161,2017-18,Frank Ntilikina,19,NYK,-0.02,-2.34,-1.87,-0.47
1162,2017-18,Lauri Markkanen,20,CHI,2.8,-0.23,0.01,-0.24
1163,2017-18,Donovan Mitchell,21,UTA,6.58,1.43,1.05,0.39
1164,2017-18,Luke Kennard,21,DET,0.52,-1.78,-1.16,-0.63
1165,2017-18,Zach Collins,20,POR,0.25,-1.97,-2.16,0.19
1166,2017-18,John Collins,20,ATL,2.52,-0.19,-1.22,1.03
1167,2017-18,Justin Jackson,22,SAC,-0.13,-2.46,-1.89,-0.57
1168,2017-18,OG Anunoby,20,TOR,1.15,-1.15,-1.2,0.05
1169,2017-18,Jarrett Allen,19,BRK,0.88,-1.4,-1.41,0.01
1170,2017-18,Bam Adebayo,20,MIA,1.86,-0.28,-1.19,0.91
1171,2017-18,Terrance Ferguson,19,OKC,-0.34,-3.01,-1.84,-1.18
1172,2017-18,Jawun Evans,21,LAC,0.36,-1.63,-1.63,0
1173,2017-18,Jordan Bell,23,GSW,1.79,1.01,-0.2,1.21
1174,2017-18,Ivan Rabb,20,MEM,0.26,-1.56,-1.36,-0.2
1175,2017-18,Kyle Kuzma,22,LAL,1.9,-1.13,0.1,-1.23
1176,2017-18,Semi Ojeleye,23,BOS,-0.79,-3.4,-3,-0.4
1177,2017-18,Josh Hart,22,LAL,1.49,-0.78,-0.32,-0.47
1178,2017-18,Dwayne Bacon,22,CHO,-0.03,-2.39,-2.55,0.16
1179,2017-18,Wes Iwundu,23,ORL,0.89,-1.01,-1.52,0.51
1180,2017-18,Frank Mason III,23,SAC,0.88,-0.98,-0.89,-0.08
1181,2017-18,Sindarius Thornwell,23,LAC,0.83,-1.24,-1.77,0.54
1182,2017-18,Dillon Brooks,22,MEM,-1.09,-3.04,-1.97,-1.08
1183,2017-18,Tyler Dorsey,21,ATL,0.09,-2.19,-1,-1.18
1184,2017-18,Kobi Simmons,20,MEM,-0.76,-4.18,-2.14,-2.04
1185,2017-18,Sterling Brown,22,MIL,0.07,-2.2,-1.48,-0.71
1186,2017-18,Mike James,27,PHO/NOP,1.28,0.49,0.73,-0.24
1187,2017-18,Milos Teodosic,30,LAC,0.84,-1.2,0.22,-1.42
1188,2017-18,Tyler Cavanaugh,23,ATL,0.65,-0.44,-0.15,-0.29
1189,2017-18,Daniel Theis,25,BOS,1.62,0.29,-1.03,1.31
1190,2017-18,Maxi Kleber,26,DAL,1.63,-0.29,-1.27,0.98
1191,2017-18,Torrey Craig,27,DEN,0.39,-1.38,-1.04,-0.33
1192,2017-18,Vince Carter,41,SAC,1,-0.85,-1.28,0.43
1193,2017-18,Dirk Nowitzki,39,DAL,3.66,0.58,-0.79,1.37
1194,2017-18,Jason Terry,40,MIL,0.5,-1.4,-1.72,0.32
1195,2017-18,Manu Ginobili,40,SAS,1.29,-0.83,0.09,-0.92
1196,2017-18,LaMarcus Aldridge,32,SAS,9.39,3.35,2.8,0.55
1197,2017-18,Rudy Gay,31,SAS,2.29,0.47,0.3,0.17
1198,2017-18,JJ Redick,33,PHI,4.67,1,1.77,-0.77
1199,2017-18,Thabo Sefolosha,33,UTA,1.52,0.51,-0.77,1.28
1200,2017-18,Rajon Rondo,31,NOP,1.8,-0.73,0.1,-0.83
1201,2017-18,Kyle Lowry,31,TOR,10.46,4.03,3.43,0.6
1202,2017-18,P.J. Tucker,32,HOU,3.7,0.12,-0.7,0.82
1203,2017-18,Paul Millsap,32,DEN,2.21,0.58,-0.11,0.69
1204,2017-18,J.J. Barea,33,DAL,3.01,0.5,1.63,-1.13
1205,2017-18,Kevin Durant,29,GSW,9.52,3.91,4.25,-0.34
1206,2017-18,Al Horford,31,BOS,4.64,0.74,-0.13,0.87
1207,2017-18,Jeff Green,31,CLE,2.88,0.05,0.8,-0.75
1208,2017-18,Corey Brewer,31,LAL/OKC,0.95,-1.14,-1.21,0.07
1209,2017-18,Thaddeus Young,29,IND,5.71,0.97,-0.31,1.28
1210,2017-18,Nick Young,32,GSW,0.52,-1.76,0.11,-1.88
1211,2017-18,Marco Belinelli,31,ATL/PHI,1.54,-1.13,0.38,-1.51
1212,2017-18,Jared Dudley,32,PHO,1.16,0.22,-1.12,1.34
1213,2017-18,Wilson Chandler,30,DEN,1.39,-1.43,-1.35,-0.08
1214,2017-18,Arron Afflalo,32,ORL,-0.73,-4.01,-2.6,-1.41
1215,2017-18,Marc Gasol,33,MEM,5.93,1.38,0.24,1.14
1216,2017-18,Anthony Tolliver,32,DET,3.84,0.96,0.38,0.58
1217,2017-18,Michael Beasley,29,NYK,1.59,-0.87,0.6,-1.47
1218,2017-18,Russell Westbrook,29,OKC,14.27,5.22,4.38,0.84
1219,2017-18,Kevin Love,29,CLE,5.33,2.56,2.53,0.03
1220,2017-18,Danilo Gallinari,29,LAC,1.47,0.98,1.12,-0.15
1221,2017-18,Eric Gordon,29,HOU,4.18,0.6,2.17,-1.57
1222,2017-18,D.J. Augustin,30,ORL,2.22,-0.42,0.58,-1
1223,2017-18,Brook Lopez,29,LAL,2.91,0.2,-0.13,0.33
1224,2017-18,Jerryd Bayless,29,PHI,-0.41,-3.01,-2.16,-0.86
1225,2017-18,Robin Lopez,29,CHI,0.55,-1.84,-2.13,0.3
1226,2017-18,Marreese Speights,30,ORL,0.77,-0.6,0.67,-1.27
1227,2017-18,JaVale McGee,30,GSW,1.57,1.51,-0.16,1.67
1228,2017-18,Ryan Anderson,29,HOU,1.73,-0.81,0,-0.81
1229,2017-18,Courtney Lee,32,NYK,-0.27,-2.51,-1.15,-1.36
1230,2017-18,Kosta Koufos,28,SAC,2.13,-0.01,-0.81,0.8
1231,2017-18,Serge Ibaka,28,TOR,3.79,0.4,-0.14,0.54
1232,2017-18,Nicolas Batum,29,CHO,2.95,-0.08,0.04,-0.13
1233,2017-18,George Hill,31,SAC/CLE,2.69,-0.09,-0.03,-0.06
1234,2017-18,Mario Chalmers,31,MEM,2.01,-0.19,-0.69,0.5
1235,2017-18,DeAndre Jordan,29,LAC,5.22,0.92,0.4,0.52
1236,2017-18,Luc Mbah a Moute,31,HOU,0.98,-1.37,-1.81,0.43
1237,2017-18,Goran Dragic,31,MIA,3.85,0.12,0.73,-0.61
1238,2017-18,Blake Griffin,28,LAC/DET,3.98,0.72,1.62,-0.89
1239,2017-18,James Harden,28,HOU,14.25,6.41,6.4,0.01
1240,2017-18,Tyreke Evans,28,MEM,3.67,1.12,2.21,-1.1
1241,2017-18,Ricky Rubio,27,UTA,6.46,2,0.23,1.77
1242,2017-18,Stephen Curry,29,GSW,8.65,5.91,6.14,-0.23
1243,2017-18,DeMar DeRozan,28,TOR,10.09,3.32,4.05,-0.73
1244,2017-18,James Johnson,30,MIA,2.49,-0.39,-0.17,-0.22
1245,2017-18,Jrue Holiday,27,NOP,8.12,1.86,1.5,0.36
1246,2017-18,Jeff Teague,29,MIN,5.31,1.14,1.22,-0.08
1247,2017-18,Darren Collison,30,IND,4.58,1.09,0.78,0.31
1248,2017-18,Omri Casspi,29,GSW,0.61,-1.08,-1.2,0.12
1249,2017-18,Taj Gibson,32,MIN,4.16,-0.02,-0.02,0
1250,2017-18,DeMarre Carroll,31,BRK,3.7,0.23,0.05,0.18
1251,2017-18,Wayne Ellington,30,MIA,2.54,-0.45,1.01,-1.46
1252,2017-18,Dante Cunningham,30,NOP/BRK,1.09,-1.27,-1.22,-0.05
1253,2017-18,Jonas Jerebko,30,UTA,1.15,-0.79,-0.62,-0.17
1254,2017-18,Jodie Meeks,30,WAS,1.23,-0.66,0.56,-1.22
1255,2017-18,Danny Green,30,SAS,3.26,0.42,-0.84,1.25
1256,2017-18,Patty Mills,29,SAS,3.72,0.34,0.93,-0.59
1257,2017-18,Garrett Temple,31,SAC,0.85,-1.53,-1.53,0
1258,2017-18,Wesley Matthews,31,DAL,2.2,-0.77,-0.65,-0.11
1259,2017-18,John Wall,27,WAS,3.66,1.59,1.93,-0.34
1260,2017-18,Evan Turner,29,POR,0.59,-1.89,-1.72,-0.17
1261,2017-18,Derrick Favors,26,UTA,4.83,1.05,-0.59,1.64
1262,2017-18,Wesley Johnson,30,LAC,1.69,-0.6,-2.12,1.51
1263,2017-18,DeMarcus Cousins,27,NOP,6.19,3.07,1.4,1.67
1264,2017-18,Ekpe Udoh,30,UTA,1.5,0.46,-2.24,2.7
1265,2017-18,Greg Monroe,27,MIL/PHO/BOS,1.48,-0.18,-0.47,0.29
1266,2017-18,Al-Farouq Aminu,27,POR,4.46,0.92,-0.13,1.04
1267,2017-18,Paul George,27,OKC,8.75,2.24,1.94,0.3
1268,2017-18,Ed Davis,28,POR,2.55,0.28,-0.81,1.09
1269,2017-18,Patrick Patterson,28,OKC,1.06,-1.06,-1.41,0.34
1270,2017-18,Luke Babbitt,28,ATL/MIA,0.54,-1.18,-0.87,-0.31
1271,2017-18,Eric Bledsoe,28,PHO/MIL,5.89,1.5,2.1,-0.6
1272,2017-18,Avery Bradley,27,DET/LAC,1.29,-0.97,-1.02,0.05
1273,2017-18,Trevor Booker,30,BRK/PHI/IND,1.41,-0.48,-0.88,0.4
1274,2017-18,Hassan Whiteside,28,MIA,4.17,2.28,0.22,2.06
1275,2017-18,Nemanja Bjelica,29,MIN,1.29,-0.9,-0.64,-0.26
1276,2017-18,Lance Stephenson,27,IND,1.63,-0.99,-0.3,-0.69
1277,2017-18,Ish Smith,29,DET,2.08,-0.79,-0.35,-0.43
1278,2017-18,Lance Thomas,29,NYK,-0.57,-2.98,-3.02,0.05
1279,2017-18,Kyrie Irving,25,BOS,6.01,2.37,3.68,-1.3
1280,2017-18,Enes Freedom,25,NYK,3.81,0.81,0.78,0.03
1281,2017-18,Tristan Thompson,26,CLE,1.11,-0.76,-1.02,0.26
1282,2017-18,Jonas Valančiūnas,25,TOR,3.77,0.96,0.7,0.26
1283,2017-18,Bismack Biyombo,25,ORL,0.51,-1.81,-2.21,0.41
1284,2017-18,Kemba Walker,27,CHO,9.09,2.7,3.41,-0.71
1285,2017-18,Klay Thompson,27,GSW,3.85,0,1.07,-1.08
1286,2017-18,Alec Burks,26,UTA,0.71,-1.31,-0.86,-0.45
1287,2017-18,Markieff Morris,28,WAS,1.87,-0.89,-1.11,0.22
1288,2017-18,Marcus Morris Sr.,28,BOS,0.96,-1.32,0.06,-1.38
1289,2017-18,Nikola Vučević,27,ORL,4.04,1.29,0.06,1.23
1290,2017-18,Tobias Harris,25,DET/LAC,5.01,0.51,1.03,-0.52
1291,2017-18,Nikola Mirotic,26,CHI/NOP,3.74,1.45,1.67,-0.23
1292,2017-18,Reggie Jackson,27,DET,2.6,0.94,1.28,-0.34
1293,2017-18,Cory Joseph,26,IND,2.3,-0.75,-0.55,-0.21
1294,2017-18,Jimmy Butler,28,MIN,8.71,3.8,3.1,0.69
1295,2017-18,Bojan Bogdanović,28,IND,2.3,-0.92,-0.31,-0.6
1296,2017-18,Shelvin Mack,27,ORL,1.27,-0.92,-0.22,-0.7
1297,2017-18,Chandler Parsons,29,MEM,0.52,-1.18,-0.33,-0.85
1298,2017-18,Davis Bertans,25,SAS,1.82,0.19,-0.05,0.24
1299,2017-18,DeAndre Liggins,29,MIL/NOP,0.25,-1.81,-2.78,0.97
1300,2017-18,E'Twaun Moore,28,NOP,0.85,-1.83,-0.71,-1.12
1301,2017-18,Isaiah Thomas,28,CLE/LAL,0.34,-1.73,0.8,-2.54
1302,2017-18,Anthony Davis,24,NOP,11.71,4.23,2.99,1.24
1303,2017-18,Michael Kidd-Gilchrist,24,CHO,2.98,0.1,-0.91,1.01
1304,2017-18,Bradley Beal,24,WAS,5.89,0.65,1.87,-1.22
1305,2017-18,Dion Waiters,26,MIA,0.08,-2.2,-1.16,-1.03
1306,2017-18,Damian Lillard,27,POR,11.29,4.13,4.59,-0.47
1307,2017-18,Terrence Ross,26,ORL,0.18,-1.88,-1.59,-0.29
1308,2017-18,Andre Drummond,24,DET,8.31,2.46,-0.06,2.51
1309,2017-18,Harrison Barnes,25,DAL,1.84,-1.27,-0.55,-0.71
1310,2017-18,Austin Rivers,25,LAC,2.33,-0.62,0.57,-1.19
1311,2017-18,Jeremy Lamb,25,CHO,3.67,0.48,0.71,-0.23
1312,2017-18,John Henson,27,MIL,3.77,0.56,-0.34,0.9
1313,2017-18,Maurice Harkless,24,POR,0.93,-1.21,-2.03,0.82
1314,2017-18,Tyler Zeller,28,BRK/MIL,1.36,-0.48,-1.23,0.74
1315,2017-18,Evan Fournier,25,ORL,1.05,-1.46,-0.03,-1.43
1316,2017-18,Miles Plumlee,29,ATL,0,-2.33,-3.45,1.13
1317,2017-18,Tomas Satoransky,26,WAS,2.4,-0.12,0.02,-0.14
1318,2017-18,Jae Crowder,27,CLE/UTA,2.45,-0.55,-0.18,-0.37
1319,2017-18,Draymond Green,27,GSW,7.47,2.61,0.63,1.98
1320,2017-18,Quincy Acy,27,BRK,0.73,-1.51,-1.56,0.05
1321,2017-18,Khris Middleton,26,MIL,7.94,1.69,1.88,-0.2
1322,2017-18,Will Barton,27,DEN,4.57,0.24,1.06,-0.82
1323,2017-18,Mike Scott,29,WAS,0.37,-1.93,-0.68,-1.25
1324,2017-18,Darius Miller,27,NOP,-0.63,-2.83,-0.37,-2.46
1325,2017-18,Kyle O'Quinn,27,NYK,3.36,1.33,-0.14,1.47
1326,2017-18,Kent Bazemore,28,ATL,2.95,0.16,-0.56,0.72
1327,2017-18,Justin Holiday,28,CHI,2.58,-0.6,-1.13,0.53
1328,2017-18,JaMychal Green,27,MEM,0.61,-1.73,-1.23,-0.5
1329,2017-18,Aron Baynes,31,BOS,2.16,-0.13,-1.94,1.81
1330,2017-18,Alex Len,24,PHO,2.43,0.31,-0.37,0.68
1331,2017-18,Allen Crabbe,25,BRK,2.24,-0.78,-0.13,-0.65
1332,2017-18,Andre Roberson,26,OKC,2.6,1.45,-1.49,2.93
1333,2017-18,Ben McLemore,24,MEM,-0.71,-3.34,-2.08,-1.26
1334,2017-18,Brandon Paul,26,SAS,0.1,-2.07,-2.45,0.38
1335,2017-18,CJ McCollum,26,POR,6.03,0.78,1.05,-0.27
1336,2017-18,Cody Zeller,25,CHO,1.03,0.16,-0.9,1.06
1337,2017-18,Dennis Schröder,24,ATL,3.86,0.48,1.42,-0.94
1338,2017-18,Dewayne Dedmon,28,ATL,1.43,-0.92,-1.91,0.98
1339,2017-18,Gorgui Dieng,28,MIN,0.92,-1.28,-1.71,0.43
1340,2017-18,Kelly Olynyk,26,MIA,4.47,1.46,0,1.46
1341,2017-18,Kentavious Caldwell-Pope,24,LAL,4.38,0.36,0.3,0.07
1342,2017-18,Mason Plumlee,27,DEN,2.21,0,-1.23,1.22
1343,2017-18,Michael Carter-Williams,26,CHO,1.83,0.99,-0.36,1.34
1344,2017-18,Mike Muscala,26,ATL,1.12,-0.73,-0.78,0.05
1345,2017-18,Otto Porter Jr.,24,WAS,6.69,1.82,0.73,1.09
1346,2017-18,Reggie Bullock Jr.,26,DET,1.63,-0.9,-0.39,-0.51
1347,2017-18,Robert Covington,27,PHI,8.49,2.75,0.16,2.59
1348,2017-18,Rudy Gobert,25,UTA,7.15,3.66,0.08,3.58
1349,2017-18,Shane Larkin,25,BOS,0.54,-1.28,-1.27,-0.01
1350,2017-18,Steven Adams,24,OKC,5.95,1.28,1.52,-0.24
1351,2017-18,Tim Hardaway Jr.,25,NYK,3.6,0.56,1.47,-0.92
1352,2017-18,Tony Snell,26,MIL,-0.36,-2.6,-1.77,-0.83
1353,2017-18,Trey Burke,25,NYK,1.45,0.46,2.47,-2.01
1354,2017-18,Victor Oladipo,25,IND,9.93,3.59,1.99,1.6
1355,2017-18,Giannis Antetokounmpo,23,MIL,12.59,4.68,3.46,1.22
1356,2017-18,James Ennis III,27,MEM/DET,1.06,-1.33,-1.26,-0.06
1357,2017-18,Alex Abrines,24,OKC,0.69,-1.41,-0.39,-1.02
1358,2017-18,Matthew Dellavedova,27,MIL,-0.03,-2.39,-1.2,-1.2
1359,2017-18,Joffrey Lauvergne,26,SAS,0.08,-2.09,-0.95,-1.14
1360,2017-18,Ian Clark,26,NOP,-0.78,-3.16,-1.52,-1.64
1361,2017-18,Troy Daniels,26,PHO,-0.11,-2.44,0,-2.44
1362,2017-18,Jonathon Simmons,28,ORL,-1.27,-3.3,-1.69,-1.61
1363,2017-18,Jamal Crawford,37,MIN,-1.17,-3.43,-0.29,-3.14
1364,2017-18,C.J. Williams,27,LAC,0.52,-1.22,-0.91,-0.3
1365,2017-18,Shabazz Napier,26,POR,1.69,-0.67,-0.24,-0.43
1366,2017-18,Zach LaVine,22,CHI,1.22,0.47,1.01,-0.55
1367,2017-18,Tyler Ennis,23,LAL,0.53,-1.14,-1.42,0.27
1368,2017-18,Elfrid Payton,23,ORL/PHO,3.16,0.31,0.64,-0.33
1369,2017-18,Jordan Clarkson,25,LAL/CLE,1.5,-1.12,0.65,-1.77
1370,2017-18,Gary Harris,23,DEN,5.15,1.04,1.02,0.02
1371,2017-18,Spencer Dinwiddie,24,BRK,6.54,1.96,1.31,0.65
1372,2017-18,Nik Stauskas,24,PHI/BRK,0.16,-1.87,-1.06,-0.81
1373,2017-18,Rodney Hood,25,UTA/CLE,0.57,-1.79,-0.16,-1.63
1374,2017-18,Khem Birch,25,ORL,1.38,1.27,0.36,0.91
1375,2017-18,Jerami Grant,23,OKC,2.2,-0.31,-0.28,-0.03
1376,2017-18,Joe Harris,26,BRK,1.47,-1.2,-0.21,-0.99
1377,2017-18,Doug McDermott,26,NYK/DAL,0.7,-1.72,-0.6,-1.12
1378,2017-18,Sean Kilpatrick,28,BRK/MIL/LAC/CHI,0.78,-0.47,0.05,-0.52
1379,2017-18,Aaron Gordon,22,ORL,4.4,1.15,0.81,0.33
1380,2017-18,T.J. Warren,24,PHO,1.84,-1.02,0.45,-1.48
1381,2017-18,Marcus Smart,23,BOS,2.69,0.19,-0.62,0.81
1382,2017-18,Kyle Anderson,24,SAS,5.17,1.61,-0.65,2.26
1383,2017-18,Dwight Powell,26,DAL,4.25,1.51,-0.04,1.54
1384,2017-18,Noah Vonleh,22,POR/CHI,1.3,-0.08,-1.13,1.05
1385,2017-18,Julius Randle,23,LAL,2.35,-0.7,0.36,-1.06
1386,2017-18,Andrew Wiggins,22,MIN,5.42,0.42,0.96,-0.55
1387,2017-18,Jabari Parker,22,MIL,0.63,-1.05,0.84,-1.88
1388,2017-18,Joel Embiid,23,PHI,6.82,3.08,1.73,1.35
1389,2017-18,Eric Moreland,26,DET,1.82,1.08,-2.02,3.1
1390,2017-18,Josh Huestis,26,OKC,-0.13,-2.54,-2.47,-0.07
1391,2017-18,Dario Šarić,23,PHI,3.67,0.07,0.51,-0.44
1392,2017-18,Clint Capela,23,HOU,6.54,2.53,0.63,1.91
1393,2017-18,Bogdan Bogdanović,25,SAC,1.26,-1.45,-0.9,-0.55
1394,2017-18,Jusuf Nurkić,23,POR,4.72,1.08,-1.19,2.27
1395,2017-18,Nikola Jokić,22,DEN,11,4.57,3.27,1.3
1396,2017-18,Kristaps Porziņģis,22,NYK,4.34,1.89,1.01,0.88
1397,2017-18,Tyler Johnson,25,MIA,2.98,-0.13,-0.37,0.24
1398,2017-18,Tim Frazier,27,WAS,1.5,0.37,-0.76,1.12
1399,2017-18,Tarik Black,26,HOU,0.21,-1.73,-2.13,0.4
1400,2017-18,Langston Galloway,26,DET,1.16,-0.29,-0.31,0.02
1401,2017-18,Joe Ingles,30,UTA,6.29,1.35,0.58,0.77
1402,2017-18,T.J. McConnell,25,PHI,0.41,-1.96,-1.6,-0.37
1403,2017-18,Tyson Chandler,35,PHO,1.14,-0.82,-1.72,0.9
1404,2017-18,Pau Gasol,37,SAS,4.31,1.26,0.03,1.23
1405,2017-18,Joe Johnson,36,UTA/HOU,-0.26,-2.67,-1.43,-1.24
1406,2017-18,Zach Randolph,36,SAC,1.03,-1.3,-0.56,-0.74
1407,2017-18,Tony Parker,35,SAS,0.57,-1.52,-0.91,-0.61
1408,2017-18,Nene,35,HOU,1.43,0.52,-0.73,1.25
1409,2017-18,LeBron James,33,CLE,14.28,4.92,5.36,-0.43
1410,2017-18,Carmelo Anthony,33,OKC,6,1.29,1.27,0.01
1411,2017-18,Dwyane Wade,36,CLE/MIA,2.58,0.21,0.65,-0.44
1412,2017-18,David West,37,GSW,2.05,0.77,-0.38,1.15
1413,2017-18,Zaza Pachulia,33,GSW,1.74,0.37,-0.95,1.33
1414,2017-18,Kyle Korver,36,CLE,3.06,0.61,1.4,-0.79
1415,2017-18,Dwight Howard,32,CHO,6.33,1.55,-0.03,1.58
1416,2017-18,Shaun Livingston,32,GSW,0.03,-2.29,-1.49,-0.81
1417,2017-18,Devin Harris,34,DAL/DEN,1.56,-0.57,0.1,-0.67
1418,2017-18,Andre Iguodala,34,GSW,2.62,0.11,-0.35,0.46
1419,2017-18,JR Smith,32,CLE,1.12,-1.57,-0.34,-1.23
1420,2017-18,Jameer Nelson,35,NOP/DET,-0.39,-2.92,-1.7,-1.22
1421,2017-18,Trevor Ariza,32,HOU,3.42,-0.05,-0.45,0.4
1422,2018-19,Marvin Williams,32,CHO,3.98,0.5,-0.1,0.6
1423,2018-19,Chris Paul,33,HOU,6.48,3.01,1.93,1.08
1424,2018-19,Gerald Green,33,HOU,0.32,-2.03,0.27,-2.3
1425,2018-19,CJ Miles,31,TOR/MEM,0.13,-2.13,-1.12,-1.01
1426,2018-19,Ersan Ilyasova,31,MIL,2.35,0.56,-0.2,0.75
1427,2018-19,Lou Williams,32,LAC,3.4,0.25,3.02,-2.77
1428,2018-19,Amir Johnson,31,PHI,0.46,-1.04,-1.38,0.34
1429,2018-19,Marcin Gortat,34,LAC,0.65,-1.04,-1.92,0.88
1430,2018-19,Jose Calderon,37,DET,-0.11,-2.64,-2.3,-0.34
1431,2018-19,Jahlil Okafor,23,NOP,1.08,-0.6,-0.55,-0.05
1432,2018-19,Emmanuel Mudiay,22,NYK,-0.46,-2.81,-0.95,-1.86
1433,2018-19,Tyus Jones,22,MIN,2.83,0.41,0.28,0.13
1434,2018-19,Montrezl Harrell,25,LAC,4.86,1.09,1.25,-0.17
1435,2018-19,Delon Wright,26,TOR/MEM,3.57,0.85,0.49,0.37
1436,2018-19,Sam Dekker,24,CLE/WAS,1.01,-0.41,-0.1,-0.31
1437,2018-19,D'Angelo Russell,22,BRK,5.62,1.15,1.79,-0.63
1438,2018-19,Karl-Anthony Towns,23,MIN,10.01,3.71,3.48,0.23
1439,2018-19,Richaun Holmes,25,PHO,1.5,-0.42,-0.84,0.42
1440,2018-19,Justise Winslow,22,MIA,3.08,0.05,-1.05,1.1
1441,2018-19,Willie Cauley-Stein,25,SAC,5.65,1.55,-0.12,1.67
1442,2018-19,Kelly Oubre Jr.,23,WAS/PHO,2.14,-0.65,-0.29,-0.36
1443,2018-19,Frank Kaminsky,25,CHO,1.32,0.32,0.71,-0.39
1444,2018-19,Devin Booker,22,PHO,1.21,-1.53,1.93,-3.46
1445,2018-19,Cameron Payne,24,CHI/CLE,0.21,-1.91,-1.63,-0.28
1446,2018-19,Myles Turner,22,IND,6.45,2.31,-0.86,3.17
1447,2018-19,Trey Lyles,23,DEN,1.14,-0.79,-0.47,-0.33
1448,2018-19,Stanley Johnson,22,DET/NOP,-0.19,-2.62,-2.68,0.06
1449,2018-19,Jerian Grant,26,ORL,0.42,-1.67,-1.7,0.02
1450,2018-19,Bobby Portis,23,CHI/WAS,1.14,-1.01,-0.49,-0.52
1451,2018-19,Kevon Looney,22,GSW,3.44,1.19,0.93,0.26
1452,2018-19,Rondae Hollis-Jefferson,24,BRK,1.74,-0.19,-0.97,0.78
1453,2018-19,Terry Rozier,24,BOS,2.06,-0.6,-0.6,0
1454,2018-19,Norman Powell,25,TOR,1.14,-0.81,-0.37,-0.44
1455,2018-19,Chasson Randle,25,WAS,0.26,-1.83,-0.59,-1.24
1456,2018-19,Quinn Cook,25,GSW,0.09,-2.24,-0.68,-1.56
1457,2018-19,Pat Connaughton,26,MIL,1.94,0,0.52,-0.52
1458,2018-19,Willy Hernangomez,24,CHO,1.33,0.14,0.56,-0.41
1459,2018-19,Josh Richardson,25,MIA,5.37,0.87,0.23,0.64
1460,2018-19,Treveon Graham,25,BRK,0.73,-0.8,-1.13,0.34
1461,2018-19,Larry Nance Jr.,26,CLE,2.99,0.19,-0.57,0.76
1462,2018-19,Mario Hezonja,23,NYK,1.1,-0.96,-1.08,0.12
1463,2018-19,Royce O'Neale,25,UTA,1.25,-1.21,-2.15,0.94
1464,2018-19,Cedi Osman,23,CLE,-0.4,-2.62,-1.41,-1.21
1465,2018-19,Cristiano Felicio,26,CHI,-0.08,-2.54,-1.33,-1.22
1466,2018-19,Boban Marjanović,30,LAC/PHI,1.66,1.36,0.94,0.42
1467,2018-19,Ben Simmons,22,PHI,7.14,1.69,1.26,0.42
1468,2018-19,Dragan Bender,21,PHO,0.3,-1.8,-1.81,0
1469,2018-19,Domantas Sabonis,22,IND,5.02,1.82,0.63,1.19
1470,2018-19,Malik Beasley,22,DEN,1.88,-0.82,0.28,-1.1
1471,2018-19,Kris Dunn,24,CHI,0.79,-1.49,-1.75,0.26
1472,2018-19,Buddy Hield,26,SAC,3.81,-0.13,1.32,-1.45
1473,2018-19,Brandon Ingram,21,LAL,0.93,-1.55,-0.42,-1.13
1474,2018-19,Caris LeVert,24,BRK,1.94,0.43,0.87,-0.44
1475,2018-19,Thon Maker,21,MIL/DET,0.85,-1.02,-1.44,0.43
1476,2018-19,Jamal Murray,21,DEN,5.12,0.84,1.52,-0.68
1477,2018-19,Jakob Poeltl,23,SAS,2.94,1.17,-0.24,1.41
1478,2018-19,Taurean Prince,24,ATL,0.23,-2.14,-1.41,-0.73
1479,2018-19,Jaylen Brown,22,BOS,2.6,-0.28,-0.65,0.37
1480,2018-19,DeAndre' Bembry,24,ATL,0.61,-1.87,-2.14,0.26
1481,2018-19,Malcolm Brogdon,26,MIL,4.83,1.68,1.43,0.25
1482,2018-19,Cheick Diallo,22,NOP,0.76,-1.06,-1.66,0.6
1483,2018-19,Jake Layman,24,POR,1.24,-0.93,-1.12,0.19
1484,2018-19,Georges Niang,25,UTA,0.16,-1.88,-0.49,-1.39
1485,2018-19,Wayne Selden,24,MEM/CHI,0.07,-2.29,-1.34,-0.96
1486,2018-19,Pascal Siakam,24,TOR,6.82,1.74,0.81,0.93
1487,2018-19,Furkan Korkmaz,21,PHI,0.84,-0.46,0.03,-0.49
1488,2018-19,Timothe Luwawu-Cabarrot,23,OKC/CHI,0.07,-2.2,-1.55,-0.65
1489,2018-19,Ante Zizic,22,CLE,0.79,-1.24,-1.4,0.16
1490,2018-19,Yogi Ferrell,25,SAC,0.75,-1.28,-0.5,-0.78
1491,2018-19,Tyrone Wallace,24,LAC,-0.02,-2.41,-2.14,-0.28
1492,2018-19,Juancho Hernangomez,23,DEN,1.4,-0.78,-0.8,0.02
1493,2018-19,Ivica Zubac,21,LAL/LAC,1.45,-0.22,-1.24,1.02
1494,2018-19,Dorian Finney-Smith,25,DAL,1.5,-1.2,-0.78,-0.42
1495,2018-19,Fred VanVleet,24,TOR,3.57,0.74,0.69,0.05
1496,2018-19,Abdel Nader,25,OKC,-0.44,-3.36,-2.61,-0.75
1497,2018-19,Ryan Arcidiacono,24,CHI,2.37,-0.51,-0.67,0.17
1498,2018-19,Bryn Forbes,25,SAS,2.28,-0.83,-1.12,0.28
1499,2018-19,Danuel House Jr.,25,HOU,0.49,-1.59,-0.33,-1.25
1500,2018-19,Derrick Jones Jr.,21,MIA,1.76,-0.02,-0.34,0.32
1501,2018-19,Shaquille Harrison,25,CHI,0.6,-1.72,-2.23,0.51
1502,2018-19,Alex Caruso,24,LAL,0.71,-0.32,-0.14,-0.17
1503,2018-19,David Nwaba,26,CLE,1.32,-0.31,-1.13,0.82
1504,2018-19,Alfonzo McKinnie,26,GSW,0.51,-1.59,-0.94,-0.65
1505,2018-19,Lonzo Ball,21,LAL,2.18,-0.02,-0.92,0.9
1506,2018-19,Josh Jackson,21,PHO,-0.79,-3,-2.34,-0.66
1507,2018-19,De'Aaron Fox,21,SAC,5.77,1.11,1.15,-0.05
1508,2018-19,Jayson Tatum,20,BOS,6.14,1.47,0.17,1.3
1509,2018-19,Malik Monk,20,CHO,0.48,-1.78,-0.67,-1.1
1510,2018-19,Jonathan Isaac,21,ORL,3.94,0.66,-1.08,1.74
1511,2018-19,Dennis Smith Jr.,21,DAL/NYK,0.42,-1.93,-1.44,-0.5
1512,2018-19,Frank Ntilikina,20,NYK,0.15,-2.11,-2.33,0.22
1513,2018-19,Lauri Markkanen,21,CHI,3.08,0.44,1.02,-0.58
1514,2018-19,Donovan Mitchell,22,UTA,6.02,1.18,1,0.18
1515,2018-19,Luke Kennard,22,DET,0.43,-1.91,-0.88,-1.03
1516,2018-19,Zach Collins,21,POR,1.02,-1.2,-1.68,0.48
1517,2018-19,John Collins,21,ATL,2.83,0.01,1.36,-1.35
1518,2018-19,Justin Jackson,23,SAC/DAL,0.29,-2.09,-1.06,-1.04
1519,2018-19,OG Anunoby,21,TOR,0.99,-1.24,-1.4,0.16
1520,2018-19,Harry Giles III,20,SAC,0.15,-2.08,-1.71,-0.37
1521,2018-19,Jarrett Allen,20,BRK,4.22,0.72,-0.29,1.01
1522,2018-19,T.J. Leaf,21,IND,0.47,-0.97,-0.48,-0.49
1523,2018-19,Bam Adebayo,21,MIA,4.53,1.26,-1.34,2.6
1524,2018-19,Terrance Ferguson,20,OKC,0.98,-1.58,-1.48,-0.11
1525,2018-19,D.J. Wilson,22,MIL,1.15,-0.36,-0.7,0.34
1526,2018-19,Jordan Bell,24,GSW,0.93,-0.55,-1.3,0.75
1527,2018-19,Ivan Rabb,21,MEM,0.63,-1.02,-1.41,0.39
1528,2018-19,Kyle Kuzma,23,LAL,3.3,-0.18,0.78,-0.96
1529,2018-19,Semi Ojeleye,24,BOS,0.11,-2.08,-1.28,-0.8
1530,2018-19,Derrick White,24,SAS,3.73,0.94,-0.5,1.44
1531,2018-19,Frank Jackson,20,NOP,-0.54,-3.09,-1.16,-1.94
1532,2018-19,Josh Hart,23,LAL,1.21,-1.27,-1.61,0.34
1533,2018-19,Dwayne Bacon,23,CHO,0.3,-1.76,-0.94,-0.82
1534,2018-19,Wes Iwundu,24,ORL,-0.16,-2.57,-2.53,-0.04
1535,2018-19,Jonah Bolden,23,PHI,0.56,-1.03,-1.33,0.3
1536,2018-19,Tyler Dorsey,22,ATL/MEM,0.45,-1.36,-0.36,-1
1537,2018-19,Thomas Bryant,21,WAS,3.27,0.98,0.55,0.43
1538,2018-19,Monté Morris,23,DEN,3.57,0.41,0.91,-0.49
1539,2018-19,Damyean Dotson,24,NYK,-1.21,-3.32,-1.54,-1.78
1540,2018-19,Sterling Brown,23,MIL,0.49,-1.63,-1.06,-0.57
1541,2018-19,Luke Kornet,23,NYK,1.47,0.52,-0.53,1.04
1542,2018-19,Daniel Theis,26,BOS,2.07,1.13,0.18,0.96
1543,2018-19,Maxi Kleber,27,DAL,3.03,0.72,-0.34,1.07
1544,2018-19,Antonio Blakeney,22,CHI,-0.62,-3.54,-1.72,-1.83
1545,2018-19,Torrey Craig,28,DEN,1.46,-0.87,-0.95,0.09
1546,2018-19,Isaiah Briscoe,22,ORL,-0.11,-2.68,-2.63,-0.06
1547,2018-19,Marvin Bagley III,19,SAC,0.77,-1.6,0.07,-1.67
1548,2018-19,Mo Bamba,20,ORL,0.99,-0.38,-2.22,1.84
1549,2018-19,Keita Bates-Diop,23,MIN,0.21,-1.71,-1.42,-0.29
1550,2018-19,Mikal Bridges,22,PHO,1.87,-1.17,-1.17,-0.01
1551,2018-19,Miles Bridges,20,CHO,2.04,-0.52,-0.67,0.15
1552,2018-19,Bruce Brown,22,DET,0.04,-2.32,-3.14,0.81
1553,2018-19,Troy Brown Jr.,19,WAS,0.81,-0.65,-0.25,-0.41
1554,2018-19,Jalen Brunson,22,DAL,1.41,-1,-0.3,-0.7
1555,2018-19,Jevon Carter,23,MEM,0.18,-1.89,-1.73,-0.16
1556,2018-19,Wendell Carter Jr.,19,CHI,1.71,0,-2.06,2.06
1557,2018-19,Hamidou Diallo,20,OKC,0.02,-2.32,-1.56,-0.77
1558,2018-19,Shai Gilgeous-Alexander,20,LAC,1.44,-1.34,-2.06,0.72
1559,2018-19,Devonte' Graham,23,CHO,0.77,-0.61,0.43,-1.04
1560,2018-19,Aaron Holiday,22,IND,0.19,-1.92,-0.95,-0.97
1561,2018-19,Kevin Huerter,20,ATL,1.76,-1.04,-0.7,-0.34
1562,2018-19,Chandler Hutchison,22,CHI,0.09,-2.22,-2.66,0.45
1563,2018-19,Jaren Jackson Jr.,19,MEM,1.55,-0.79,-1.82,1.03
1564,2018-19,Kevin Knox II,19,NYK,-3.98,-5.36,-2.64,-2.72
1565,2018-19,De'Anthony Melton,20,PHO,0.93,-0.91,-1.87,0.97
1566,2018-19,Josh Okogie,20,MIN,2.67,-0.02,-0.88,0.86
1567,2018-19,Mitchell Robinson,20,NYK,2.95,0.96,-1.1,2.06
1568,2018-19,Collin Sexton,20,CLE,-2.09,-3.63,-1.34,-2.3
1569,2018-19,Landry Shamet,21,PHI/LAC,1.12,-1.41,-0.46,-0.95
1570,2018-19,Omari Spellman,21,ATL,0.33,-1.73,-1.28,-0.45
1571,2018-19,Allonzo Trier,23,NYK,-1.42,-3.91,-1.71,-2.2
1572,2018-19,Kenrich Williams,24,NOP,1.54,-0.17,-0.78,0.61
1573,2018-19,Trae Young,20,ATL,1.26,-1.59,0.8,-2.38
1574,2018-19,Deandre Ayton,20,PHO,2.72,-0.45,-0.65,0.2
1575,2018-19,Luka Dončić,19,DAL,5.74,1.43,1.71,-0.28
1576,2018-19,Elie Okobo,21,PHO,-0.33,-2.91,-1.96,-0.96
1577,2018-19,Rodions Kurucs,20,BRK,1.17,-0.98,-1.05,0.08
1578,2018-19,Gary Clark,24,HOU,0.33,-1.56,-1.25,-0.32
1579,2018-19,Vince Carter,42,ATL,0.69,-1.57,-1.47,-0.1
1580,2018-19,Dirk Nowitzki,40,DAL,0.76,-0.9,-0.47,-0.42
1581,2018-19,LaMarcus Aldridge,33,SAS,6.87,1.55,1.01,0.54
1582,2018-19,Rudy Gay,32,SAS,3.56,0.6,-0.12,0.72
1583,2018-19,JJ Redick,34,PHI,3.19,-0.31,1.15,-1.46
1584,2018-19,Thabo Sefolosha,34,UTA,0.85,-0.21,-1.63,1.42
1585,2018-19,Rajon Rondo,32,LAL,0.37,-1.94,-1.18,-0.76
1586,2018-19,Kyle Lowry,32,TOR,7.81,3.07,2.2,0.87
1587,2018-19,P.J. Tucker,33,HOU,4.42,0.06,-1.45,1.5
1588,2018-19,Paul Millsap,33,DEN,5.56,2.14,0.71,1.43
1589,2018-19,J.J. Barea,34,DAL,1.65,0.99,1.91,-0.92
1590,2018-19,Kevin Durant,30,GSW,12.51,4.85,4.01,0.84
1591,2018-19,Al Horford,32,BOS,4.72,1.3,0.29,1.01
1592,2018-19,Mike Conley,31,MEM,8.79,3.42,3.71,-0.29
1593,2018-19,Jeff Green,32,WAS,1.19,-1.49,-0.22,-1.27
1594,2018-19,Joakim Noah,33,MEM,1.85,1.72,-0.08,1.81
1595,2018-19,Thaddeus Young,30,IND,6.68,1.75,0.3,1.45
1596,2018-19,Marco Belinelli,32,SAS,1.12,-1.42,-0.23,-1.18
1597,2018-19,Jared Dudley,33,BRK,1.28,-0.75,-1.25,0.5
1598,2018-19,Wilson Chandler,31,PHI/LAC,0.94,-1.14,-1.55,0.41
1599,2018-19,Marc Gasol,34,MEM/TOR,6.24,1.56,-0.59,2.15
1600,2018-19,Anthony Tolliver,33,MIN,0.59,-1.52,-1.08,-0.44
1601,2018-19,Derrick Rose,30,MIN,1.43,-0.77,1.32,-2.09
1602,2018-19,Russell Westbrook,30,OKC,11.56,4.46,3.44,1.02
1603,2018-19,Kevin Love,30,CLE,2.05,2.89,2.24,0.66
1604,2018-19,Danilo Gallinari,30,LAC,6.29,2.32,2.3,0.02
1605,2018-19,Eric Gordon,30,HOU,3.96,0.45,1.52,-1.07
1606,2018-19,D.J. Augustin,31,ORL,4.09,0.4,0.7,-0.3
1607,2018-19,Brook Lopez,30,MIL,7.92,2.88,-0.18,3.06
1608,2018-19,Jerryd Bayless,30,MIN,0.13,-2.05,-0.45,-1.61
1609,2018-19,Robin Lopez,30,CHI,-0.22,-2.58,-1.61,-0.97
1610,2018-19,JaVale McGee,31,LAL,3.59,0.92,-0.37,1.29
1611,2018-19,Kosta Koufos,29,SAC,0.72,-0.16,-1.64,1.49
1612,2018-19,Serge Ibaka,29,TOR,4.36,0.95,0.65,0.3
1613,2018-19,Nicolas Batum,30,CHO,2.46,-0.76,-0.87,0.12
1614,2018-19,George Hill,32,CLE/MIL,2.06,0.06,-0.09,0.15
1615,2018-19,DeAndre Jordan,30,DAL/NYK,2.07,-0.81,-2.11,1.3
1616,2018-19,Goran Dragic,32,MIA,1.65,0.18,0.56,-0.37
1617,2018-19,Blake Griffin,29,DET,7.15,1.81,1.47,0.34
1618,2018-19,James Harden,29,HOU,14.33,5.47,6.42,-0.95
1619,2018-19,Tyreke Evans,29,IND,1.53,-0.69,-0.18,-0.51
1620,2018-19,Ricky Rubio,28,UTA,4.29,1.09,0.31,0.79
1621,2018-19,Stephen Curry,30,GSW,9.9,4.22,4.7,-0.48
1622,2018-19,DeMar DeRozan,29,SAS,6.02,1.06,0.51,0.55
1623,2018-19,James Johnson,31,MIA,0.66,-1.48,-1.72,0.24
1624,2018-19,Jrue Holiday,28,NOP,8.55,3.11,3.19,-0.08
1625,2018-19,Jeff Teague,30,MIN,2.78,1,1.25,-0.25
1626,2018-19,Darren Collison,31,IND,3.98,0.48,0.61,-0.13
1627,2018-19,Omri Casspi,30,MEM,0.63,-0.52,-1.19,0.67
1628,2018-19,Taj Gibson,33,MIN,2.59,-0.01,-0.04,0.03
1629,2018-19,DeMarre Carroll,32,BRK,2.5,-0.12,0.17,-0.29
1630,2018-19,Wayne Ellington,31,MIA/DET,2.61,0.72,0.8,-0.08
1631,2018-19,Dante Cunningham,31,SAS,0.58,-1.4,-2.09,0.68
1632,2018-19,Jonas Jerebko,31,GSW,2.47,0.74,0.46,0.28
1633,2018-19,Patrick Beverley,30,LAC,5.12,1.3,0.44,0.86
1634,2018-19,Danny Green,31,TOR,4.93,1.05,0.16,0.88
1635,2018-19,Patty Mills,30,SAS,3.2,0.21,1.24,-1.03
1636,2018-19,Garrett Temple,32,MEM/LAC,1.06,-1.56,-2.05,0.49
1637,2018-19,Wesley Matthews,32,DAL/NYK/IND,1.08,-1.57,-0.57,-1
1638,2018-19,John Wall,28,WAS,2.41,0.98,0.95,0.03
1639,2018-19,Evan Turner,30,POR,1.93,-0.52,-0.65,0.13
1640,2018-19,Derrick Favors,27,UTA,6.13,2.98,0.87,2.1
1641,2018-19,Wesley Johnson,31,NOP/WAS,0.09,-2.11,-2.09,-0.02
1642,2018-19,DeMarcus Cousins,28,GSW,2.24,2.09,0.7,1.39
1643,2018-19,Al-Farouq Aminu,28,POR,5.49,1.3,-0.14,1.44
1644,2018-19,Gordon Hayward,28,BOS,4.03,0.95,0.52,0.43
1645,2018-19,Paul George,28,OKC,13.78,5.22,3.8,1.42
1646,2018-19,Ed Davis,29,BRK,3.35,1.18,-0.91,2.1
1647,2018-19,Patrick Patterson,29,OKC,-0.33,-2.97,-1.75,-1.21
1648,2018-19,Eric Bledsoe,29,MIL,8.67,3.52,2.47,1.05
1649,2018-19,Avery Bradley,28,LAC/MEM,-1.42,-3.54,-2.24,-1.3
1650,2018-19,Hassan Whiteside,29,MIA,6.03,3.18,0.96,2.22
1651,2018-19,Nemanja Bjelica,30,SAC,3.97,1.03,-0.16,1.19
1652,2018-19,Lance Stephenson,28,LAL,-0.09,-2.5,-1.28,-1.22
1653,2018-19,Jeremy Lin,30,ATL/TOR,0.81,-1.5,-0.74,-0.76
1654,2018-19,Ish Smith,30,DET,0.76,-1.42,-0.62,-0.8
1655,2018-19,Lance Thomas,30,NYK,-0.46,-3.3,-2.81,-0.49
1656,2018-19,Kyrie Irving,26,BOS,8.13,3.29,3.13,0.16
1657,2018-19,Enes Freedom,26,NYK/POR,4.19,1.55,1.96,-0.42
1658,2018-19,Tristan Thompson,27,CLE,1.53,-0.4,-0.37,-0.03
1659,2018-19,Jonas Valančiūnas,26,TOR/MEM,2.3,0.87,0.28,0.59
1660,2018-19,Bismack Biyombo,26,CHO,0.65,-1.08,-1.86,0.77
1661,2018-19,Brandon Knight,27,HOU/CLE,0.3,-1.73,-1.31,-0.42
1662,2018-19,Kemba Walker,28,CHO,9.69,2.84,3.89,-1.05
1663,2018-19,Klay Thompson,28,GSW,5,0.53,1.07,-0.54
1664,2018-19,Alec Burks,27,UTA/CLE/SAC,1.25,-0.96,-0.31,-0.66
1665,2018-19,Markieff Morris,29,WAS/OKC,1.34,-0.75,-0.7,-0.04
1666,2018-19,Marcus Morris Sr.,29,BOS,2.64,-0.43,-0.41,-0.01
1667,2018-19,Kawhi Leonard,27,TOR,8.5,4.09,3.54,0.55
1668,2018-19,Nikola Vučević,28,ORL,9.28,3.33,1.52,1.81
1669,2018-19,Iman Shumpert,28,SAC/HOU,0.51,-1.83,-1.45,-0.38
1670,2018-19,Tobias Harris,26,LAC/PHI,5.49,0.59,1.17,-0.58
1671,2018-19,Kenneth Faried,29,BRK/HOU,1.27,0.31,0.66,-0.35
1672,2018-19,Nikola Mirotic,27,NOP/MIL,2.18,0.32,0.9,-0.58
1673,2018-19,Reggie Jackson,28,DET,2.77,-0.51,0.32,-0.82
1674,2018-19,Cory Joseph,27,IND,4.89,1.27,-0.09,1.36
1675,2018-19,Jimmy Butler,29,MIN/PHI,6.05,1.88,1.95,-0.08
1676,2018-19,Bojan Bogdanović,29,IND,3.64,-0.2,0.67,-0.87
1677,2018-19,Shelvin Mack,28,MEM/CHO,-0.3,-2.74,-1.51,-1.22
1678,2018-19,Davis Bertans,26,SAS,3.67,1.08,-0.16,1.23
1679,2018-19,E'Twaun Moore,29,NOP,-0.37,-2.76,-1.19,-1.57
1680,2018-19,Anthony Davis,25,NOP,10.6,6.77,4.41,2.35
1681,2018-19,Michael Kidd-Gilchrist,25,CHO,1.67,-0.19,-1.14,0.95
1682,2018-19,Bradley Beal,25,WAS,6.9,1.13,2.33,-1.2
1683,2018-19,Dion Waiters,27,MIA,0.95,-1.08,-0.43,-0.65
1684,2018-19,Damian Lillard,28,POR,12.96,4.75,5.17,-0.42
1685,2018-19,Terrence Ross,27,ORL,2.76,-0.39,0.11,-0.5
1686,2018-19,Andre Drummond,25,DET,8.45,2.54,0.12,2.42
1687,2018-19,Harrison Barnes,26,DAL/SAC,0.67,-1.96,-0.65,-1.31
1688,2018-19,Austin Rivers,26,WAS/HOU,0.27,-2.16,-1.07,-1.08
1689,2018-19,Meyers Leonard,26,POR,1.22,-0.23,-0.56,0.33
1690,2018-19,Jeremy Lamb,26,CHO,5.32,1.26,0.86,0.39
1691,2018-19,Maurice Harkless,25,POR,2.6,0.45,-0.83,1.28
1692,2018-19,Evan Fournier,26,ORL,4.18,0.15,0.09,0.06
1693,2018-19,Tomas Satoransky,27,WAS,3.32,-0.01,0.02,-0.03
1694,2018-19,Jae Crowder,28,UTA,4.32,0.69,0.69,0
1695,2018-19,Draymond Green,28,GSW,4.65,1.09,-1.41,2.5
1696,2018-19,Khris Middleton,27,MIL,6.46,1.77,1.3,0.47
1697,2018-19,Will Barton,28,DEN,0.76,-1.38,-0.93,-0.45
1698,2018-19,Mike Scott,30,LAC/PHI,-0.13,-2.51,-1.26,-1.25
1699,2018-19,Darius Miller,28,NOP,-0.06,-2.42,-0.33,-2.09
1700,2018-19,Kent Bazemore,29,ATL,0.62,-1.78,-1.65,-0.13
1701,2018-19,Justin Holiday,29,CHI/MEM,1.24,-1.63,-2.08,0.44
1702,2018-19,JaMychal Green,28,MEM/LAC,1.52,-0.66,-1.12,0.46
1703,2018-19,Aron Baynes,32,BOS,0.89,-0.69,-1.57,0.87
1704,2018-19,Nerlens Noel,24,OKC,2.18,0.79,-1.54,2.34
1705,2018-19,Alex Len,25,ATL,2.06,-0.32,-0.6,0.28
1706,2018-19,Allen Crabbe,26,BRK,0.17,-2.14,-1.7,-0.44
1707,2018-19,CJ McCollum,27,POR,5.01,0.87,1.63,-0.76
1708,2018-19,Cody Zeller,26,CHO,2.19,0.34,-0.61,0.94
1709,2018-19,Dennis Schröder,25,OKC,2.25,-0.87,0.45,-1.32
1710,2018-19,Dewayne Dedmon,29,ATL,3,0.49,-1.1,1.59
1711,2018-19,Gorgui Dieng,29,MIN,1.62,0.04,-1.39,1.43
1712,2018-19,Isaiah Canaan,27,PHO/MIN/MIL,-0.12,-2.66,-1.44,-1.21
1713,2018-19,Kelly Olynyk,27,MIA,3.36,0.48,-0.55,1.03
1714,2018-19,Kentavious Caldwell-Pope,25,LAL,1.56,-1.19,-0.06,-1.12
1715,2018-19,Mason Plumlee,28,DEN,4.03,1.2,-0.35,1.55
1716,2018-19,Mike Muscala,27,PHI/LAL,1.13,-1.03,-1.26,0.23
1717,2018-19,Otto Porter Jr.,25,WAS/CHI,5.03,2.21,0.62,1.59
1718,2018-19,Reggie Bullock Jr.,27,DET/LAL,1.62,-1.04,-0.56,-0.48
1719,2018-19,Robert Covington,28,PHI/MIN,3.46,2.05,-0.45,2.5
1720,2018-19,Rudy Gobert,26,UTA,11.67,4.68,1.17,3.51
1721,2018-19,Steven Adams,25,OKC,6.75,1.51,0.53,0.98
1722,2018-19,Tim Hardaway Jr.,26,NYK/DAL,2.86,-0.23,0.37,-0.59
1723,2018-19,Tony Snell,27,MIL,1.05,-1.13,-0.6,-0.53
1724,2018-19,Trey Burke,26,NYK/DAL,1.23,-0.69,0.92,-1.6
1725,2018-19,Victor Oladipo,26,IND,3.28,2.02,1.33,0.7
1726,2018-19,Giannis Antetokounmpo,24,MIL,14.38,7.44,4.33,3.11
1727,2018-19,James Ennis III,28,HOU/PHI,0.8,-1.36,-0.97,-0.38
1728,2018-19,Alex Abrines,25,OKC,-0.15,-2.76,-2.12,-0.65
1729,2018-19,Matthew Dellavedova,28,MIL/CLE,0.53,-1.35,-0.44,-0.91
1730,2018-19,Solomon Hill,27,NOP,-0.23,-2.78,-2,-0.78
1731,2018-19,Ian Clark,27,NOP,-0.23,-2.74,-1.04,-1.7
1732,2018-19,Seth Curry,28,POR,0.94,-1.33,-0.78,-0.55
1733,2018-19,Troy Daniels,27,PHO,0.3,-1.75,-0.47,-1.28
1734,2018-19,Rodney McGruder,27,MIA,0.79,-1.57,-1.14,-0.44
1735,2018-19,Jonathon Simmons,29,ORL/PHI,-0.2,-2.66,-2.39,-0.27
1736,2018-19,Jamal Crawford,38,PHO,-0.79,-3.41,-0.71,-2.7
1737,2018-19,Shabazz Napier,27,BRK,2.32,1.25,1.33,-0.08
1738,2018-19,Zach LaVine,23,CHI,2.68,-0.47,0.76,-1.23
1739,2018-19,Elfrid Payton,24,NOP,2.15,0.27,0.18,0.08
1740,2018-19,Jordan Clarkson,26,CLE,-0.82,-2.94,0.02,-2.96
1741,2018-19,Gary Harris,24,DEN,1.56,-0.9,-0.15,-0.75
1742,2018-19,Spencer Dinwiddie,25,BRK,2.86,-0.07,1.22,-1.29
1743,2018-19,Nik Stauskas,25,POR/CLE,-0.09,-2.5,-1.24,-1.26
1744,2018-19,Rodney Hood,26,CLE/POR,2.39,-0.42,0.15,-0.58
1745,2018-19,Khem Birch,26,ORL,1.29,0.71,-0.51,1.22
1746,2018-19,Glenn Robinson III,25,DET,0.24,-1.75,-2.26,0.51
1747,2018-19,Jerami Grant,24,OKC,6,1.15,-0.31,1.46
1748,2018-19,Joe Harris,27,BRK,3.25,-0.19,-0.11,-0.08
1749,2018-19,Doug McDermott,27,IND,0.32,-2,-1.1,-0.9
1750,2018-19,Aaron Gordon,23,ORL,4.53,0.27,-0.59,0.86
1751,2018-19,T.J. Warren,25,PHO,1.12,-1.08,-0.63,-0.45
1752,2018-19,Marcus Smart,24,BOS,4.67,0.88,-0.32,1.2
1753,2018-19,Kyle Anderson,25,MEM,1.06,-1.09,-2.02,0.93
1754,2018-19,Dwight Powell,27,DAL,4.35,1.65,1.12,0.53
1755,2018-19,Noah Vonleh,23,NYK,2.63,-0.03,-1.71,1.68
1756,2018-19,Julius Randle,24,NOP,4.08,0.43,1.23,-0.8
1757,2018-19,Andrew Wiggins,23,MIN,1.05,-1.73,-0.16,-1.56
1758,2018-19,Jabari Parker,23,CHI/WAS,0.42,-1.99,-1.33,-0.65
1759,2018-19,Joel Embiid,24,PHI,8.96,4.07,2.29,1.79
1760,2018-19,Danté Exum,23,UTA,0.68,-0.8,-0.34,-0.46
1761,2018-19,Dario Šarić,24,PHI/MIN,2.22,-0.67,-0.03,-0.63
1762,2018-19,Clint Capela,24,HOU,6.07,1.77,1.06,0.71
1763,2018-19,Bogdan Bogdanović,26,SAC,1.9,-0.86,0.01,-0.87
1764,2018-19,Jusuf Nurkić,24,POR,7.33,3.36,1.26,2.1
1765,2018-19,Bruno Caboclo,23,MEM,0.9,-0.63,-0.8,0.16
1766,2018-19,Nikola Jokić,23,DEN,11.18,4.58,3.53,1.05
1767,2018-19,Tyler Johnson,26,MIA/PHO,1.21,-1.15,-0.65,-0.5
1768,2018-19,Tim Frazier,28,NOP/MIL,0.61,-1.53,-0.82,-0.71
1769,2018-19,Langston Galloway,27,DET,1.29,-1.22,-0.29,-0.93
1770,2018-19,Joe Ingles,31,UTA,6.93,1.77,0.61,1.17
1771,2018-19,T.J. McConnell,26,PHI,2.08,-0.19,-0.04,-0.15
1772,2018-19,Tyson Chandler,36,PHO/LAL,0.73,-1.08,-2.36,1.28
1773,2018-19,Tony Parker,36,CHO,0.31,-1.89,-0.55,-1.34
1774,2018-19,Nene,36,HOU,0.34,-1.41,-1.83,0.42
1775,2018-19,LeBron James,34,LAL,8.71,4.63,4.07,0.56
1776,2018-19,Dwyane Wade,37,MIA,0.49,-1.96,-0.2,-1.77
1777,2018-19,Zaza Pachulia,34,DET,0.74,-1.07,-1.85,0.78
1778,2018-19,Kyle Korver,37,CLE/UTA,1.75,-0.35,0.03,-0.37
1779,2018-19,Shaun Livingston,33,GSW,0.21,-2.03,-1.39,-0.64
1780,2018-19,Devin Harris,35,DAL,1.32,-0.47,0.08,-0.55
1781,2018-19,Andre Iguodala,35,GSW,3.88,1.41,0.02,1.39
1782,2018-19,Trevor Ariza,33,PHO/WAS,0.93,-1.75,-1.04,-0.72
1783,2019-20,Marvin Williams,33,CHO/MIL,1.04,-0.95,-1.83,0.88
1784,2019-20,Chris Paul,34,OKC,9.27,4.15,2.82,1.32
1785,2019-20,Ian Mahinmi,33,WAS,1.35,0.19,-1.33,1.52
1786,2019-20,Ersan Ilyasova,32,MIL,2.65,1.76,0.28,1.48
1787,2019-20,Lou Williams,33,LAC,2.5,-0.31,1.48,-1.79
1788,2019-20,Emmanuel Mudiay,23,UTA,-0.02,-2.42,-1.9,-0.52
1789,2019-20,Tyus Jones,23,MEM,2,0.12,0.49,-0.37
1790,2019-20,Montrezl Harrell,26,LAC,4.44,1.53,1.57,-0.04
1791,2019-20,Delon Wright,27,DAL,2.92,0.49,-0.09,0.58
1792,2019-20,D'Angelo Russell,23,GSW/MIN,2.23,-0.01,1.25,-1.26
1793,2019-20,Karl-Anthony Towns,24,MIN,4.52,3.52,4.1,-0.58
1794,2019-20,Richaun Holmes,26,SAC,3.71,2.22,-0.13,2.35
1795,2019-20,Willie Cauley-Stein,26,GSW/DAL,1.65,-0.06,-2.1,2.04
1796,2019-20,Kelly Oubre Jr.,24,PHO,4.62,1.3,0.2,1.1
1797,2019-20,Frank Kaminsky,26,PHO,1.1,-0.19,-0.12,-0.08
1798,2019-20,Devin Booker,23,PHO,6.8,1.79,3.18,-1.4
1799,2019-20,Myles Turner,23,IND,3.98,0.98,-0.95,1.93
1800,2019-20,Trey Lyles,24,SAS,1.59,-0.44,-1.18,0.74
1801,2019-20,Bobby Portis,24,NYK,-0.16,-2.56,-1.45,-1.11
1802,2019-20,Christian Wood,24,DET,3.99,2.26,1.52,0.73
1803,2019-20,Rondae Hollis-Jefferson,25,TOR,2.74,1.38,0.63,0.75
1804,2019-20,Terry Rozier,25,CHO,0.61,-1.94,-0.19,-1.75
1805,2019-20,Norman Powell,26,TOR,1.68,-0.62,0.07,-0.69
1806,2019-20,Quinn Cook,26,LAL,-0.1,-2.68,-0.73,-1.95
1807,2019-20,Pat Connaughton,27,MIL,2.2,0.35,0.19,0.16
1808,2019-20,Josh Richardson,26,PHI,2.02,-0.53,-0.58,0.05
1809,2019-20,Treveon Graham,26,MIN/ATL,0.13,-2.16,-1.36,-0.8
1810,2019-20,Larry Nance Jr.,27,CLE,2.32,0.05,-0.05,0.1
1811,2019-20,Mario Hezonja,24,POR,-0.17,-2.67,-2.5,-0.17
1812,2019-20,Royce O'Neale,26,UTA,3.22,0.04,-1.2,1.24
1813,2019-20,Cedi Osman,24,CLE,-0.13,-2.47,-1.57,-0.9
1814,2019-20,Ben Simmons,23,PHI,5.66,1.94,0.82,1.12
1815,2019-20,Domantas Sabonis,23,IND,6.53,2.28,0.91,1.37
1816,2019-20,Malik Beasley,23,DEN/MIN,0.58,-1.63,-0.31,-1.32
1817,2019-20,Marquese Chriss,22,GSW,2.34,0.63,-0.7,1.33
1818,2019-20,Kris Dunn,25,CHI,2.95,1.2,-1.09,2.29
1819,2019-20,Buddy Hield,27,SAC,3.01,-0.28,0.85,-1.13
1820,2019-20,Brandon Ingram,22,NOP,2.58,-0.48,0.83,-1.32
1821,2019-20,Damian Jones,24,ATL,0.93,-0.76,-1.78,1.03
1822,2019-20,Skal Labissiere,23,POR,0.31,-1.52,-1.75,0.22
1823,2019-20,Caris LeVert,25,BRK,2.36,0.35,0.93,-0.58
1824,2019-20,Thon Maker,22,DET,0.57,-1.23,-1.79,0.57
1825,2019-20,Dejounte Murray,23,SAS,2.38,-0.2,-1.13,0.93
1826,2019-20,Jamal Murray,22,DEN,4.39,1.17,1.96,-0.79
1827,2019-20,Jakob Poeltl,24,SAS,3.63,2.4,-0.01,2.41
1828,2019-20,Taurean Prince,25,BRK,3.04,0.15,-0.44,0.59
1829,2019-20,Jaylen Brown,23,BOS,4.17,0.94,0.76,0.18
1830,2019-20,DeAndre' Bembry,25,ATL,0.17,-2.08,-2.69,0.62
1831,2019-20,Malcolm Brogdon,27,IND,3.12,0.51,1.13,-0.62
1832,2019-20,Jake Layman,25,MIN,0.15,-1.9,-1.81,-0.1
1833,2019-20,Patrick McCaw,24,TOR,-0.44,-3.13,-2.5,-0.63
1834,2019-20,Georges Niang,26,UTA,1.08,-0.56,0.01,-0.57
1835,2019-20,Pascal Siakam,25,TOR,5.57,1.68,0.8,0.89
1836,2019-20,Furkan Korkmaz,22,PHI,0.22,-2.16,-0.58,-1.58
1837,2019-20,Timothe Luwawu-Cabarrot,24,BRK,0.73,-1.05,-0.84,-0.2
1838,2019-20,Yogi Ferrell,26,SAC,0.63,-0.55,-0.63,0.09
1839,2019-20,Damion Lee,27,GSW,2.51,0.34,-0.41,0.75
1840,2019-20,Juancho Hernangomez,24,DEN/MIN,0.88,-0.74,-0.66,-0.08
1841,2019-20,Ivica Zubac,22,LAC,4.49,2.84,1.34,1.5
1842,2019-20,Dorian Finney-Smith,26,DAL,2.06,-0.87,-0.34,-0.53
1843,2019-20,Fred VanVleet,25,TOR,4.36,1.1,0.54,0.56
1844,2019-20,Abdel Nader,26,OKC,-0.03,-2.42,-2.06,-0.36
1845,2019-20,Ryan Arcidiacono,25,CHI,0.26,-1.94,-1.47,-0.47
1846,2019-20,Bryn Forbes,26,SAS,0.22,-2.15,-0.83,-1.32
1847,2019-20,Danuel House Jr.,26,HOU,3.43,0.39,0.26,0.12
1848,2019-20,Derrick Jones Jr.,22,MIA,2.41,0.32,0.03,0.3
1849,2019-20,Alex Caruso,25,LAL,1.82,0.01,-0.95,0.95
1850,2019-20,Alfonzo McKinnie,27,CLE,-0.03,-2.45,-2.19,-0.26
1851,2019-20,Markelle Fultz,21,ORL,2.35,-0.55,-1.24,0.69
1852,2019-20,Lonzo Ball,22,NOP,2.14,-0.74,-0.38,-0.36
1853,2019-20,De'Aaron Fox,22,SAC,3.69,1.09,1.71,-0.61
1854,2019-20,Jayson Tatum,21,BOS,8.41,3.37,2.28,1.09
1855,2019-20,Malik Monk,21,CHO,0.26,-2.03,-0.32,-1.71
1856,2019-20,Jonathan Isaac,22,ORL,2.94,2.24,-1.16,3.4
1857,2019-20,Dennis Smith Jr.,22,NYK,-0.18,-2.88,-2.35,-0.53
1858,2019-20,Frank Ntilikina,21,NYK,0.63,-1.55,-2.17,0.63
1859,2019-20,Lauri Markkanen,22,CHI,2.35,0.06,0.05,0.01
1860,2019-20,Donovan Mitchell,23,UTA,4.88,0.8,1.3,-0.5
1861,2019-20,Luke Kennard,23,DET,0.66,-1.27,0.14,-1.41
1862,2019-20,John Collins,22,ATL,3.19,1.22,0.58,0.64
1863,2019-20,Justin Jackson,24,DAL,0.46,-1.69,-0.73,-0.96
1864,2019-20,OG Anunoby,22,TOR,3.92,0.55,-1.13,1.67
1865,2019-20,Harry Giles III,21,SAC,0.94,-0.21,-1.33,1.11
1866,2019-20,Jarrett Allen,21,BRK,5.95,2.58,0.67,1.9
1867,2019-20,Bam Adebayo,22,MIA,7.46,2.38,0.58,1.8
1868,2019-20,Terrance Ferguson,21,OKC,-1.07,-3.73,-3.18,-0.55
1869,2019-20,Tony Bradley,22,UTA,1.16,0.31,-0.15,0.46
1870,2019-20,Kyle Kuzma,24,LAL,1.45,-0.9,-0.14,-0.76
1871,2019-20,Semi Ojeleye,25,BOS,-0.37,-2.95,-2.12,-0.83
1872,2019-20,Derrick White,25,SAS,3.62,0.95,0.9,0.05
1873,2019-20,Frank Jackson,21,NOP,-0.42,-3.2,-0.75,-2.45
1874,2019-20,Josh Hart,24,NOP,1.36,-1.17,-0.61,-0.57
1875,2019-20,Dwayne Bacon,24,CHO,-0.12,-2.64,-2.21,-0.42
1876,2019-20,Wes Iwundu,25,ORL,0.67,-1.28,-1.53,0.25
1877,2019-20,Dillon Brooks,24,MEM,1.84,-1.02,-0.53,-0.49
1878,2019-20,Thomas Bryant,22,WAS,1.27,-0.66,-0.55,-0.11
1879,2019-20,Monté Morris,24,DEN,2.02,-0.47,0.58,-1.05
1880,2019-20,Damyean Dotson,25,NYK,-0.05,-2.46,-0.71,-1.75
1881,2019-20,Sterling Brown,24,MIL,0.76,-0.83,-1.13,0.3
1882,2019-20,Luke Kornet,24,CHI,0.83,-0.07,-0.52,0.44
1883,2019-20,Chris Boucher,27,TOR,2.26,1.88,1.48,0.4
1884,2019-20,Daniel Theis,27,BOS,4.01,1.56,-0.66,2.23
1885,2019-20,Maxi Kleber,28,DAL,3.01,0.08,0.07,0.01
1886,2019-20,Torrey Craig,29,DEN,0.57,-1.55,-1.06,-0.49
1887,2019-20,Grayson Allen,24,MEM,0.3,-1.71,-0.69,-1.02
1888,2019-20,Mo Bamba,21,ORL,1.73,0.65,-1.29,1.94
1889,2019-20,Keita Bates-Diop,24,MIN/DEN,0.23,-1.88,-1.32,-0.57
1890,2019-20,Mikal Bridges,23,PHO,2.32,-0.62,-1,0.38
1891,2019-20,Miles Bridges,21,CHO,-0.4,-2.68,-1.52,-1.16
1892,2019-20,Bruce Brown,23,DET,1.11,-1.32,-1.57,0.25
1893,2019-20,Troy Brown Jr.,20,WAS,0.84,-1.64,-1.45,-0.19
1894,2019-20,Jalen Brunson,23,DAL,0.99,-0.87,0.44,-1.32
1895,2019-20,Jevon Carter,24,PHO,1.02,-0.71,-1.07,0.36
1896,2019-20,Wendell Carter Jr.,20,CHI,2.26,0.4,-1,1.39
1897,2019-20,Hamidou Diallo,21,OKC,-0.34,-2.97,-2.57,-0.4
1898,2019-20,Donte DiVincenzo,23,MIL,4.01,1.68,0.39,1.29
1899,2019-20,Bruno Fernando,21,ATL,0.28,-1.77,-1.62,-0.15
1900,2019-20,Shai Gilgeous-Alexander,21,OKC,5.29,0.97,0.81,0.16
1901,2019-20,Devonte' Graham,24,CHO,3.62,0.14,1.56,-1.41
1902,2019-20,Aaron Holiday,23,IND,1.31,-1.12,-0.6,-0.52
1903,2019-20,Kevin Huerter,21,ATL,0.31,-2.09,-0.68,-1.41
1904,2019-20,Chandler Hutchison,23,CHI,0.34,-1.38,-1.8,0.42
1905,2019-20,Jaren Jackson Jr.,20,MEM,2.39,-0.1,-0.84,0.74
1906,2019-20,Kevin Knox II,20,NYK,-0.19,-2.62,-1.99,-0.63
1907,2019-20,Cody Martin,24,CHO,2.17,1.32,-0.15,1.47
1908,2019-20,De'Anthony Melton,21,MEM,2.83,1.35,0.08,1.27
1909,2019-20,Shake Milton,23,PHI,0.9,-0.65,0.46,-1.11
1910,2019-20,Svi Mykhailiuk,22,DET,1.63,-0.39,-0.12,-0.27
1911,2019-20,Josh Okogie,21,MIN,0.53,-1.84,-1.83,-0.01
1912,2019-20,Michael Porter Jr.,21,DEN,1.8,0.69,1.17,-0.48
1913,2019-20,Jerome Robinson,22,LAC/WAS,0.28,-1.93,-1.52,-0.41
1914,2019-20,Mitchell Robinson,21,NYK,3.66,1.61,0.48,1.13
1915,2019-20,Collin Sexton,21,CLE,0.11,-2.29,0.28,-2.57
1916,2019-20,Landry Shamet,22,LAC,1.2,-1.1,-0.28,-0.82
1917,2019-20,Anfernee Simons,20,POR,-1.9,-4.47,-1.65,-2.82
1918,2019-20,Omari Spellman,22,GSW,0.49,-1.51,-1.36,-0.15
1919,2019-20,Gary Trent Jr.,21,POR,1.2,-0.98,0.73,-1.71
1920,2019-20,Lonnie Walker IV,21,SAS,-0.01,-2.39,-1.57,-0.82
1921,2019-20,P.J. Washington,21,CHO,-0.49,-2.81,-2.55,-0.25
1922,2019-20,Kenrich Williams,25,NOP,1.11,-0.32,-1.43,1.12
1923,2019-20,Trae Young,21,ATL,4.8,1.11,4.06,-2.95
1924,2019-20,Deandre Ayton,21,PHO,1.97,0.08,-0.04,0.12
1925,2019-20,Luka Dončić,20,DAL,9.39,4.79,5.13,-0.34
1926,2019-20,Terence Davis,22,TOR,1.19,-0.85,0.19,-1.05
1927,2019-20,Elie Okobo,22,PHO,0.47,-1.36,-0.62,-0.74
1928,2019-20,Rui Hachimura,21,WAS,0.59,-1.74,-1.39,-0.35
1929,2019-20,Ky Bowman,22,GSW,-0.21,-2.69,-3.06,0.36
1930,2019-20,Rodions Kurucs,21,BRK,0.2,-1.92,-2.14,0.22
1931,2019-20,Isaac Bonga,20,WAS,2.47,0.66,-1.54,2.21
1932,2019-20,Gary Clark,25,HOU/ORL,0,-2.36,-1.35,-1.01
1933,2019-20,Duncan Robinson,25,MIA,4.63,0.91,0.68,0.24
1934,2019-20,Kendrick Nunn,24,MIA,1.82,-0.94,-0.28,-0.66
1935,2019-20,Jordan McLaughlin,23,MIN,0.96,0.12,0.21,-0.08
1936,2019-20,Zion Williamson,19,NOP,1.49,1.05,2.22,-1.17
1937,2019-20,RJ Barrett,19,NYK,0.77,-1.67,-0.6,-1.07
1938,2019-20,Cam Reddish,20,ATL,-0.33,-2.7,-1.45,-1.25
1939,2019-20,Ja Morant,20,MEM,2.55,-0.48,0.39,-0.87
1940,2019-20,De'Andre Hunter,22,ATL,-0.24,-2.56,-1.58,-0.98
1941,2019-20,Coby White,19,CHI,1.21,-1.25,-0.41,-0.85
1942,2019-20,Jarrett Culver,20,MIN,1.08,-1.26,-1.07,-0.19
1943,2019-20,Brandon Clarke,23,MEM,2.12,0.14,0.17,-0.03
1944,2019-20,Sekou Doumbouya,19,DET,-0.44,-3.29,-2.46,-0.83
1945,2019-20,Darius Garland,20,CLE,-2.52,-4.58,-2,-2.58
1946,2019-20,Jaxson Hayes,19,NOP,1.37,-0.42,-0.87,0.45
1947,2019-20,Nickeil Alexander-Walker,21,NOP,0.06,-2.21,-0.51,-1.7
1948,2019-20,Tyler Herro,20,MIA,-0.49,-2.88,-0.92,-1.97
1949,2019-20,Nassir Little,19,POR,0.35,-1.43,-0.96,-0.47
1950,2019-20,Kevin Porter Jr.,19,CLE,-0.34,-2.83,-1.82,-1.01
1951,2019-20,Darius Bazley,19,OKC,0.1,-2.24,-2.68,0.44
1952,2019-20,Luguentz Dort,20,OKC,0.5,-1.43,-1.28,-0.15
1953,2019-20,Daniel Gafford,21,CHI,0.59,-0.87,-2.21,1.34
1954,2019-20,Cameron Johnson,23,PHO,1.87,-0.08,0.31,-0.4
1955,2019-20,Eric Paschall,23,GSW,0.43,-1.97,-0.8,-1.17
1956,2019-20,Jordan Poole,20,GSW,-0.17,-2.58,-2.38,-0.2
1957,2019-20,Matisse Thybulle,22,PHI,1.49,-0.58,-1.42,0.84
1958,2019-20,Grant Williams,21,BOS,0.69,-1.35,-1.97,0.62
1959,2019-20,Nicolo Melli,29,NOP,0.24,-2.01,-1.74,-0.27
1960,2019-20,Vince Carter,43,ATL,-0.22,-2.76,-1.83,-0.92
1961,2019-20,LaMarcus Aldridge,34,SAS,3.32,0.53,-0.18,0.71
1962,2019-20,Rudy Gay,33,SAS,2.33,0.08,-0.37,0.45
1963,2019-20,JJ Redick,35,NOP,1.13,-1.27,1.09,-2.36
1964,2019-20,Rajon Rondo,33,LAL,1.05,-0.73,0.05,-0.78
1965,2019-20,Kyle Lowry,33,TOR,7.83,3.4,2.32,1.07
1966,2019-20,P.J. Tucker,34,HOU,2.27,-0.95,-1.42,0.47
1967,2019-20,Paul Millsap,34,DEN,3.25,1.65,0.37,1.28
1968,2019-20,Al Horford,33,PHI,3.81,0.52,-0.36,0.87
1969,2019-20,Mike Conley,32,UTA,2.3,0.22,0.79,-0.57
1970,2019-20,Jeff Green,33,UTA/HOU,0.48,-1.6,-1.29,-0.31
1971,2019-20,Thaddeus Young,31,CHI,1.54,-0.88,-1.23,0.36
1972,2019-20,Marco Belinelli,33,SAS,0.47,-1.54,-0.46,-1.08
1973,2019-20,Wilson Chandler,32,BRK,0.38,-1.58,-2.56,0.99
1974,2019-20,Marc Gasol,35,TOR,2.55,1,-1.8,2.8
1975,2019-20,Anthony Tolliver,34,POR/SAC/MEM,0.2,-2.02,-1.81,-0.22
1976,2019-20,Derrick Rose,31,DET,1.22,-0.92,1.08,-2.01
1977,2019-20,Russell Westbrook,31,HOU,4.97,1.35,1.67,-0.32
1978,2019-20,Kevin Love,31,CLE,2.78,0.03,0.65,-0.62
1979,2019-20,Danilo Gallinari,31,OKC,4.77,1.63,2.47,-0.84
1980,2019-20,Eric Gordon,31,HOU,0.62,-1.42,0.69,-2.11
1981,2019-20,D.J. Augustin,32,ORL,0.66,-1.65,-0.38,-1.27
1982,2019-20,Brook Lopez,31,MIL,5.73,2.48,-0.32,2.81
1983,2019-20,Robin Lopez,31,MIL,0.4,-1.72,-2.57,0.85
1984,2019-20,JaVale McGee,32,LAL,2.35,0.82,-1.29,2.12
1985,2019-20,Serge Ibaka,30,TOR,1.64,-0.67,-0.35,-0.32
1986,2019-20,Nicolas Batum,31,CHO,0.41,-1.13,-1.57,0.44
1987,2019-20,George Hill,33,MIL,3.26,1.56,1.34,0.22
1988,2019-20,DeAndre Jordan,31,BRK,2.24,0.42,-1.17,1.59
1989,2019-20,Goran Dragic,33,MIA,1.96,-0.55,0.96,-1.51
1990,2019-20,Blake Griffin,30,DET,1.09,0.89,1.89,-1.01
1991,2019-20,James Harden,30,HOU,13.21,6.05,6.9,-0.85
1992,2019-20,Ricky Rubio,29,PHO,5.63,1.92,0.72,1.19
1993,2019-20,DeMar DeRozan,30,SAS,4.28,0.47,1.63,-1.16
1994,2019-20,James Johnson,32,MIA/MIN,0.57,-0.96,-0.89,-0.07
1995,2019-20,Jrue Holiday,29,NOP,5.05,1.29,0.98,0.31
1996,2019-20,Jeff Teague,31,MIN/ATL,0.78,-1.55,0.37,-1.92
1997,2019-20,Taj Gibson,34,NYK,1.08,-0.75,-1.13,0.38
1998,2019-20,Wayne Ellington,32,NYK,0.56,-0.82,-0.23,-0.59
1999,2019-20,Patrick Beverley,31,LAC,4.01,2.23,0.17,2.06
2000,2019-20,Danny Green,32,LAL,3.57,0.88,0.23,0.65
2001,2019-20,Patty Mills,31,SAS,2.29,0,1.48,-1.48
2002,2019-20,Garrett Temple,33,BRK,0.79,-1.66,-1.21,-0.46
2003,2019-20,Wesley Matthews,33,MIL,2.24,-0.26,-1.28,1.02
2004,2019-20,Derrick Favors,28,NOP,3.06,1.41,-0.23,1.64
2005,2019-20,Gordon Hayward,29,BOS,4.11,1.25,0.71,0.54
2006,2019-20,Paul George,29,LAC,4.61,2.64,2.23,0.41
2007,2019-20,Patrick Patterson,30,LAC,0.44,-1.49,-1.09,-0.39
2008,2019-20,Eric Bledsoe,30,MIL,4.52,1.85,1.04,0.8
2009,2019-20,Avery Bradley,29,LAL,0.55,-1.66,-1.23,-0.43
2010,2019-20,Hassan Whiteside,30,POR,6.31,2.46,0.97,1.5
2011,2019-20,Nemanja Bjelica,31,SAC,3.82,0.54,-0.18,0.73
2012,2019-20,Ish Smith,31,WAS,2,-0.65,0.44,-1.08
2013,2019-20,Kyrie Irving,27,BRK,2.17,2.72,3.01,-0.3
2014,2019-20,Enes Freedom,27,BOS,1.9,0.59,0.36,0.23
2015,2019-20,Tristan Thompson,28,CLE,1.39,-1.12,-0.98,-0.14
2016,2019-20,Jonas Valančiūnas,27,MEM,4.46,1.34,0.09,1.25
2017,2019-20,Bismack Biyombo,27,CHO,1.07,-0.76,-1.08,0.32
2018,2019-20,Kemba Walker,29,BOS,4.9,1.95,2.35,-0.4
2019,2019-20,Alec Burks,28,GSW/PHI,0.86,-1.61,-0.87,-0.74
2020,2019-20,Markieff Morris,30,DET/LAL,-0.14,-2.55,-1.61,-0.94
2021,2019-20,Marcus Morris Sr.,30,NYK/LAC,3.7,0.57,0.22,0.35
2022,2019-20,Kawhi Leonard,28,LAC,10.66,6.84,5,1.84
2023,2019-20,Nikola Vučević,29,ORL,7.41,3.36,1.6,1.76
2024,2019-20,Tobias Harris,27,PHI,7.23,2.13,1.66,0.47
2025,2019-20,Reggie Jackson,29,DET/LAC,0.99,-0.33,0.54,-0.86
2026,2019-20,Cory Joseph,28,SAC,2.99,0.24,-0.79,1.03
2027,2019-20,Jimmy Butler,30,MIA,9.4,5.14,3.97,1.18
2028,2019-20,Bojan Bogdanović,30,UTA,2.75,-0.34,1.04,-1.38
2029,2019-20,Davis Bertans,27,WAS,3.5,1.02,1.36,-0.34
2030,2019-20,E'Twaun Moore,30,NOP,0.57,-1.51,-0.26,-1.25
2031,2019-20,Isaiah Thomas,30,WAS,-0.46,-3.15,-1.21,-1.94
2032,2019-20,Brad Wanamaker,30,BOS,0.78,-1.48,-0.68,-0.8
2033,2019-20,Anthony Davis,26,LAL,10.74,5.56,3.34,2.21
2034,2019-20,Bradley Beal,26,WAS,5.56,1.79,3.83,-2.05
2035,2019-20,Damian Lillard,29,POR,8.07,2.65,5.32,-2.66
2036,2019-20,Terrence Ross,28,ORL,1.37,-1.25,0.29,-1.54
2037,2019-20,Andre Drummond,26,DET/CLE,4.81,1.56,-0.97,2.53
2038,2019-20,Harrison Barnes,27,SAC,3.18,-0.4,-0.19,-0.21
2039,2019-20,Austin Rivers,27,HOU,1.02,-1.38,-0.11,-1.28
2040,2019-20,Meyers Leonard,27,MIA,1.26,-0.5,-1.99,1.49
2041,2019-20,Jeremy Lamb,27,IND,1.25,-0.88,-0.88,0
2042,2019-20,John Henson,29,CLE/DET,1.28,0.9,-1.25,2.15
2043,2019-20,Maurice Harkless,26,LAC/NYK,-0.25,-2.65,-2.22,-0.43
2044,2019-20,Evan Fournier,27,ORL,3.94,0.55,0.53,0.01
2045,2019-20,Tomas Satoransky,28,CHI,2.12,-0.63,-0.46,-0.17
2046,2019-20,Jae Crowder,29,MEM/MIA,3.84,0.78,0.14,0.64
2047,2019-20,Draymond Green,29,GSW,2.26,0.47,-1.9,2.37
2048,2019-20,Khris Middleton,28,MIL,7.39,3.81,2.48,1.33
2049,2019-20,Will Barton,29,DEN,3.9,0.76,0.76,-0.01
2050,2019-20,Mike Scott,31,PHI,1.66,-0.25,0.23,-0.48
2051,2019-20,Kent Bazemore,30,POR/SAC,1.27,-1.21,-1.85,0.64
2052,2019-20,Justin Holiday,30,IND,3.4,0.49,-0.55,1.04
2053,2019-20,JaMychal Green,29,LAC,1.63,-0.45,-0.42,-0.03
2054,2019-20,Aron Baynes,33,PHO,1.49,0.08,-0.29,0.36
2055,2019-20,Nerlens Noel,25,OKC,2.22,0.66,-1.09,1.75
2056,2019-20,Alex Len,26,ATL/SAC,0.75,-1.18,-1.4,0.21
2057,2019-20,Allen Crabbe,27,ATL/MIN,-0.09,-2.59,-1.7,-0.9
2058,2019-20,Ben McLemore,26,HOU,1.09,-1.33,0.25,-1.58
2059,2019-20,CJ McCollum,28,POR,3.23,-0.42,1.51,-1.93
2060,2019-20,Cody Zeller,27,CHO,1.97,-0.11,-0.07,-0.03
2061,2019-20,Dennis Schröder,26,OKC,2.1,-0.75,0.17,-0.92
2062,2019-20,Dewayne Dedmon,30,SAC/ATL,1.37,0.35,-1.62,1.97
2063,2019-20,Gorgui Dieng,30,MIN/MEM,2.23,0.75,-0.74,1.49
2064,2019-20,Kelly Olynyk,28,MIA,1.99,-0.02,-0.92,0.91
2065,2019-20,Kentavious Caldwell-Pope,26,LAL,2.44,-0.24,0.37,-0.61
2066,2019-20,Mason Plumlee,29,DEN,2.27,0.92,0.23,0.69
2067,2019-20,Michael Carter-Williams,28,ORL,1.5,0.39,-0.03,0.42
2068,2019-20,Mike Muscala,28,OKC,0.78,-0.28,-0.76,0.48
2069,2019-20,Reggie Bullock Jr.,28,NYK,0.22,-1.88,-1.39,-0.49
2070,2019-20,Robert Covington,29,MIN/HOU,5.68,1.71,-0.34,2.05
2071,2019-20,Rudy Gobert,27,UTA,8.69,3.39,0.33,3.05
2072,2019-20,Steven Adams,26,OKC,4.23,1.5,-0.09,1.59
2073,2019-20,Tim Hardaway Jr.,27,DAL,3.05,-0.13,1.39,-1.52
2074,2019-20,Tony Snell,28,DET,0.09,-2.28,-1.32,-0.96
2075,2019-20,Trey Burke,27,PHI/DAL,0.48,-0.96,0.66,-1.62
2076,2019-20,Victor Oladipo,27,IND,0.41,-1.17,-0.51,-0.67
2077,2019-20,Giannis Antetokounmpo,25,MIL,12.52,8.29,5.79,2.5
2078,2019-20,James Ennis III,29,PHI/ORL,1.07,-1.07,-0.63,-0.44
2079,2019-20,Matthew Dellavedova,29,CLE,0.66,-1.12,-1.4,0.28
2080,2019-20,Solomon Hill,28,MEM/MIA,0.14,-2.17,-1.33,-0.84
2081,2019-20,Raul Neto,27,PHI,0.02,-2.33,-1.23,-1.1
2082,2019-20,Seth Curry,29,DAL,1.32,-1.08,0.91,-1.99
2083,2019-20,Troy Daniels,28,LAL/DEN,0.05,-2.24,-0.3,-1.94
2084,2019-20,Rodney McGruder,28,LAC,0.19,-2.04,-1.7,-0.33
2085,2019-20,Shabazz Napier,28,MIN/WAS,2.35,0.31,-0.16,0.47
2086,2019-20,Jordan McRae,28,WAS/DEN/DET,0.85,-0.69,0.07,-0.76
2087,2019-20,Zach LaVine,24,CHI,4.21,0.73,2.12,-1.39
2088,2019-20,Elfrid Payton,25,NYK,3.29,1.69,1.49,0.19
2089,2019-20,Jordan Clarkson,27,CLE/UTA,2.29,-0.3,1.38,-1.68
2090,2019-20,Gary Harris,25,DEN,1.77,-0.84,-1.3,0.46
2091,2019-20,Spencer Dinwiddie,26,BRK,4.93,1.43,2.6,-1.17
2092,2019-20,Rodney Hood,27,POR,0.16,-1.97,-1.9,-0.07
2093,2019-20,Khem Birch,27,ORL,0.25,-1.95,-2.35,0.41
2094,2019-20,Glenn Robinson III,26,GSW/PHI,0.48,-1.95,-1.1,-0.85
2095,2019-20,Jerami Grant,25,DEN,0.45,-2,-0.76,-1.24
2096,2019-20,Joe Harris,28,BRK,2.98,-0.21,0.46,-0.68
2097,2019-20,Doug McDermott,28,IND,1.04,-1.2,0.21,-1.41
2098,2019-20,Aaron Gordon,24,ORL,3.73,0.47,-0.25,0.72
2099,2019-20,T.J. Warren,26,IND,4.04,0.45,0.42,0.03
2100,2019-20,Marcus Smart,25,BOS,5.67,2.17,1.06,1.11
2101,2019-20,Kyle Anderson,26,MEM,1.09,-1.11,-2,0.9
2102,2019-20,Dwight Powell,28,DAL,1.75,0.17,-0.61,0.77
2103,2019-20,Julius Randle,25,NYK,3.85,0.47,0.96,-0.48
2104,2019-20,Andrew Wiggins,24,MIN/GSW,2.8,-0.05,1.49,-1.55
2105,2019-20,Jabari Parker,24,ATL/SAC,1.62,0.34,0.15,0.19
2106,2019-20,Joel Embiid,25,PHI,5.96,3.76,1.99,1.77
2107,2019-20,Dario Šarić,25,PHO,1.61,-0.85,-0.9,0.06
2108,2019-20,Clint Capela,25,HOU,2.63,0.79,-0.5,1.29
2109,2019-20,Bogdan Bogdanović,27,SAC,4.08,1.17,1.15,0.02
2110,2019-20,Nikola Jokić,24,DEN,8.53,3.27,2.9,0.37
2111,2019-20,Kristaps Porziņģis,24,DAL,6.93,3.54,1.51,2.02
2112,2019-20,Tyler Johnson,27,PHO/BRK,0.1,-2.14,-1.18,-0.96
2113,2019-20,Langston Galloway,28,DET,-0.13,-2.49,-0.62,-1.87
2114,2019-20,Joe Ingles,32,UTA,4.44,0.82,0.14,0.68
2115,2019-20,T.J. McConnell,27,IND,2.42,0.43,-0.04,0.47
2116,2019-20,LeBron James,35,LAL,12.02,5.81,5.21,0.6
2117,2019-20,Carmelo Anthony,35,POR,1.38,-1.25,-0.47,-0.78
2118,2019-20,Kyle Korver,38,MIL,0.68,-1.27,-0.41,-0.86
2119,2019-20,Dwight Howard,34,LAL,4.28,2.68,0.1,2.58
2120,2019-20,Trevor Ariza,34,SAC/POR,1.11,-1.22,-1.88,0.66
2121,2020-21,Chris Paul,35,PHO,8.42,3.61,2.22,1.38
2122,2020-21,Lou Williams,34,LAC/ATL,1.1,-1.2,0.19,-1.38
2123,2020-21,Tyus Jones,24,MEM,0.89,-1.27,-0.43,-0.84
2124,2020-21,Montrezl Harrell,27,LAL,3.69,1.23,0.53,0.71
2125,2020-21,Delon Wright,28,DET/SAC,3.91,1.08,0.23,0.85
2126,2020-21,D'Angelo Russell,24,MIN,1.2,-0.84,1.36,-2.2
2127,2020-21,Karl-Anthony Towns,25,MIN,6.33,3.47,3.05,0.42
2128,2020-21,Richaun Holmes,27,SAC,3.53,0.68,0.26,0.43
2129,2020-21,Justise Winslow,24,MEM,-0.06,-2.6,-2.77,0.17
2130,2020-21,Willie Cauley-Stein,27,DAL,1.62,0.38,-1.44,1.82
2131,2020-21,Kelly Oubre Jr.,25,GSW,1.66,-0.87,-0.69,-0.18
2132,2020-21,Frank Kaminsky,27,PHO,1.62,1.12,0.54,0.58
2133,2020-21,Devin Booker,24,PHO,6.38,1.98,2.99,-1.01
2134,2020-21,Cameron Payne,26,PHO,2.25,0.85,1.01,-0.16
2135,2020-21,Myles Turner,24,IND,3.95,1.83,-0.78,2.61
2136,2020-21,Stanley Johnson,24,TOR,0.66,-1.37,-2.27,0.9
2137,2020-21,Bobby Portis,25,MIL,2.17,0.06,0.05,0.01
2138,2020-21,Kevon Looney,24,GSW,1.54,-0.34,-1.02,0.68
2139,2020-21,Christian Wood,25,HOU,2.61,0.67,0.53,0.13
2140,2020-21,Terry Rozier,26,CHO,3.02,-0.43,1.14,-1.57
2141,2020-21,Norman Powell,27,TOR/POR,3.43,0.02,0.57,-0.55
2142,2020-21,Chasson Randle,27,ORL,-0.71,-3.77,-2.55,-1.23
2143,2020-21,Pat Connaughton,28,MIL,2.49,0.06,-0.35,0.41
2144,2020-21,Willy Hernangomez,26,NOP,1.58,0.5,0.54,-0.04
2145,2020-21,Josh Richardson,27,DAL,2.17,-0.51,-0.12,-0.39
2146,2020-21,Larry Nance Jr.,28,CLE,1.84,0.23,-1.64,1.87
2147,2020-21,Royce O'Neale,27,UTA,4.73,0.88,-0.66,1.54
2148,2020-21,Cedi Osman,25,CLE,0.46,-1.93,-0.66,-1.27
2149,2020-21,Ben Simmons,24,PHI,6.1,2.67,0.59,2.08
2150,2020-21,Domantas Sabonis,24,IND,4.98,1.07,0.19,0.88
2151,2020-21,Malik Beasley,24,MIN,1.19,-0.87,0.4,-1.27
2152,2020-21,Buddy Hield,28,SAC,3.98,0.15,0.84,-0.7
2153,2020-21,Brandon Ingram,23,NOP,3.86,0.47,1.36,-0.9
2154,2020-21,Damian Jones,25,PHO/LAL/SAC,0.42,-1.2,-1.89,0.69
2155,2020-21,Caris LeVert,26,BRK/IND,0.89,-1.46,0.02,-1.48
2156,2020-21,Dejounte Murray,24,SAS,4.9,1.17,-0.28,1.45
2157,2020-21,Jamal Murray,23,DEN,4.87,2.05,2.02,0.03
2158,2020-21,Jakob Poeltl,25,SAS,3.97,0.95,-1.07,2.02
2159,2020-21,Taurean Prince,26,BRK/CLE,0.47,-1.59,-0.89,-0.7
2160,2020-21,Denzel Valentine,27,CHI,1.22,-0.57,-0.86,0.3
2161,2020-21,Jaylen Brown,24,BOS,3.17,0.07,0.49,-0.42
2162,2020-21,DeAndre' Bembry,26,TOR,0.71,-1.27,-1.91,0.64
2163,2020-21,Malcolm Brogdon,28,IND,4.29,1.06,2.46,-1.4
2164,2020-21,Jake Layman,26,MIN,0.18,-1.95,-1.91,-0.03
2165,2020-21,Georges Niang,27,UTA,1.55,-0.31,-0.46,0.16
2166,2020-21,Pascal Siakam,26,TOR,6.12,2.35,1.52,0.83
2167,2020-21,Furkan Korkmaz,23,PHI,1.7,0.09,0.66,-0.57
2168,2020-21,Timothe Luwawu-Cabarrot,25,BRK,1.08,-0.8,-0.13,-0.67
2169,2020-21,Damion Lee,28,GSW,0.86,-1.16,-1.1,-0.06
2170,2020-21,Juancho Hernangomez,25,MIN,0.83,-0.97,0.3,-1.26
2171,2020-21,Ivica Zubac,23,LAC,3.03,0.53,-0.77,1.3
2172,2020-21,Dorian Finney-Smith,27,DAL,3.86,0.74,-0.26,0.99
2173,2020-21,Fred VanVleet,26,TOR,6.22,2.71,1.79,0.93
2174,2020-21,Bryn Forbes,27,MIL,0.82,-1.45,-0.08,-1.38
2175,2020-21,Danuel House Jr.,27,HOU,-0.13,-2.63,-2.08,-0.55
2176,2020-21,Derrick Jones Jr.,23,POR,0.64,-1.64,-1.3,-0.34
2177,2020-21,Alex Caruso,26,LAL,3.03,1.48,-0.55,2.03
2178,2020-21,David Nwaba,28,HOU,0.79,-0.58,-0.81,0.23
2179,2020-21,Lonzo Ball,23,NOP,4.11,1.26,0.97,0.29
2180,2020-21,Josh Jackson,23,DET,0.58,-1.82,-1.74,-0.09
2181,2020-21,De'Aaron Fox,23,SAC,4.62,1.13,2.17,-1.03
2182,2020-21,Jayson Tatum,22,BOS,8.23,3.22,2.38,0.84
2183,2020-21,Malik Monk,22,CHO,0.75,-1.07,0.26,-1.33
2184,2020-21,Lauri Markkanen,23,CHI,1.13,-1.07,-0.48,-0.59
2185,2020-21,Donovan Mitchell,24,UTA,4.66,1.7,3.73,-2.04
2186,2020-21,Luke Kennard,24,LAC,0.58,-1.66,-0.16,-1.5
2187,2020-21,John Collins,23,ATL,4.44,1.34,1.36,-0.02
2188,2020-21,Justin Jackson,25,OKC/MIL,0.33,-1.51,-1.05,-0.46
2189,2020-21,OG Anunoby,23,TOR,1.52,-0.75,-1.3,0.56
2190,2020-21,Jarrett Allen,22,BRK/CLE,2.6,-0.23,-0.49,0.26
2191,2020-21,Bam Adebayo,23,MIA,6.51,2.34,0.43,1.9
2192,2020-21,Isaiah Hartenstein,22,DEN/CLE,1.3,1.21,-0.47,1.68
2193,2020-21,Tony Bradley,23,PHI/OKC,0.99,-0.14,-0.83,0.69
2194,2020-21,Kyle Kuzma,25,LAL,1.75,-1,-1.12,0.12
2195,2020-21,Semi Ojeleye,26,BOS,-0.09,-2.55,-1.79,-0.76
2196,2020-21,Derrick White,26,SAS,2.34,1.02,0.68,0.34
2197,2020-21,Frank Jackson,22,DET,-0.07,-2.55,-0.57,-1.99
2198,2020-21,Josh Hart,25,NOP,1.23,-0.98,-0.73,-0.26
2199,2020-21,Dwayne Bacon,25,ORL,-1.75,-3.93,-2.21,-1.71
2200,2020-21,PJ Dozier,24,DEN,1.85,0.24,-0.68,0.92
2201,2020-21,Edmond Sumner,25,IND,-0.1,-2.59,-1.72,-0.87
2202,2020-21,Wes Iwundu,26,DAL/NOP,0.01,-2.39,-2.39,0
2203,2020-21,Dillon Brooks,25,MEM,2.48,-0.46,-0.58,0.11
2204,2020-21,Monté Morris,25,DEN,1.49,-0.46,0.47,-0.94
2205,2020-21,Damyean Dotson,26,CLE,-0.33,-2.99,-1.38,-1.61
2206,2020-21,Sterling Brown,25,HOU,0.13,-2.24,-1.83,-0.41
2207,2020-21,Chris Boucher,28,TOR,3.56,1.41,0.96,0.45
2208,2020-21,Daniel Theis,28,BOS/CHI,2.62,0.14,-0.8,0.94
2209,2020-21,Maxi Kleber,29,DAL,1.22,-0.98,-1.58,0.6
2210,2020-21,Torrey Craig,30,MIL/PHO,0.93,-0.6,-0.39,-0.21
2211,2020-21,Mychal Mulder,26,GSW,0.51,-1.36,-0.35,-1.01
2212,2020-21,Grayson Allen,25,MEM,1.76,-0.22,0.06,-0.28
2213,2020-21,Marvin Bagley III,21,SAC,1.48,-0.32,-0.03,-0.29
2214,2020-21,Mo Bamba,22,ORL,1.2,0.19,-0.2,0.39
2215,2020-21,Mikal Bridges,24,PHO,6.48,1.9,0.84,1.06
2216,2020-21,Miles Bridges,22,CHO,1.6,-1.11,-0.73,-0.38
2217,2020-21,Bruce Brown,24,BRK,3.46,1.31,0.61,0.7
2218,2020-21,Troy Brown Jr.,21,WAS/CHI,0.56,-0.73,-1.14,0.41
2219,2020-21,Jalen Brunson,24,DAL,3.3,0.63,0.97,-0.34
2220,2020-21,Jevon Carter,25,PHO,1.25,0.32,0.13,0.19
2221,2020-21,Wendell Carter Jr.,21,CHI/ORL,2.07,-0.06,-0.97,0.91
2222,2020-21,Hamidou Diallo,22,OKC/DET,-0.04,-2.46,-1.72,-0.74
2223,2020-21,Donte DiVincenzo,24,MIL,5.43,2.26,0.81,1.45
2224,2020-21,Shai Gilgeous-Alexander,22,OKC,2.44,0.82,1.65,-0.83
2225,2020-21,Devonte' Graham,25,CHO,3.77,1.13,1.72,-0.59
2226,2020-21,Aaron Holiday,24,IND,0.74,-1.42,-0.77,-0.65
2227,2020-21,Kevin Huerter,22,ATL,3.95,0.49,0.09,0.4
2228,2020-21,Caleb Martin,25,CHO,0.37,-1.69,-1.1,-0.59
2229,2020-21,Cody Martin,25,CHO,1.06,-0.45,-1.13,0.67
2230,2020-21,De'Anthony Melton,22,MEM,2.17,0.83,0.23,0.6
2231,2020-21,Shake Milton,24,PHI,1.14,-1.18,0.03,-1.21
2232,2020-21,Svi Mykhailiuk,23,DET/OKC,0.85,-1.4,-0.73,-0.67
2233,2020-21,Josh Okogie,22,MIN,1.42,-0.55,-1.62,1.07
2234,2020-21,Michael Porter Jr.,22,DEN,4.3,1.1,1.5,-0.4
2235,2020-21,Mitchell Robinson,22,NYK,1.5,0.33,-0.71,1.04
2236,2020-21,Collin Sexton,22,CLE,1.66,-1.18,0.78,-1.95
2237,2020-21,Landry Shamet,23,BRK,0.17,-2.21,-0.8,-1.41
2238,2020-21,Anfernee Simons,21,POR,-0.15,-2.62,-0.02,-2.61
2239,2020-21,Gary Trent Jr.,22,POR/TOR,-0.22,-2.6,-0.06,-2.54
2240,2020-21,Jarred Vanderbilt,21,MIN,2.84,1.48,-0.7,2.18
2241,2020-21,Lonnie Walker IV,22,SAS,-0.6,-3.04,-1.42,-1.62
2242,2020-21,P.J. Washington,22,CHO,2.31,-0.56,-1.4,0.84
2243,2020-21,Kenrich Williams,26,OKC,0.61,-1.73,-2,0.27
2244,2020-21,Trae Young,22,ATL,5.33,1.51,4,-2.5
2245,2020-21,Deandre Ayton,22,PHO,4.83,1.15,0.24,0.92
2246,2020-21,Luka Dončić,21,DAL,9.26,4.07,4.54,-0.48
2247,2020-21,Goga Bitadze,21,IND,1.13,0.74,0.11,0.63
2248,2020-21,Oshae Brissett,22,IND,0.83,0.08,0.16,-0.09
2249,2020-21,Terence Davis,23,TOR/SAC,0.9,-1.09,-0.57,-0.52
2250,2020-21,Robert Williams III,23,BOS,3.04,2.41,0.23,2.18
2251,2020-21,Rui Hachimura,22,WAS,1.76,-0.88,-1.46,0.59
2252,2020-21,Gary Clark,26,ORL/DEN/PHI,-0.05,-2.54,-2.34,-0.19
2253,2020-21,Duncan Robinson,26,MIA,4.99,1.03,-0.33,1.36
2254,2020-21,Kendrick Nunn,25,MIA,2.68,0.13,0.45,-0.32
2255,2020-21,Yuta Watanabe,26,TOR,0.93,-0.4,-1.37,0.97
2256,2020-21,Jordan McLaughlin,24,MIN,1.81,0.59,-0.06,0.65
2257,2020-21,Brandon Goodwin,25,ATL,0.61,-0.87,-0.17,-0.7
2258,2020-21,Gabe Vincent,24,MIA,0.22,-1.87,-1.03,-0.84
2259,2020-21,Drew Eubanks,23,SAS,1.2,0.07,-1.03,1.09
2260,2020-21,Juan Toscano-Anderson,27,GSW,1.24,-0.66,-2.22,1.57
2261,2020-21,Terance Mann,24,LAC,2.1,0.18,0.09,0.09
2262,2020-21,Max Strus,24,MIA,0.26,-1.61,-0.4,-1.21
2263,2020-21,Zion Williamson,20,NOP,6.36,2.49,3.12,-0.62
2264,2020-21,RJ Barrett,20,NYK,0.88,-1.85,-1.12,-0.74
2265,2020-21,Cam Reddish,21,ATL,0.69,-0.96,-1.1,0.14
2266,2020-21,Ja Morant,21,MEM,4.76,1.21,2.27,-1.06
2267,2020-21,De'Andre Hunter,23,ATL,1.04,-0.01,-0.13,0.12
2268,2020-21,Coby White,20,CHI,1.05,-1.64,-0.79,-0.85
2269,2020-21,Brandon Clarke,24,MEM,3.29,1.22,-0.06,1.28
2270,2020-21,Sekou Doumbouya,20,DET,-0.77,-3.84,-2.58,-1.26
2271,2020-21,Darius Garland,21,CLE,1.34,-1.23,-0.26,-0.97
2272,2020-21,Jaxson Hayes,20,NOP,1.53,0.07,-0.55,0.62
2273,2020-21,Nickeil Alexander-Walker,22,NOP,1.02,-0.82,-0.9,0.07
2274,2020-21,Tyler Herro,21,MIA,0.79,-1.65,-0.4,-1.25
2275,2020-21,Keldon Johnson,21,SAS,2.29,-0.59,-0.84,0.25
2276,2020-21,Nassir Little,20,POR,-0.09,-2.63,-1.37,-1.26
2277,2020-21,Chuma Okeke,22,ORL,0.37,-1.89,-1.77,-0.12
2278,2020-21,Kevin Porter Jr.,20,HOU,0.82,-0.87,0.51,-1.37
2279,2020-21,Darius Bazley,20,OKC,-0.08,-2.48,-2.29,-0.19
2280,2020-21,Moses Brown,21,OKC,1.15,-0.45,-1.22,0.77
2281,2020-21,Nic Claxton,21,BRK,1.32,1.04,-0.78,1.82
2282,2020-21,Luguentz Dort,21,OKC,1.06,-1.33,-0.95,-0.38
2283,2020-21,Daniel Gafford,22,CHI/WAS,2.07,1.68,-0.12,1.8
2284,2020-21,Talen Horton-Tucker,20,LAL,1.39,-0.73,-0.98,0.25
2285,2020-21,Ty Jerome,23,OKC,0.32,-1.76,-1,-0.76
2286,2020-21,Cameron Johnson,24,PHO,3.17,1.02,0.41,0.62
2287,2020-21,Jalen McDaniels,23,CHO,0.6,-1.37,-0.94,-0.43
2288,2020-21,Jaylen Nowell,21,MIN,0.84,-0.67,0.29,-0.96
2289,2020-21,Miye Oni,23,UTA,-0.11,-2.74,-2.26,-0.48
2290,2020-21,Eric Paschall,24,GSW,0.36,-1.6,-0.89,-0.71
2291,2020-21,Jordan Poole,21,GSW,0.74,-1.22,0.64,-1.86
2292,2020-21,Naz Reid,21,MIN,2.33,0.3,-0.34,0.63
2293,2020-21,Isaiah Roby,22,OKC,-0.3,-2.74,-2.52,-0.22
2294,2020-21,Matisse Thybulle,23,PHI,2.23,0.27,-1.72,2
2295,2020-21,Grant Williams,22,BOS,0.96,-1.09,-2.12,1.03
2296,2020-21,Dylan Windler,24,CLE,0.46,-1,-1.56,0.57
2297,2020-21,Armoni Brooks,22,HOU,0.22,-1.73,0,-1.73
2298,2020-21,Garrison Mathews,24,WAS,0.37,-1.84,-1.61,-0.23
2299,2020-21,Dean Wade,24,CLE,0.96,-1.17,-1.62,0.45
2300,2020-21,Nicolo Melli,30,NOP/DAL,0.79,-0.22,-0.25,0.02
2301,2020-21,Anthony Edwards,19,MIN,1.56,-1.35,0.15,-1.51
2302,2020-21,LaMelo Ball,19,CHO,2.26,-0.01,0.36,-0.36
2303,2020-21,James Wiseman,19,GSW,-0.32,-3.01,-3.04,0.03
2304,2020-21,Killian Hayes,19,DET,-0.31,-3.15,-3.05,-0.1
2305,2020-21,Deni Avdija,20,WAS,1.44,-0.61,-2.18,1.57
2306,2020-21,Obi Toppin,22,NYK,0.43,-1.42,-0.82,-0.6
2307,2020-21,Onyeka Okongwu,20,ATL,0.82,-0.28,-1.47,1.19
2308,2020-21,Tyrese Haliburton,20,SAC,0.87,-1.63,0.26,-1.88
2309,2020-21,Devin Vassell,20,SAS,0.94,-1.01,-1.54,0.53
2310,2020-21,Isaac Okoro,20,CLE,-0.19,-2.54,-2.32,-0.23
2311,2020-21,Patrick Williams,19,CHI,-0.14,-2.52,-2.64,0.12
2312,2020-21,Precious Achiuwa,21,MIA,0.62,-1.09,-1.76,0.67
2313,2020-21,Aaron Nesmith,21,BOS,0.18,-1.98,-1.78,-0.2
2314,2020-21,Cole Anthony,20,ORL,0.26,-2.08,-1.51,-0.56
2315,2020-21,Theo Maledon,19,OKC,-1.41,-3.68,-3.09,-0.6
2316,2020-21,Tyrese Maxey,20,PHI,0.48,-1.6,-0.31,-1.29
2317,2020-21,Saddiq Bey,21,DET,0.59,-1.92,-0.82,-1.1
2318,2020-21,R.J. Hampton,19,DEN/ORL,-0.08,-2.55,-1.22,-1.33
2319,2020-21,Jaden McDaniels,20,MIN,0.43,-1.96,-2.33,0.37
2320,2020-21,Kira Lewis Jr.,19,NOP,0.99,-0.7,-0.52,-0.18
2321,2020-21,Isaiah Stewart,19,DET,2.32,0.09,-1.45,1.53
2322,2020-21,Immanuel Quickley,21,NYK,1.49,-0.53,0.95,-1.48
2323,2020-21,Aleksej Pokusevski,19,OKC,-0.99,-3.87,-3.66,-0.21
2324,2020-21,Malachi Flynn,22,TOR,0.47,-1.61,-1.33,-0.27
2325,2020-21,Payton Pritchard,23,BOS,0.99,-1.19,-0.12,-1.07
2326,2020-21,Xavier Tillman,22,MEM,1.97,0.43,-0.95,1.38
2327,2020-21,Desmond Bane,22,MEM,1.25,-1.11,-0.85,-0.26
2328,2020-21,Naji Marshall,23,NOP,0.82,-0.57,-1.2,0.63
2329,2020-21,KJ Martin,20,HOU,0.96,-0.99,-0.45,-0.55
2330,2020-21,Saben Lee,21,DET,0.31,-1.77,-1.56,-0.22
2331,2020-21,Jae'Sean Tate,25,HOU,2.92,-0.18,-0.36,0.18
2332,2020-21,Facundo Campazzo,29,DEN,2.08,-0.13,-0.38,0.25
2333,2020-21,LaMarcus Aldridge,35,SAS/BRK,1.16,0.27,-0.26,0.53
2334,2020-21,Rudy Gay,34,SAS,2.39,0.34,0.41,-0.06
2335,2020-21,JJ Redick,36,NOP/DAL,0.51,-1.31,0.14,-1.45
2336,2020-21,Rajon Rondo,34,ATL/LAC,0.32,-1.76,-0.87,-0.89
2337,2020-21,Kyle Lowry,34,TOR,3.43,0.93,0.91,0.02
2338,2020-21,P.J. Tucker,35,HOU/MIL,-0.44,-2.92,-3.42,0.5
2339,2020-21,Paul Millsap,35,DEN,2.77,1.31,-0.14,1.45
2340,2020-21,Kevin Durant,32,BRK,4.17,3.24,3.68,-0.44
2341,2020-21,Al Horford,34,OKC,2.4,2.39,0.46,1.93
2342,2020-21,Mike Conley,33,UTA,5.05,2.87,2.75,0.12
2343,2020-21,Jeff Green,34,BRK,2.43,-0.34,0.39,-0.72
2344,2020-21,Thaddeus Young,32,CHI,4.09,1.45,1.39,0.07
2345,2020-21,Marc Gasol,36,LAL,1.64,0.17,-1.86,2.02
2346,2020-21,Derrick Rose,32,DET/NYK,2.03,0.07,0.76,-0.69
2347,2020-21,Russell Westbrook,32,WAS,7.66,2.65,1.27,1.37
2348,2020-21,Kevin Love,32,CLE,1.67,1.78,1.34,0.45
2349,2020-21,Danilo Gallinari,32,ATL,1.65,-0.29,0.62,-0.91
2350,2020-21,Eric Gordon,32,HOU,0.93,-0.56,0.71,-1.27
2351,2020-21,D.J. Augustin,33,MIL/HOU,1.12,-0.86,0.51,-1.37
2352,2020-21,Brook Lopez,32,MIL,4.78,1.51,0.27,1.24
2353,2020-21,Robin Lopez,32,WAS,1.07,-1.16,-1.2,0.04
2354,2020-21,JaVale McGee,33,CLE/DEN,1.14,0.22,-1.06,1.28
2355,2020-21,Serge Ibaka,31,LAC,2.55,1.75,0.53,1.22
2356,2020-21,Nicolas Batum,32,LAC,3.99,0.98,-0.07,1.05
2357,2020-21,George Hill,34,OKC/PHI,0.57,-1.08,-0.26,-0.82
2358,2020-21,DeAndre Jordan,32,BRK,1.98,0.08,-0.95,1.03
2359,2020-21,Goran Dragic,34,MIA,0.68,-1.6,-0.34,-1.26
2360,2020-21,Blake Griffin,31,DET/BRK,2.68,1.12,0.75,0.36
2361,2020-21,James Harden,31,HOU/BRK,6.37,3.82,4.6,-0.78
2362,2020-21,Ricky Rubio,30,MIN,3.57,0.74,0.77,-0.03
2363,2020-21,Stephen Curry,32,GSW,9.64,4.69,5.51,-0.83
2364,2020-21,DeMar DeRozan,31,SAS,4.93,1.33,2.33,-1
2365,2020-21,James Johnson,33,DAL/NOP,0.82,-1.17,-1.46,0.29
2366,2020-21,Jrue Holiday,30,MIL,6.45,2.89,1.94,0.95
2367,2020-21,Jeff Teague,32,BOS/MIL,0.21,-2.06,-1.3,-0.76
2368,2020-21,Taj Gibson,35,NYK,1.72,0.45,-1.33,1.79
2369,2020-21,Wayne Ellington,33,DET,0.75,-1.24,0.12,-1.36
2370,2020-21,Patrick Beverley,32,LAC,1.68,0.73,-0.5,1.23
2371,2020-21,Danny Green,33,PHI,2.95,-0.03,-0.35,0.33
2372,2020-21,Patty Mills,32,SAS,0.94,-1.53,0.47,-2
2373,2020-21,Garrett Temple,34,CHI,0.02,-2.39,-2.38,-0.01
2374,2020-21,Wesley Matthews,34,LAL,1.19,-0.75,-1.27,0.52
2375,2020-21,John Wall,30,HOU,1.49,-0.6,0.69,-1.29
2376,2020-21,Derrick Favors,29,UTA,2,0.59,-0.88,1.47
2377,2020-21,DeMarcus Cousins,30,HOU/LAC,1.65,1.21,-0.62,1.83
2378,2020-21,Gordon Hayward,30,CHO,2.25,-0.06,0.19,-0.24
2379,2020-21,Paul George,30,LAC,6.9,3.54,2.44,1.09
2380,2020-21,Patrick Patterson,31,LAC,0.53,-0.97,-0.28,-0.69
2381,2020-21,Eric Bledsoe,31,NOP,2.78,-0.35,-0.2,-0.15
2382,2020-21,Avery Bradley,30,MIA/HOU,-0.03,-2.48,-1.46,-1.02
2383,2020-21,Hassan Whiteside,31,SAC,0.71,-0.38,-1.27,0.89
2384,2020-21,Nemanja Bjelica,32,SAC/MIA,0.7,-0.58,-0.09,-0.49
2385,2020-21,Ish Smith,32,WAS,1.65,0.38,-0.57,0.96
2386,2020-21,Kyrie Irving,28,BRK,7.05,3.46,4.57,-1.11
2387,2020-21,Enes Freedom,28,POR,4.3,1.41,1.88,-0.47
2388,2020-21,Tristan Thompson,29,BOS,2.09,0.13,-1.2,1.33
2389,2020-21,Jonas Valančiūnas,28,MEM,6.09,3.03,1.91,1.12
2390,2020-21,Bismack Biyombo,28,CHO,-0.21,-2.66,-2.92,0.27
2391,2020-21,Kemba Walker,30,BOS,3.8,1.92,2,-0.08
2392,2020-21,Alec Burks,29,NYK,1.8,-0.16,0.36,-0.52
2393,2020-21,Markieff Morris,31,LAL,0,-2.4,-2.05,-0.35
2394,2020-21,Marcus Morris Sr.,31,LAC,2.76,0.46,0.67,-0.21
2395,2020-21,Kawhi Leonard,29,LAC,8.2,4.93,3.66,1.26
2396,2020-21,Nikola Vučević,30,ORL/CHI,5.19,1.04,0.38,0.65
2397,2020-21,Tobias Harris,28,PHI,4.71,1.24,0.33,0.91
2398,2020-21,Reggie Jackson,30,LAC,3.38,1,0.64,0.36
2399,2020-21,Cory Joseph,29,SAC/DET,1.22,-1.08,-0.87,-0.21
2400,2020-21,Jimmy Butler,31,MIA,8.38,5.23,3.63,1.6
2401,2020-21,Bojan Bogdanović,31,UTA,2.93,-0.34,1.14,-1.48
2402,2020-21,Davis Bertans,28,WAS,2.27,0.02,0.7,-0.68
2403,2020-21,Brad Wanamaker,31,GSW/CHO,0.75,-1.29,-1.39,0.09
2404,2020-21,Anthony Davis,27,LAL,4.28,3.37,2.03,1.34
2405,2020-21,Bradley Beal,27,WAS,6.38,2.23,3.49,-1.25
2406,2020-21,Damian Lillard,30,POR,9.36,3.72,5.61,-1.89
2407,2020-21,Terrence Ross,29,ORL,0.07,-2.32,-1.22,-1.1
2408,2020-21,Andre Drummond,27,CLE/LAL,3.3,1.73,-0.24,1.97
2409,2020-21,Harrison Barnes,28,SAC,3.26,0.02,0.64,-0.63
2410,2020-21,Austin Rivers,28,NYK/DEN,0.35,-1.76,-0.56,-1.19
2411,2020-21,Jeremy Lamb,28,IND,1.37,0.38,0.68,-0.3
2412,2020-21,Maurice Harkless,27,MIA/SAC,0.14,-2.11,-2.33,0.22
2413,2020-21,Evan Fournier,28,ORL/BOS,1.96,0.02,0.24,-0.22
2414,2020-21,Tomas Satoransky,29,CHI,1.71,-0.37,-0.68,0.31
2415,2020-21,Jae Crowder,30,PHO,2.55,0.01,-0.56,0.57
2416,2020-21,Draymond Green,30,GSW,5.65,2.04,-0.47,2.51
2417,2020-21,Khris Middleton,29,MIL,6.19,1.85,1.51,0.34
2418,2020-21,Will Barton,30,DEN,2.82,0.13,0,0.13
2419,2020-21,Mike Scott,32,PHI,0.31,-1.84,-2.16,0.33
2420,2020-21,Kent Bazemore,31,GSW,1.76,-0.35,-1.85,1.51
2421,2020-21,Justin Holiday,31,IND,1.29,-1.48,-0.83,-0.65
2422,2020-21,JaMychal Green,30,DEN,1.07,-0.92,-0.69,-0.22
2423,2020-21,Aron Baynes,34,TOR,0.23,-2.04,-2.58,0.54
2424,2020-21,Nerlens Noel,26,NYK,1.03,-1.36,-3.75,2.39
2425,2020-21,Alex Len,27,TOR/WAS,1.28,-0.36,-2.37,2.01
2426,2020-21,Ben McLemore,27,HOU/LAL,0.75,-1.1,0.22,-1.32
2427,2020-21,CJ McCollum,29,POR,5.03,2.5,3.15,-0.64
2428,2020-21,Cody Zeller,28,CHO,1.89,0.53,-0.02,0.54
2429,2020-21,Dennis Schröder,27,LAL,2.05,-0.76,-0.56,-0.2
2430,2020-21,Gorgui Dieng,31,MEM/SAS,0.73,-0.34,-0.39,0.04
2431,2020-21,Kelly Olynyk,29,MIA/HOU,5.65,2.01,1.37,0.64
2432,2020-21,Kentavious Caldwell-Pope,27,LAL,1.11,-1.49,-1.57,0.08
2433,2020-21,Mason Plumlee,30,DET,2.63,0.33,-1.39,1.72
2434,2020-21,Michael Carter-Williams,29,ORL,0.62,-1.19,-2.32,1.13
2435,2020-21,Mike Muscala,29,OKC,0.87,-0.3,-0.29,-0.01
2436,2020-21,Otto Porter Jr.,27,CHI/ORL,0.82,-0.3,-0.28,-0.01
2437,2020-21,Reggie Bullock Jr.,29,NYK,0.79,-1.77,-1.4,-0.37
2438,2020-21,Robert Covington,30,POR,5.41,1.35,-0.89,2.24
2439,2020-21,Rudy Gobert,28,UTA,10.79,5.45,1.2,4.25
2440,2020-21,Steven Adams,27,NOP,1.9,-0.56,-1.47,0.91
2441,2020-21,Tim Hardaway Jr.,28,DAL,2.47,-0.46,1.06,-1.53
2442,2020-21,Tony Snell,29,ATL,-0.57,-3.33,-2.22,-1.12
2443,2020-21,Trey Burke,28,DAL,0.83,-0.98,0.25,-1.23
2444,2020-21,Victor Oladipo,28,IND/HOU/MIA,2.23,0.81,0.4,0.41
2445,2020-21,Giannis Antetokounmpo,26,MIL,11.27,6.64,4.1,2.53
2446,2020-21,James Ennis III,30,ORL,0.77,-1.18,-1.65,0.47
2447,2020-21,Solomon Hill,29,ATL,-0.04,-2.45,-2.23,-0.22
2448,2020-21,Raul Neto,28,WAS,2.47,0.34,-0.42,0.75
2449,2020-21,Seth Curry,30,PHI,1.74,-0.75,-0.39,-0.36
2450,2020-21,Thanasis Antetokounmpo,28,MIL,-0.01,-2.44,-2.26,-0.17
2451,2020-21,Zach LaVine,25,CHI,3.72,0.44,1.96,-1.51
2452,2020-21,Elfrid Payton,26,NYK,-0.07,-2.48,-0.85,-1.63
2453,2020-21,Jordan Clarkson,28,UTA,3.8,0.85,2.12,-1.27
2454,2020-21,Gary Harris,26,DEN/ORL,0.46,-1.73,-1.21,-0.52
2455,2020-21,Rodney Hood,28,POR/TOR,-0.73,-3.65,-2.58,-1.07
2456,2020-21,Khem Birch,28,ORL/TOR,1.42,-0.96,-1.79,0.83
2457,2020-21,Jerami Grant,26,DET,2.88,0.05,0.27,-0.22
2458,2020-21,Joe Harris,29,BRK,3.75,0.33,1,-0.67
2459,2020-21,Doug McDermott,29,IND,1,-1.44,0.94,-2.38
2460,2020-21,Aaron Gordon,25,ORL/DEN,2.05,-0.09,-0.23,0.14
2461,2020-21,Marcus Smart,26,BOS,3.8,1.34,0.33,1.01
2462,2020-21,Kyle Anderson,27,MEM,6.11,2.65,0.67,1.98
2463,2020-21,Dwight Powell,29,DAL,1.79,0.48,-0.72,1.2
2464,2020-21,Julius Randle,26,NYK,4.57,0.27,0.15,0.12
2465,2020-21,Andrew Wiggins,25,GSW,3.45,-0.13,-0.76,0.63
2466,2020-21,Joel Embiid,26,PHI,7.31,4.91,3.84,1.07
2467,2020-21,Dario Šarić,26,PHO,1.55,0.37,0.02,0.35
2468,2020-21,Clint Capela,26,ATL,6.86,3.26,0.59,2.67
2469,2020-21,Bogdan Bogdanović,28,ATL,1.96,-0.06,0.64,-0.71
2470,2020-21,Jusuf Nurkić,26,POR,2.74,2.45,-0.17,2.62
2471,2020-21,Nikola Jokić,25,DEN,13.95,6.65,5.79,0.86
2472,2020-21,Kristaps Porziņģis,25,DAL,3.44,1.63,1.18,0.45
2473,2020-21,Tyler Johnson,28,BRK,0.11,-2.14,-0.41,-1.74
2474,2020-21,Joe Ingles,33,UTA,4.82,1.62,1.57,0.05
2475,2020-21,T.J. McConnell,28,IND,3.93,1,0.85,0.15
2476,2020-21,LeBron James,36,LAL,6.45,4.37,4.12,0.25
2477,2020-21,Carmelo Anthony,36,POR,1.2,-1.29,0.64,-1.93
2478,2020-21,Dwight Howard,35,PHI,1.65,-0.25,-1.06,0.8
2479,2020-21,Andre Iguodala,37,MIA,1.49,-0.67,-1.78,1.12
2480,2020-21,Trevor Ariza,35,MIA,1.56,0.49,-0.71,1.21
2481,2021-22,Chris Paul,36,PHO,8.39,3.75,2.57,1.18
2482,2021-22,Lou Williams,35,ATL,0.42,-1.58,-0.21,-1.37
2483,2021-22,Tyus Jones,25,MEM,3.09,0.7,1.11,-0.41
2484,2021-22,Montrezl Harrell,28,WAS/CHO,4.39,1.76,1.58,0.18
2485,2021-22,Delon Wright,29,ATL,2.81,0.61,-0.45,1.06
2486,2021-22,D'Angelo Russell,25,MIN,4.49,0.96,1.74,-0.79
2487,2021-22,Karl-Anthony Towns,26,MIN,8.91,3.23,3.14,0.08
2488,2021-22,Richaun Holmes,28,SAC,1.48,-0.25,-0.77,0.52
2489,2021-22,Justise Winslow,25,LAC/POR,1.33,0.28,-0.57,0.84
2490,2021-22,Kelly Oubre Jr.,26,CHO,2.95,-0.11,1.23,-1.33
2491,2021-22,Devin Booker,25,PHO,8.07,2.97,3.13,-0.16
2492,2021-22,Cameron Payne,27,PHO,1.78,-0.23,-0.34,0.11
2493,2021-22,Myles Turner,25,IND,4.02,2.67,-0.59,3.26
2494,2021-22,Trey Lyles,26,DET/SAC,1.73,-0.64,-0.19,-0.45
2495,2021-22,Stanley Johnson,25,LAL,0.97,-1.01,-0.77,-0.24
2496,2021-22,Bobby Portis,26,MIL,4.01,0.68,0.03,0.64
2497,2021-22,Kevon Looney,25,GSW,4.03,1.22,-0.8,2.02
2498,2021-22,Christian Wood,26,HOU,3.03,-0.15,0.22,-0.37
2499,2021-22,Terry Rozier,27,CHO,4.64,0.54,1.55,-1.02
2500,2021-22,Norman Powell,28,POR/LAC,1.28,-1.02,0.54,-1.56
2501,2021-22,Pat Connaughton,29,MIL,2.1,-0.46,-0.39,-0.07
2502,2021-22,Willy Hernangomez,27,NOP,2.01,1.32,1.18,0.14
2503,2021-22,Josh Richardson,28,BOS/SAS,1.96,-0.48,-0.59,0.1
2504,2021-22,Larry Nance Jr.,29,POR/NOP,1.34,-0.38,-0.57,0.19
2505,2021-22,Keifer Sykes,28,IND,-0.13,-2.76,-2,-0.76
2506,2021-22,Royce O'Neale,28,UTA,3.85,0.09,-0.65,0.73
2507,2021-22,Cedi Osman,26,CLE,0.1,-2.29,-0.82,-1.47
2508,2021-22,Domantas Sabonis,25,IND/SAC,6.56,2.38,0.54,1.84
2509,2021-22,Malik Beasley,25,MIN,1.71,-1.04,0.41,-1.46
2510,2021-22,Buddy Hield,29,SAC/IND,3.15,-0.43,1.1,-1.54
2511,2021-22,Brandon Ingram,24,NOP,3.85,0.8,0.72,0.08
2512,2021-22,Damian Jones,26,SAC,0.3,-1.93,-1.94,0.01
2513,2021-22,Caris LeVert,27,IND/CLE,2.4,-0.3,0.83,-1.14
2514,2021-22,Dejounte Murray,25,SAS,8.69,3.34,2.3,1.04
2515,2021-22,Jakob Poeltl,26,SAS,5.77,2.16,0.85,1.31
2516,2021-22,Taurean Prince,27,MIN,0.68,-1.49,-1.03,-0.46
2517,2021-22,Jaylen Brown,25,BOS,5.11,1.17,1.22,-0.04
2518,2021-22,DeAndre' Bembry,27,BRK/MIL,0.49,-1.64,-1.59,-0.06
2519,2021-22,Malcolm Brogdon,29,IND,2.55,0.89,1.88,-1
2520,2021-22,Georges Niang,28,PHI,0.36,-2.07,-0.46,-1.61
2521,2021-22,Gary Payton II,29,GSW,3.82,2.39,0.59,1.8
2522,2021-22,Pascal Siakam,27,TOR,7.3,2,1.28,0.72
2523,2021-22,Furkan Korkmaz,24,PHI,0.24,-2.13,-0.99,-1.14
2524,2021-22,Timothe Luwawu-Cabarrot,26,ATL,0.32,-1.67,-1.48,-0.19
2525,2021-22,Damion Lee,29,GSW,1.04,-1.1,-1.08,-0.02
2526,2021-22,Ivica Zubac,24,LAC,3.63,0.65,-0.91,1.56
2527,2021-22,Dorian Finney-Smith,28,DAL,4.82,0.43,-0.05,0.48
2528,2021-22,Fred VanVleet,27,TOR,7.53,2.36,1.46,0.9
2529,2021-22,Bryn Forbes,28,SAS/DEN,0.65,-1.6,-0.17,-1.43
2530,2021-22,Danuel House Jr.,28,HOU/NYK/UTA,0.8,-0.68,-0.87,0.2
2531,2021-22,Derrick Jones Jr.,24,CHI,0.86,-0.91,-1.11,0.2
2532,2021-22,Alex Caruso,27,CHI,2.42,0.88,-0.69,1.57
2533,2021-22,David Nwaba,29,HOU,1.16,0.57,0.08,0.49
2534,2021-22,Lonzo Ball,24,CHI,2.47,0.77,-0.48,1.25
2535,2021-22,Josh Jackson,24,DET/SAC,0.56,-1.34,-1.62,0.28
2536,2021-22,De'Aaron Fox,24,SAC,3.51,0.22,1.08,-0.85
2537,2021-22,Jayson Tatum,23,BOS,11.68,4.33,3.33,0.99
2538,2021-22,Malik Monk,23,LAL,1.69,-1.16,0.67,-1.83
2539,2021-22,Dennis Smith Jr.,24,POR,0.85,-0.33,-1.08,0.75
2540,2021-22,Frank Ntilikina,23,DAL,0.65,-0.91,-0.87,-0.04
2541,2021-22,Lauri Markkanen,24,CLE,3.76,0.71,0.65,0.06
2542,2021-22,Donovan Mitchell,25,UTA,6.81,2.28,3.2,-0.92
2543,2021-22,Luke Kennard,25,LAC,1.78,-0.95,0.25,-1.19
2544,2021-22,Zach Collins,24,SAS,0.75,-0.08,-0.86,0.78
2545,2021-22,John Collins,24,ATL,3.65,1.01,0.19,0.82
2546,2021-22,OG Anunoby,24,TOR,3.59,0.83,-0.2,1.03
2547,2021-22,Jarrett Allen,23,CLE,4.97,1.87,0.17,1.7
2548,2021-22,Bam Adebayo,24,MIA,6,2.72,0.61,2.11
2549,2021-22,Isaiah Hartenstein,23,LAC,2.83,1.22,-0.07,1.29
2550,2021-22,Tony Bradley,24,CHI,0.52,-0.92,-2.06,1.14
2551,2021-22,Kyle Kuzma,26,WAS,1.66,-1.22,-0.74,-0.48
2552,2021-22,Derrick White,27,SAS/BOS,4.53,0.8,0.57,0.23
2553,2021-22,Frank Jackson,23,DET,0.08,-2.3,-0.76,-1.54
2554,2021-22,Josh Hart,26,NOP/POR,3.59,0.72,0.08,0.64
2555,2021-22,Dillon Brooks,26,MEM,1.77,0.71,0.45,0.26
2556,2021-22,Monté Morris,26,DEN,4.77,0.91,0.96,-0.05
2557,2021-22,Sterling Brown,26,DAL,0.53,-1.07,-1.73,0.66
2558,2021-22,Davon Reed,26,DEN,0.64,-0.9,-1.04,0.13
2559,2021-22,Chris Boucher,29,TOR,3.59,0.9,0.5,0.4
2560,2021-22,Daniel Theis,29,HOU/BOS,0.86,-1.02,-1.66,0.64
2561,2021-22,Maxi Kleber,30,DAL,1.73,-0.54,-1.46,0.92
2562,2021-22,Torrey Craig,31,IND/PHO,0.1,-2.31,-1.43,-0.87
2563,2021-22,Grayson Allen,26,MIL,3.04,0.22,0.25,-0.02
2564,2021-22,Marvin Bagley III,22,SAC/DET,1.51,-0.34,0.27,-0.61
2565,2021-22,Mo Bamba,23,ORL,1.6,-1.03,-2.33,1.3
2566,2021-22,Keita Bates-Diop,26,SAS,0.43,-1.69,-1.82,0.13
2567,2021-22,Mikal Bridges,25,PHO,6.93,1.38,0.19,1.18
2568,2021-22,Miles Bridges,23,CHO,5.84,0.8,1.39,-0.6
2569,2021-22,Bruce Brown,25,BRK,2.77,0.03,-0.27,0.3
2570,2021-22,Troy Brown Jr.,22,CHI,1.04,-0.86,-1.47,0.61
2571,2021-22,Jalen Brunson,25,DAL,4.95,0.65,1.1,-0.45
2572,2021-22,Jevon Carter,26,BRK/MIL,0.71,-1.17,-0.63,-0.54
2573,2021-22,Wendell Carter Jr.,22,ORL,3.71,0.71,-0.83,1.54
2574,2021-22,Hamidou Diallo,23,DET,1.13,-1,-1.5,0.5
2575,2021-22,Donte DiVincenzo,25,MIL/SAC,0.14,-2.18,-1.13,-1.05
2576,2021-22,Shai Gilgeous-Alexander,23,OKC,5.23,1.79,1.74,0.05
2577,2021-22,Devonte' Graham,26,NOP,3.24,-0.07,0.84,-0.91
2578,2021-22,Aaron Holiday,25,WAS/PHO,0.53,-1.59,-1.11,-0.48
2579,2021-22,Kevin Huerter,23,ATL,2.63,-0.53,-0.29,-0.24
2580,2021-22,Jaren Jackson Jr.,22,MEM,6.32,2.23,0.7,1.53
2581,2021-22,Caleb Martin,26,MIA,2.14,0.03,-1.13,1.16
2582,2021-22,Cody Martin,26,CHO,2.57,-0.25,-0.5,0.25
2583,2021-22,De'Anthony Melton,23,MEM,3.18,0.58,0,0.59
2584,2021-22,Chimezie Metu,24,SAC,1.76,-0.25,-1.74,1.49
2585,2021-22,Shake Milton,25,PHI,1.16,-0.87,-0.4,-0.47
2586,2021-22,Svi Mykhailiuk,24,TOR,0.19,-1.98,-1.66,-0.31
2587,2021-22,Josh Okogie,23,MIN,0.46,-1.01,-2.07,1.07
2588,2021-22,Mitchell Robinson,23,NYK,4.99,1.8,-0.01,1.81
2589,2021-22,Landry Shamet,24,PHO,1.42,-0.86,-0.64,-0.22
2590,2021-22,Anfernee Simons,22,POR,1.01,-1.46,1.25,-2.71
2591,2021-22,Gary Trent Jr.,23,TOR,4.94,0.74,0.55,0.19
2592,2021-22,Jarred Vanderbilt,22,MIN,3.05,0.13,-0.64,0.77
2593,2021-22,Lonnie Walker IV,23,SAS,0.07,-2.33,-0.88,-1.45
2594,2021-22,P.J. Washington,23,CHO,2.89,0.15,-0.05,0.2
2595,2021-22,Kenrich Williams,27,OKC,1.25,-0.59,-1.33,0.75
2596,2021-22,Trae Young,23,ATL,10.09,3.55,5.09,-1.54
2597,2021-22,Deandre Ayton,23,PHO,3.16,0.47,-0.31,0.78
2598,2021-22,Luka Dončić,22,DAL,9.31,3.95,4.15,-0.2
2599,2021-22,Goga Bitadze,22,IND,1.25,0.26,0.27,-0.01
2600,2021-22,Oshae Brissett,23,IND,2.18,-0.23,0.22,-0.45
2601,2021-22,Terence Davis,24,SAC,0.95,0.35,0.48,-0.13
2602,2021-22,Robert Williams III,24,BOS,4.97,1.88,-0.23,2.11
2603,2021-22,Rui Hachimura,23,WAS,0.71,-1.23,-0.88,-0.35
2604,2021-22,Jock Landale,26,SAS,0.64,-0.71,0.17,-0.87
2605,2021-22,Duncan Robinson,27,MIA,3.92,0.59,0.28,0.31
2606,2021-22,Jordan McLaughlin,25,MIN,1.45,0.11,-0.46,0.57
2607,2021-22,Brandon Goodwin,26,CLE,0.55,-0.68,-0.62,-0.06
2608,2021-22,Gabe Vincent,25,MIA,1.64,-0.79,-0.91,0.12
2609,2021-22,Drew Eubanks,24,SAS/POR,0.93,-1.23,-1.2,-0.03
2610,2021-22,Juan Toscano-Anderson,28,GSW,1.75,0.33,-0.9,1.23
2611,2021-22,Amir Coffey,24,LAC,0.4,-2,-0.65,-1.35
2612,2021-22,CJ Elleby,21,POR,-0.07,-2.49,-1.78,-0.71
2613,2021-22,Terance Mann,25,LAC,1.58,-1.33,-0.59,-0.74
2614,2021-22,Max Strus,25,MIA,2.17,-0.27,-0.06,-0.21
2615,2021-22,RJ Barrett,21,NYK,2.14,-1.02,0.31,-1.33
2616,2021-22,Cam Reddish,22,ATL/NYK,-0.3,-2.87,-1.02,-1.85
2617,2021-22,Ja Morant,22,MEM,5.93,2.49,3.6,-1.11
2618,2021-22,De'Andre Hunter,24,ATL,1.1,-1.3,-1.44,0.14
2619,2021-22,Coby White,21,CHI,0.98,-1.48,0.26,-1.74
2620,2021-22,Brandon Clarke,25,MEM,3.13,1.51,1.37,0.14
2621,2021-22,Darius Garland,22,CLE,6.16,1.54,2.04,-0.5
2622,2021-22,Jaxson Hayes,21,NOP,2.5,0.38,-0.57,0.95
2623,2021-22,Nickeil Alexander-Walker,23,NOP/UTA,1.06,-1.26,-0.55,-0.71
2624,2021-22,Tyler Herro,22,MIA,1.4,-1.38,0.17,-1.55
2625,2021-22,Keldon Johnson,22,SAS,3.27,-0.27,0.2,-0.47
2626,2021-22,Romeo Langford,22,BOS/SAS,0.67,-1.05,-1.16,0.11
2627,2021-22,Nassir Little,21,POR,0.72,-1.37,-1.09,-0.27
2628,2021-22,Chuma Okeke,23,ORL,1.92,-0.69,-1.95,1.27
2629,2021-22,Kevin Porter Jr.,21,HOU,-0.25,-2.6,-1.06,-1.54
2630,2021-22,Darius Bazley,21,OKC,-0.36,-2.7,-2.68,-0.02
2631,2021-22,Ignas Brazdeikis,23,ORL,0.29,-1.56,-0.6,-0.96
2632,2021-22,Nic Claxton,22,BRK,1.42,-0.13,-0.77,0.64
2633,2021-22,Luguentz Dort,22,OKC,2.01,-0.52,-0.64,0.12
2634,2021-22,Daniel Gafford,23,WAS,2.8,0.62,-0.32,0.94
2635,2021-22,Quentin Grimes,21,NYK,0.48,-1.44,-0.95,-0.49
2636,2021-22,Talen Horton-Tucker,21,LAL,1.38,-0.98,-0.74,-0.23
2637,2021-22,Ty Jerome,24,OKC,0.64,-1.16,-1.19,0.04
2638,2021-22,Cameron Johnson,25,PHO,3.62,0.85,0.49,0.37
2639,2021-22,Jalen McDaniels,24,CHO,0.44,-1.63,-1.26,-0.37
2640,2021-22,Jaylen Nowell,22,MIN,1.29,-0.35,1,-1.35
2641,2021-22,Jordan Nwora,23,MIL,-0.02,-2.43,-1.12,-1.31
2642,2021-22,Eric Paschall,25,UTA,-0.01,-2.42,-0.56,-1.86
2643,2021-22,Jordan Poole,22,GSW,4.05,0.36,0.89,-0.52
2644,2021-22,Naz Reid,22,MIN,1.84,-0.04,-0.76,0.72
2645,2021-22,Isaiah Roby,23,OKC,1.3,-0.27,-0.76,0.49
2646,2021-22,Matisse Thybulle,24,PHI,2.68,0.07,-1.66,1.73
2647,2021-22,Grant Williams,23,BOS,1.41,-1.22,-1.75,0.53
2648,2021-22,Armoni Brooks,23,HOU/TOR,1.01,-0.53,0.45,-0.97
2649,2021-22,Garrison Mathews,25,HOU,1.8,-0.75,0.31,-1.06
2650,2021-22,Dean Wade,25,CLE,1.28,-0.37,-1.57,1.2
2651,2021-22,Javonte Green,28,CHI,2.62,0.28,-0.6,0.88
2652,2021-22,Anthony Edwards,20,MIN,4.9,0.69,1.11,-0.42
2653,2021-22,LaMelo Ball,20,CHO,5.13,0.89,1.97,-1.08
2654,2021-22,Killian Hayes,20,DET,0.65,-1.78,-2.46,0.68
2655,2021-22,Deni Avdija,21,WAS,3.5,0.34,-0.89,1.24
2656,2021-22,Obi Toppin,23,NYK,2.84,1.18,1.11,0.07
2657,2021-22,Onyeka Okongwu,21,ATL,2.28,1.18,-0.16,1.34
2658,2021-22,Tyrese Haliburton,21,SAC/IND,5.52,0.78,1.24,-0.45
2659,2021-22,Devin Vassell,21,SAS,2.96,-0.02,-0.35,0.33
2660,2021-22,Isaac Okoro,21,CLE,2.63,-0.33,-0.76,0.43
2661,2021-22,Precious Achiuwa,22,TOR,1.63,-0.93,-1.17,0.24
2662,2021-22,Aaron Nesmith,22,BOS,0.3,-1.59,-1.49,-0.11
2663,2021-22,Cole Anthony,21,ORL,1.74,-1.08,-0.54,-0.53
2664,2021-22,Theo Maledon,20,OKC,0.1,-2.23,-2.26,0.04
2665,2021-22,Tyrese Maxey,21,PHI,4.5,0.24,1.19,-0.95
2666,2021-22,Saddiq Bey,22,DET,0.61,-2.04,-0.03,-2.01
2667,2021-22,R.J. Hampton,20,ORL,-0.95,-3.49,-3.16,-0.32
2668,2021-22,Josh Green,21,DAL,1.02,-0.86,-1.91,1.05
2669,2021-22,Jaden McDaniels,21,MIN,1.71,-0.92,-1.62,0.7
2670,2021-22,Jalen Smith,21,PHO/IND,1.6,0.3,0.53,-0.23
2671,2021-22,Isaiah Stewart,20,DET,1.64,-0.99,-2.14,1.15
2672,2021-22,Zeke Nnaji,21,DEN,0.32,-1.67,-1.48,-0.18
2673,2021-22,Immanuel Quickley,22,NYK,4.25,1.26,1.75,-0.49
2674,2021-22,Aleksej Pokusevski,20,OKC,1.58,-0.41,-2.02,1.61
2675,2021-22,Isaiah Joe,22,PHI,-0.14,-2.76,-1.34,-1.42
2676,2021-22,Tre Jones,22,SAS,1.98,0.29,0.24,0.04
2677,2021-22,Malachi Flynn,23,TOR,0.53,-0.86,-0.35,-0.52
2678,2021-22,Payton Pritchard,24,BOS,0.97,-0.89,0.58,-1.47
2679,2021-22,Lamar Stevens,24,CLE,0.18,-2.11,-2.11,0
2680,2021-22,Omer Yurtseven,23,MIA,1.46,0.81,-0.45,1.27
2681,2021-22,Xavier Tillman,23,MEM,1.13,0.12,-0.68,0.8
2682,2021-22,Desmond Bane,23,MEM,5.11,1.11,1.76,-0.66
2683,2021-22,Jalen Green,19,HOU,-1.31,-3.38,-1,-2.38
2684,2021-22,Jonathan Kuminga,19,GSW,1.08,-0.98,-0.45,-0.52
2685,2021-22,Naji Marshall,24,NOP,1.28,0.3,-0.02,0.33
2686,2021-22,KJ Martin,21,HOU,0.15,-2.26,-0.53,-1.73
2687,2021-22,Trent Forrest,23,UTA,0.28,-1.83,-1.23,-0.6
2688,2021-22,Saben Lee,22,DET,0.82,-0.29,-0.04,-0.25
2689,2021-22,Ayo Dosunmu,22,CHI,0.72,-1.86,-1.8,-0.06
2690,2021-22,Vít Krejčí,21,OKC,-0.05,-2.5,-2.17,-0.33
2691,2021-22,Jae'Sean Tate,26,HOU,2.11,-0.79,-0.66,-0.13
2692,2021-22,Facundo Campazzo,30,DEN,0.73,-1.43,-1.41,-0.02
2693,2021-22,Brandon Williams,22,POR,0.23,-1.83,-0.22,-1.61
2694,2021-22,Jeremiah Robinson-Earl,21,OKC,0.93,-1.06,-1.35,0.3
2695,2021-22,Brandon Boston,20,LAC,0.26,-1.87,-1.51,-0.36
2696,2021-22,Josh Christopher,20,HOU,0.15,-2.22,-0.63,-1.59
2697,2021-22,Herbert Jones,23,NOP,5.52,1.28,-0.82,2.09
2698,2021-22,Trey Murphy III,21,NOP,1.19,-0.26,-0.26,0
2699,2021-22,Franz Wagner,20,ORL,2.87,-0.56,-0.51,-0.05
2700,2021-22,Ziaire Williams,20,MEM,0.24,-2.12,-1.15,-0.96
2701,2021-22,Greg Brown III,20,POR,-0.04,-2.5,-2.4,-0.1
2702,2021-22,Chris Duarte,24,IND,0.67,-1.71,-0.7,-1.01
2703,2021-22,Bones Hyland,21,DEN,1.94,-0.1,1.26,-1.35
2704,2021-22,Moses Moody,19,GSW,-0.11,-2.68,-1.79,-0.88
2705,2021-22,Isaiah Jackson,20,IND,1.01,0.51,-0.69,1.2
2706,2021-22,Tre Mann,20,OKC,-0.98,-3.54,-2.15,-1.39
2707,2021-22,Keon Johnson,19,LAC/POR,-0.46,-3.46,-1.53,-1.93
2708,2021-22,Kessler Edwards,21,BRK,0.11,-2.23,-1.82,-0.42
2709,2021-22,Corey Kispert,22,WAS,1.02,-1.51,-0.59,-0.92
2710,2021-22,Davion Mitchell,23,SAC,-0.29,-2.62,-1.51,-1.11
2711,2021-22,Austin Reaves,23,LAL,1.13,-1.16,-0.76,-0.4
2712,2021-22,Cam Thomas,20,BRK,0.16,-2.19,-0.66,-1.53
2713,2021-22,Joshua Primo,19,SAS,-0.33,-2.94,-2.15,-0.8
2714,2021-22,Scottie Barnes,20,TOR,4.77,0.44,-0.19,0.63
2715,2021-22,Trendon Watford,21,POR,0.03,-2.35,-1.41,-0.94
2716,2021-22,Alperen Sengun,19,HOU,1.33,-1.01,-0.86,-0.14
2717,2021-22,Jericho Sims,23,NYK,0.56,-0.83,-2.38,1.55
2718,2021-22,Josh Giddey,19,OKC,1.14,-1.35,-1.36,0.01
2719,2021-22,Jalen Suggs,20,ORL,0.18,-2.18,-2.47,0.29
2720,2021-22,Cade Cunningham,20,DET,0.3,-2.18,-1.38,-0.79
2721,2021-22,Evan Mobley,20,CLE,4.38,0.52,-0.79,1.31
2722,2021-22,Aaron Wiggins,23,OKC,0.07,-2.3,-1.89,-0.41
2723,2021-22,Duane Washington Jr.,21,IND,0.04,-2.34,-0.51,-1.83
2724,2021-22,Dalano Banton,22,TOR,0.41,-1.49,-1.76,0.27
2725,2021-22,Jose Alvarado,23,NOP,2.62,2.49,0.98,1.51
2726,2021-22,Terry Taylor,22,IND,0.59,-1.11,0,-1.1
2727,2021-22,LaMarcus Aldridge,36,BRK,1.24,-0.56,-0.09,-0.46
2728,2021-22,Rudy Gay,35,UTA,1.66,0.09,0.1,-0.01
2729,2021-22,Rajon Rondo,35,LAL/CLE,0.17,-2.03,-1.5,-0.52
2730,2021-22,Kyle Lowry,35,MIA,6.13,2.07,0.56,1.51
2731,2021-22,P.J. Tucker,36,MIA,3.69,0.5,-0.88,1.38
2732,2021-22,Kevin Durant,33,BRK,7.18,3.07,3.29,-0.22
2733,2021-22,Al Horford,35,BOS,7.65,3.58,0.42,3.15
2734,2021-22,Mike Conley,34,UTA,6.84,2.78,1.55,1.23
2735,2021-22,Jeff Green,35,DEN,1.76,-0.91,-0.74,-0.17
2736,2021-22,Thaddeus Young,33,SAS/TOR,1.11,-0.34,-1.18,0.84
2737,2021-22,Derrick Rose,33,NYK,0.67,-0.75,0.47,-1.22
2738,2021-22,Russell Westbrook,33,LAL,2.48,-0.95,0.48,-1.44
2739,2021-22,Kevin Love,33,CLE,3.78,1.13,1.37,-0.24
2740,2021-22,Danilo Gallinari,33,ATL,2.22,-0.33,0.52,-0.85
2741,2021-22,Eric Gordon,33,HOU,-0.42,-2.8,-0.8,-1.99
2742,2021-22,D.J. Augustin,34,HOU/LAL,-0.17,-2.71,-1,-1.71
2743,2021-22,Robin Lopez,33,ORL,0.31,-1.61,-1.06,-0.55
2744,2021-22,JaVale McGee,34,PHO,2.45,0.84,-0.61,1.45
2745,2021-22,Serge Ibaka,32,LAC/MIL,0.66,-1.22,-1.77,0.55
2746,2021-22,Nicolas Batum,33,LAC,2.79,0.56,-0.74,1.3
2747,2021-22,George Hill,35,MIL,1.42,-0.63,-1.1,0.46
2748,2021-22,DeAndre Jordan,33,LAL/PHI,0.55,-1.02,-1.52,0.5
2749,2021-22,Blake Griffin,32,BRK,1.4,-0.12,-0.36,0.24
2750,2021-22,James Harden,32,BRK/PHI,7.64,2.52,3.12,-0.6
2751,2021-22,Ricky Rubio,31,CLE,2.14,1.03,0.35,0.68
2752,2021-22,Stephen Curry,33,GSW,9.64,4.47,3.73,0.73
2753,2021-22,DeMar DeRozan,32,CHI,6.47,1.26,2.79,-1.53
2754,2021-22,James Johnson,34,BRK,0.94,-1.17,-0.83,-0.34
2755,2021-22,Jrue Holiday,31,MIL,7.63,2.99,2.06,0.93
2756,2021-22,Taj Gibson,36,NYK,0.6,-1.4,-2.53,1.13
2757,2021-22,Wayne Ellington,34,LAL,0.24,-1.93,-0.62,-1.31
2758,2021-22,Patrick Beverley,33,MIN,3.99,1.8,1.35,0.45
2759,2021-22,Danny Green,34,PHI,1.36,-0.83,-1.99,1.16
2760,2021-22,Patty Mills,33,BRK,0.95,-1.77,0.51,-2.27
2761,2021-22,Garrett Temple,35,NOP,0.06,-2.31,-2.02,-0.29
2762,2021-22,Wesley Matthews,35,MIL,0.15,-2.16,-1.41,-0.75
2763,2021-22,Derrick Favors,30,OKC,0.71,-0.7,-2.16,1.46
2764,2021-22,DeMarcus Cousins,31,MIL/DEN,1.86,1.64,1.24,0.39
2765,2021-22,Gordon Hayward,31,CHO,2.53,0.11,0.35,-0.24
2766,2021-22,Paul George,31,LAC,3.46,2.6,1.1,1.5
2767,2021-22,Eric Bledsoe,32,LAC,2.01,-0.1,-0.9,0.8
2768,2021-22,Avery Bradley,31,LAL,-0.36,-2.81,-2.49,-0.32
2769,2021-22,Hassan Whiteside,32,UTA,4.03,3.01,0.62,2.4
2770,2021-22,Nemanja Bjelica,33,GSW,2.3,0.72,-0.04,0.77
2771,2021-22,Lance Stephenson,31,ATL/IND,0.53,-1.39,-0.28,-1.11
2772,2021-22,Ish Smith,33,CHO/WAS,0.32,-1.96,-1.59,-0.36
2773,2021-22,Kyrie Irving,29,BRK,3.04,1.93,3.05,-1.11
2774,2021-22,Tristan Thompson,30,SAC/IND/CHI,1.48,0.16,0.06,0.1
2775,2021-22,Jonas Valančiūnas,29,NOP,5.54,1.44,0.36,1.08
2776,2021-22,Bismack Biyombo,29,PHO,0.94,0.5,-0.63,1.13
2777,2021-22,Kemba Walker,31,NYK,0.95,-0.83,-0.38,-0.45
2778,2021-22,Klay Thompson,31,GSW,1.87,0.69,1.61,-0.92
2779,2021-22,Alec Burks,30,NYK,5.21,1.09,0.94,0.16
2780,2021-22,Marcus Morris Sr.,32,LAC,1.32,-1.08,0.18,-1.26
2781,2021-22,Nikola Vučević,31,CHI,6.26,1.62,0.25,1.37
2782,2021-22,Tobias Harris,29,PHI,5.7,1.09,0.95,0.14
2783,2021-22,Reggie Jackson,31,LAC,1.8,-1.19,-0.49,-0.7
2784,2021-22,Cory Joseph,30,DET,0.2,-2.2,-1.69,-0.51
2785,2021-22,Jimmy Butler,32,MIA,7.94,4.06,2.89,1.17
2786,2021-22,Bojan Bogdanović,32,UTA,3.39,0.07,1.64,-1.56
2787,2021-22,Davis Bertans,29,WAS/DAL,0.98,-0.5,0.21,-0.71
2788,2021-22,Anthony Davis,28,LAL,4.71,2.83,1.05,1.79
2789,2021-22,Bradley Beal,28,WAS,3.31,1.17,1.61,-0.44
2790,2021-22,Damian Lillard,31,POR,2.98,1.98,3.52,-1.54
2791,2021-22,Terrence Ross,30,ORL,-1.27,-3.81,-1.43,-2.38
2792,2021-22,Andre Drummond,28,PHI/BRK,4.37,2.34,0.35,1.99
2793,2021-22,Harrison Barnes,29,SAC,3.78,-0.13,0.43,-0.55
2794,2021-22,Austin Rivers,29,DEN,-0.53,-2.97,-1.62,-1.35
2795,2021-22,Jeremy Lamb,29,IND/SAC,1.1,-0.57,0.09,-0.66
2796,2021-22,Maurice Harkless,28,SAC,-0.19,-2.74,-3.42,0.68
2797,2021-22,Evan Fournier,29,NYK,1.84,-1.18,-0.12,-1.05
2798,2021-22,Tomas Satoransky,30,NOP/SAS/WAS,0.79,-1.03,-1.47,0.44
2799,2021-22,Jae Crowder,31,PHO,4.2,1.06,-0.85,1.91
2800,2021-22,Draymond Green,31,GSW,3.84,2.1,-1.31,3.41
2801,2021-22,Khris Middleton,30,MIL,5.7,1.74,1.71,0.03
2802,2021-22,Will Barton,31,DEN,3,-0.35,-0.6,0.26
2803,2021-22,Kent Bazemore,32,LAL,0.02,-2.36,-2.52,0.17
2804,2021-22,Justin Holiday,32,IND/SAC,1.76,-1.06,-0.96,-0.1
2805,2021-22,JaMychal Green,31,DEN,1.17,-0.71,-0.81,0.1
2806,2021-22,Nerlens Noel,27,NYK,0.44,-1.18,-3.2,2.03
2807,2021-22,Alex Len,28,SAC,0.71,-0.61,-1.87,1.26
2808,2021-22,Ben McLemore,28,POR,-0.52,-3.05,-0.72,-2.33
2809,2021-22,CJ McCollum,30,POR/NOP,3.99,0.49,1.93,-1.44
2810,2021-22,Dennis Schröder,28,BOS/HOU,1.73,-0.93,-0.76,-0.17
2811,2021-22,Dewayne Dedmon,32,MIA,1.5,-0.2,-1.81,1.61
2812,2021-22,Kelly Olynyk,30,DET,1.67,1,0.57,0.43
2813,2021-22,Kentavious Caldwell-Pope,28,WAS,1.79,-1.2,-1.19,-0.01
2814,2021-22,Mason Plumlee,31,CHO,3.25,0.42,-0.99,1.41
2815,2021-22,Mike Muscala,30,OKC,1.38,1.23,0.3,0.92
2816,2021-22,Otto Porter Jr.,28,GSW,4.05,2.1,0.16,1.94
2817,2021-22,Reggie Bullock Jr.,30,DAL,2.34,-0.48,-0.44,-0.04
2818,2021-22,Robert Covington,31,POR/LAC,4.01,0.81,-1.4,2.22
2819,2021-22,Rudy Gobert,29,UTA,9.3,4.51,1.08,3.43
2820,2021-22,Steven Adams,28,MEM,4.87,1.39,0.41,0.98
2821,2021-22,Tim Hardaway Jr.,29,DAL,2.1,0.22,0.35,-0.13
2822,2021-22,Tony Snell,30,POR/NOP,-0.04,-2.47,-2.02,-0.45
2823,2021-22,Giannis Antetokounmpo,27,MIL,12.35,6.63,4.57,2.06
2824,2021-22,Raul Neto,29,WAS,1.49,-0.7,-0.92,0.21
2825,2021-22,Seth Curry,31,PHI/BRK,2.42,-0.63,0.13,-0.76
2826,2021-22,Rodney McGruder,30,DET,0.58,-1.2,-0.71,-0.49
2827,2021-22,Zach LaVine,26,CHI,4.7,0.74,2.03,-1.3
2828,2021-22,Elfrid Payton,27,PHO,0.02,-2.34,-2.25,-0.09
2829,2021-22,Jordan Clarkson,29,UTA,4.69,1.01,2.05,-1.04
2830,2021-22,Gary Harris,27,ORL,0.14,-2.28,-1.85,-0.43
2831,2021-22,Spencer Dinwiddie,28,WAS/DAL,3.67,0.48,1.2,-0.72
2832,2021-22,Rodney Hood,29,MIL/LAC,-0.13,-2.7,-2.02,-0.68
2833,2021-22,Khem Birch,29,TOR,1.19,-0.52,-1.15,0.63
2834,2021-22,Jerami Grant,27,DET,2.68,0.38,0.23,0.14
2835,2021-22,Doug McDermott,30,SAS,0,-2.4,-0.81,-1.59
2836,2021-22,Aaron Gordon,26,DEN,4.08,0.27,0.46,-0.19
2837,2021-22,Marcus Smart,27,BOS,5.76,1.5,0.63,0.87
2838,2021-22,Kyle Anderson,28,MEM,3.28,1.04,-0.51,1.55
2839,2021-22,Dwight Powell,30,DAL,4.79,1.74,0.33,1.41
2840,2021-22,Julius Randle,27,NYK,2.78,-0.7,-0.03,-0.66
2841,2021-22,Andrew Wiggins,26,GSW,4.64,0.69,0.24,0.45
2842,2021-22,Joel Embiid,27,PHI,11.15,5.3,4.24,1.06
2843,2021-22,Clint Capela,27,ATL,6.24,2.36,0.47,1.89
2844,2021-22,Bogdan Bogdanović,29,ATL,4.5,1.39,1.63,-0.25
2845,2021-22,Jusuf Nurkić,27,POR,3.9,1.44,-0.07,1.52
2846,2021-22,Nikola Jokić,26,DEN,14.43,7.04,5.25,1.8
2847,2021-22,Kristaps Porziņģis,26,DAL/WAS,5.56,3.48,1.73,1.74
2848,2021-22,Joe Ingles,34,UTA,1.38,-0.48,-0.36,-0.12
2849,2021-22,T.J. McConnell,29,IND,0.69,-0.75,-0.61,-0.14
2850,2021-22,LeBron James,37,LAL,7.66,3.34,3.61,-0.27
2851,2021-22,Carmelo Anthony,37,LAL,0.19,-2.23,-0.23,-2
2852,2021-22,Dwight Howard,36,LAL,1.67,0.28,-0.79,1.07
2853,2021-22,Andre Iguodala,38,GSW,1.41,1.23,-0.25,1.48
2854,2022-23,Chris Paul,37,PHO,6.08,2.68,2.12,0.56
2855,2022-23,Tyus Jones,26,MEM,2.13,-0.7,0.58,-1.28
2856,2022-23,Montrezl Harrell,29,PHI,0.81,-0.56,-0.07,-0.5
2857,2022-23,Delon Wright,30,WAS,2.24,0.46,-0.74,1.19
2858,2022-23,D'Angelo Russell,26,MIN/LAL,3.93,0.26,0.65,-0.39
2859,2022-23,Karl-Anthony Towns,27,MIN,1.89,0.68,1.01,-0.33
2860,2022-23,Justise Winslow,26,POR,0.38,-1.68,-1.85,0.17
2861,2022-23,Kelly Oubre Jr.,27,CHO,2.47,0.08,0.37,-0.28
2862,2022-23,Devin Booker,26,PHO,5.86,2.63,3.55,-0.92
2863,2022-23,Cameron Payne,28,PHO,1.28,-0.34,0.42,-0.76
2864,2022-23,Myles Turner,26,IND,5.45,2.3,0.47,1.84
2865,2022-23,Trey Lyles,27,SAC,1.9,-0.03,-0.18,0.15
2866,2022-23,Bobby Portis,27,MIL,3.24,0.38,0.5,-0.13
2867,2022-23,Kevon Looney,26,GSW,4.59,1.28,0.13,1.15
2868,2022-23,Christian Wood,27,DAL,2.58,-0.09,0.19,-0.28
2869,2022-23,Terry Rozier,28,CHO,2.5,-0.66,1.13,-1.79
2870,2022-23,Norman Powell,29,LAC,0.9,-1.54,-0.02,-1.52
2871,2022-23,Pat Connaughton,30,MIL,1.29,-1.02,-0.67,-0.36
2872,2022-23,Josh Richardson,29,SAS/NOP,0.54,-1.89,-1.54,-0.35
2873,2022-23,Larry Nance Jr.,30,NOP,2.88,0.86,-1.09,1.95
2874,2022-23,Royce O'Neale,29,BRK,1.82,-1.25,-0.97,-0.28
2875,2022-23,Cedi Osman,27,CLE,2.16,-0.24,0.05,-0.28
2876,2022-23,Ben Simmons,26,BRK,1.5,-0.29,-1.46,1.17
2877,2022-23,Domantas Sabonis,26,SAC,10.12,3.47,1.96,1.51
2878,2022-23,Malik Beasley,26,UTA/LAL,-0.09,-2.53,-0.98,-1.56
2879,2022-23,Kris Dunn,28,UTA,1.03,0.44,0.38,0.06
2880,2022-23,Buddy Hield,30,IND,2.75,-0.69,0.53,-1.22
2881,2022-23,Brandon Ingram,25,NOP,3.05,0.7,1.34,-0.64
2882,2022-23,Caris LeVert,28,CLE,3.79,0.24,-0.01,0.25
2883,2022-23,Dejounte Murray,26,ATL,5.76,0.94,0.76,0.19
2884,2022-23,Jamal Murray,25,DEN,4.71,1.06,1.93,-0.87
2885,2022-23,Jakob Poeltl,27,SAS/TOR,6.18,2.72,0.04,2.68
2886,2022-23,Taurean Prince,28,MIN,-0.1,-2.6,-1.64,-0.96
2887,2022-23,Jaylen Brown,26,BOS,4.61,0.6,0.77,-0.18
2888,2022-23,Malcolm Brogdon,30,BOS,3.63,0.86,1.13,-0.27
2889,2022-23,Georges Niang,29,PHI,0.34,-2.1,-0.75,-1.35
2890,2022-23,Pascal Siakam,28,TOR,8.71,2.78,1.84,0.94
2891,2022-23,Damion Lee,30,PHO,1.52,-0.85,-0.98,0.14
2892,2022-23,Juancho Hernangomez,27,TOR,-0.05,-2.6,-2.3,-0.3
2893,2022-23,Ivica Zubac,25,LAC,3.59,0.18,-1.88,2.06
2894,2022-23,Dorian Finney-Smith,29,DAL/BRK,3.49,0.31,-0.13,0.45
2895,2022-23,Fred VanVleet,28,TOR,8.73,3.04,2.19,0.85
2896,2022-23,Danuel House Jr.,29,PHI,0.19,-2.07,-1.52,-0.55
2897,2022-23,Derrick Jones Jr.,25,CHI,1.1,-0.5,-0.87,0.37
2898,2022-23,Alex Caruso,28,CHI,4.01,1.6,-1.16,2.75
2899,2022-23,Markelle Fultz,24,ORL,2.82,0.07,-0.56,0.63
2900,2022-23,De'Aaron Fox,25,SAC,7.24,2.28,2.74,-0.46
2901,2022-23,Jayson Tatum,24,BOS,11.29,4.19,3.54,0.65
2902,2022-23,Malik Monk,24,SAC,1.73,-0.85,0.29,-1.15
2903,2022-23,Dennis Smith Jr.,25,CHO,1.4,-0.85,-1.33,0.48
2904,2022-23,Frank Ntilikina,24,DAL,0.28,-1.73,-1.67,-0.06
2905,2022-23,Lauri Markkanen,25,UTA,6.91,2.39,3.1,-0.71
2906,2022-23,Donovan Mitchell,26,CLE,8.7,3.26,3.2,0.06
2907,2022-23,Luke Kennard,26,LAC/MEM,0.49,-1.86,-0.76,-1.1
2908,2022-23,Zach Collins,25,SAS,0.83,-1.54,-1.44,-0.1
2909,2022-23,John Collins,25,ATL,2.63,-0.49,-1.3,0.81
2910,2022-23,OG Anunoby,25,TOR,5.86,1.46,0.02,1.44
2911,2022-23,Jarrett Allen,24,CLE,5.79,1.69,-0.2,1.9
2912,2022-23,Bam Adebayo,25,MIA,6.72,1.66,-0.08,1.74
2913,2022-23,Isaiah Hartenstein,24,NYK,3.28,0.74,-1.04,1.78
2914,2022-23,Kyle Kuzma,27,WAS,2.08,-0.97,-0.59,-0.38
2915,2022-23,Derrick White,28,BOS,6.68,2.13,0.7,1.43
2916,2022-23,Josh Hart,27,POR/NYK,4.4,0.39,-0.29,0.68
2917,2022-23,Edmond Sumner,27,BRK,0.26,-1.88,-1.15,-0.74
2918,2022-23,Dillon Brooks,27,MEM,2.79,-0.45,-0.79,0.35
2919,2022-23,Thomas Bryant,25,LAL/DEN,1.55,-0.17,-0.38,0.21
2920,2022-23,Monté Morris,27,WAS,3.03,0.39,0.98,-0.59
2921,2022-23,Vlatko Čančar,25,DEN,-0.07,-2.58,-1.56,-1.03
2922,2022-23,Luke Kornet,27,BOS,0.98,-0.52,-1.15,0.63
2923,2022-23,Chris Boucher,30,TOR,3.43,1.12,0.51,0.61
2924,2022-23,Maxi Kleber,31,DAL,0.15,-2.2,-2.43,0.23
2925,2022-23,Torrey Craig,32,PHO,1.82,-0.96,-1.51,0.55
2926,2022-23,Grayson Allen,27,MIL,3.34,0.24,-0.41,0.66
2927,2022-23,Marvin Bagley III,23,DET,0.64,-1.43,-0.84,-0.59
2928,2022-23,Mo Bamba,24,ORL/LAL,1.06,-0.26,-0.62,0.35
2929,2022-23,Keita Bates-Diop,27,SAS,1.57,-0.73,-0.8,0.07
2930,2022-23,Mikal Bridges,26,PHO/BRK,6.91,1.25,1.01,0.25
2931,2022-23,Bruce Brown,26,DEN,2.66,-0.6,-0.43,-0.16
2932,2022-23,Troy Brown Jr.,23,LAL,0.98,-1.61,-1.11,-0.5
2933,2022-23,Jalen Brunson,26,NYK,6.06,1.6,2.65,-1.06
2934,2022-23,Jevon Carter,27,MIL,2.37,-0.37,-1.05,0.68
2935,2022-23,Wendell Carter Jr.,23,ORL,2.83,0.21,-0.86,1.08
2936,2022-23,Hamidou Diallo,24,DET,1.09,-0.72,-1.25,0.54
2937,2022-23,Donte DiVincenzo,26,GSW,2.51,-0.34,-1.13,0.79
2938,2022-23,Shai Gilgeous-Alexander,24,OKC,9.72,4.01,3.44,0.57
2939,2022-23,Devonte' Graham,27,NOP/SAS,2.04,-0.02,0.32,-0.34
2940,2022-23,Aaron Holiday,26,ATL,0.78,-0.99,-1.02,0.03
2941,2022-23,Kevin Huerter,24,SAC,4.13,0.53,0.51,0.03
2942,2022-23,Jaren Jackson Jr.,23,MEM,6.43,3.29,1.13,2.17
2943,2022-23,Kevin Knox II,23,DET/POR,0.07,-2.33,-1.63,-0.7
2944,2022-23,Caleb Martin,27,MIA,2.82,-0.29,-1.73,1.43
2945,2022-23,De'Anthony Melton,24,PHI,3.05,-0.2,-0.72,0.52
2946,2022-23,Chimezie Metu,25,SAC,1.25,0.43,-0.46,0.88
2947,2022-23,Shake Milton,26,PHI,1.38,-1.05,0.17,-1.22
2948,2022-23,Josh Okogie,24,PHO,2.43,0.41,-0.12,0.53
2949,2022-23,Michael Porter Jr.,24,DEN,2.54,-0.2,1.01,-1.21
2950,2022-23,Mitchell Robinson,24,NYK,3.77,1.32,-0.47,1.8
2951,2022-23,Collin Sexton,24,UTA,0.45,-1.83,0.15,-1.98
2952,2022-23,Landry Shamet,25,PHO,1.12,-0.25,-0.28,0.04
2953,2022-23,Anfernee Simons,23,POR,3.13,-0.16,1.33,-1.49
2954,2022-23,Gary Trent Jr.,24,TOR,2.46,-0.61,0.06,-0.67
2955,2022-23,Jarred Vanderbilt,23,UTA/LAL,1.75,-0.96,-1.37,0.41
2956,2022-23,Lonnie Walker IV,24,LAL,-0.02,-2.49,-1.35,-1.14
2957,2022-23,P.J. Washington,24,CHO,2.19,-0.99,-1.08,0.1
2958,2022-23,Kenrich Williams,28,OKC,1.92,0.08,-0.28,0.36
2959,2022-23,Trae Young,24,ATL,6.08,1.35,3.5,-2.14
2960,2022-23,Deandre Ayton,24,PHO,3.7,0.44,-0.5,0.94
2961,2022-23,Luka Dončić,23,DAL,10.13,4.37,4.89,-0.53
2962,2022-23,Oshae Brissett,24,IND,1.16,-0.74,-0.53,-0.21
2963,2022-23,Terence Davis,25,SAC,1.3,0,-0.18,0.18
2964,2022-23,Robert Williams III,25,BOS,1.81,1.04,-0.44,1.48
2965,2022-23,Rui Hachimura,24,WAS/LAL,0.29,-2.14,-1.27,-0.87
2966,2022-23,Jock Landale,27,PHO,1.81,0.49,-0.14,0.62
2967,2022-23,Wenyen Gabriel,25,LAL,1.31,-0.42,-1.12,0.71
2968,2022-23,Duncan Robinson,28,MIA,0.65,-0.95,-0.39,-0.56
2969,2022-23,Kendrick Nunn,27,LAL/WAS,-0.29,-2.96,-1.19,-1.77
2970,2022-23,Yuta Watanabe,28,BRK,0.37,-1.82,-1.4,-0.42
2971,2022-23,Jordan McLaughlin,26,MIN,0.68,-0.86,-0.88,0.02
2972,2022-23,Gabe Vincent,26,MIA,1.08,-1.47,-1.58,0.11
2973,2022-23,Drew Eubanks,25,POR,2.32,-0.12,-0.66,0.54
2974,2022-23,Juan Toscano-Anderson,29,LAL/UTA,-0.12,-2.74,-2.86,0.12
2975,2022-23,Haywood Highsmith,26,MIA,0.42,-1.77,-2.16,0.4
2976,2022-23,Amir Coffey,25,LAC,-0.3,-3.23,-1.68,-1.55
2977,2022-23,Terance Mann,26,LAC,3.08,0.17,0.41,-0.24
2978,2022-23,Andrew Nembhard,23,IND,0.3,-2.23,-1.11,-1.12
2979,2022-23,Max Strus,26,MIA,1.18,-1.62,-1.09,-0.53
2980,2022-23,Bol Bol,23,ORL,1.5,-0.86,-2.06,1.2
2981,2022-23,Zion Williamson,22,NOP,3.01,2.57,2.36,0.2
2982,2022-23,RJ Barrett,22,NYK,1.57,-1.44,-0.1,-1.34
2983,2022-23,Cam Reddish,23,NYK/POR,0.17,-2.18,-1.48,-0.7
2984,2022-23,Ja Morant,23,MEM,7.24,3.49,4.14,-0.65
2985,2022-23,De'Andre Hunter,25,ATL,1.24,-1.52,-0.97,-0.55
2986,2022-23,Coby White,22,CHI,1.95,-0.66,0.4,-1.05
2987,2022-23,Brandon Clarke,26,MEM,0.99,-1,-0.96,-0.03
2988,2022-23,Darius Garland,23,CLE,7.62,2.51,2.35,0.17
2989,2022-23,Jaxson Hayes,22,NOP,0.81,-0.33,-1.35,1.01
2990,2022-23,Nickeil Alexander-Walker,24,UTA/MIN,0.43,-1.67,-1.47,-0.2
2991,2022-23,Tyler Herro,23,MIA,5.05,0.99,0.5,0.49
2992,2022-23,Keldon Johnson,23,SAS,2.38,-0.62,0.58,-1.2
2993,2022-23,Romeo Langford,23,SAS,0.14,-2.19,-1.55,-0.64
2994,2022-23,Nassir Little,22,POR,0.29,-1.98,-1.11,-0.87
2995,2022-23,Chuma Okeke,24,ORL,0.28,-1.61,-1.26,-0.34
2996,2022-23,Kevin Porter Jr.,22,HOU,1.71,-1.1,0.21,-1.31
2997,2022-23,Charles Bassey,22,SAS,0.86,0.24,-1.25,1.49
2998,2022-23,Darius Bazley,22,OKC/PHO,0.7,-0.64,-1.7,1.06
2999,2022-23,Nic Claxton,23,BRK,7.72,2.98,0.71,2.27
3000,2022-23,Luguentz Dort,23,OKC,3.83,0.23,0.32,-0.09
3001,2022-23,Daniel Gafford,24,WAS,1.97,-0.49,-0.86,0.36
3002,2022-23,Quentin Grimes,22,NYK,3.61,0.25,-0.05,0.3
3003,2022-23,Talen Horton-Tucker,22,UTA,1.3,-0.88,-0.19,-0.69
3004,2022-23,Ty Jerome,25,GSW,0.76,-0.96,-0.83,-0.13
3005,2022-23,Cameron Johnson,26,PHO/BRK,2.76,1.2,1.15,0.05
3006,2022-23,Jalen McDaniels,25,CHO/PHI,1.96,-0.82,-0.7,-0.12
3007,2022-23,Jaylen Nowell,23,MIN,0.65,-1.62,-0.26,-1.36
3008,2022-23,Jordan Nwora,24,MIL/IND,0.29,-2.07,-0.99,-1.08
3009,2022-23,Jordan Poole,23,GSW,1.24,-1.65,-0.38,-1.27
3010,2022-23,Naz Reid,23,MIN,1.15,-0.98,-0.82,-0.16
3011,2022-23,Matisse Thybulle,25,PHI/POR,1.47,-0.5,-2.06,1.56
3012,2022-23,Grant Williams,24,BOS,3.07,-0.06,-1.19,1.13
3013,2022-23,Garrison Mathews,26,HOU/ATL,0.51,-1.26,-0.95,-0.31
3014,2022-23,Dean Wade,26,CLE,0.81,-1.01,-2.19,1.19
3015,2022-23,Anthony Edwards,21,MIN,5.81,0.8,0.79,0.01
3016,2022-23,LaMelo Ball,21,CHO,2.8,1.05,2.29,-1.24
3017,2022-23,James Wiseman,21,GSW/DET,0.39,-1.73,-1.74,0.01
3018,2022-23,Killian Hayes,21,DET,-0.38,-2.75,-1.92,-0.82
3019,2022-23,Deni Avdija,22,WAS,2.01,-0.87,-1.9,1.03
3020,2022-23,Obi Toppin,24,NYK,1.24,-0.58,0.24,-0.82
3021,2022-23,Onyeka Okongwu,22,ATL,2.99,0.12,-0.66,0.78
3022,2022-23,Tyrese Haliburton,22,IND,6.43,3,3.47,-0.47
3023,2022-23,Devin Vassell,22,SAS,1.11,-0.96,-0.38,-0.57
3024,2022-23,Isaac Okoro,22,CLE,2.35,-0.19,-1.19,0.99
3025,2022-23,Patrick Williams,21,CHI,0.45,-2.15,-2.43,0.28
3026,2022-23,Precious Achiuwa,23,TOR,0.57,-1.65,-1.2,-0.45
3027,2022-23,Aaron Nesmith,23,IND,1.79,-0.88,-1.12,0.24
3028,2022-23,Cole Anthony,22,ORL,2.62,0.23,0.9,-0.66
3029,2022-23,Theo Maledon,21,CHO,0.72,-1.1,-0.91,-0.2
3030,2022-23,Tyrese Maxey,22,PHI,3.43,0.25,1.36,-1.11
3031,2022-23,Saddiq Bey,23,DET/ATL,3.06,-0.16,0.83,-0.99
3032,2022-23,R.J. Hampton,21,ORL/DET,-0.01,-2.47,-1.15,-1.33
3033,2022-23,Josh Green,22,DAL,1.28,-1.13,-1.1,-0.03
3034,2022-23,Jaden McDaniels,22,MIN,2.64,-0.71,-1.58,0.87
3035,2022-23,Jalen Smith,22,IND,1.1,-1.08,-0.25,-0.83
3036,2022-23,Isaiah Stewart,21,DET,1.44,-0.83,-1.53,0.7
3037,2022-23,Zeke Nnaji,22,DEN,-0.16,-2.82,-2.13,-0.69
3038,2022-23,Immanuel Quickley,23,NYK,4.54,0.63,1.56,-0.93
3039,2022-23,Paul Reed,23,PHI,1.43,0.55,-0.86,1.41
3040,2022-23,Aleksej Pokusevski,21,OKC,0.7,-0.86,-1.67,0.81
3041,2022-23,Isaiah Joe,23,OKC,2.76,0.69,1.07,-0.38
3042,2022-23,Tre Jones,23,SAS,3.74,0.54,0.6,-0.06
3043,2022-23,Malachi Flynn,24,TOR,0.42,-1.48,-0.54,-0.94
3044,2022-23,Payton Pritchard,25,BOS,0.26,-1.81,-0.54,-1.27
3045,2022-23,Lamar Stevens,25,CLE,0.35,-1.96,-2.45,0.49
3046,2022-23,Nick Richards,25,CHO,0.97,-1.18,-1.11,-0.07
3047,2022-23,Xavier Tillman,24,MEM,2.18,0.48,-1.03,1.51
3048,2022-23,Desmond Bane,24,MEM,5.14,1.99,2.02,-0.03
3049,2022-23,Jalen Green,20,HOU,0.13,-2.38,-0.06,-2.31
3050,2022-23,Daishen Nix,20,HOU,0.25,-2.02,-2.27,0.25
3051,2022-23,Jonathan Kuminga,20,GSW,0.42,-1.97,-1.88,-0.09
3052,2022-23,Naji Marshall,25,NOP,1.55,-1.08,-0.64,-0.44
3053,2022-23,KJ Martin,22,HOU,0.86,-1.85,-0.21,-1.64
3054,2022-23,Anthony Lamb,25,GSW,0.86,-1.3,-1.69,0.38
3055,2022-23,Ayo Dosunmu,23,CHI,0.74,-1.89,-1.82,-0.07
3056,2022-23,Jae'Sean Tate,27,HOU,0.79,-0.59,-0.65,0.05
3057,2022-23,Anthony Gill,30,WAS,0.52,-1.13,-0.73,-0.4
3058,2022-23,Lindy Waters III,25,OKC,0.74,-0.23,0.08,-0.31
3059,2022-23,Jeremiah Robinson-Earl,22,OKC,0.99,-0.52,-0.6,0.08
3060,2022-23,Josh Christopher,21,HOU,-0.2,-2.88,-1.43,-1.45
3061,2022-23,Herbert Jones,24,NOP,4.1,0.89,-0.88,1.76
3062,2022-23,Trey Murphy III,22,NOP,2.78,-0.64,-0.17,-0.47
3063,2022-23,Franz Wagner,21,ORL,6.13,1.28,0.56,0.72
3064,2022-23,Ziaire Williams,21,MEM,-0.38,-3.56,-2.27,-1.29
3065,2022-23,Ochai Agbaji,22,UTA,0.19,-2.21,-0.79,-1.42
3066,2022-23,Chris Duarte,25,IND,0.19,-2.12,-0.84,-1.29
3067,2022-23,Bones Hyland,22,DEN/LAC,1.43,-0.35,1.05,-1.39
3068,2022-23,Kai Jones,22,CHO,0.11,-2.15,-2.84,0.7
3069,2022-23,Miles McBride,22,NYK,1.16,-0.02,-0.46,0.45
3070,2022-23,Moses Moody,20,GSW,0.37,-1.74,-1.11,-0.63
3071,2022-23,Isaiah Jackson,21,IND,1.5,-0.16,-1.04,0.88
3072,2022-23,Tre Mann,21,OKC,0.26,-2.11,-1.1,-1
3073,2022-23,James Bouknight,22,CHO,-0.25,-3.26,-2.1,-1.16
3074,2022-23,Day'Ron Sharpe,21,BRK,0.6,-0.73,-0.79,0.06
3075,2022-23,JT Thor,20,CHO,-0.54,-3.37,-2.99,-0.38
3076,2022-23,Jalen Johnson,21,ATL,1.65,0.07,-0.62,0.69
3077,2022-23,Corey Kispert,23,WAS,0.1,-2.38,-1.34,-1.04
3078,2022-23,Davion Mitchell,24,SAC,1.56,-0.74,-0.9,0.17
3079,2022-23,Austin Reaves,24,LAL,2.57,-0.23,0.6,-0.83
3080,2022-23,Cam Thomas,21,BRK,0.29,-1.97,-0.13,-1.84
3081,2022-23,Scottie Barnes,21,TOR,7.29,1.88,0.35,1.53
3082,2022-23,Trendon Watford,22,POR,0.71,-1.49,-1.44,-0.05
3083,2022-23,Sandro Mamukelashvili,23,MIL/SAS,0.83,-0.46,0.05,-0.52
3084,2022-23,Sam Hauser,25,BOS,1.88,-0.14,-0.07,-0.07
3085,2022-23,Alperen Sengun,20,HOU,3.78,0.31,-0.11,0.43
3086,2022-23,Jericho Sims,24,NYK,0.28,-1.91,-2.87,0.96
3087,2022-23,Josh Giddey,20,OKC,3.06,-0.39,-0.04,-0.36
3088,2022-23,Santi Aldama,22,MEM,3.18,0.55,-0.59,1.14
3089,2022-23,Usman Garuba,20,HOU,0.67,-1.35,-2.01,0.66
3090,2022-23,Isaiah Livers,24,DET,-0.21,-2.75,-2.34,-0.41
3091,2022-23,Jalen Suggs,21,ORL,0.97,-1.21,-1.39,0.18
3092,2022-23,Evan Mobley,21,CLE,8.82,2.73,-0.04,2.77
3093,2022-23,Aaron Wiggins,24,OKC,1.49,-0.62,-0.83,0.21
3094,2022-23,Jose Alvarado,24,NOP,2.11,0.11,-0.36,0.47
3095,2022-23,Eugene Omoruyi,25,OKC/DET,0.7,-0.73,-0.55,-0.18
3096,2022-23,Ish Wainright,28,PHO,0.96,-0.77,-0.89,0.12
3097,2022-23,Jordan Goodwin,24,WAS,1.95,0.36,-0.73,1.09
3098,2022-23,MarJon Beauchamp,22,MIL,-0.17,-2.85,-1.61,-1.25
3099,2022-23,Dyson Daniels,19,NOP,0.52,-1.66,-2.5,0.85
3100,2022-23,Jaden Hardy,20,DAL,0.48,-1.37,0.49,-1.86
3101,2022-23,Jaden Ivey,20,DET,-1.16,-3.28,-1.29,-1.99
3102,2022-23,Paolo Banchero,20,ORL,3.01,-0.48,-0.46,-0.02
3103,2022-23,Jabari Smith Jr.,19,HOU,-0.47,-2.77,-1.87,-0.9
3104,2022-23,Bennedict Mathurin,20,IND,-0.08,-2.52,-0.29,-2.23
3105,2022-23,Keegan Murray,22,SAC,3.68,0,-0.16,0.16
3106,2022-23,AJ Griffin,19,ATL,0.72,-1.64,0.04,-1.68
3107,2022-23,Shaedon Sharpe,19,POR,-0.7,-3.1,-1.26,-1.84
3108,2022-23,Malaki Branham,19,SAS,-0.8,-3.3,-1.87,-1.43
3109,2022-23,Blake Wesley,19,SAS,-0.82,-4.5,-3.63,-0.87
3110,2022-23,Jalen Duren,19,DET,1.74,-0.79,-0.85,0.06
3111,2022-23,Tari Eason,21,HOU,2.38,-0.31,-0.61,0.3
3112,2022-23,Max Christie,19,LAL,0,-2.45,-2.27,-0.18
3113,2022-23,Mark Williams,21,CHO,1.04,-0.46,-1.37,0.92
3114,2022-23,Jeremy Sochan,19,SAS,1.26,-1.07,-0.98,-0.1
3115,2022-23,Jalen Williams,21,OKC,3.79,0.2,-0.58,0.78
3116,2022-23,Walker Kessler,21,UTA,4.7,1.94,-0.15,2.1
3117,2022-23,Jaylin Williams,20,OKC,1.5,0.15,-1.29,1.45
3118,2022-23,Bryce McGowens,20,CHO,-0.33,-3.14,-2.21,-0.93
3119,2022-23,Christian Braun,21,DEN,0.09,-2.33,-2.31,-0.03
3120,2022-23,Christian Koloko,22,TOR,1.26,0.05,-1.78,1.83
3121,2022-23,Jabari Walker,20,POR,0.03,-2.37,-1.85,-0.52
3122,2022-23,Ousmane Dieng,19,OKC,0.54,-0.94,-0.77,-0.17
3123,2022-23,Caleb Houstan,20,ORL,-0.11,-2.69,-2.03,-0.66
3124,2022-23,David Roddy,21,MEM,0.01,-2.45,-1.09,-1.36
3125,2022-23,Simone Fontecchio,27,UTA,-0.31,-3.12,-1.34,-1.78
3126,2022-23,Rudy Gay,36,UTA,0.3,-1.87,-1.88,0.01
3127,2022-23,Kyle Lowry,36,MIA,3.83,1.09,0.23,0.86
3128,2022-23,P.J. Tucker,37,PHI,0.27,-2.24,-2.93,0.69
3129,2022-23,Kevin Durant,34,BRK/PHO,5.83,3.12,2.85,0.27
3130,2022-23,Al Horford,36,BOS,3.44,0.4,-0.6,1
3131,2022-23,Mike Conley,35,UTA/MIN,5.52,1.88,1.78,0.1
3132,2022-23,Jeff Green,36,DEN,0.09,-2.32,-1.17,-1.16
3133,2022-23,Thaddeus Young,34,TOR,0.41,-1.64,-1.68,0.04
3134,2022-23,Russell Westbrook,34,LAL/LAC,3.28,0,0.8,-0.8
3135,2022-23,Kevin Love,34,CLE/MIA,2.71,1.02,-0.1,1.11
3136,2022-23,Eric Gordon,34,HOU/LAC,0.97,-1.67,-0.91,-0.76
3137,2022-23,Brook Lopez,34,MIL,7.42,2.53,0.26,2.27
3138,2022-23,Nicolas Batum,34,LAC,2.78,0.13,-0.48,0.61
3139,2022-23,George Hill,36,MIL/IND,0.46,-1.57,-1.28,-0.29
3140,2022-23,DeAndre Jordan,34,DEN,0.03,-2.38,-2.89,0.51
3141,2022-23,Goran Dragic,36,CHI/MIL,0,-2.47,-0.91,-1.55
3142,2022-23,Blake Griffin,33,BOS,0.95,0.19,-0.91,1.11
3143,2022-23,James Harden,33,PHI,7.91,3.48,3.51,-0.03
3144,2022-23,Ricky Rubio,32,CLE,0.86,-0.03,-0.23,0.2
3145,2022-23,Stephen Curry,34,GSW,7.48,3.72,3.89,-0.17
3146,2022-23,DeMar DeRozan,33,CHI,7.13,1.78,1.3,0.48
3147,2022-23,Jrue Holiday,32,MIL,6.98,2.64,2.24,0.41
3148,2022-23,Patrick Beverley,34,LAL/CHI,3.12,0.28,-1.46,1.74
3149,2022-23,Patty Mills,34,BRK,0.01,-2.43,-0.32,-2.11
3150,2022-23,Wesley Matthews,36,MIL,0.34,-1.79,-1.33,-0.46
3151,2022-23,John Wall,32,LAC,0.67,-1.04,-0.32,-0.72
3152,2022-23,Gordon Hayward,32,CHO,1.14,-1.3,-1.26,-0.03
3153,2022-23,Paul George,32,LAC,6.15,2.6,1.69,0.91
3154,2022-23,Kyrie Irving,30,BRK/DAL,6.1,1.88,2.99,-1.11
3155,2022-23,Jonas Valančiūnas,30,NOP,3.5,0.37,0.01,0.36
3156,2022-23,Bismack Biyombo,30,PHO,1.33,-0.04,-2.23,2.19
3157,2022-23,Klay Thompson,32,GSW,3.58,0.05,0.66,-0.61
3158,2022-23,Alec Burks,31,DET,1.64,-0.12,0.62,-0.75
3159,2022-23,Marcus Morris Sr.,33,LAC,2.29,-0.45,-1.21,0.76
3160,2022-23,Kawhi Leonard,31,LAC,7.5,4.46,3.97,0.49
3161,2022-23,Nikola Vučević,32,CHI,5.61,0.8,-0.16,0.95
3162,2022-23,Tobias Harris,30,PHI,3.89,0.09,0.17,-0.09
3163,2022-23,Reggie Jackson,32,LAC/DEN,1.95,-0.58,-0.42,-0.17
3164,2022-23,Cory Joseph,31,DET,0.76,-1.46,-0.18,-1.29
3165,2022-23,Jimmy Butler,33,MIA,11.05,5.99,4.08,1.91
3166,2022-23,Bojan Bogdanović,33,DET,2.19,-0.61,0.87,-1.48
3167,2022-23,Anthony Davis,29,LAL,9.08,5.28,3.1,2.19
3168,2022-23,Bradley Beal,29,WAS,3.88,1.23,1.96,-0.73
3169,2022-23,Damian Lillard,32,POR,8.22,3.81,6.27,-2.46
3170,2022-23,Terrence Ross,31,ORL/PHO,0.29,-2.1,-0.81,-1.3
3171,2022-23,Andre Drummond,29,CHI,2.23,1.73,-0.37,2.1
3172,2022-23,Harrison Barnes,30,SAC,5.65,0.92,0.94,-0.01
3173,2022-23,Austin Rivers,30,MIN,-0.43,-3.15,-2.44,-0.71
3174,2022-23,Draymond Green,32,GSW,5.26,1.19,-1.84,3.03
3175,2022-23,Khris Middleton,31,MIL,1.53,0.59,1.26,-0.67
3176,2022-23,Will Barton,32,WAS/TOR,0.51,-1.63,-1.19,-0.44
3177,2022-23,Justin Holiday,33,ATL/DAL,-0.15,-2.81,-1.76,-1.05
3178,2022-23,JaMychal Green,32,GSW,0.59,-1.28,-1.06,-0.22
3179,2022-23,CJ McCollum,31,NOP,5.05,0.58,2,-1.42
3180,2022-23,Dennis Schröder,29,LAL,2.7,-0.29,0.04,-0.33
3181,2022-23,Kelly Olynyk,31,UTA,2.78,-0.17,-0.48,0.31
3182,2022-23,Kentavious Caldwell-Pope,29,DEN,5.46,1.19,-0.04,1.23
3183,2022-23,Mason Plumlee,32,CHO/LAC,4.83,1.29,0.22,1.06
3184,2022-23,Mike Muscala,31,OKC/BOS,1.47,0.03,0.02,0
3185,2022-23,Reggie Bullock Jr.,31,DAL,0,-2.46,-1.59,-0.87
3186,2022-23,Robert Covington,32,LAC,1.33,0.26,-0.76,1.01
3187,2022-23,Rudy Gobert,30,MIN,4.69,1.02,-0.81,1.83
3188,2022-23,Steven Adams,29,MEM,3.06,1.85,0.44,1.41
3189,2022-23,Tim Hardaway Jr.,30,DAL,2.34,-0.72,-0.14,-0.59
3190,2022-23,Victor Oladipo,30,MIA,1.57,-0.19,-0.92,0.73
3191,2022-23,Giannis Antetokounmpo,28,MIL,10.57,6.09,5.22,0.88
3192,2022-23,Raul Neto,30,CLE,0.22,-1.75,-1.33,-0.42
3193,2022-23,Seth Curry,32,BRK,0.43,-1.89,-0.62,-1.27
3194,2022-23,Rodney McGruder,31,DET,0.57,-0.73,-0.53,-0.2
3195,2022-23,Zach LaVine,27,CHI,5,0.42,1.34,-0.92
3196,2022-23,Jordan Clarkson,30,UTA,1.33,-1.39,1.03,-2.41
3197,2022-23,Gary Harris,28,ORL,1.2,-0.84,-1.37,0.53
3198,2022-23,Spencer Dinwiddie,29,DAL/BRK,7.53,1.94,1.55,0.39
3199,2022-23,Jerami Grant,28,POR,1.48,-1.4,-0.22,-1.19
3200,2022-23,Joe Harris,31,BRK,0.91,-1.5,-0.44,-1.06
3201,2022-23,Doug McDermott,31,SAS,-0.63,-3.24,-0.55,-2.69
3202,2022-23,Aaron Gordon,27,DEN,5.97,2.17,1.76,0.41
3203,2022-23,T.J. Warren,29,BRK/PHO,0.26,-1.85,-1.38,-0.47
3204,2022-23,Marcus Smart,28,BOS,4.15,0.92,0.03,0.88
3205,2022-23,Kyle Anderson,29,MIN,3.83,0.66,-0.59,1.25
3206,2022-23,Dwight Powell,31,DAL,3.37,1.22,-0.09,1.31
3207,2022-23,Julius Randle,28,NYK,7.32,1.8,2.36,-0.57
3208,2022-23,Andrew Wiggins,27,GSW,2,0.22,-0.49,0.71
3209,2022-23,Joel Embiid,28,PHI,11.18,5.5,3.72,1.78
3210,2022-23,Dario Šarić,28,PHO/OKC,1.01,-0.46,-1.01,0.55
3211,2022-23,Clint Capela,28,ATL,4.84,2,0.53,1.47
3212,2022-23,Bogdan Bogdanović,30,ATL,1.58,-0.78,0.89,-1.67
3213,2022-23,Jusuf Nurkić,28,POR,2.37,0.25,-0.97,1.22
3214,2022-23,Nikola Jokić,27,DEN,12.94,6.73,4.95,1.77
3215,2022-23,Kristaps Porziņģis,27,WAS,6.67,2.56,1.55,1.01
3216,2022-23,Joe Ingles,35,MIL,0.79,-1.25,-0.96,-0.29
3217,2022-23,T.J. McConnell,30,IND,1.81,-0.57,-0.24,-0.33
3218,2022-23,LeBron James,38,LAL,7.69,3.86,3.66,0.2
3219,2023-24,Chris Paul,38,GSW,2.8,0.46,0.35,0.12
3220,2023-24,Tyus Jones,27,WAS,2.48,-0.41,0.74,-1.15
3221,2023-24,Delon Wright,31,WAS/MIA,1.35,0.44,-0.56,1
3222,2023-24,D'Angelo Russell,27,LAL,3.77,0,1.01,-1.02
3223,2023-24,Karl-Anthony Towns,28,MIN,4.01,0.7,0.65,0.05
3224,2023-24,Richaun Holmes,30,DAL/WAS,0.72,-0.39,-0.82,0.43
3225,2023-24,Kelly Oubre Jr.,28,PHI,2.67,-0.39,-0.17,-0.22
3226,2023-24,Devin Booker,27,PHO,8.54,3.14,3.88,-0.75
3227,2023-24,Cameron Payne,29,MIL/PHI,0.97,-1.27,-0.36,-0.92
3228,2023-24,Myles Turner,27,IND,6.31,2.4,1.08,1.32
3229,2023-24,Trey Lyles,28,SAC,1.12,-0.91,-0.85,-0.06
3230,2023-24,Bobby Portis,28,MIL,2.9,-0.16,-0.01,-0.14
3231,2023-24,Kevon Looney,27,GSW,1.9,0.08,-0.87,0.95
3232,2023-24,Christian Wood,28,LAL,0.87,-0.87,-1.54,0.68
3233,2023-24,Terry Rozier,29,CHO/MIA,3.2,0.04,0.42,-0.38
3234,2023-24,Norman Powell,30,LAC,1.55,-1.21,0.22,-1.44
3235,2023-24,Pat Connaughton,31,MIL,1.56,-0.97,-1.06,0.09
3236,2023-24,Josh Richardson,30,MIA,0.84,-1.23,-0.94,-0.29
3237,2023-24,Larry Nance Jr.,31,NOP,1.39,-0.59,-1.75,1.16
3238,2023-24,Royce O'Neale,30,BRK/PHO,3.07,0.05,-0.46,0.51
3239,2023-24,Cedi Osman,28,SAS,0.12,-2.31,-1.38,-0.93
3240,2023-24,Domantas Sabonis,27,SAC,10.69,3.4,1.74,1.66
3241,2023-24,Malik Beasley,27,MIL,2.48,-0.76,-0.12,-0.64
3242,2023-24,Kris Dunn,29,UTA,2.1,0.22,-0.54,0.76
3243,2023-24,Buddy Hield,31,IND/PHI,2.85,-0.35,0.29,-0.64
3244,2023-24,Brandon Ingram,26,NOP,3.54,0.26,0.83,-0.58
3245,2023-24,Caris LeVert,29,CLE,3.82,0.65,0.67,-0.02
3246,2023-24,Dejounte Murray,27,ATL,5.19,0.51,1.68,-1.17
3247,2023-24,Jamal Murray,26,DEN,4.33,1.25,2.09,-0.85
3248,2023-24,Jakob Poeltl,28,TOR,3.16,1.36,-0.82,2.18
3249,2023-24,Taurean Prince,29,LAL,0.98,-1.71,-1.4,-0.3
3250,2023-24,Jaylen Brown,27,BOS,4.96,0.91,1.04,-0.13
3251,2023-24,Malcolm Brogdon,31,POR,1.79,0.09,1.18,-1.09
3252,2023-24,Georges Niang,30,CLE,0.83,-1.74,-0.98,-0.75
3253,2023-24,Gary Payton II,31,GSW,0.93,-0.26,-1.22,0.96
3254,2023-24,Pascal Siakam,29,TOR/IND,6.77,1.6,1.57,0.03
3255,2023-24,Ivica Zubac,26,LAC,3.74,0.86,-0.53,1.4
3256,2023-24,Dorian Finney-Smith,30,BRK,1.82,-0.95,-1.17,0.22
3257,2023-24,Fred VanVleet,29,HOU,7.66,2.1,1.3,0.8
3258,2023-24,Danuel House Jr.,30,PHI,-0.02,-2.54,-2.03,-0.51
3259,2023-24,Derrick Jones Jr.,26,DAL,1.49,-1.12,-1.03,-0.09
3260,2023-24,Alex Caruso,29,CHI,4.13,0.77,-1.12,1.89
3261,2023-24,Markelle Fultz,25,ORL,0.93,-0.83,-1.12,0.3
3262,2023-24,De'Aaron Fox,26,SAC,9.15,3.05,2.64,0.41
3263,2023-24,Jayson Tatum,25,BOS,10.08,3.66,3.35,0.31
3264,2023-24,Malik Monk,25,SAC,3.59,0.6,1.15,-0.56
3265,2023-24,Jonathan Isaac,26,ORL,3.28,3.3,0.37,2.93
3266,2023-24,Dennis Smith Jr.,26,BRK,1.57,-0.09,-0.61,0.52
3267,2023-24,Lauri Markkanen,26,UTA,5.9,2.73,2.91,-0.18
3268,2023-24,Donovan Mitchell,27,CLE,7.34,3.61,3.4,0.21
3269,2023-24,Luke Kennard,27,MEM,0.36,-1.88,-0.42,-1.46
3270,2023-24,Zach Collins,26,SAS,0.83,-1.59,-1.55,-0.04
3271,2023-24,John Collins,26,UTA,3.37,0.37,0.23,0.15
3272,2023-24,OG Anunoby,26,TOR/NYK,1.57,-0.98,-1.32,0.34
3273,2023-24,Jarrett Allen,25,CLE,7.48,2.44,1.04,1.4
3274,2023-24,Bam Adebayo,26,MIA,7.15,2.27,-0.34,2.61
3275,2023-24,Isaiah Hartenstein,25,NYK,5,1.74,-0.54,2.29
3276,2023-24,Kyle Kuzma,28,WAS,1.01,-1.76,0.01,-1.77
3277,2023-24,Derrick White,29,BOS,7.34,2.47,1.35,1.11
3278,2023-24,Josh Hart,28,NYK,5.27,0.65,-0.44,1.09
3279,2023-24,Dillon Brooks,28,HOU,0.53,-2.08,-1.91,-0.17
3280,2023-24,Sasha Vezenkov,28,SAC,0.39,-1.25,-1.01,-0.24
3281,2023-24,Luke Kornet,28,BOS,2.1,0.94,0.01,0.94
3282,2023-24,Chris Boucher,31,TOR,1,-0.2,-0.17,-0.02
3283,2023-24,Daniel Theis,31,IND/LAC,0.8,-1.19,-1.28,0.09
3284,2023-24,Maxi Kleber,32,DAL,0.58,-1.4,-2.48,1.08
3285,2023-24,Torrey Craig,33,CHI,0.81,-1.22,-1.07,-0.15
3286,2023-24,Grayson Allen,28,PHO,4.78,0.57,0.79,-0.22
3287,2023-24,Marvin Bagley III,24,DET/WAS,1.55,-0.11,-0.18,0.07
3288,2023-24,Mo Bamba,25,PHI,1.21,0.14,-1.59,1.73
3289,2023-24,Keita Bates-Diop,28,PHO/BRK,0.64,-0.92,-0.93,0.01
3290,2023-24,Mikal Bridges,27,BRK,4.45,0.03,0.84,-0.81
3291,2023-24,Miles Bridges,25,CHO,-0.08,-2.52,-1.03,-1.48
3292,2023-24,Bruce Brown,27,IND/TOR,0.32,-2.19,-1.33,-0.86
3293,2023-24,Troy Brown Jr.,24,MIN/DET,0.13,-2.22,-1.54,-0.68
3294,2023-24,Jalen Brunson,27,NYK,9.98,3.41,4.35,-0.94
3295,2023-24,Jevon Carter,28,CHI,0.97,-0.92,-0.46,-0.46
3296,2023-24,Wendell Carter Jr.,24,ORL,2.95,0.88,-0.48,1.36
3297,2023-24,Donte DiVincenzo,27,NYK,5.4,1.19,1.02,0.17
3298,2023-24,Bruno Fernando,25,ATL,0.6,-1.05,-2.24,1.19
3299,2023-24,Shai Gilgeous-Alexander,25,OKC,12.11,5.26,4.34,0.92
3300,2023-24,Aaron Holiday,27,HOU,0.94,-1.28,-0.99,-0.29
3301,2023-24,Kevin Huerter,25,SAC,2.79,0.39,-0.26,0.65
3302,2023-24,Jaren Jackson Jr.,24,MEM,4.23,0.71,-0.22,0.93
3303,2023-24,Kevin Knox II,24,DET,0.18,-1.96,-1.62,-0.34
3304,2023-24,Caleb Martin,28,MIA,1.86,-0.77,-1.23,0.46
3305,2023-24,Cody Martin,28,CHO,0.55,-1.29,-2,0.71
3306,2023-24,De'Anthony Melton,25,PHI,2.16,0.91,0.36,0.56
3307,2023-24,Chimezie Metu,26,PHO/DET,0.67,-1.22,-1.85,0.63
3308,2023-24,Shake Milton,27,MIN/DET/NYK,0.19,-1.94,-1.42,-0.51
3309,2023-24,Josh Okogie,25,PHO,1.09,-0.65,-0.56,-0.09
3310,2023-24,Michael Porter Jr.,25,DEN,5.34,0.86,1.46,-0.6
3311,2023-24,Mitchell Robinson,25,NYK,1.32,0.28,-1.23,1.51
3312,2023-24,Collin Sexton,25,UTA,4.48,0.99,2.73,-1.74
3313,2023-24,Landry Shamet,26,WAS,0.37,-1.64,-0.6,-1.04
3314,2023-24,Anfernee Simons,24,POR,2.29,-0.15,1.67,-1.82
3315,2023-24,Gary Trent Jr.,25,TOR,0.97,-1.68,-0.22,-1.47
3316,2023-24,Jarred Vanderbilt,24,LAL,0.45,-1.23,-2.25,1.02
3317,2023-24,Lonnie Walker IV,25,BRK,0.53,-1.62,-0.83,-0.79
3318,2023-24,P.J. Washington,25,CHO/DAL,3.02,-0.29,-0.6,0.31
3319,2023-24,Kenrich Williams,29,OKC,1.2,-0.59,-0.64,0.05
3320,2023-24,Trae Young,25,ATL,4.86,1.53,3.3,-1.77
3321,2023-24,Deandre Ayton,25,POR,1.56,-1.07,-1.31,0.24
3322,2023-24,Luka Dončić,24,DAL,14.07,6.37,6.19,0.18
3323,2023-24,Goga Bitadze,24,ORL,2.31,1.4,-0.71,2.11
3324,2023-24,Oshae Brissett,25,BOS,0.75,-0.55,-0.17,-0.38
3325,2023-24,Rui Hachimura,25,LAL,1.29,-1.31,-0.59,-0.72
3326,2023-24,Jock Landale,28,HOU,0.87,-0.63,-0.63,0
3327,2023-24,Duncan Robinson,29,MIA,2.22,-0.6,-0.35,-0.24
3328,2023-24,Jordan McLaughlin,27,MIN,1.19,0.58,-0.09,0.67
3329,2023-24,Drew Eubanks,26,PHO,1.06,-1.01,-1.72,0.71
3330,2023-24,Haywood Highsmith,27,MIA,1.39,-0.83,-1.98,1.15
3331,2023-24,Amir Coffey,26,LAC,-0.14,-2.62,-1.5,-1.12
3332,2023-24,Terance Mann,27,LAC,0.99,-1.62,-0.93,-0.68
3333,2023-24,Andrew Nembhard,24,IND,1.14,-1.38,-1,-0.38
3334,2023-24,Max Strus,27,CLE,3.98,0.38,-0.01,0.38
3335,2023-24,Zion Williamson,23,NOP,4.75,1.02,1.43,-0.4
3336,2023-24,RJ Barrett,23,NYK/TOR,2.46,-0.32,0.2,-0.52
3337,2023-24,Cam Reddish,24,LAL,0.52,-1.61,-2.41,0.8
3338,2023-24,De'Andre Hunter,26,ATL,1.1,-1.41,-0.81,-0.6
3339,2023-24,Coby White,23,CHI,3.16,-0.71,0.8,-1.51
3340,2023-24,Darius Garland,24,CLE,3.13,0.17,0.69,-0.52
3341,2023-24,Jaxson Hayes,23,LAL,0.16,-2.17,-2.64,0.47
3342,2023-24,Nickeil Alexander-Walker,25,MIN,1.43,-1.27,-1.56,0.29
3343,2023-24,Tyler Herro,24,MIA,2.21,0.05,0.72,-0.67
3344,2023-24,Keldon Johnson,24,SAS,1.28,-1.46,-0.02,-1.43
3345,2023-24,Nic Claxton,24,BRK,5.28,1.52,-0.8,2.32
3346,2023-24,Luguentz Dort,24,OKC,1.84,-1.15,-1.32,0.17
3347,2023-24,Daniel Gafford,25,WAS/DAL,4.62,1.6,-0.44,2.04
3348,2023-24,Quentin Grimes,23,NYK/DET,0.51,-1.66,-1,-0.66
3349,2023-24,Talen Horton-Tucker,23,UTA,1.44,-0.18,0.42,-0.6
3350,2023-24,Cameron Johnson,27,BRK,3.2,0.73,0.99,-0.26
3351,2023-24,Jalen McDaniels,26,TOR,-0.29,-3.34,-2.54,-0.8
3352,2023-24,Jordan Nwora,25,IND/TOR,0.26,-1.89,-1.14,-0.75
3353,2023-24,Jordan Poole,24,WAS,0.05,-2.44,-0.72,-1.72
3354,2023-24,Naz Reid,24,MIN,2.51,-0.42,-0.78,0.36
3355,2023-24,Matisse Thybulle,26,POR,0.57,-1.84,-2.73,0.89
3356,2023-24,Grant Williams,25,DAL/CHO,1.58,-1.27,-0.97,-0.3
3357,2023-24,Garrison Mathews,27,ATL,-0.17,-2.74,-2.36,-0.38
3358,2023-24,Dean Wade,27,CLE,1.83,0.18,-1.29,1.47
3359,2023-24,Anthony Edwards,22,MIN,7.09,1.62,1.62,0.01
3360,2023-24,LaMelo Ball,22,CHO,2.09,2.24,3.06,-0.82
3361,2023-24,James Wiseman,22,DET,-0.25,-2.85,-2.53,-0.32
3362,2023-24,Killian Hayes,22,DET,0.52,-1.63,-1.88,0.26
3363,2023-24,Deni Avdija,23,WAS,2.26,-0.86,-0.85,-0.01
3364,2023-24,Obi Toppin,25,IND,2.17,-0.46,0.15,-0.61
3365,2023-24,Onyeka Okongwu,23,ATL,1.87,-0.34,-0.58,0.25
3366,2023-24,Tyrese Haliburton,23,IND,8.81,3.91,4.99,-1.08
3367,2023-24,Devin Vassell,23,SAS,2,-1.03,-0.06,-0.97
3368,2023-24,Isaac Okoro,23,CLE,2.47,-0.37,-0.61,0.23
3369,2023-24,Patrick Williams,22,CHI,0.76,-1.42,-1.31,-0.11
3370,2023-24,Precious Achiuwa,24,TOR/NYK,1.34,-1.14,-1.48,0.34
3371,2023-24,Aaron Nesmith,24,IND,2.43,-0.52,-0.61,0.09
3372,2023-24,Cole Anthony,23,ORL,3.04,0.2,0.14,0.06
3373,2023-24,Tyrese Maxey,23,PHI,7.18,1.9,3.27,-1.37
3374,2023-24,Saddiq Bey,24,ATL,1.83,-1.04,0.7,-1.74
3375,2023-24,Josh Green,23,DAL,1.24,-1.14,-0.92,-0.22
3376,2023-24,Jaden McDaniels,23,MIN,0.78,-1.87,-1.95,0.07
3377,2023-24,Jalen Smith,23,IND,2.25,0.96,1.23,-0.27
3378,2023-24,Isaiah Stewart,22,DET,0.65,-1.73,-2.19,0.45
3379,2023-24,Zeke Nnaji,23,DEN,0.25,-1.77,-2.12,0.35
3380,2023-24,Immanuel Quickley,24,NYK/TOR,4.03,0.77,1.15,-0.38
3381,2023-24,Paul Reed,24,PHI,3.4,0.95,-0.47,1.42
3382,2023-24,Isaiah Joe,24,OKC,1.76,-0.52,0.04,-0.56
3383,2023-24,Tre Jones,24,SAS,2.62,-0.5,-0.15,-0.35
3384,2023-24,Malachi Flynn,25,TOR/NYK/DET,0.5,-1.55,-0.96,-0.59
3385,2023-24,Payton Pritchard,26,BOS,4.74,1.68,2.06,-0.38
3386,2023-24,Lamar Stevens,26,BOS/MEM,0.61,-0.73,-0.97,0.25
3387,2023-24,Nick Richards,26,CHO,0.13,-2.35,-2.44,0.1
3388,2023-24,Omer Yurtseven,25,UTA,0.52,-0.92,-1.25,0.33
3389,2023-24,Xavier Tillman,25,MEM/BOS,1.52,0.02,-1.46,1.48
3390,2023-24,Jared Butler,23,WAS,0.77,-0.29,-0.23,-0.06
3391,2023-24,Desmond Bane,25,MEM,2.66,0.48,1.32,-0.84
3392,2023-24,Jalen Green,21,HOU,2.23,-1.09,0,-1.09
3393,2023-24,Jonathan Kuminga,21,GSW,2.67,-0.27,-0.16,-0.12
3394,2023-24,Naji Marshall,26,NOP,1.35,-0.74,-0.89,0.14
3395,2023-24,KJ Martin,23,LAC/PHI,-0.21,-2.94,-2.51,-0.43
3396,2023-24,Sam Merrill,27,CLE,1.68,0.05,1.37,-1.32
3397,2023-24,Ayo Dosunmu,24,CHI,0.93,-1.79,-0.69,-1.1
3398,2023-24,Vít Krejčí,23,ATL,-0.05,-2.6,-2.53,-0.08
3399,2023-24,Jae'Sean Tate,28,HOU,0.66,-1.43,-2.5,1.07
3400,2023-24,Herbert Jones,25,NOP,4.28,0.52,-0.74,1.26
3401,2023-24,Trey Murphy III,23,NOP,3.75,1.15,1.13,0.02
3402,2023-24,Jaden Springer,21,PHI/BOS,0.42,-1.14,-1.29,0.15
3403,2023-24,Franz Wagner,22,ORL,7.43,2.63,1.51,1.11
3404,2023-24,Ziaire Williams,22,MEM,0.07,-2.36,-1.83,-0.53
3405,2023-24,Ochai Agbaji,23,UTA/TOR,-0.05,-2.52,-1.88,-0.64
3406,2023-24,Chris Duarte,26,SAC,0.49,-1.36,-1.56,0.2
3407,2023-24,Bones Hyland,23,LAC,0.26,-1.71,-0.46,-1.25
3408,2023-24,Miles McBride,23,NYK,1.5,-0.66,-0.46,-0.2
3409,2023-24,Moses Moody,21,GSW,1.58,-0.27,-0.26,0
3410,2023-24,Isaiah Jackson,22,IND,1.62,0.89,-0.55,1.44
3411,2023-24,Tre Mann,22,OKC/CHO,1.01,-0.83,-1.26,0.43
3412,2023-24,Day'Ron Sharpe,22,BRK,1.77,0.61,0.02,0.59
3413,2023-24,JT Thor,21,CHO,-0.14,-2.76,-2.76,-0.01
3414,2023-24,Jalen Johnson,22,ATL,3.18,0.23,-0.42,0.66
3415,2023-24,Corey Kispert,24,WAS,-1.02,-3.27,-0.7,-2.57
3416,2023-24,Davion Mitchell,25,SAC,0.06,-2.38,-1.67,-0.71
3417,2023-24,Austin Reaves,25,LAL,3.96,-0.03,0.67,-0.7
3418,2023-24,Cam Thomas,22,BRK,1.75,-1.11,0.81,-1.92
3419,2023-24,Scottie Barnes,22,TOR,4.96,1.32,0.93,0.38
3420,2023-24,Trendon Watford,23,BRK,0.65,-1.24,-1.24,0
3421,2023-24,Sam Hauser,26,BOS,3.64,0.87,0.94,-0.07
3422,2023-24,Julian Champagnie,22,SAS,1.58,-0.74,-1.27,0.54
3423,2023-24,Alperen Sengun,21,HOU,4.47,1.02,0.77,0.25
3424,2023-24,Jericho Sims,25,NYK,-0.08,-2.7,-3.32,0.62
3425,2023-24,Josh Giddey,21,OKC,2.75,-0.28,-0.11,-0.17
3426,2023-24,Santi Aldama,23,MEM,1.3,-1.17,-0.87,-0.3
3427,2023-24,Scotty Pippen Jr.,23,MEM,0.68,-0.4,-0.92,0.51
3428,2023-24,Jalen Suggs,22,ORL,4.03,0.71,-0.84,1.55
3429,2023-24,Jalen Wilson,23,BRK,0.29,-1.75,-1.09,-0.67
3430,2023-24,Cade Cunningham,22,DET,2.87,-0.25,0.76,-1.02
3431,2023-24,Evan Mobley,22,CLE,3.99,1.7,-0.19,1.89
3432,2023-24,Aaron Wiggins,25,OKC,0.98,-1.18,-0.77,-0.42
3433,2023-24,Dalano Banton,24,BOS/POR,0.83,-1.2,-0.3,-0.9
3434,2023-24,Jose Alvarado,25,NOP,1.42,-0.21,-0.3,0.09
3435,2023-24,Jordan Goodwin,25,PHO/MEM,1.67,0.07,0.18,-0.11
3436,2023-24,MarJon Beauchamp,23,MIL,-0.15,-2.87,-2.23,-0.64
3437,2023-24,Dyson Daniels,20,NOP,2.51,0.52,-0.69,1.21
3438,2023-24,Jaden Hardy,21,DAL,0.57,-1.53,-0.29,-1.24
3439,2023-24,Scoot Henderson,19,POR,-1.12,-3.51,-1.5,-2.01
3440,2023-24,Jaden Ivey,21,DET,0.04,-2.44,-1.09,-1.35
3441,2023-24,Paolo Banchero,21,ORL,5.98,0.95,0.63,0.32
3442,2023-24,Jabari Smith Jr.,20,HOU,2.8,-0.61,-0.92,0.31
3443,2023-24,Chet Holmgren,21,OKC,7.49,2.5,0.44,2.06
3444,2023-24,Bennedict Mathurin,21,IND,0.19,-2.27,-0.61,-1.66
3445,2023-24,Keegan Murray,23,SAC,5.68,1.04,0.08,0.95
3446,2023-24,Shaedon Sharpe,20,POR,0.28,-2.03,-1.02,-1.01
3447,2023-24,Malaki Branham,20,SAS,-1.68,-4.21,-2.24,-1.97
3448,2023-24,Blake Wesley,20,SAS,0.21,-2.08,-2.05,-0.03
3449,2023-24,Jalen Duren,20,DET,2.24,-0.45,-1.09,0.64
3450,2023-24,Nikola Jović,20,MIA,1.56,0.32,-0.96,1.28
3451,2023-24,Max Christie,20,LAL,-0.23,-2.87,-2.66,-0.21
3452,2023-24,Mark Williams,22,CHO,1.22,1.37,0.31,1.06
3453,2023-24,Jeremy Sochan,20,SAS,0.24,-2.29,-2.05,-0.24
3454,2023-24,Jalen Williams,22,OKC,4.18,0.54,0.47,0.06
3455,2023-24,Walker Kessler,22,UTA,2.61,0.33,-1.46,1.79
3456,2023-24,Jaylin Williams,21,OKC,1.65,0.48,-0.46,0.93
3457,2023-24,Bryce McGowens,21,CHO,-0.46,-3.32,-2.63,-0.69
3458,2023-24,Julian Strawther,21,DEN,0.11,-2.15,-0.97,-1.18
3459,2023-24,Christian Braun,22,DEN,1.08,-1.42,-0.96,-0.46
3460,2023-24,Jabari Walker,21,POR,0.7,-1.8,-1.62,-0.18
3461,2023-24,Keon Ellis,24,SAC,1.57,0.1,-0.9,1
3462,2023-24,Jaime Jaquez Jr.,22,MIA,2.35,-0.68,-0.61,-0.08
3463,2023-24,Kris Murray,23,POR,0.91,-1.38,-1.79,0.41
3464,2023-24,Marcus Sasser,23,DET,-0.02,-2.49,-1.31,-1.18
3465,2023-24,Dalen Terry,21,CHI,0.97,-0.18,-0.97,0.79
3466,2023-24,Peyton Watson,21,DEN,0.38,-2.06,-2.52,0.46
3467,2023-24,Caleb Houstan,21,ORL,-0.03,-2.53,-1.18,-1.36
3468,2023-24,Trayce Jackson-Davis,23,GSW,2.84,1.54,0.34,1.2
3469,2023-24,Jake LaRavia,22,MEM,0.63,-1.22,-0.14,-1.07
3470,2023-24,David Roddy,22,MEM/PHO,-0.5,-3.16,-2.33,-0.83
3471,2023-24,Vince Williams Jr.,23,MEM,1.58,-0.7,-1.23,0.53
3472,2023-24,AJ Green,24,MIL,0.52,-1.1,-0.44,-0.66
3473,2023-24,Simone Fontecchio,28,UTA/DET,1.94,-0.58,-0.4,-0.18
3474,2023-24,Jacob Gilyard,25,MEM/BRK,0.56,-1.17,-0.86,-0.31
3475,2023-24,Victor Wembanyama,20,SAS,7.67,3.38,0.56,2.82
3476,2023-24,Brandon Miller,21,CHO,-1.23,-3.31,-1.4,-1.91
3477,2023-24,Taylor Hendricks,20,UTA,0.81,-0.95,-1.62,0.67
3478,2023-24,Amen Thompson,21,HOU,3.45,1.5,0.41,1.1
3479,2023-24,Ausar Thompson,21,DET,2.33,-0.11,-1.39,1.28
3480,2023-24,Anthony Black,20,ORL,-0.13,-2.65,-3.11,0.46
3481,2023-24,Gradey Dick,20,TOR,-0.68,-3.35,-1.44,-1.91
3482,2023-24,Rayan Rupert,19,POR,-0.08,-2.68,-2.46,-0.22
3483,2023-24,GG Jackson,19,MEM,0.77,-1.46,-0.44,-1.02
3484,2023-24,Cam Whitmore,19,HOU,1.52,0.3,1.17,-0.86
3485,2023-24,Cason Wallace,20,OKC,1.29,-1.24,-1.51,0.27
3486,2023-24,Keyonte George,20,UTA,-0.42,-2.8,-0.84,-1.97
3487,2023-24,Jordan Hawkins,21,NOP,0.42,-1.89,-0.24,-1.65
3488,2023-24,Dereck Lively II,19,DAL,2.7,0.87,-0.58,1.45
3489,2023-24,Brice Sensabaugh,20,UTA,0.19,-1.95,-1.36,-0.59
3490,2023-24,Bilal Coulibaly,19,WAS,-0.27,-2.73,-2.16,-0.57
3491,2023-24,Nick Smith Jr.,19,CHO,-0.59,-3.81,-2.17,-1.64
3492,2023-24,Toumani Camara,23,POR,1.15,-1.4,-1.77,0.37
3493,2023-24,Andre Jackson Jr.,22,MIL,-0.09,-2.73,-2.72,-0.01
3494,2023-24,Brandin Podziemski,20,GSW,3.28,0.2,0.09,0.11
3495,2023-24,Ben Sheppard,22,IND,0.48,-1.51,-0.73,-0.79
3496,2023-24,Craig Porter Jr.,23,CLE,0.68,-0.8,-0.79,0
3497,2023-24,Duop Reath,27,POR,1.5,-0.48,-0.08,-0.41
3498,2023-24,Trey Jemison III,24,WAS/MEM,0.01,-2.43,-3.01,0.58
3499,2023-24,Kyle Lowry,37,MIA/PHI,2.24,-0.34,-1.18,0.84
3500,2023-24,Kevin Durant,35,PHO,8.6,2.46,2.59,-0.13
3501,2023-24,Al Horford,37,BOS,2.66,-0.02,-0.86,0.84
3502,2023-24,Mike Conley,36,MIN,5.17,1.3,1.04,0.26
3503,2023-24,Jeff Green,37,HOU,0.63,-1.69,-1.04,-0.65
3504,2023-24,Russell Westbrook,35,LAC,2.27,-0.09,0.57,-0.66
3505,2023-24,Kevin Love,35,MIA,3.06,2.85,2.04,0.81
3506,2023-24,Danilo Gallinari,35,WAS/DET/MIL,0.66,-0.77,-0.63,-0.14
3507,2023-24,Eric Gordon,35,PHO,0.98,-1.64,-0.28,-1.36
3508,2023-24,Brook Lopez,35,MIL,5.07,0.89,-0.34,1.23
3509,2023-24,Nicolas Batum,35,LAC/PHI,0.97,-1.44,-1.53,0.09
3510,2023-24,James Harden,34,LAC,9.14,3.48,3.13,0.35
3511,2023-24,Stephen Curry,35,GSW,7.72,2.64,3.78,-1.14
3512,2023-24,DeMar DeRozan,34,CHI,7.03,1.29,1.65,-0.36
3513,2023-24,Jrue Holiday,33,BOS,4.24,0.53,0.01,0.52
3514,2023-24,Patrick Beverley,35,PHI/MIL,1.52,-0.8,-0.53,-0.27
3515,2023-24,Gordon Hayward,33,CHO/OKC,0.75,-1.49,-0.97,-0.53
3516,2023-24,Paul George,33,LAC,7.66,2.43,2,0.43
3517,2023-24,Ish Smith,35,CHO,-0.53,-3.65,-3.23,-0.42
3518,2023-24,Kyrie Irving,31,DAL,7.91,3.81,3.91,-0.11
3519,2023-24,Tristan Thompson,32,CLE,0.55,-0.86,-0.86,0
3520,2023-24,Jonas Valančiūnas,31,NOP,4.57,1.34,0.71,0.63
3521,2023-24,Bismack Biyombo,31,MEM/OKC,0.18,-2.1,-3.34,1.24
3522,2023-24,Klay Thompson,33,GSW,4.03,0.35,1.16,-0.81
3523,2023-24,Alec Burks,32,DET/NYK,0.71,-1.52,0.11,-1.63
3524,2023-24,Marcus Morris Sr.,34,PHI/CLE,0.26,-1.95,-1.27,-0.67
3525,2023-24,Kawhi Leonard,32,LAC,8.69,3.53,2.75,0.78
3526,2023-24,Nikola Vučević,33,CHI,5.08,0.64,0.63,0.01
3527,2023-24,Tobias Harris,31,PHI,5.05,0.94,0.78,0.16
3528,2023-24,Reggie Jackson,33,DEN,0.31,-2.19,-0.55,-1.64
3529,2023-24,Jimmy Butler,34,MIA,6.53,2.65,2.07,0.58
3530,2023-24,Bojan Bogdanović,34,DET/NYK,0.53,-1.89,-0.26,-1.63
3531,2023-24,Davis Bertans,31,OKC/CHO,0.57,-1.12,-0.75,-0.37
3532,2023-24,Anthony Davis,30,LAL,11.9,4.77,2.04,2.72
3533,2023-24,Bradley Beal,30,PHO,2.55,-0.15,0.29,-0.45
3534,2023-24,Damian Lillard,33,MIL,7.93,2.46,3.32,-0.87
3535,2023-24,Andre Drummond,30,CHI,3.55,1.73,0.6,1.13
3536,2023-24,Harrison Barnes,31,SAC,2.71,-0.64,-0.41,-0.23
3537,2023-24,Evan Fournier,31,NYK/DET,0.35,-1.48,-1.19,-0.29
3538,2023-24,Jae Crowder,33,MIL,0.96,-1.13,-1.45,0.33
3539,2023-24,Draymond Green,33,GSW,4.14,1.97,-0.78,2.75
3540,2023-24,Khris Middleton,32,MIL,2.85,0.6,1.21,-0.61
3541,2023-24,Justin Holiday,34,DEN,0.36,-1.8,-1.78,-0.03
3542,2023-24,CJ McCollum,32,NOP,4.74,1.1,1.42,-0.32
3543,2023-24,Dennis Schröder,30,TOR/BRK,2.28,-0.99,0.06,-1.06
3544,2023-24,Kelly Olynyk,32,UTA/TOR,2.55,-0.15,0.06,-0.21
3545,2023-24,Kentavious Caldwell-Pope,30,DEN,3.72,0.01,-0.79,0.8
3546,2023-24,Mason Plumlee,33,LAC,0.69,-0.84,-1.22,0.39
3547,2023-24,Mike Muscala,32,WAS/DET/OKC,0.41,-1.37,-1.21,-0.17
3548,2023-24,Rudy Gobert,31,MIN,8.35,2.69,-0.21,2.9
3549,2023-24,Tim Hardaway Jr.,31,DAL,1.66,-1.21,0.68,-1.89
3550,2023-24,Giannis Antetokounmpo,29,MIL,13.81,6.4,5.42,0.98
3551,2023-24,Seth Curry,33,DAL/CHO,0.37,-1.5,-0.91,-0.59
3552,2023-24,Zach LaVine,28,CHI,1.25,-0.17,0.27,-0.45
3553,2023-24,Jordan Clarkson,31,UTA,0.92,-1.58,0.73,-2.31
3554,2023-24,Gary Harris,29,ORL,1,-1.22,-1.5,0.27
3555,2023-24,Spencer Dinwiddie,30,BRK/LAL,2.97,-0.25,0.4,-0.64
3556,2023-24,Jerami Grant,29,POR,0.55,-1.98,-0.36,-1.62
3557,2023-24,Doug McDermott,32,SAS/IND,-0.26,-2.94,-1.01,-1.94
3558,2023-24,Aaron Gordon,28,DEN,5.35,1.26,0.82,0.44
3559,2023-24,Marcus Smart,29,MEM,0.78,-0.41,-0.99,0.58
3560,2023-24,Kyle Anderson,30,MIN,2.62,-0.11,-1.37,1.25
3561,2023-24,Dwight Powell,32,DAL,0.97,-0.6,-1.03,0.43
3562,2023-24,Julius Randle,29,NYK,3.12,0.59,1.11,-0.52
3563,2023-24,Andrew Wiggins,28,GSW,2.25,-0.59,-0.54,-0.05
3564,2023-24,Joel Embiid,29,PHI,6.5,5.65,4.78,0.87
3565,2023-24,Danté Exum,28,DAL,1.35,-0.47,-0.05,-0.42
3566,2023-24,Dario Šarić,29,GSW,1.91,0.32,0.34,-0.02
3567,2023-24,Clint Capela,29,ATL,4.41,1.27,0.13,1.14
3568,2023-24,Bogdan Bogdanović,31,ATL,4.12,0.27,1.11,-0.84
3569,2023-24,Jusuf Nurkić,29,PHO,7.01,2.94,0.66,2.29
3570,2023-24,Vasilije Micić,30,OKC/CHO,0.51,-1.77,-0.73,-1.04
3571,2023-24,Nikola Jokić,28,DEN,15.28,6.77,5.11,1.66
3572,2023-24,Kristaps Porziņģis,28,BOS,5.54,2.79,1.78,1.01
3573,2023-24,Joe Ingles,36,ORL,1.25,-0.76,-0.93,0.17
3574,2023-24,T.J. McConnell,31,IND,2.55,0.69,1.3,-0.61
3575,2023-24,LeBron James,39,LAL,8.46,3.03,3.28,-0.24
3576,2024-25,Chris Paul,39,SAS,3.68,0.1,0.25,-0.15
3577,2024-25,Tyus Jones,28,PHO,2.95,-0.29,1.1,-1.39
3578,2024-25,Delon Wright,32,MIL/NYK,0.58,-1,-1.42,0.43
3579,2024-25,D'Angelo Russell,28,LAL/BRK,3,0.76,1.16,-0.39
3580,2024-25,Karl-Anthony Towns,29,NYK,8.18,2.72,2.12,0.6
3581,2024-25,Richaun Holmes,31,WAS,1.02,0.58,-0.35,0.92
3582,2024-25,Kelly Oubre Jr.,29,PHI,1,-1.68,-1.03,-0.64
3583,2024-25,Devin Booker,28,PHO,5.15,0.48,2.95,-2.48
3584,2024-25,Cameron Payne,30,NYK,2.02,0.49,0.74,-0.25
3585,2024-25,Myles Turner,28,IND,5.3,1.42,0.15,1.27
3586,2024-25,Trey Lyles,29,SAC,2.28,0.23,-0.34,0.57
3587,2024-25,Bobby Portis,29,MIL,2.42,0.64,0.23,0.41
3588,2024-25,Kevon Looney,28,GSW,2.5,1.03,-0.65,1.68
3589,2024-25,Terry Rozier,30,MIA,1.31,-1.19,-0.83,-0.36
3590,2024-25,Norman Powell,31,LAC,4.06,0.84,1.28,-0.45
3591,2024-25,Pat Connaughton,32,MIL,0.68,-0.66,-0.78,0.12
3592,2024-25,Royce O'Neale,31,PHO,3.01,0.15,0.1,0.06
3593,2024-25,Ben Simmons,28,BRK/LAC,1.15,-0.81,-1.77,0.96
3594,2024-25,Domantas Sabonis,28,SAC,6.89,2.05,1.59,0.47
3595,2024-25,Malik Beasley,28,DET,3.69,0.11,1.32,-1.2
3596,2024-25,Kris Dunn,30,LAC,3.66,0.8,-1.26,2.06
3597,2024-25,Buddy Hield,32,GSW,2.64,-0.19,-0.11,-0.08
3598,2024-25,Brandon Ingram,27,NOP,0.44,-1.27,0.07,-1.34
3599,2024-25,Caris LeVert,30,CLE/ATL,2.75,0.28,0.44,-0.16
3600,2024-25,Dejounte Murray,28,NOP,1.71,0.24,0.27,-0.03
3601,2024-25,Jamal Murray,27,DEN,5.45,1.12,1.99,-0.86
3602,2024-25,Jakob Poeltl,29,TOR,2.74,0.13,-1.08,1.21
3603,2024-25,Taurean Prince,30,MIL,1.53,-1.32,-1.58,0.26
3604,2024-25,Jaylen Brown,28,BOS,5.46,1.56,1.56,0
3605,2024-25,Malcolm Brogdon,32,WAS,0.79,-0.23,0.35,-0.58
3606,2024-25,Georges Niang,31,CLE/ATL,1.31,-1.22,-0.58,-0.64
3607,2024-25,Gary Payton II,32,GSW,1.48,0.09,-0.86,0.95
3608,2024-25,Pascal Siakam,30,IND,6.18,1.39,1.52,-0.12
3609,2024-25,Guerschon Yabusele,29,PHI,0.9,-1.69,-0.55,-1.13
3610,2024-25,Ivica Zubac,27,LAC,8.34,2.6,0.85,1.76
3611,2024-25,Dorian Finney-Smith,31,BRK/LAL,1.14,-1.45,-1.35,-0.1
3612,2024-25,Fred VanVleet,30,HOU,4.85,1.19,0.49,0.7
3613,2024-25,Derrick Jones Jr.,27,LAC,2.52,-0.31,-0.79,0.48
3614,2024-25,Alex Caruso,30,OKC,2.68,1.64,0.01,1.64
3615,2024-25,Lonzo Ball,27,CHI,1.6,0.81,0.04,0.77
3616,2024-25,De'Aaron Fox,27,SAC/SAS,4.9,1.02,1.46,-0.44
3617,2024-25,Jayson Tatum,26,BOS,11.19,4.39,3.49,0.9
3618,2024-25,Malik Monk,26,SAC,3.87,0.54,0.82,-0.28
3619,2024-25,Jonathan Isaac,27,ORL,3.27,2.31,-0.24,2.55
3620,2024-25,Lauri Markkanen,27,UTA,1.82,-0.49,1.11,-1.6
3621,2024-25,Donovan Mitchell,28,CLE,8.44,3.59,3.93,-0.34
3622,2024-25,Luke Kennard,28,MEM,1.9,-0.4,0.15,-0.55
3623,2024-25,Zach Collins,27,SAS/CHI,1.75,0.4,-0.29,0.69
3624,2024-25,John Collins,27,UTA,1.71,-0.23,-0.17,-0.06
3625,2024-25,OG Anunoby,27,NYK,5.55,0.81,0.43,0.37
3626,2024-25,Jarrett Allen,26,CLE,8.06,3.14,1.36,1.78
3627,2024-25,Bam Adebayo,27,MIA,6.51,1.41,0.26,1.15
3628,2024-25,Isaiah Hartenstein,26,OKC,4.53,2.08,0.05,2.03
3629,2024-25,Kyle Kuzma,29,WAS/MIL,0.49,-2.04,-1.33,-0.71
3630,2024-25,Derrick White,30,BOS,8.16,2.59,1.67,0.92
3631,2024-25,Josh Hart,29,NYK,7.13,1.45,0.41,1.05
3632,2024-25,Dillon Brooks,29,HOU,2.01,-1.1,-0.95,-0.16
3633,2024-25,Thomas Bryant,27,MIA/IND,1.69,0.33,0.08,0.25
3634,2024-25,Monté Morris,29,PHO,0.78,-0.27,0.15,-0.42
3635,2024-25,Luke Kornet,29,BOS,3.73,1.9,0.31,1.6
3636,2024-25,Chris Boucher,32,TOR,1.72,0.72,0.84,-0.12
3637,2024-25,Daniel Theis,32,NOP,0.55,-1.04,-2.05,1.01
3638,2024-25,Maxi Kleber,33,DAL,-0.07,-2.63,-2.97,0.34
3639,2024-25,Grayson Allen,29,PHO,2.11,-0.27,0.38,-0.66
3640,2024-25,Mikal Bridges,28,NYK,3.78,-0.47,0.26,-0.72
3641,2024-25,Miles Bridges,26,CHO,2.4,-0.56,0.24,-0.8
3642,2024-25,Bruce Brown,28,TOR/NOP,0.38,-1.79,-1.7,-0.09
3643,2024-25,Jalen Brunson,28,NYK,6.2,1.83,3.19,-1.36
3644,2024-25,Wendell Carter Jr.,25,ORL,2.68,-0.03,-1.17,1.14
3645,2024-25,Donte DiVincenzo,28,MIN,3.34,0.85,0.84,0
3646,2024-25,Shai Gilgeous-Alexander,26,OKC,14.58,6.78,5.91,0.87
3647,2024-25,Aaron Holiday,28,HOU,0.63,-1.18,-0.7,-0.48
3648,2024-25,Kevin Huerter,26,SAC/CHI,2.13,-0.43,-0.41,-0.02
3649,2024-25,Jaren Jackson Jr.,25,MEM,6.23,2.03,1.27,0.76
3650,2024-25,Caleb Martin,29,PHI/DAL,0.37,-1.96,-1.85,-0.11
3651,2024-25,Cody Martin,29,CHO/PHO,1.1,-0.96,-1.75,0.79
3652,2024-25,Shake Milton,28,BRK/LAL,0.52,-1.45,-0.96,-0.48
3653,2024-25,Svi Mykhailiuk,27,UTA,0.32,-1.78,-0.55,-1.24
3654,2024-25,Josh Okogie,26,PHO/CHO,1.26,0.76,0.02,0.74
3655,2024-25,Michael Porter Jr.,26,DEN,4.36,0.22,1.2,-0.98
3656,2024-25,Collin Sexton,26,UTA,0.59,-1.91,0.5,-2.41
3657,2024-25,Landry Shamet,27,NYK,0.07,-2.29,-1.48,-0.81
3658,2024-25,Anfernee Simons,25,POR,2.77,-0.52,1.05,-1.57
3659,2024-25,Gary Trent Jr.,26,MIL,2.09,-0.69,-0.19,-0.51
3660,2024-25,Jarred Vanderbilt,25,LAL,0.85,-0.13,-1.26,1.13
3661,2024-25,P.J. Washington,26,DAL,2.2,-0.54,-0.87,0.33
3662,2024-25,Kenrich Williams,30,OKC,1.65,-0.13,-0.39,0.25
3663,2024-25,Trae Young,26,ATL,6.49,1.31,2.89,-1.58
3664,2024-25,Deandre Ayton,26,POR,1.74,-0.16,-0.77,0.61
3665,2024-25,Luka Dončić,25,DAL/LAL,7.31,4.18,4.15,0.03
3666,2024-25,Goga Bitadze,25,ORL,3.86,1.84,-0.73,2.57
3667,2024-25,Rui Hachimura,26,LAL,2.13,-0.63,-0.43,-0.2
3668,2024-25,Duncan Robinson,30,MIA,1.6,-1.02,-0.36,-0.66
3669,2024-25,Gabe Vincent,28,LAL,0.48,-1.94,-1.53,-0.41
3670,2024-25,Drew Eubanks,27,UTA/LAC,1.17,0.03,-1.25,1.29
3671,2024-25,Haywood Highsmith,28,MIA,1.46,-1.17,-2.18,1.01
3672,2024-25,Amir Coffey,27,LAC,1.22,-1.33,-0.92,-0.41
3673,2024-25,DaQuan Jeffries,27,CHO,-0.32,-2.94,-2.74,-0.2
3674,2024-25,Terance Mann,28,LAC/ATL,1.06,-1.25,-0.86,-0.38
3675,2024-25,Andrew Nembhard,25,IND,2.23,-0.56,-0.66,0.09
3676,2024-25,Jalen Pickett,25,DEN,0.46,-1.35,-0.94,-0.42
3677,2024-25,Max Strus,28,CLE,1.99,0.04,0.35,-0.31
3678,2024-25,Zion Williamson,24,NOP,2.13,1.49,2.25,-0.75
3679,2024-25,RJ Barrett,24,TOR,2.23,-0.55,0.17,-0.72
3680,2024-25,Cam Reddish,25,LAL,0.33,-1.56,-2.48,0.91
3681,2024-25,Ja Morant,25,MEM,3.7,1.41,2.42,-1.01
3682,2024-25,De'Andre Hunter,27,ATL/CLE,2.6,-0.08,0.66,-0.74
3683,2024-25,Coby White,24,CHI,3.52,-0.17,0.96,-1.12
3684,2024-25,Brandon Clarke,28,MEM,2.09,0.3,-0.38,0.67
3685,2024-25,Darius Garland,25,CLE,7.06,2.43,3.22,-0.79
3686,2024-25,Jaxson Hayes,24,LAL,1.73,0.06,-1.52,1.58
3687,2024-25,Nickeil Alexander-Walker,26,MIN,2.68,-0.39,-0.43,0.04
3688,2024-25,Tyler Herro,25,MIA,6.48,1.32,1.99,-0.66
3689,2024-25,Keldon Johnson,25,SAS,1.59,-1.07,0.13,-1.2
3690,2024-25,Kevin Porter Jr.,24,LAC/MIL,2.69,0.43,0.15,0.29
3691,2024-25,Nic Claxton,25,BRK,2.08,-0.68,-1.82,1.13
3692,2024-25,Luguentz Dort,25,OKC,3.86,0.51,-0.27,0.78
3693,2024-25,Daniel Gafford,26,DAL,3.29,1.81,0.65,1.16
3694,2024-25,Quentin Grimes,24,DAL/PHI,2.42,-0.54,0.41,-0.95
3695,2024-25,Talen Horton-Tucker,24,CHI,0.97,-0.31,-0.03,-0.28
3696,2024-25,Ty Jerome,27,CLE,3.91,2.01,2.33,-0.32
3697,2024-25,Cameron Johnson,28,BRK,2.57,-0.18,0.95,-1.13
3698,2024-25,Jordan Poole,25,WAS,0.88,-1.74,0.29,-2.03
3699,2024-25,Neemias Queta,25,BOS,1.33,0,-1.3,1.3
3700,2024-25,Naz Reid,25,MIN,5.27,1.35,0.57,0.78
3701,2024-25,John Konchar,28,MEM,0.74,-0.35,-1.88,1.53
3702,2024-25,Garrison Mathews,28,ATL,1.01,-0.52,-0.33,-0.19
3703,2024-25,Dean Wade,28,CLE,2.01,0.09,-0.89,0.99
3704,2024-25,Javonte Green,31,NOP/CLE,0.55,-1.74,-2.1,0.36
3705,2024-25,Anthony Edwards,23,MIN,9.06,2.57,2.88,-0.31
3706,2024-25,LaMelo Ball,23,CHO,2.76,0.46,2.11,-1.65
3707,2024-25,Deni Avdija,24,POR,4.47,0.83,0.72,0.1
3708,2024-25,Obi Toppin,26,IND,2.98,0.61,0.87,-0.26
3709,2024-25,Onyeka Okongwu,24,ATL,4.61,1.09,0.33,0.76
3710,2024-25,Tyrese Haliburton,24,IND,9.42,3.69,3.8,-0.11
3711,2024-25,Devin Vassell,24,SAS,1.89,-0.93,-0.19,-0.74
3712,2024-25,Isaac Okoro,24,CLE,1.07,-0.83,-0.89,0.06
3713,2024-25,Patrick Williams,23,CHI,0.83,-1.61,-1.57,-0.04
3714,2024-25,Precious Achiuwa,25,NYK,1.46,-0.46,-1.67,1.21
3715,2024-25,Aaron Nesmith,25,IND,1.37,-0.51,-0.27,-0.24
3716,2024-25,Cole Anthony,24,ORL,1.86,-0.06,-0.26,0.21
3717,2024-25,Tyrese Maxey,24,PHI,3.63,0.49,2.26,-1.77
3718,2024-25,Josh Green,24,CHO,-1.66,-3.89,-3.45,-0.44
3719,2024-25,Jaden McDaniels,24,MIN,5.17,0.69,-0.59,1.28
3720,2024-25,Jalen Smith,24,CHI,2.66,1.94,1.07,0.87
3721,2024-25,Isaiah Stewart,23,DET,2.43,0.24,-1.81,2.05
3722,2024-25,Zeke Nnaji,24,DEN,0.59,-0.9,-2.22,1.32
3723,2024-25,Immanuel Quickley,25,TOR,1.92,0.86,1.92,-1.06
3724,2024-25,Isaiah Joe,25,OKC,3.12,0.64,1.17,-0.54
3725,2024-25,Tre Jones,25,SAS/CHI,1.51,0.21,-0.13,0.34
3726,2024-25,Payton Pritchard,27,BOS,6.83,2.33,2.4,-0.07
3727,2024-25,Nick Richards,27,CHO/PHO,1.58,-0.45,-1.26,0.81
3728,2024-25,Jared Butler,24,WAS/PHI,1.39,-0.33,0.49,-0.82
3729,2024-25,Desmond Bane,26,MEM,5.26,1.33,1.44,-0.11
3730,2024-25,Jalen Green,22,HOU,4.46,0.18,0.61,-0.44
3731,2024-25,Jonathan Kuminga,22,GSW,1.87,0.15,0.26,-0.11
3732,2024-25,Naji Marshall,27,DAL,1.79,-0.96,-0.15,-0.82
3733,2024-25,KJ Martin,24,PHI/UTA,0.27,-1.97,-2.29,0.32
3734,2024-25,Sam Merrill,28,CLE,2.44,0.32,0.26,0.06
3735,2024-25,Ayo Dosunmu,25,CHI,1.31,-0.95,-0.57,-0.38
3736,2024-25,Vít Krejčí,24,ATL,1.42,-0.49,-0.88,0.39
3737,2024-25,Jae'Sean Tate,29,HOU,0.44,-1.27,-1.62,0.35
3738,2024-25,Jeff Dowtin Jr.,27,PHI,0.81,-0.38,0.08,-0.46
3739,2024-25,Lindy Waters III,27,GSW/DET,0.72,-0.97,-1.15,0.18
3740,2024-25,Jeremiah Robinson-Earl,24,NOP,-0.01,-2.47,-1.46,-1.01
3741,2024-25,Brandon Boston,23,NOP,0.45,-1.72,-1.21,-0.51
3742,2024-25,Herbert Jones,26,NOP,0.25,-1.84,-2.05,0.21
3743,2024-25,Trey Murphy III,24,NOP,1.74,-0.95,0.61,-1.57
3744,2024-25,Franz Wagner,23,ORL,5.14,1.58,1.66,-0.08
3745,2024-25,Ziaire Williams,23,BRK,1.23,-1.18,-1.22,0.05
3746,2024-25,Ochai Agbaji,24,TOR,0.3,-2.17,-2.08,-0.09
3747,2024-25,Miles McBride,24,NYK,2.53,0.08,0.15,-0.07
3748,2024-25,Moses Moody,22,GSW,2.33,-0.21,-0.57,0.36
3749,2024-25,Johnny Juzang,23,UTA,0.69,-1.58,-0.6,-0.98
3750,2024-25,Day'Ron Sharpe,23,BRK,1.87,0.81,-0.13,0.94
3751,2024-25,Justin Champagnie,23,WAS,0.96,-1.3,-1.36,0.05
3752,2024-25,Jalen Johnson,23,ATL,2.71,0.9,-0.03,0.93
3753,2024-25,Keon Johnson,22,BRK,0.3,-2.2,-1.72,-0.48
3754,2024-25,Kessler Edwards,24,DAL,0.47,-1.22,-2.2,0.98
3755,2024-25,Corey Kispert,25,WAS,-0.84,-3.3,-1.53,-1.77
3756,2024-25,Davion Mitchell,26,TOR/MIA,1.1,-1.58,-1.77,0.19
3757,2024-25,Austin Reaves,26,LAL,6.16,1.38,2.06,-0.68
3758,2024-25,Cam Thomas,23,BRK,1.2,-0.01,2.12,-2.13
3759,2024-25,Scottie Barnes,23,TOR,4.11,0.6,0.13,0.47
3760,2024-25,Trendon Watford,24,BRK,0.49,-1.59,-1.14,-0.45
3761,2024-25,Sandro Mamukelashvili,25,SAS,1.5,1.04,1.14,-0.09
3762,2024-25,Sam Hauser,27,BOS,2.86,0.5,0.27,0.23
3763,2024-25,Julian Champagnie,23,SAS,1.32,-1.36,-0.55,-0.8
3764,2024-25,Alperen Sengun,22,HOU,6.6,1.92,1.01,0.91
3765,2024-25,Jericho Sims,26,NYK/MIL,0.21,-1.91,-2.68,0.77
3766,2024-25,Josh Giddey,22,CHI,4.94,1.25,0.89,0.36
3767,2024-25,Santi Aldama,24,MEM,3.87,1.25,1.17,0.08
3768,2024-25,Scotty Pippen Jr.,24,MEM,3.79,1.12,0.41,0.71
3769,2024-25,Jalen Suggs,23,ORL,1.79,0.39,-0.04,0.44
3770,2024-25,Jalen Wilson,24,BRK,-0.6,-2.93,-1.72,-1.21
3771,2024-25,Cade Cunningham,23,DET,6.32,1.64,2.06,-0.42
3772,2024-25,Evan Mobley,23,CLE,8,3.44,1.74,1.7
3773,2024-25,Aaron Wiggins,26,OKC,3.51,0.75,1.04,-0.3
3774,2024-25,Gui Santos,22,GSW,0.61,-1.17,-1.25,0.08
3775,2024-25,Dalano Banton,25,POR,1.5,-0.32,-0.12,-0.2
3776,2024-25,Jose Alvarado,26,NOP,1.12,-1.14,-0.12,-1.01
3777,2024-25,Jay Huff,26,MEM,1.66,1.07,0.28,0.79
3778,2024-25,Jordan Goodwin,26,LAL,0.67,-0.48,-1.18,0.7
3779,2024-25,Micah Potter,26,UTA,0.15,-2.1,-2.37,0.27
3780,2024-25,Dyson Daniels,21,ATL,5.62,1.02,-0.46,1.48
3781,2024-25,Jaden Hardy,22,DAL,0.01,-2.43,-1.19,-1.24
3782,2024-25,Scoot Henderson,20,POR,1.68,-0.93,-0.31,-0.61
3783,2024-25,Keaton Wallace,25,ATL,0.54,-0.74,-1.15,0.41
3784,2024-25,Jaden Ivey,22,DET,0.88,-0.88,0.16,-1.03
3785,2024-25,Paolo Banchero,22,ORL,3.89,1.46,1.78,-0.33
3786,2024-25,Jabari Smith Jr.,21,HOU,2.05,-0.55,-1.02,0.47
3787,2024-25,Chet Holmgren,22,OKC,2.38,1.86,0.22,1.65
3788,2024-25,Bennedict Mathurin,22,IND,2.07,-0.91,-0.18,-0.73
3789,2024-25,Keegan Murray,24,SAC,3.3,-0.44,-0.72,0.28
3790,2024-25,Shaedon Sharpe,21,POR,1.95,-1.07,0.08,-1.15
3791,2024-25,Blake Wesley,21,SAS,0.33,-1.67,-1.68,0.01
3792,2024-25,Jalen Duren,21,DET,5.49,1.83,0.33,1.51
3793,2024-25,Tari Eason,23,HOU,3.49,1.45,-0.14,1.59
3794,2024-25,Nikola Jović,21,MIA,1.75,-0.04,-0.44,0.4
3795,2024-25,Max Christie,21,LAL/DAL,1.44,-1.37,-1.22,-0.15
3796,2024-25,Mark Williams,23,CHO,2.63,1.11,-0.01,1.12
3797,2024-25,Jeremy Sochan,21,SAS,1.18,-1.08,-0.74,-0.34
3798,2024-25,Jalen Williams,23,OKC,8.01,3.26,2.35,0.91
3799,2024-25,Orlando Robinson,24,SAC/TOR,0.42,-1.58,-1.32,-0.26
3800,2024-25,Walker Kessler,23,UTA,3.28,0.54,-0.72,1.26
3801,2024-25,Jaylin Williams,22,OKC,2,1.61,0.27,1.33
3802,2024-25,Julian Strawther,22,DEN,0.46,-1.92,-1.27,-0.65
3803,2024-25,Christian Braun,23,DEN,4.47,0.2,0.44,-0.23
3804,2024-25,Jabari Walker,22,POR,0.96,-0.41,-1.07,0.66
3805,2024-25,Ryan Rollins,22,MIL,1,-0.51,-1,0.5
3806,2024-25,Keon Ellis,25,SAC,3.88,0.71,-0.71,1.42
3807,2024-25,Jaime Jaquez Jr.,23,MIA,1.72,-0.45,-0.83,0.38
3808,2024-25,Kris Murray,24,POR,0.39,-1.85,-1.67,-0.18
3809,2024-25,Marcus Sasser,24,DET,1.07,-0.36,0.12,-0.47
3810,2024-25,Dalen Terry,22,CHI,0.57,-1.52,-1.9,0.38
3811,2024-25,Peyton Watson,22,DEN,1.74,-0.78,-1.79,1.01
3812,2024-25,Tyrese Martin,25,BRK,0.41,-1.95,-1.04,-0.91
3813,2024-25,Caleb Houstan,22,ORL,0.33,-1.77,-1.35,-0.42
3814,2024-25,Moussa Diabate,23,CHO,1.19,-0.91,-1.69,0.77
3815,2024-25,Trayce Jackson-Davis,24,GSW,1.65,0.27,-0.5,0.77
3816,2024-25,Jake LaRavia,23,MEM/SAC,1.56,-0.61,-0.94,0.33
3817,2024-25,Mouhamed Gueye,22,ATL,1.31,1.46,-0.59,2.04
3818,2024-25,Karlo Matković,23,NOP,0.59,-1.27,-2.07,0.81
3819,2024-25,AJ Green,25,MIL,1.22,-1.28,-1.1,-0.18
3820,2024-25,Jamal Cain,25,NOP,0.25,-1.66,-1.48,-0.18
3821,2024-25,Simone Fontecchio,29,DET,0.85,-1.35,-1.23,-0.12
3822,2024-25,Victor Wembanyama,21,SAS,5.97,3.8,1.45,2.35
3823,2024-25,Brandon Miller,22,CHO,0.97,-0.77,0.03,-0.81
3824,2024-25,Amen Thompson,22,HOU,5.64,1.57,-0.19,1.76
3825,2024-25,Ausar Thompson,22,DET,3.08,1.23,-0.32,1.55
3826,2024-25,Anthony Black,21,ORL,1.97,-0.78,-1.75,0.96
3827,2024-25,Gradey Dick,21,TOR,0.24,-2.21,-1.25,-0.96
3828,2024-25,Cam Whitmore,20,HOU,1.12,-0.3,0.1,-0.4
3829,2024-25,Jarace Walker,21,IND,1.41,-0.56,-1.39,0.83
3830,2024-25,Cason Wallace,21,OKC,3.84,0.79,-0.51,1.31
3831,2024-25,Keyonte George,21,UTA,0.77,-1.86,0.33,-2.19
3832,2024-25,Jordan Hawkins,22,NOP,-0.31,-2.83,-1.08,-1.74
3833,2024-25,Jett Howard,21,ORL,0.15,-2.12,-1.12,-0.99
3834,2024-25,Dereck Lively II,20,DAL,1.86,1.09,-0.47,1.56
3835,2024-25,Brice Sensabaugh,21,UTA,0.38,-2.03,-0.51,-1.52
3836,2024-25,Noah Clowney,20,BRK,0.54,-1.61,-1.27,-0.34
3837,2024-25,Bilal Coulibaly,20,WAS,-1.04,-3.32,-2.46,-0.86
3838,2024-25,Colby Jones,22,SAC/WAS,0.62,-0.53,-1.15,0.62
3839,2024-25,Nick Smith Jr.,20,CHO,-1.16,-3.83,-2.1,-1.73
3840,2024-25,Adem Bona,21,PHI,0.87,-0.91,-2.33,1.43
3841,2024-25,Toumani Camara,24,POR,2.69,-0.76,-1.23,0.47
3842,2024-25,Jaylen Clark,23,MIN,0.38,-1.28,-1.47,0.2
3843,2024-25,Ricky Council IV,23,PHI,0.8,-1.43,-0.18,-1.25
3844,2024-25,Zach Edey,22,MEM,2.71,0.59,-0.44,1.03
3845,2024-25,Andre Jackson Jr.,23,MIL,0.03,-2.4,-2.71,0.31
3846,2024-25,Julian Phillips,21,CHI,0.77,-1.35,-1.34,-0.01
3847,2024-25,Brandin Podziemski,21,GSW,3.34,0.64,-0.01,0.65
3848,2024-25,Olivier-Maxence Prosper,22,DAL,0.78,-0.32,-0.4,0.07
3849,2024-25,Ben Sheppard,23,IND,0.69,-1.54,-1.47,-0.07
3850,2024-25,Tristan Vukcevic,21,WAS,0.91,0.35,0,0.36
3851,2024-25,Tristan da Silva,23,ORL,0.65,-1.81,-1.62,-0.19
3852,2024-25,Tosan Evbuomwan,23,BRK,0.61,-1,-1.11,0.12
3853,2024-25,Dillon Jones,23,OKC,0.24,-1.75,-1.55,-0.2
3854,2024-25,Pelle Larsson,23,MIA,0.74,-0.94,-1.47,0.53
3855,2024-25,Antonio Reeves,24,NOP,-0.1,-2.7,-1.32,-1.38
3856,2024-25,Matas Buzelis,20,CHI,1.7,-0.65,-1.16,0.51
3857,2024-25,Ronald Holland II,19,DET,1.33,-0.78,-1.23,0.45
3858,2024-25,Craig Porter Jr.,24,CLE,0.38,-1.26,-1.34,0.08
3859,2024-25,Zaccharie Risacher,19,ATL,1.07,-1.52,-0.75,-0.78
3860,2024-25,Alex Sarr,19,WAS,0.49,-2.02,-1.65,-0.37
3861,2024-25,Dalton Knecht,23,LAL,1.48,-0.87,0.2,-1.07
3862,2024-25,Cody Williams,20,UTA,-0.8,-3.68,-3.15,-0.53
3863,2024-25,Reed Sheppard,20,HOU,0.5,-1.24,-1.58,0.34
3864,2024-25,Stephon Castle,20,SAS,1.16,-1.59,0,-1.59
3865,2024-25,Rob Dillingham,20,MIN,0.07,-2.24,-1.05,-1.19
3866,2024-25,Ja'Kobe Walter,20,TOR,0.44,-1.8,-1.19,-0.61
3867,2024-25,Bub Carrington,19,WAS,-3.01,-4.47,-2.86,-1.6
3868,2024-25,Isaiah Collier,20,UTA,-0.43,-2.83,-1.8,-1.02
3869,2024-25,Donovan Clingan,20,POR,2.75,0.85,-1.31,2.16
3870,2024-25,Kyle Filipowski,21,UTA,1.31,-1.07,-0.83,-0.24
3871,2024-25,Jared McCain,20,PHI,0.4,-1.37,0.45,-1.82
3872,2024-25,Kyshawn George,21,WAS,-0.26,-2.68,-2.56,-0.13
3873,2024-25,Yves Missi,20,NOP,0.05,-2.41,-1.87,-0.53
3874,2024-25,Tidjane Salaun,19,CHO,-0.13,-2.62,-2.56,-0.06
3875,2024-25,Kel'el Ware,20,MIA,2.81,0.68,-1.24,1.93
3876,2024-25,Oso Ighodaro,22,PHO,0.78,-1.26,-2.12,0.86
3877,2024-25,Ryan Dunn,22,PHO,1.5,-0.75,-0.6,-0.15
3878,2024-25,Jamal Shead,22,TOR,0.32,-2.1,-1.55,-0.55
3879,2024-25,Justin Edwards,21,PHI,0.03,-2.41,-1.38,-1.04
3880,2024-25,Ajay Mitchell,22,OKC,0.3,-1.64,-1.1,-0.53
3881,2024-25,KJ Simpson,22,CHO,0.08,-2.3,-1.65,-0.65
3882,2024-25,AJ Johnson,20,MIL/WAS,-0.08,-2.66,-1.69,-0.97
3883,2024-25,Quinten Post,24,GSW,1.06,0.01,-0.29,0.29
3884,2024-25,Jonathan Mogbo,23,TOR,0.92,-1.3,-2.06,0.76
3885,2024-25,Jaylen Wells,21,MEM,1.57,-1.22,-0.35,-0.88
3886,2024-25,Jamison Battle,23,TOR,0.21,-2.12,-1.32,-0.81
3887,2024-25,Kyle Lowry,38,PHI,0.77,-0.6,-1.23,0.63
3888,2024-25,Kevin Durant,36,PHO,4.5,0.71,1.7,-1
3889,2024-25,Al Horford,38,BOS,3.63,1.02,-0.22,1.24
3890,2024-25,Mike Conley,37,MIN,3.77,0.95,0.51,0.44
3891,2024-25,Russell Westbrook,36,DEN,2.98,-0.18,0.11,-0.29
3892,2024-25,Eric Gordon,36,PHI,0.31,-1.8,-1.08,-0.72
3893,2024-25,Brook Lopez,36,MIL,4.64,0.44,-0.48,0.92
3894,2024-25,Nicolas Batum,36,LAC,1.82,-0.33,-1.6,1.28
3895,2024-25,DeAndre Jordan,36,DEN,0.96,-0.24,-1.65,1.41
3896,2024-25,James Harden,35,LAC,10.6,3.62,2.97,0.65
3897,2024-25,Stephen Curry,36,GSW,7.57,2.9,3.4,-0.5
3898,2024-25,DeMar DeRozan,35,SAC,5.36,0.62,1.36,-0.74
3899,2024-25,Jrue Holiday,34,BOS,3.53,0.51,-0.06,0.57
3900,2024-25,Paul George,34,PHI,1.7,-0.42,-0.33,-0.08
3901,2024-25,Kyrie Irving,32,DAL,3.32,0.47,1.9,-1.43
3902,2024-25,Jonas Valančiūnas,32,WAS/SAC,3.01,0.69,0.07,0.62
3903,2024-25,Bismack Biyombo,32,SAS,0.47,-1.03,-2.66,1.63
3904,2024-25,Klay Thompson,34,DAL,1.71,-1.06,0.42,-1.47
3905,2024-25,Alec Burks,33,MIA,1.19,-0.26,-0.4,0.15
3906,2024-25,Kawhi Leonard,33,LAC,3.1,1.71,1.57,0.14
3907,2024-25,Nikola Vučević,34,CHI,5.11,1.11,1.16,-0.05
3908,2024-25,Tobias Harris,32,DET,3.92,0.25,-0.65,0.9
3909,2024-25,Cory Joseph,33,ORL,0.73,-0.55,-0.7,0.16
3910,2024-25,Jimmy Butler,35,MIA/GSW,5.4,2.46,2.34,0.12
3911,2024-25,Anthony Davis,31,LAL/DAL,6.81,3.94,2.38,1.56
3912,2024-25,Bradley Beal,31,PHO,1.77,-0.79,0.14,-0.93
3913,2024-25,Damian Lillard,34,MIL,6.4,2.41,3.33,-0.93
3914,2024-25,Andre Drummond,31,PHI,0.99,-0.35,-1.15,0.79
3915,2024-25,Harrison Barnes,32,SAS,1.04,-1.7,0.03,-1.74
3916,2024-25,Draymond Green,34,GSW,4.31,0.99,-1.42,2.42
3917,2024-25,Khris Middleton,33,MIL/WAS,1.54,0.45,0.39,0.06
3918,2024-25,CJ McCollum,33,NOP,0.59,-1.93,0.54,-2.47
3919,2024-25,Dennis Schröder,31,BRK/GSW/DET,2.94,-0.23,0.3,-0.53
3920,2024-25,Kelly Olynyk,33,TOR/NOP,1.24,-0.24,-0.62,0.38
3921,2024-25,Kentavious Caldwell-Pope,31,ORL,1.69,-1.26,-2.07,0.81
3922,2024-25,Mason Plumlee,34,PHO,2.49,0.59,-1.15,1.74
3923,2024-25,Rudy Gobert,32,MIN,6.14,1.63,-0.21,1.84
3924,2024-25,Steven Adams,31,HOU,1.07,-0.32,-0.75,0.43
3925,2024-25,Tim Hardaway Jr.,32,DET,1.73,-1.17,-0.39,-0.78
3926,2024-25,Giannis Antetokounmpo,30,MIL,11.04,5.36,4.42,0.94
3927,2024-25,Seth Curry,34,CHO,-0.03,-2.49,-1.65,-0.85
3928,2024-25,Zach LaVine,29,CHI/SAC,2.98,-0.63,0.84,-1.47
3929,2024-25,Elfrid Payton,30,NOP/CHO,0.57,-0.68,-1.29,0.61
3930,2024-25,Jordan Clarkson,32,UTA,1.12,-0.59,0.85,-1.44
3931,2024-25,Gary Harris,30,ORL,0.16,-2.1,-2.34,0.24
3932,2024-25,Spencer Dinwiddie,31,DAL,2.28,-0.75,0.02,-0.77
3933,2024-25,Jerami Grant,30,POR,1.61,-0.76,-0.73,-0.03
3934,2024-25,Aaron Gordon,29,DEN,1.75,-0.52,0.59,-1.11
3935,2024-25,Marcus Smart,30,MEM/WAS,0.93,-0.28,-0.05,-0.22
3936,2024-25,Kyle Anderson,31,GSW/MIA,1.67,0.19,-0.91,1.1
3937,2024-25,Dwight Powell,33,DAL,0.57,-0.79,-2.06,1.26
3938,2024-25,Julius Randle,30,MIN,4.02,0.42,1.16,-0.74
3939,2024-25,Andrew Wiggins,29,GSW/MIA,2.92,0.07,0.26,-0.19
3940,2024-25,Joel Embiid,30,PHI,1.6,1.98,2.38,-0.41
3941,2024-25,Clint Capela,30,ATL,2.05,0.32,-0.63,0.95
3942,2024-25,Bogdan Bogdanović,32,ATL/LAC,1.44,-0.75,-0.31,-0.44
3943,2024-25,Jusuf Nurkić,30,PHO/CHO,2.34,1.04,-0.54,1.58
3944,2024-25,Vasilije Micić,31,CHO/PHO,-0.3,-3.08,-1.91,-1.17
3945,2024-25,Nikola Jokić,29,DEN,13.87,6.38,5.91,0.47
3946,2024-25,Kristaps Porziņģis,29,BOS,4.23,3.12,2.14,0.97
3947,2024-25,T.J. McConnell,32,IND,2.64,0.52,0.39,0.13
3948,2024-25,LeBron James,40,LAL,7.29,2.28,2.62,-0.34